"Comuna","Tipo de Contratación","Área","Calidad","Nombre","Cargo","Grado","Planta","Remuneración","Fecha desde","Fecha hasta"
"Lebu","Planta Titular","Sin Clasificación","Titular","Nelson Osvaldo Lobo Figueroa","Auxiliar","19°","Auxiliares","Escala Municipal","2010-05-26 00:00:00.0","1900-01-01 00:00:00.0"
"Lebu","Planta Titular","Sin Clasificación","Titular","Natividad del Carmen Bizama Sepulveda","Técnico"," ","Técnicos","Escala Atención Primaria de Salud Municipal","2014-10-01 00:00:00.0","1900-01-01 00:00:00.0"
"Lebu","Planta Titular","Sin Clasificación","Titular","Laudet del Carmen Campos Mendoza","Docente"," ","Docente","Escala Profesionales de La Educación Llay 19.070)","2010-06-14 00:00:00.0","1900-01-01 00:00:00.0"
"Lebu","Planta Titular","Sin Clasificación","Titular","Jorge Leonardo Ravanal Gallegos","Administrador","6°","Directivos","Escala Municipal de Remuneraciones(ley 18.883)","2014-01-08 00:00:00.0","1900-01-01 00:00:00.0"
"Lebu","Planta Titular","Sin Clasificación","Titular","Cristian Abel Jorge Peña Morales","Alcalde","5°","Directiva Superior","Escala Municipal","2012-12-06 00:00:00.0","1900-01-01 00:00:00.0"
"Lebu","Planta Titular","Sin Clasificación","Titular","Marlene Edith Paola Melita Vinett","Abogado","8°","Directivos","Escala Municipal","2014-08-01 00:00:00.0","1900-01-01 00:00:00.0"
"Lebu","Planta Titular","Sin Clasificación","Titular","Sheissla Mireya Moraga Herrera","Abogado","7°","Directivos","Escala Municipal","2014-08-01 00:00:00.0","1900-01-01 00:00:00.0"
"Lebu","Planta Titular","Sin Clasificación","Titular","Pablo Miguel Friz Salazar","Director"," ","Directivos","Escala Atención Primaria de Salud Municipal","2010-03-01 00:00:00.0","1900-01-01 00:00:00.0"
"Lebu","Planta Titular","Sin Clasificación","Titular","Carlos Alberto Salgado Henriquez","Técnico"," ","Sin Información","Escala Atención Primaria de Salud Municipal","2014-10-01 00:00:00.0","1900-01-01 00:00:00.0"
"Lebu","Planta Titular","Sin Clasificación","Titular","Walter Bernardo Offerman Lobos","Auxiliar","15°","Auxiliares","Escala Municipal","2010-05-26 00:00:00.0","1900-01-01 00:00:00.0"
"Lebu","Planta Titular","Sin Clasificación","Titular","Rolando Octavio Navarro Yaupe","Auxiliar","18°","Auxiliares","Escala Municipal","2010-05-26 00:00:00.0","1900-01-01 00:00:00.0"
"Lebu","Planta Titular","Sin Clasificación","Titular","Isabel del Carmen Pardo Arias","Contador"," ","Contratados Sin Planta","Afectos Al Código del Trabajo","2008-04-01 00:00:00.0","1900-01-01 00:00:00.0"
"Lebu","Planta Titular","Sin Clasificación","Titular","Liliana Karol Meza Saavedra","Administrativo"," ","Administrativos","Escala Atención Primaria de Salud Municipal","2014-10-01 00:00:00.0","1900-01-01 00:00:00.0"
"Lebu","Planta Titular","Sin Clasificación","Titular","Camila Oriana Loayza Abarzua","Profesional"," ","Profesionales","Escala Atención Primaria de Salud Municipal","2014-10-01 00:00:00.0","1900-01-01 00:00:00.0"
"Lebu","Planta Titular","Sin Clasificación","Titular","Loreto Macarena Galindo Galindo","Técnico"," ","Técnicos","Escala Atención Primaria de Salud Municipal","2014-10-01 00:00:00.0","1900-01-01 00:00:00.0"
"Lebu","Planta Titular","Sin Clasificación","Titular","Maribel Andrea Monsalvez Martinez","Profesional"," ","Profesionales","Escala Atención Primaria de Salud Municipal","2014-11-01 00:00:00.0","1900-01-01 00:00:00.0"
"Lebu","Planta Titular","Sin Clasificación","Titular","Erika Andrea Sierra Roca","Auxiliar","20°","Auxiliares","Escala Municipal","2010-09-01 00:00:00.0","1900-01-01 00:00:00.0"
"Lebu","Planta Titular","Sin Clasificación","Titular","Marcia Tamara Poblete Delis","Administrativo"," ","Administrativos","Escala Atención Primaria de Salud Municipal","2014-10-01 00:00:00.0","1900-01-01 00:00:00.0"
"Lebu","Planta Titular","Sin Clasificación","Titular","Zinnia Carolina Ollier Nu¿ez","Abogado","9°","Profesionales","Escala Municipal","2014-07-22 00:00:00.0","1900-01-01 00:00:00.0"
"Lebu","Planta Titular","Sin Clasificación","Titular","Carolina Elizabeth Catrimán Carrillo","Técnico"," ","Técnicos","Escala Atención Primaria de Salud Municipal","2014-10-01 00:00:00.0","1900-01-01 00:00:00.0"
"Lebu","Planta Titular","Sin Clasificación","Titular","Carolina Alejandra Arjona Toledo","Profesional"," ","Profesionales","Escala Atención Primaria de Salud Municipal","2014-10-01 00:00:00.0","1900-01-01 00:00:00.0"
"Lebu","Planta Titular","Sin Clasificación","Titular","Ana Margarita Canales Bello","Técnico"," ","Técnicos","Escala Atención Primaria de Salud Municipal","2014-10-01 00:00:00.0","1900-01-01 00:00:00.0"
"Lebu","Planta Titular","Sin Clasificación","Titular","Margarita Isabel Teneb Lobos","Profesional"," ","Profesionales","Escala Atención Primaria de Salud Municipal","2014-10-01 00:00:00.0","1900-01-01 00:00:00.0"
"Lebu","Planta Titular","Sin Clasificación","Titular","Roxana Carolina  Bernal Vasquez","Contador Auditor","11°","Contratados Sin Planta","Escala Municipal de Remuneraciones(ley 18.883)","2014-05-01 00:00:00.0","1900-01-01 00:00:00.0"
"Lebu","Planta Titular","Sin Clasificación","Titular","Macarena del Pilar Torres Aguayo","Administrativo"," ","Administrativos","Escala Atención Primaria de Salud Municipal","2014-10-01 00:00:00.0","1900-01-01 00:00:00.0"
"Lebu","Planta Titular","Sin Clasificación","Titular","Johana Elizabeth Nova Muñoz","Profesional"," ","Profesionales","Escala Atención Primaria de Salud Municipal","2014-10-01 00:00:00.0","1900-01-01 00:00:00.0"
"Lebu","Planta Titular","Sin Clasificación","Titular","Martina Olivia Chandia Sepulveda","Profesional"," ","Profesionales","Escala Atención Primaria de Salud Municipal","2014-10-01 00:00:00.0","1900-01-01 00:00:00.0"
"Lebu","Planta Titular","Sin Clasificación","Titular","Karen Daniela  Rodriguez Arriagada","Directivo","10°","Directivos","Escala Municipal de Remuneraciones(ley 18.883)","2014-11-03 00:00:00.0","1900-01-01 00:00:00.0"
"Lebu","Planta Titular","Sin Clasificación","Titular","Veronica Ines Astudillo Vera","Profesional"," ","Profesionales","Escala Atención Primaria de Salud Municipal","2014-10-01 00:00:00.0","1900-01-01 00:00:00.0"
"Lebu","Planta Titular","Sin Clasificación","Titular","Maria Catalina Martinez Diaz","Coordinador"," ","Profesionales","Escala Profesionales de La Educación Llay 19.070)","2014-03-13 00:00:00.0","1900-01-01 00:00:00.0"
"Lebu","Planta Titular","Sin Clasificación","Titular","Hilda Albina Torres Ramirez","Profesional","10°","Profesionales","","1994-01-01 00:00:00.0","1900-01-01 00:00:00.0"
"Lebu","Planta Titular","Sin Clasificación","Titular","Sonia de Las Mercedes Diaz Fernandez","Administrativo"," ","Administrativos","Estatuto Atención Primaria de Salud Municipal  Ley N°19.378","2008-05-01 00:00:00.0","1900-01-01 00:00:00.0"
"Lebu","Planta Titular","Sin Clasificación","Titular","Mariett Cristina Medina Lopez","Administrativo","16°","Administrativos","","1994-01-01 00:00:00.0","1900-01-01 00:00:00.0"
"Lebu","Planta Titular","Sin Clasificación","Titular","Jeanette Leonor Vega Concha","Jefatura"," ","Contratados Sin Planta","Afectos Al Código del Trabajo","1994-01-01 00:00:00.0","1900-01-01 00:00:00.0"
"Lebu","Planta Titular","Sin Clasificación","Titular","Tomas Esteban Novoa Lincura","Auxiliar","16°","Auxiliares","Escala Municipal","2010-05-26 00:00:00.0","1900-01-01 00:00:00.0"
