"Comuna","Tipo de Contratación","Área","Calidad","Nombre","Cargo","Grado","Planta","Remuneración","Fecha desde","Fecha hasta"
"Lebu","Codigo del Trabajo","Sin Clasificación","Código del Trabajo","Magdalena Ludgardis Andaur Torres","Oficial Administrativo"," ","Personal No Pertenece A Planta","Afectos Al Código del Trabajo","2011-03-01 00:00:00.0","1900-01-01 00:00:00.0"
"Lebu","Codigo del Trabajo","Sin Clasificación","Código del Trabajo","Rosa Isabel Sancez Pacheco","Auxiliar"," ","Personal No Pertenece A Planta","Afectos Al Código del Trabajo","2011-03-01 00:00:00.0","1900-01-01 00:00:00.0"
"Lebu","Codigo del Trabajo","Sin Clasificación","Código del Trabajo","Guadalupe del Carmen Lobos Burgos","Paradocente"," ","Contratados Sin Planta","Afectos Al Código del Trabajo","2012-02-28 00:00:00.0","1900-01-01 00:00:00.0"
"Lebu","Codigo del Trabajo","Sin Clasificación","Código del Trabajo","Jose Toribio Lopez Casanova","Chófer"," ","Contratados Sin Planta","Afectos Al Código del Trabajo","2010-02-26 00:00:00.0","1900-01-01 00:00:00.0"
"Lebu","Codigo del Trabajo","Sin Clasificación","Código del Trabajo","Cecilia Alejandra Vega Lemus","Asistente"," ","Personal No Pertenece A Planta","Afectos Al Código del Trabajo","2012-04-10 00:00:00.0","1900-01-01 00:00:00.0"
"Lebu","Codigo del Trabajo","Sin Clasificación","Código del Trabajo","Paola Andrea Friz Fernández","Asesor Técnico"," ","Contratados Sin Planta","Escala Profesionales de La Educación Llay 19.070)","2009-04-21 00:00:00.0","1900-01-01 00:00:00.0"
"Lebu","Codigo del Trabajo","Sin Clasificación","Código del Trabajo","Robert Kun Leal Cofre","Monitor"," ","Contratados Sin Planta","Afectos Al Código del Trabajo","2010-02-26 00:00:00.0","1900-01-01 00:00:00.0"
"Lebu","Codigo del Trabajo","Sin Clasificación","Código del Trabajo","Maria Magdalena Arellano  Ulloa","Paradocente"," ","Contratados Sin Planta","Afectos Al Código del Trabajo","2010-02-26 00:00:00.0","1900-01-01 00:00:00.0"
"Lebu","Codigo del Trabajo","Sin Clasificación","Código del Trabajo","Maria Leonor Solar Peña","Asistente"," ","Personal No Pertenece A Planta","Afectos Al Código del Trabajo","2013-03-01 00:00:00.0","1900-01-01 00:00:00.0"
"Lebu","Codigo del Trabajo","Sin Clasificación","Código del Trabajo","Pablo Roberto Ibacache Molina","Auxiliar de Servicios Menores"," ","Personal No Pertenece A Planta","Afectos Al Código del Trabajo","2013-03-01 00:00:00.0","1900-01-01 00:00:00.0"
"Lebu","Codigo del Trabajo","Sin Clasificación","Código del Trabajo","Jose Ivan Zambrano Escobar","Nochero"," ","Personal No Pertenece A Planta","Afectos Al Código del Trabajo","2012-02-28 00:00:00.0","1900-01-01 00:00:00.0"
"Lebu","Codigo del Trabajo","Sin Clasificación","Código del Trabajo","Maria Teresa Leal Herrera","Asistente"," ","Personal No Pertenece A Planta","Afectos Al Código del Trabajo","2013-03-01 00:00:00.0","1900-01-01 00:00:00.0"
"Lebu","Codigo del Trabajo","Sin Clasificación","Código del Trabajo","Alina del Carmen Lobos Pereira","Auxiliar"," ","Personal No Pertenece A Planta","Afectos Al Código del Trabajo","2013-03-01 00:00:00.0","1900-01-01 00:00:00.0"
"Lebu","Codigo del Trabajo","Sin Clasificación","Código del Trabajo","Elsa del Carmen Villagran Acevedo","Auxiliar"," ","Contratados Sin Planta","Afectos Al Código del Trabajo","2011-02-28 00:00:00.0","1900-01-01 00:00:00.0"
"Lebu","Codigo del Trabajo","Sin Clasificación","Código del Trabajo","Juan Carlos Garrido Ramirez","Auxiliar de Servicios Menores"," ","Contratados Sin Planta","Afectos Al Código del Trabajo","2009-07-31 00:00:00.0","1900-01-01 00:00:00.0"
"Lebu","Codigo del Trabajo","Sin Clasificación","Código del Trabajo","Roxana Soledad Jara Ferranti","Psicólogo"," ","Personal No Pertenece A Planta","Afectos Al Código del Trabajo","2013-03-11 00:00:00.0","1900-01-01 00:00:00.0"
"Lebu","Codigo del Trabajo","Sin Clasificación","Código del Trabajo","Oscar Javier de La Fuente Ortega","Encargado de Mantención"," ","Contratados Sin Planta","Afectos Al Código del Trabajo","2009-02-26 00:00:00.0","1900-01-01 00:00:00.0"
"Lebu","Codigo del Trabajo","Sin Clasificación","Código del Trabajo","Carlos Gaston Mendiboure Saez","Oficial Administrativo"," ","Personal No Pertenece A Planta","Afectos Al Código del Trabajo","2012-02-28 00:00:00.0","1900-01-01 00:00:00.0"
"Lebu","Codigo del Trabajo","Sin Clasificación","Código del Trabajo","Jessica Lorena Rodriguez Pacheco","Asistente"," ","Personal No Pertenece A Planta","Afectos Al Código del Trabajo","2013-03-01 00:00:00.0","1900-01-01 00:00:00.0"
"Lebu","Codigo del Trabajo","Sin Clasificación","Código del Trabajo","Alvarita Isabel Gallardo Gallardo","Secreto"," ","Personal No Pertenece A Planta","Afectos Al Código del Trabajo","2012-02-28 00:00:00.0","1900-01-01 00:00:00.0"
"Lebu","Codigo del Trabajo","Sin Clasificación","Código del Trabajo","Alejandra Lorena  Campos Guerra","Paradocente"," ","Personal No Pertenece A Planta","Afectos Al Código del Trabajo","2013-02-28 00:00:00.0","1900-01-01 00:00:00.0"
"Lebu","Codigo del Trabajo","Sin Clasificación","Código del Trabajo","Alejandro Esteban Olivares Rain","Asistente Social"," ","Contratados Sin Planta","Afectos Al Código del Trabajo","2010-02-26 00:00:00.0","1900-01-01 00:00:00.0"
"Lebu","Codigo del Trabajo","Sin Clasificación","Código del Trabajo","Edgardo Wladimir  Aguilar Aguilera","Administrativo"," ","Personal No Pertenece A Planta","Afectos Al Código del Trabajo","2013-07-01 00:00:00.0","1900-01-01 00:00:00.0"
"Lebu","Codigo del Trabajo","Sin Clasificación","Código del Trabajo","Sonia Ester Carcamo Manriquez","Secreto"," ","Personal No Pertenece A Planta","Afectos Al Código del Trabajo","2009-03-01 00:00:00.0","1900-01-01 00:00:00.0"
"Lebu","Codigo del Trabajo","Sin Clasificación","Código del Trabajo","Ivan Elias Gomez Gajardo","Paradocente"," ","Contratados Sin Planta","Afectos Al Código del Trabajo","2010-02-26 00:00:00.0","1900-01-01 00:00:00.0"
"Lebu","Codigo del Trabajo","Sin Clasificación","Código del Trabajo","Claudio Felipe Andres Hernandez Rodriguez","Monitor"," ","Personal No Pertenece A Planta","Afectos Al Código del Trabajo","2013-05-01 00:00:00.0","1900-01-01 00:00:00.0"
"Lebu","Codigo del Trabajo","Sin Clasificación","Código del Trabajo","Lorenzo Custodio Chamorro Fuentes","Asistente"," ","Contratados Sin Planta","Afectos Al Código del Trabajo","2010-05-01 00:00:00.0","1900-01-01 00:00:00.0"
"Lebu","Codigo del Trabajo","Sin Clasificación","Código del Trabajo","Ana Cecilia Calbul Caullan","Asistente Parvularia"," ","Personal No Pertenece A Planta","Afectos Al Código del Trabajo","2013-03-01 00:00:00.0","1900-01-01 00:00:00.0"
"Lebu","Codigo del Trabajo","Sin Clasificación","Código del Trabajo","Yanet Fabiola Parra Moraga","Auxiliar de Servicios Menores"," ","Personal No Pertenece A Planta","Afectos Al Código del Trabajo","2013-03-01 00:00:00.0","1900-01-01 00:00:00.0"
"Lebu","Codigo del Trabajo","Sin Clasificación","Código del Trabajo","Bernardo David Cisternas Herrera","Objeto"," ","Personal No Pertenece A Planta","Afectos Al Código del Trabajo","2013-03-01 00:00:00.0","1900-01-01 00:00:00.0"
"Lebu","Codigo del Trabajo","Sin Clasificación","Código del Trabajo","Monica Jacquelinne del Carmen Zambrano Troncoso","Auxiliar"," ","Personal No Pertenece A Planta","Afectos Al Código del Trabajo","2013-11-12 00:00:00.0","1900-01-01 00:00:00.0"
"Lebu","Codigo del Trabajo","Sin Clasificación","Código del Trabajo","Betty Viviana Fernandez Herrera","Oficial Administrativo"," ","Contratados Sin Planta","Afectos Al Código del Trabajo","2010-02-26 00:00:00.0","1900-01-01 00:00:00.0"
"Lebu","Codigo del Trabajo","Sin Clasificación","Código del Trabajo","Paz Alejandra Fuentes Vigueras","Psicólogo"," ","Contratados Sin Planta","Afectos Al Código del Trabajo","2008-01-30 00:00:00.0","1900-01-01 00:00:00.0"
"Lebu","Codigo del Trabajo","Sin Clasificación","Código del Trabajo","Alexandra Francesca Henriquez Cuevas","Encargado"," ","Contratados Sin Planta","Afectos Al Código del Trabajo","2011-02-28 00:00:00.0","1900-01-01 00:00:00.0"
"Lebu","Codigo del Trabajo","Sin Clasificación","Código del Trabajo","Leandro Gonzalez Monsalvez","Monitor"," ","Personal No Pertenece A Planta","Afectos Al Código del Trabajo","2011-03-01 00:00:00.0","1900-01-01 00:00:00.0"
"Lebu","Codigo del Trabajo","Sin Clasificación","Código del Trabajo","Yocelin Pilar Navarro Yaupe","Encargado"," ","Contratados Sin Planta","Afectos Al Código del Trabajo","2009-08-04 00:00:00.0","1900-01-01 00:00:00.0"
"Lebu","Codigo del Trabajo","Sin Clasificación","Código del Trabajo","Viviana del Carmen  Lincura Jara","Educadora Párvulos"," ","Personal No Pertenece A Planta","Afectos Al Código del Trabajo","2013-03-01 00:00:00.0","1900-01-01 00:00:00.0"
"Lebu","Codigo del Trabajo","Sin Clasificación","Código del Trabajo","Javier Enrique Vergara Barriga","Psicólogo"," ","Personal No Pertenece A Planta","Afectos Al Código del Trabajo","2012-02-28 00:00:00.0","1900-01-01 00:00:00.0"
"Lebu","Codigo del Trabajo","Sin Clasificación","Código del Trabajo","Gloria Elizabeth Silva Pavez","Secreto"," ","Contratados Sin Planta","Afectos Al Código del Trabajo","2012-02-28 00:00:00.0","1900-01-01 00:00:00.0"
"Lebu","Codigo del Trabajo","Sin Clasificación","Código del Trabajo","Maria Beatriz Escobar Sepulveda","Educadora Párvulos"," ","Personal No Pertenece A Planta","Afectos Al Código del Trabajo","2013-03-01 00:00:00.0","1900-01-01 00:00:00.0"
"Lebu","Codigo del Trabajo","Sin Clasificación","Código del Trabajo","Yessica Andrea Estrada Cisternas","Paradocente"," ","Personal No Pertenece A Planta","Afectos Al Código del Trabajo","2013-02-28 00:00:00.0","1900-01-01 00:00:00.0"
"Lebu","Codigo del Trabajo","Sin Clasificación","Código del Trabajo","Andres Eduardo Soto Matamala","Profesional"," ","Personal No Pertenece A Planta","Afectos Al Código del Trabajo","2012-06-11 00:00:00.0","1900-01-01 00:00:00.0"
"Lebu","Codigo del Trabajo","Sin Clasificación","Código del Trabajo","Marcelo David Cisternas Escares","Auxiliar de Servicios Menores"," ","Personal No Pertenece A Planta","Afectos Al Código del Trabajo","2010-03-15 00:00:00.0","1900-01-01 00:00:00.0"
"Lebu","Codigo del Trabajo","Sin Clasificación","Código del Trabajo","Soraya Elena Godoy  Lobos","Asistente Social"," ","Personal No Pertenece A Planta","Afectos Al Código del Trabajo","2013-08-01 00:00:00.0","1900-01-01 00:00:00.0"
"Lebu","Codigo del Trabajo","Sin Clasificación","Código del Trabajo","Pablo Fernando Monsálvez Flores","Psicólogo"," ","Personal No Pertenece A Planta","Afectos Al Código del Trabajo","2013-02-28 00:00:00.0","1900-01-01 00:00:00.0"
"Lebu","Codigo del Trabajo","Sin Clasificación","Código del Trabajo","Jocelyne Valeska Rodriguez Valdebenito","Educadora Párvulos"," ","Personal No Pertenece A Planta","Afectos Al Código del Trabajo","2013-03-01 00:00:00.0","1900-01-01 00:00:00.0"
"Lebu","Codigo del Trabajo","Sin Clasificación","Código del Trabajo","Agustina Marcela Panguinao Grandon","Asistente Parvularia"," ","Personal No Pertenece A Planta","Afectos Al Código del Trabajo","2013-03-01 00:00:00.0","1900-01-01 00:00:00.0"
"Lebu","Codigo del Trabajo","Sin Clasificación","Código del Trabajo","Francisca Carola Arellano Etcheverry","Asistente"," ","Contratados Sin Planta","","2013-12-31 00:00:00.0","1900-01-01 00:00:00.0"
"Lebu","Codigo del Trabajo","Sin Clasificación","Código del Trabajo","Silvana Stephany Riquelme Tolosa","Asistente Parvularia"," ","Contratados Sin Planta","Afectos Al Código del Trabajo","2012-01-03 00:00:00.0","1900-01-01 00:00:00.0"
"Lebu","Codigo del Trabajo","Sin Clasificación","Código del Trabajo","Elizabeth Fernanda  Necul Manriquez","Asistente Parvularia"," ","Personal No Pertenece A Planta","Afectos Al Código del Trabajo","2013-08-01 00:00:00.0","1900-01-01 00:00:00.0"
"Lebu","Codigo del Trabajo","Sin Clasificación","Código del Trabajo","Ana Daniela Salas Pirul","Oficial Administrativo"," ","Personal No Pertenece A Planta","Afectos Al Código del Trabajo","2012-02-28 00:00:00.0","1900-01-01 00:00:00.0"
"Lebu","Codigo del Trabajo","Sin Clasificación","Código del Trabajo","Olimpia  Fabiola Torres Cea","Administrativo"," ","Contratados Sin Planta","Afectos Al Código del Trabajo","2013-12-31 00:00:00.0","1900-01-01 00:00:00.0"
"Lebu","Codigo del Trabajo","Sin Clasificación","Código del Trabajo","Jorge Huaiqui Torres","Chófer"," ","Contratados Sin Planta","Escala Única de Sueldos","2009-06-30 00:00:00.0","1900-01-01 00:00:00.0"
"Lebu","Codigo del Trabajo","Sin Clasificación","Código del Trabajo","Dulia Betty Rain Jara","Asistente Parvularia"," ","Personal No Pertenece A Planta","Afectos Al Código del Trabajo","2013-03-01 00:00:00.0","1900-01-01 00:00:00.0"
"Lebu","Codigo del Trabajo","Sin Clasificación","Código del Trabajo","Adolfo Johans Werner Carrasco","Paradocente"," ","Personal No Pertenece A Planta","Afectos Al Código del Trabajo","2010-02-26 00:00:00.0","1900-01-01 00:00:00.0"
