"Comuna","Tipo de Contratación","Área","Calidad","Nombre","Cargo","Grado","Planta","Remuneración","Fecha desde","Fecha hasta"
"Lebu","Planta Titular","Municipal","Titular","Nelson Osvaldo Lobo Figueroa","Auxiliar","16°","Auxiliares","Escala Municipal","2017-01-01 00:00:00.0","1900-01-01 00:00:00.0"
"Lebu","Planta Titular","Municipal","Titular","Orieta del Transito Carrillo Pirul","Auxiliar","20°","Auxiliares","Escala Municipal","2019-01-01 00:00:00.0","1900-01-01 00:00:00.0"
"Lebu","Planta Titular","Municipal","Titular","Patricio Enrique Carrillo Cuevas","Técnico","12°","Técnicos","Escala Municipal","2016-01-01 00:00:00.0","1900-01-01 00:00:00.0"
"Lebu","Planta Titular","Municipal","Titular","Nayaret Oriana Cuevas Aravena","Técnico","15°","Técnicos","Escala Municipal","2019-01-01 00:00:00.0","1900-01-01 00:00:00.0"
"Lebu","Planta Titular","Municipal","Titular","Mauricio Roberto Salazar Fica","Técnico","13°","Técnicos","Escala Municipal","2019-01-01 00:00:00.0","1900-01-01 00:00:00.0"
"Lebu","Planta Titular","Municipal","Titular","Ana Eduvina Solar Cardenas","Contador","12°","Técnicos","Escala Municipal","2017-01-01 00:00:00.0","1900-01-01 00:00:00.0"
"Lebu","Planta Titular","Municipal","Titular","Walter Bernardo Offerman Lobos","Chófer","13°","Auxiliares","Escala Municipal","2017-01-01 00:00:00.0","1900-01-01 00:00:00.0"
"Lebu","Planta Titular","Municipal","Titular","Ana Maria Obreque Herrera","Administrativo","16°","Administrativos","Escala Municipal","2016-01-01 00:00:00.0","1900-01-01 00:00:00.0"
"Lebu","Planta Titular","Municipal","Titular","Jaime Luis Candia Echeverria","Director de Desarrollo Comunitario","7°","Directivos","Escala Municipal","2015-01-02 00:00:00.0","1900-01-01 00:00:00.0"
"Lebu","Planta Titular","Municipal","Titular","Carlos Isidro Oliva Oliva","Chófer","14°","Auxiliares","Escala Municipal","2017-01-01 00:00:00.0","1900-01-01 00:00:00.0"
"Lebu","Planta Titular","Municipal","Titular","Rolando Octavio Navarro Yaupe","Administrativo","16°","Auxiliares","Escala Municipal","2017-01-01 00:00:00.0","1900-01-01 00:00:00.0"
"Lebu","Planta Titular","Municipal","Titular","Elson Evaristo Riffo Sanchez","Administrativo","16°","Administrativos","Escala Municipal","2019-01-01 00:00:00.0","1900-01-01 00:00:00.0"
"Lebu","Planta Titular","Municipal","Titular","Janette Soledad Oliva Oliva","Director de Desarrollo Comunitario","7°","Directivos","Escala Municipal","2016-01-05 00:00:00.0","1900-01-01 00:00:00.0"
"Lebu","Planta Titular","Municipal","Titular","Maribel Andrea Monsalvez Martinez","Director","10°","Directivos","Escala Municipal","2013-01-01 00:00:00.0","1900-01-01 00:00:00.0"
"Lebu","Planta Titular","Municipal","Titular","Erika Andrea Sierra Roca","Administrativo","18°","Auxiliares","Escala Municipal","2017-01-01 00:00:00.0","1900-01-01 00:00:00.0"
"Lebu","Planta Titular","Municipal","Titular","Zinnia Carolina Ollier Nu¿ez","Juez Policía Local","6°","Directivos","Escala Municipal","2019-04-03 00:00:00.0","1900-01-01 00:00:00.0"
"Lebu","Planta Titular","Municipal","Titular","Gustavo Andres Aranda Sotomayor","Profesional","10°","Profesionales","Escala Municipal de Remuneraciones(ley 18.883)","2014-04-01 00:00:00.0","1900-01-01 00:00:00.0"
"Lebu","Planta Titular","Municipal","Titular","Romina Estrella Valderas Valderas","Secretario Abogado de Juzgado de Policía Local","9°","Profesionales","Escala Municipal","2019-04-16 00:00:00.0","2019-09-16 00:00:00.0"
"Lebu","Planta Titular","Municipal","Titular","Karen Daniela  Rodriguez Arriagada","Asistente Social","11°","Jefaturas","Escala Municipal","2015-04-07 00:00:00.0","1900-01-01 00:00:00.0"
"Lebu","Planta Titular","Municipal","Titular","Eduardo Esteban Moscoso Monsalvez","Auxiliar","19°","Auxiliares","Escala Municipal","2019-01-01 00:00:00.0","1900-01-01 00:00:00.0"
"Lebu","Planta Titular","Municipal","Titular","Alberto Enrique Fredes Salazar","Chófer","13°","Auxiliares","Escala Municipal","2017-01-01 00:00:00.0","1900-01-01 00:00:00.0"
"Lebu","Planta Titular","Municipal","Titular","Juan Carlos Lopez Nuñez","Administrativo","13°","Administrativos","Escala Municipal","2017-01-01 00:00:00.0","1900-01-01 00:00:00.0"
"Lebu","Planta Titular","Municipal","Titular","Maria Eulalia Peña Peña","Administrativo","14°","Administrativos","Escala Municipal","2017-01-01 00:00:00.0","1900-01-01 00:00:00.0"
"Lebu","Planta Titular","Municipal","Titular","Lorenzo Leon Chamorro Macaya","Administrativo","12°","Administrativos","Escala Municipal","2016-01-01 00:00:00.0","1900-01-01 00:00:00.0"
"Lebu","Planta Titular","Municipal","Titular","Isabel del Carmen Lozano Hermosilla","Administrativo","13°","Administrativos","Escala Municipal","2017-01-01 00:00:00.0","1900-01-01 00:00:00.0"
"Lebu","Planta Titular","Municipal","Titular","Ester Candia Salazar","Administrativo","13°","Administrativos","Escala Municipal","2016-01-01 00:00:00.0","1900-01-01 00:00:00.0"
"Lebu","Planta Titular","Municipal","Titular","Sabina del Rosario Salazar Monsalvez","Administrativo","15°","Administrativos","Escala Municipal","2017-01-01 00:00:00.0","1900-01-01 00:00:00.0"
"Lebu","Planta Titular","Municipal","Titular","Rosalba del Carmen Nuñez Ramirez","Administrativo","15°","Administrativos","Escala Municipal","2017-01-01 00:00:00.0","1900-01-01 00:00:00.0"
"Lebu","Planta Titular","Municipal","Titular","Patricia Irene Saez Silva","Administrativo","14°","Administrativos","Escala Municipal","2017-01-01 00:00:00.0","1900-01-01 00:00:00.0"
"Lebu","Planta Titular","Municipal","Titular","Mariett Cristina Medina Lopez","Administrativo","14°","Administrativos","Escala Municipal","2017-01-01 00:00:00.0","1900-01-01 00:00:00.0"
"Lebu","Planta Titular","Municipal","Titular","Juan Arnoldo Fuentes Cruces","Jefatura","10°","Jefaturas","Escala Municipal de Remuneraciones(ley 18.883)","2014-03-31 00:00:00.0","1900-01-01 00:00:00.0"
"Lebu","Planta Titular","Municipal","Titular","Jose Gonzalo Carril Rodriguez","Administrativo","14°","Administrativos","Escala Municipal","2017-01-01 00:00:00.0","1900-01-01 00:00:00.0"
"Lebu","Planta Titular","Municipal","Titular","Margarita Gabriela Lucrecia Campos Peña","Administrativo","13°","Administrativos","Escala Municipal","2016-01-01 00:00:00.0","1900-01-01 00:00:00.0"
"Lebu","Planta Titular","Municipal","Titular","Macrovia Veronica Gonzalez Cartes","Administrativo","13°","Administrativos","Escala Municipal","2017-01-01 00:00:00.0","1900-01-01 00:00:00.0"
"Lebu","Planta Titular","Municipal","Titular","Tomas Esteban Novoa Lincura","Chófer","14°","Auxiliares","Escala Municipal","2017-01-01 00:00:00.0","1900-01-01 00:00:00.0"
