"Comuna","Tipo de Contratación","Área","Calidad","Nombre","Cargo","Grado","Planta","Remuneración","Fecha desde","Fecha hasta"
"Lebu","Planta Titular","Salud","Titular","Natividad del Carmen Bizama Sepulveda","Auxiliar Paramedico"," ","Personal No Pertenece A Planta","Estatuto Atención Primaria de Salud Municipal  Ley N°19.378","1995-11-01 00:00:00.0","1900-01-01 00:00:00.0"
"Lebu","Planta Titular","Salud","Titular","Ruperto Orlando Solar Cardenas","Auxiliar de Servicios"," ","Auxiliares de Servicios de Salud Categoría F","Estatuto Atención Primaria de Salud Municipal  Ley N°19.378","1996-10-15 00:00:00.0","1900-01-01 00:00:00.0"
"Lebu","Planta Titular","Salud","Titular","Eric David Zapata Fredes","Auxiliar Paramedico"," ","Personal No Pertenece A Planta","Estatuto Atención Primaria de Salud Municipal  Ley N°19.378","2007-08-01 00:00:00.0","1900-01-01 00:00:00.0"
"Lebu","Planta Titular","Salud","Titular","Yerka de Fatima Delgado Salgado","Administrativo"," ","Administrativos de Salud Categoría E","Estatuto Atención Primaria de Salud Municipal  Ley N°19.378","2008-05-01 00:00:00.0","1900-01-01 00:00:00.0"
"Lebu","Planta Titular","Salud","Titular","Maria Ines Gallegos Montecino","Matrona"," ","Personal No Pertenece A Planta","Estatuto Atención Primaria de Salud Municipal  Ley N°19.378","1995-11-01 00:00:00.0","1900-01-01 00:00:00.0"
"Lebu","Planta Titular","Salud","Titular","Roberto Antonio Burgos Ulloa","Administrativo"," ","Administrativos","Estatuto Atención Primaria de Salud Municipal  Ley N°19.378","2008-05-01 00:00:00.0","1900-01-01 00:00:00.0"
"Lebu","Planta Titular","Salud","Titular","Pablo Miguel Friz Salazar","Director Técnico"," ","Personal No Pertenece A Planta","Estatuto Atención Primaria de Salud Municipal  Ley N°19.378","2008-09-04 00:00:00.0","1900-01-01 00:00:00.0"
"Lebu","Planta Titular","Salud","Titular","Susana Beatriz Ramirez Campos","Asistente Social"," ","Profesionales Categoría B","Estatuto Atención Primaria de Salud Municipal  Ley N°19.378","1996-10-15 00:00:00.0","1900-01-01 00:00:00.0"
"Lebu","Planta Titular","Salud","Titular","Maria Orfelina Chamorro Mena","Directivo"," ","Directivos","Escala Atención Primaria de Salud Municipal","2013-04-01 00:00:00.0","1900-01-01 00:00:00.0"
"Lebu","Planta Titular","Salud","Titular","Erica Sonia Henríquez Antinao","Auxiliar Paramedico"," ","Personal No Pertenece A Planta","Estatuto Atención Primaria de Salud Municipal  Ley N°19.378","1995-11-01 00:00:00.0","1900-01-01 00:00:00.0"
"Lebu","Planta Titular","Salud","Titular","Rodrigo Alejandro Montecinos Salazar","Auxiliar de Servicios"," ","Personal No Pertenece A Planta","Estatuto Atención Primaria de Salud Municipal  Ley N°19.378","1995-11-01 00:00:00.0","1900-01-01 00:00:00.0"
"Lebu","Planta Titular","Salud","Titular","Mariela Alexandra Vidal Cuevas","Administrativo"," ","Administrativos de Salud Categoría E","Estatuto Atención Primaria de Salud Municipal  Ley N°19.378","1996-10-15 00:00:00.0","1900-01-01 00:00:00.0"
"Lebu","Planta Titular","Salud","Titular","Mackarena Palma Friz","Administrativo"," ","Administrativos de Salud Categoría E","Estatuto Atención Primaria de Salud Municipal  Ley N°19.378","2008-05-01 00:00:00.0","1900-01-01 00:00:00.0"
"Lebu","Planta Titular","Salud","Titular","Maria Roxana Flores Arevalo","Técnico de Nivel Superior","SIN INFORMACION","Técnicos de Nivel Superior Categoría C","Estatuto Atención Primaria de Salud Municipal  Ley N°19.378","2015-11-01 00:00:00.0","1900-01-01 00:00:00.0"
"Lebu","Planta Titular","Salud","Titular","Nidia Paola Lagos Fuentes","Auxiliar Paramedico"," ","Personal No Pertenece A Planta","Estatuto Atención Primaria de Salud Municipal  Ley N°19.378","2007-08-01 00:00:00.0","1900-01-01 00:00:00.0"
"Lebu","Planta Titular","Salud","Titular","Monica Patricia Fuentes  Saez","Profesional","SIN INFORMACION","Profesionales Categoría B","Estatuto Atención Primaria de Salud Municipal  Ley N°19.378","2015-10-01 00:00:00.0","1900-01-01 00:00:00.0"
"Lebu","Planta Titular","Salud","Titular","Macarena del Pilar Torres Aguayo","Secretaria"," ","Administrativos de Salud Categoría E","Estatuto Atención Primaria de Salud Municipal  Ley N°19.378","2008-05-01 00:00:00.0","1900-01-01 00:00:00.0"
"Lebu","Planta Titular","Salud","Titular","Guisela Patricia  Curinao  Vidal","Técnico de Nivel Superior","SIN INFORMACION","Técnicos de Nivel Superior Categoría C","Estatuto Atención Primaria de Salud Municipal  Ley N°19.378","2015-10-01 00:00:00.0","1900-01-01 00:00:00.0"
"Lebu","Planta Titular","Salud","Titular","Camila Estrella Tapia  Neira","Profesional","SIN INFORMACION","Profesionales Categoría B","Estatuto Atención Primaria de Salud Municipal  Ley N°19.378","2015-10-01 00:00:00.0","1900-01-01 00:00:00.0"
"Lebu","Planta Titular","Salud","Titular","Jorge Contreras Quezada","Chófer"," ","Personal No Pertenece A Planta","Estatuto Atención Primaria de Salud Municipal  Ley N°19.378","1995-11-01 00:00:00.0","1900-01-01 00:00:00.0"
"Lebu","Planta Titular","Salud","Titular","Eliana Rojas Toledo","Auxiliar Paramedico"," ","Personal No Pertenece A Planta","Estatuto Atención Primaria de Salud Municipal  Ley N°19.378","1995-11-01 00:00:00.0","1900-01-01 00:00:00.0"
"Lebu","Planta Titular","Salud","Titular","Moises Josue Espinoza Burdiles","Chófer"," ","Auxiliares de Servicios de Salud Categoría F","Estatuto Atención Primaria de Salud Municipal  Ley N°19.378","2008-05-01 00:00:00.0","1900-01-01 00:00:00.0"
"Lebu","Planta Titular","Salud","Titular","Jorge Rainer Lagos Moraga","Auxiliar de Servicio de Salud","SIN INFORMACION","Auxiliares de Servicios de Salud Categoría F","Estatuto Atención Primaria de Salud Municipal  Ley N°19.378","2015-10-01 00:00:00.0","1900-01-01 00:00:00.0"
"Lebu","Planta Titular","Salud","Titular","Juan Antonio Diaz Arancibia","Director de Departamento de Salud  Municipal","SIN INFORMACION","Profesionales Categoría B","Estatuto Atención Primaria de Salud Municipal  Ley N°19.378","2018-08-01 00:00:00.0","1900-01-01 00:00:00.0"
