"Comuna","Tipo de Contratación","Área","Calidad","Nombre","Cargo","Grado","Planta","Remuneración","Fecha desde","Fecha hasta"
"Coihueco","Contrata","Municipal","Contrata","Javier Humberto Gangas Hernandez","Administrativo","15°","Administrativos","Escala Municipal","2019-01-01 00:00:00.0","2019-06-30 00:00:00.0"
"Coihueco","Contrata","Municipal","Contrata","Juan Alberto Bustos Andrades","Administrativo","12°","Administrativos","Escala Municipal","2019-01-01 00:00:00.0","2019-06-30 00:00:00.0"
"Coihueco","Contrata","Municipal","Contrata","Virna Maribel Quezada Acuña","Técnico","13°","Técnicos","Escala Municipal","2019-01-01 00:00:00.0","2019-06-30 00:00:00.0"
"Coihueco","Contrata","Municipal","Contrata","Hector Alejandro Reyes Reyes","Auxiliar","17°","Auxiliares","Escala Municipal","2019-01-01 00:00:00.0","2019-06-30 00:00:00.0"
"Coihueco","Contrata","Municipal","Contrata","Luis Antonio Vasquez Cofre","Auxiliar","18°","Auxiliares","Escala Municipal","2019-01-01 00:00:00.0","2019-06-30 00:00:00.0"
"Coihueco","Contrata","Municipal","Contrata","Ambrosio Concepcion Ortiz Cartes","Técnico","13°","Técnicos","Escala Municipal","2019-01-01 00:00:00.0","2019-06-30 00:00:00.0"
"Coihueco","Contrata","Municipal","Contrata","Luis del Carmen Quezada Mu¿oz","Auxiliar","18°","Auxiliares","Escala Municipal","2019-01-01 00:00:00.0","2019-06-30 00:00:00.0"
"Coihueco","Contrata","Municipal","Contrata","Jose del Rosario Ocares Sepulveda","Administrativo","16°","Administrativos","Escala Municipal","2019-01-01 00:00:00.0","2019-06-30 00:00:00.0"
"Coihueco","Contrata","Municipal","Contrata","Job Armando Ramos Alarcon","Auxiliar","16°","Auxiliares","Escala Municipal","2019-01-01 00:00:00.0","2019-06-30 00:00:00.0"
"Coihueco","Contrata","Municipal","Contrata","Cristian Rodrigo Saldias Garrido","Auxiliar","18°","Auxiliares","Escala Municipal","2019-01-01 00:00:00.0","2019-06-30 00:00:00.0"
"Coihueco","Contrata","Municipal","Contrata","Evelyn Andrea Becerra Valenzuela","Técnico","16°","Técnicos","Escala Municipal","2019-01-01 00:00:00.0","2019-06-30 00:00:00.0"
"Coihueco","Contrata","Municipal","Contrata","Mauricio Alejandro Morales  Palma","Auxiliar","18°","Auxiliares","Escala Municipal","2019-01-01 00:00:00.0","2019-06-30 00:00:00.0"
"Coihueco","Contrata","Municipal","Contrata","Edgardo Alexis Cofré Canto","Auxiliar","15°","Auxiliares","Escala Municipal","2019-01-01 00:00:00.0","2019-06-30 00:00:00.0"
"Coihueco","Contrata","Municipal","Contrata","Gonzalo Alberto Acuña Mora","Asesor Juridico","8°","Profesionales","Escala Municipal","2019-01-01 00:00:00.0","2019-06-30 00:00:00.0"
"Coihueco","Contrata","Municipal","Contrata","Cristian Rolando Sandoval Labrin","Profesional","9°","Profesionales","Escala Municipal","2019-01-01 00:00:00.0","2019-06-30 00:00:00.0"
"Coihueco","Contrata","Municipal","Contrata","Gustavo Joel Ponce Cadiz","Auxiliar","15°","Auxiliares","Escala Municipal","2019-01-01 00:00:00.0","2019-06-30 00:00:00.0"
"Coihueco","Contrata","Municipal","Contrata","Hernan  Osvaldo Rodriguez Concha","Técnico","14°","Técnicos","Escala Municipal","2019-01-01 00:00:00.0","2019-06-30 00:00:00.0"
"Coihueco","Contrata","Municipal","Contrata","Yanara Stepfanie Sepulveda Cofre","Técnico","15°","Técnicos","Escala Municipal","2019-01-01 00:00:00.0","2019-06-30 00:00:00.0"
"Coihueco","Contrata","Municipal","Contrata","Camila Alejandra Mora Mu¿oz","Técnico","14°","Técnicos","Escala Municipal","2019-01-01 00:00:00.0","2019-06-30 00:00:00.0"
"Coihueco","Contrata","Municipal","Contrata","Matias Ignacio Matus Carriel","Técnico","16°","Técnicos","Escala Municipal","2019-01-01 00:00:00.0","2019-06-30 00:00:00.0"
"Coihueco","Contrata","Municipal","Contrata","Jaime Isaias Vasquez  Mora","Auxiliar de Servicios Menores","SIN INFORMACION","Contratados Sin Planta","Asistentes de La Educación Ley N°19.464","2018-03-01 00:00:00.0","2019-02-28 00:00:00.0"
"Coihueco","Contrata","Municipal","Contrata","Haili Rocio Llanes  Jimenez","Medico Medicina General.","SIN INFORMACION","Contratados Sin Planta","Afectos Al Código del Trabajo","2019-01-01 00:00:00.0","2019-12-31 00:00:00.0"
"Coihueco","Contrata","Municipal","Contrata","Silvia Lucy Penros Labra","Técnico","15°","Técnicos","Escala Municipal","2019-01-01 00:00:00.0","2019-06-30 00:00:00.0"
"Coihueco","Contrata","Municipal","Contrata","Emma Alejandra Sanhueza Freund","Administrativo","17°","Administrativos","Escala Municipal","2019-01-01 00:00:00.0","2019-06-30 00:00:00.0"
"Coihueco","Contrata","Municipal","Contrata","Francisco Andres Oliva Ramirez","Auxiliar","17°","Auxiliares","Escala Municipal","2019-01-01 00:00:00.0","2019-06-30 00:00:00.0"
