"Comuna","Tipo de Contratación","Área","Calidad","Nombre","Cargo","Grado","Planta","Remuneración","Fecha desde","Fecha hasta"
"Treguaco","Codigo del Trabajo","Sin Clasificación","Código del Trabajo","Mercedes Rosario Alarcon Cabrera","Manipuladora"," ","Personal No Pertenece A Planta","Afectos Al Código del Trabajo","2010-08-04 00:00:00.0","1900-01-01 00:00:00.0"
"Treguaco","Codigo del Trabajo","Sin Clasificación","Código del Trabajo","Elizabeth del Carmen Inostroza Muñoz","Encargado"," ","Contratados Sin Planta","Afectos Al Código del Trabajo","2009-03-01 00:00:00.0","1900-01-01 00:00:00.0"
"Treguaco","Codigo del Trabajo","Sin Clasificación","Código del Trabajo","Ana  Delia Placencia Mosalve","Auxiliar de Servicios Menores"," ","Personal No Pertenece A Planta","Afectos Al Código del Trabajo","2014-03-01 00:00:00.0","1900-01-01 00:00:00.0"
"Treguaco","Codigo del Trabajo","Sin Clasificación","Código del Trabajo","Susana Alvarado Barros","Asistente"," ","Contratados Sin Planta","Afectos Al Código del Trabajo","2011-03-01 00:00:00.0","1900-01-01 00:00:00.0"
"Treguaco","Codigo del Trabajo","Sin Clasificación","Código del Trabajo","Natalia Margarita Nova Gaete","Auxiliar de Servicios Menores"," ","Contratados Sin Planta","Afectos Al Código del Trabajo","2010-03-01 00:00:00.0","1900-01-01 00:00:00.0"
"Treguaco","Codigo del Trabajo","Sin Clasificación","Código del Trabajo","Eloisa Veronica Monsalve Monte","Auxiliar de Servicios Menores"," ","Personal No Pertenece A Planta","Afectos Al Código del Trabajo","2013-01-02 00:00:00.0","1900-01-01 00:00:00.0"
"Treguaco","Codigo del Trabajo","Sin Clasificación","Código del Trabajo","Jacquelinne Alejandra Muñoz Binimelis","Auxiliar"," ","Contratados Sin Planta","","2001-04-02 00:00:00.0","1900-01-01 00:00:00.0"
"Treguaco","Codigo del Trabajo","Sin Clasificación","Código del Trabajo","Rosalia  Margarita  Zapapta Mardones","Asistente de La Educación"," ","Personal No Pertenece A Planta","Afectos Al Código del Trabajo","2014-03-01 00:00:00.0","1900-01-01 00:00:00.0"
"Treguaco","Codigo del Trabajo","Sin Clasificación","Código del Trabajo","Ana Luisa Aguayo Mardonez","Auxiliar"," ","Personal No Pertenece A Planta","Afectos Al Código del Trabajo","2014-03-01 00:00:00.0","1900-01-01 00:00:00.0"
"Treguaco","Codigo del Trabajo","Sin Clasificación","Código del Trabajo","Paula del Carmen Quezada Neira","Manipuladora de Alimentos"," ","Personal No Pertenece A Planta","Afectos Al Código del Trabajo","2012-03-01 00:00:00.0","1900-01-01 00:00:00.0"
"Treguaco","Codigo del Trabajo","Sin Clasificación","Código del Trabajo","Evelyn Zulman Santos Arteaga","Contador"," ","Contratados Sin Planta","Afectos Al Código del Trabajo","2014-03-01 00:00:00.0","1900-01-01 00:00:00.0"
"Treguaco","Codigo del Trabajo","Sin Clasificación","Código del Trabajo","Marcela   Andrea  Mora Lagios","Auxiliar de Servicios Menores"," ","Personal No Pertenece A Planta","Afectos Al Código del Trabajo","2013-01-02 00:00:00.0","1900-01-01 00:00:00.0"
"Treguaco","Codigo del Trabajo","Sin Clasificación","Código del Trabajo","Mónica Alejandra Urrutia Guzmán","Inspector"," ","Personal No Pertenece A Planta","Afectos Al Código del Trabajo","2012-04-26 00:00:00.0","1900-01-01 00:00:00.0"
"Treguaco","Codigo del Trabajo","Sin Clasificación","Código del Trabajo","Rosa Ester  Cabrera Olate","Manipuladora de Alimentos"," ","Personal No Pertenece A Planta","Afectos Al Código del Trabajo","2014-03-01 00:00:00.0","1900-01-01 00:00:00.0"
"Treguaco","Codigo del Trabajo","Sin Clasificación","Código del Trabajo","Lucía Jeanette  Placencia Sanhueza","Auxiliar de Servicios Menores"," ","Personal No Pertenece A Planta","Afectos Al Código del Trabajo","2014-03-01 00:00:00.0","1900-01-01 00:00:00.0"
"Treguaco","Codigo del Trabajo","Sin Clasificación","Código del Trabajo","Maria Eugenia Bahamondes Arriagada","Auxiliar de Servicios Menores"," ","Personal No Pertenece A Planta","Afectos Al Código del Trabajo","2013-01-02 00:00:00.0","1900-01-01 00:00:00.0"
"Treguaco","Codigo del Trabajo","Sin Clasificación","Código del Trabajo","José Luis Barrera Reyes","Asistente de La Educación"," ","Contratados Sin Planta","Afectos Al Código del Trabajo","2012-03-01 00:00:00.0","1900-01-01 00:00:00.0"
"Treguaco","Codigo del Trabajo","Sin Clasificación","Código del Trabajo","Nadia Lorena Quezada Muñoz","Asistente de La Educación"," ","Personal No Pertenece A Planta","Afectos Al Código del Trabajo","2014-03-01 00:00:00.0","1900-01-01 00:00:00.0"
"Treguaco","Codigo del Trabajo","Sin Clasificación","Código del Trabajo","Ana Maria Neira Parra","Inspector"," ","Contratados Sin Planta","Afectos Al Código del Trabajo","2009-03-01 00:00:00.0","1900-01-01 00:00:00.0"
"Treguaco","Codigo del Trabajo","Sin Clasificación","Código del Trabajo","Alba Soraya Cerna  Lara","Profesional"," ","Personal No Pertenece A Planta","Afectos Al Código del Trabajo","2014-03-01 00:00:00.0","1900-01-01 00:00:00.0"
"Treguaco","Codigo del Trabajo","Sin Clasificación","Código del Trabajo","Yerty Lady Cartes Placencia","Inspector"," ","Contratados Sin Planta","Afectos Al Código del Trabajo","2009-03-01 00:00:00.0","1900-01-01 00:00:00.0"
"Treguaco","Codigo del Trabajo","Sin Clasificación","Código del Trabajo","Katherine  Patricia Becar Fernandez","Secreto"," ","Personal No Pertenece A Planta","Afectos Al Código del Trabajo","2013-03-01 00:00:00.0","1900-01-01 00:00:00.0"
"Treguaco","Codigo del Trabajo","Sin Clasificación","Código del Trabajo","Gabriela del Carmen Pedreros Sanhueza","Asistente de La Educación"," ","Personal No Pertenece A Planta","Afectos Al Código del Trabajo","2009-01-02 00:00:00.0","1900-01-01 00:00:00.0"
"Treguaco","Codigo del Trabajo","Sin Clasificación","Código del Trabajo","Pamela  del  Carmen Larenas Morales","Asistente de La Educación"," ","Personal No Pertenece A Planta","Afectos Al Código del Trabajo","2014-03-01 00:00:00.0","1900-01-01 00:00:00.0"
"Treguaco","Codigo del Trabajo","Sin Clasificación","Código del Trabajo","Arnoldo Alonso Llanos Fuentes","Contador Auditor"," ","Contratados Sin Planta","Afectos Al Código del Trabajo","2014-03-01 00:00:00.0","1900-01-01 00:00:00.0"
"Treguaco","Codigo del Trabajo","Sin Clasificación","Código del Trabajo","Marianela Andrea Muñoz Godoy","Asistente de La Educación"," ","Personal No Pertenece A Planta","Afectos Al Código del Trabajo","2014-03-01 00:00:00.0","1900-01-01 00:00:00.0"
"Treguaco","Codigo del Trabajo","Sin Clasificación","Código del Trabajo","Fabiola Alejandra Gomez Inzunza","Asistente de La Educación"," ","Personal No Pertenece A Planta","Afectos Al Código del Trabajo","2014-03-01 00:00:00.0","1900-01-01 00:00:00.0"
"Treguaco","Codigo del Trabajo","Sin Clasificación","Código del Trabajo","Greomiria  Elcira  Ratamal Sepulveda","Asistente de La Educación"," ","Personal No Pertenece A Planta","Afectos Al Código del Trabajo","2014-03-01 00:00:00.0","1900-01-01 00:00:00.0"
"Treguaco","Codigo del Trabajo","Sin Clasificación","Código del Trabajo","Paulina Pinilla Zapata","Asistente Parvularia"," ","Personal No Pertenece A Planta","Afectos Al Código del Trabajo","2013-01-02 00:00:00.0","1900-01-01 00:00:00.0"
"Treguaco","Codigo del Trabajo","Sin Clasificación","Código del Trabajo","Karen Elizabeth Neira Concha","Asistente de La Educación"," ","Personal No Pertenece A Planta","Afectos Al Código del Trabajo","2009-01-02 00:00:00.0","1900-01-01 00:00:00.0"
"Treguaco","Codigo del Trabajo","Sin Clasificación","Código del Trabajo","Mirian  Paulina Vergara  Parra","Coordinador"," ","Contratados Sin Planta","Afectos Al Código del Trabajo","2012-02-29 00:00:00.0","1900-01-01 00:00:00.0"
"Treguaco","Codigo del Trabajo","Sin Clasificación","Código del Trabajo","Yosselin Prissila Avendaño Valderrama","Encargado"," ","Contratados Sin Planta","Afectos Al Código del Trabajo","2011-05-18 00:00:00.0","1900-01-01 00:00:00.0"
"Treguaco","Codigo del Trabajo","Sin Clasificación","Código del Trabajo","Veronica Loreto Avila Valenzuela","Profesional"," ","Personal No Pertenece A Planta","Afectos Al Código del Trabajo","2012-04-02 00:00:00.0","1900-01-01 00:00:00.0"
"Treguaco","Codigo del Trabajo","Sin Clasificación","Código del Trabajo","Pia Soledad Vargas Fuentes","Profesional"," ","Personal No Pertenece A Planta","Afectos Al Código del Trabajo","2012-06-18 00:00:00.0","1900-01-01 00:00:00.0"
"Treguaco","Codigo del Trabajo","Sin Clasificación","Código del Trabajo","Yohana  Isabel Parra Araneda","Encargado"," ","Contratados Sin Planta","Afectos Al Código del Trabajo","2014-03-01 00:00:00.0","1900-01-01 00:00:00.0"
"Treguaco","Codigo del Trabajo","Sin Clasificación","Código del Trabajo","Darwin del  Carmen  Zapata Mardones","Inspector"," ","Personal No Pertenece A Planta","Afectos Al Código del Trabajo","2014-03-01 00:00:00.0","1900-01-01 00:00:00.0"
"Treguaco","Codigo del Trabajo","Sin Clasificación","Código del Trabajo","Carla Valentina Jimenez Sepulveda","Educadora Párvulos"," ","Personal No Pertenece A Planta","Afectos Al Código del Trabajo","2014-03-06 00:00:00.0","1900-01-01 00:00:00.0"
"Treguaco","Codigo del Trabajo","Sin Clasificación","Código del Trabajo","Katherine Aida Avendaño Valenzuela","Asistente Parvularia"," ","Contratados Sin Planta","Afectos Al Código del Trabajo","2011-11-30 00:00:00.0","1900-01-01 00:00:00.0"
"Treguaco","Codigo del Trabajo","Sin Clasificación","Código del Trabajo","Katherine Paola Arriagada Acuña","Asistente de La Educación"," ","Personal No Pertenece A Planta","Afectos Al Código del Trabajo","2014-03-01 00:00:00.0","1900-01-01 00:00:00.0"
"Treguaco","Codigo del Trabajo","Sin Clasificación","Código del Trabajo","Eduardo Antonio Parada Daza","Coordinador"," ","Personal No Pertenece A Planta","Afectos Al Código del Trabajo","2013-01-07 00:00:00.0","1900-01-01 00:00:00.0"
"Treguaco","Codigo del Trabajo","Sin Clasificación","Código del Trabajo","Maria del Carmen Dominguez Fuentes","Auxiliar de Párvulos"," ","Contratados Sin Planta","Afectos Al Código del Trabajo","2012-03-01 00:00:00.0","1900-01-01 00:00:00.0"
"Treguaco","Codigo del Trabajo","Sin Clasificación","Código del Trabajo","Elier Veronica Zapata Mardones","Asistente de La Educación"," ","Personal No Pertenece A Planta","Afectos Al Código del Trabajo","2014-03-01 00:00:00.0","1900-01-01 00:00:00.0"
"Treguaco","Codigo del Trabajo","Sin Clasificación","Código del Trabajo","Erika Elizabeth Dominguez Quiñones","Cajera"," ","Contratados Sin Planta","","1998-10-01 00:00:00.0","1900-01-01 00:00:00.0"
"Treguaco","Codigo del Trabajo","Sin Clasificación","Código del Trabajo","Rosa Mercedes Cabrera Monsalve","Bibliotecario"," ","Personal No Pertenece A Planta","Afectos Al Código del Trabajo","2012-09-03 00:00:00.0","1900-01-01 00:00:00.0"
"Treguaco","Codigo del Trabajo","Sin Clasificación","Código del Trabajo","Ivan Gustavo Cuadra Parra","Paradocente"," ","Contratados Sin Planta","Afectos Al Código del Trabajo","2002-03-01 00:00:00.0","1900-01-01 00:00:00.0"
"Treguaco","Codigo del Trabajo","Sin Clasificación","Código del Trabajo","Ina Esmeralda Riquelme Silva","Secreto"," ","Contratados Sin Planta","Afectos Al Código del Trabajo","1998-03-24 00:00:00.0","1900-01-01 00:00:00.0"
"Treguaco","Codigo del Trabajo","Sin Clasificación","Código del Trabajo","Jose Santos Martinez Gomez","Auxiliar de Servicios Menores"," ","Contratados Sin Planta","Afectos Al Código del Trabajo","2010-03-01 00:00:00.0","1900-01-01 00:00:00.0"
"Treguaco","Codigo del Trabajo","Sin Clasificación","Código del Trabajo","Paulina Eugenia Pedreros Nova","Asistente Parvularia"," ","Personal No Pertenece A Planta","Afectos Al Código del Trabajo","2013-01-02 00:00:00.0","1900-01-01 00:00:00.0"
