"Comuna","Tipo de Contratación","Área","Calidad","Nombre","Cargo","Grado","Planta","Remuneración","Fecha desde","Fecha hasta"
"Treguaco","Planta Titular","Educación","Titular","Alexie Eulogio Torres Arcos","Director"," ","Directiva Docente","Escala Profesionales de La Educación Llay 19.070)","2012-03-01 00:00:00.0","1900-01-01 00:00:00.0"
"Treguaco","Planta Titular","Educación","Titular","Ricardo Francisco Moraga Pinda","Docente","SIN INFORMACION","Docente","Profesionales de La Educación Ley N°19.070","2015-02-01 00:00:00.0","1900-01-01 00:00:00.0"
"Treguaco","Planta Titular","Educación","Titular","Nelly del Carmen Gomez Caro","Docente","SIN INFORMACION","Docente","Profesionales de La Educación Ley N°19.070","1999-12-02 00:00:00.0","1900-01-01 00:00:00.0"
"Treguaco","Planta Titular","Educación","Titular","Luis Hernan Acuña Neira","Chófer","SIN INFORMACION","Contratados Sin Planta","Afectos Al Código del Trabajo","2015-03-02 00:00:00.0","1900-01-01 00:00:00.0"
"Treguaco","Planta Titular","Educación","Titular","Walter Robert Galindo Galdame","Docente","SIN INFORMACION","Docente","Profesionales de La Educación Ley N°19.070","2015-12-14 00:00:00.0","1900-01-01 00:00:00.0"
"Treguaco","Planta Titular","Educación","Titular","Eduardo Celedonio Valenzuela Salazar","Administrador","SIN INFORMACION","Contratados Sin Planta","Afectos Al Código del Trabajo","2019-04-01 00:00:00.0","1900-01-01 00:00:00.0"
"Treguaco","Planta Titular","Educación","Titular","Rodrigo Patricio Vergara Medina","Asistente","SIN INFORMACION","Contratados Sin Planta","Asistentes de La Educación Ley N°19.464","2017-03-01 00:00:00.0","1900-01-01 00:00:00.0"
"Treguaco","Planta Titular","Educación","Titular","Margarita Isabel Monsalve Constanzo","Asistente","SIN INFORMACION","Contratados Sin Planta","Asistentes de La Educación Ley N°19.464","2014-03-01 00:00:00.0","1900-01-01 00:00:00.0"
"Treguaco","Planta Titular","Educación","Titular","Marcela   Andrea  Mora Lagios","Auxiliar de Servicios Menores","SIN INFORMACION","Contratados Sin Planta","Afectos Al Código del Trabajo","2013-01-02 00:00:00.0","1900-01-01 00:00:00.0"
"Treguaco","Planta Titular","Educación","Titular","Maria Eugenia Bahamondes Arriagada","Auxiliar de Servicios Menores","SIN INFORMACION","Contratados Sin Planta","Afectos Al Código del Trabajo","2013-01-02 00:00:00.0","1900-01-01 00:00:00.0"
"Treguaco","Planta Titular","Educación","Titular","Luis Etyel Saavedra Cabrera","Docente","SIN INFORMACION","Docente","Profesionales de La Educación Ley N°19.070","2015-02-01 00:00:00.0","1900-01-01 00:00:00.0"
"Treguaco","Planta Titular","Educación","Titular","Jacqueline Elizabeth  Sandoval Cadiz","Inspector","SIN INFORMACION","Contratados Sin Planta","Asistentes de La Educación Ley N°19.464","2011-03-01 00:00:00.0","1900-01-01 00:00:00.0"
"Treguaco","Planta Titular","Educación","Titular","Ana Maria Constanzo Quezada","Auxiliar de Servicios","SIN INFORMACION","Contratados Sin Planta","Asistentes de La Educación Ley N°19.464","2017-03-01 00:00:00.0","1900-01-01 00:00:00.0"
"Treguaco","Planta Titular","Educación","Titular","Angela Tania Saavedra Ramirez","Docente","SIN INFORMACION","Docente","Profesionales de La Educación Ley N°19.070","2015-02-01 00:00:00.0","1900-01-01 00:00:00.0"
"Treguaco","Planta Titular","Educación","Titular","Josefina del Carmen Pedreros Urrutia","Docente","SIN INFORMACION","Docente","Profesionales de La Educación Ley N°19.070","2015-12-14 00:00:00.0","1900-01-01 00:00:00.0"
"Treguaco","Planta Titular","Educación","Titular","Virginia Isabel Parra Lara","Docente"," ","Docente","Profesionales de La Educación Ley N°19.070","2015-12-14 00:00:00.0","1900-01-01 00:00:00.0"
"Treguaco","Planta Titular","Educación","Titular","Rosa Ana Sanhueza Alegria","Docente","SIN INFORMACION","Docente","Profesionales de La Educación Ley N°19.070","2015-02-01 00:00:00.0","1900-01-01 00:00:00.0"
"Treguaco","Planta Titular","Educación","Titular","Paulo Cesar Riquelme Reinoso","Docente","SIN INFORMACION","Docente","Profesionales de La Educación Ley N°19.070","2015-12-14 00:00:00.0","1900-01-01 00:00:00.0"
"Treguaco","Planta Titular","Educación","Titular","Monica Isabel Zapata Gomez","Docente","SIN INFORMACION","Docente","Profesionales de La Educación Ley N°19.070","2015-02-01 00:00:00.0","1900-01-01 00:00:00.0"
"Treguaco","Planta Titular","Educación","Titular","Angelo Antonio  Neira Cifuentes","Asistente de La Educación","SIN INFORMACION","Contratados Sin Planta","Asistentes de La Educación Ley N°19.464","2017-03-01 00:00:00.0","1900-01-01 00:00:00.0"
"Treguaco","Planta Titular","Educación","Titular","Sandra Isabel Arriagada Neira","Asistente de La Educación","SIN INFORMACION","Contratados Sin Planta","Asistentes de La Educación Ley N°19.464","2019-03-01 00:00:00.0","1900-01-01 00:00:00.0"
"Treguaco","Planta Titular","Educación","Titular","Mariangela Andrea Ruiz Reyes","Docente","SIN INFORMACION","Docente","Profesionales de La Educación Ley N°19.070","2015-02-01 00:00:00.0","1900-01-01 00:00:00.0"
"Treguaco","Planta Titular","Educación","Titular","Erika del Pilar Bustos Constanzo","Docente","SIN INFORMACION","Docente","Profesionales de La Educación Ley N°19.070","2015-12-14 00:00:00.0","1900-01-01 00:00:00.0"
"Treguaco","Planta Titular","Educación","Titular","Mario Luis Escobar Sanchez","Docente","SIN INFORMACION","Docente","Profesionales de La Educación Ley N°19.070","2015-12-14 00:00:00.0","1900-01-01 00:00:00.0"
"Treguaco","Planta Titular","Educación","Titular","Arnoldo Alonso Llanos Fuentes","Profesional","SIN INFORMACION","Contratados Sin Planta","Afectos Al Código del Trabajo","2014-03-01 00:00:00.0","1900-01-01 00:00:00.0"
"Treguaco","Planta Titular","Educación","Titular","Oscar Andres Hernandez Placencia","Docente","SIN INFORMACION","Docente","Profesionales de La Educación Ley N°19.070","2015-02-01 00:00:00.0","1900-01-01 00:00:00.0"
"Treguaco","Planta Titular","Educación","Titular","Katherine Pamela Saavedra Saavedra","Educadora Párvulos","SIN INFORMACION","Contratados Sin Planta","Afectos Al Código del Trabajo","2013-01-01 00:00:00.0","1900-01-01 00:00:00.0"
"Treguaco","Planta Titular","Educación","Titular","Cecilia  Pilar  Carrascos Bustos","Educadora Párvulos","SIN INFORMACION","Contratados Sin Planta","Afectos Al Código del Trabajo","2015-02-02 00:00:00.0","1900-01-01 00:00:00.0"
"Treguaco","Planta Titular","Educación","Titular","Barbara Alexandra Sanhueza Nova","Docente","SIN INFORMACION","Docente","Profesionales de La Educación Ley N°19.070","2015-02-01 00:00:00.0","1900-01-01 00:00:00.0"
"Treguaco","Planta Titular","Educación","Titular","Ricardo Esteban Nova Duran","Docente","SIN INFORMACION","Docente","Profesionales de La Educación Ley N°19.070","2015-02-01 00:00:00.0","1900-01-01 00:00:00.0"
"Treguaco","Planta Titular","Educación","Titular","Carla Andrea Santos Rubilar","Docente","SIN INFORMACION","Docente","Profesionales de La Educación Ley N°19.070","2015-02-01 00:00:00.0","1900-01-01 00:00:00.0"
"Treguaco","Planta Titular","Educación","Titular","Johana Andrea Roa Valdes","Docente","SIN INFORMACION","Docente","Profesionales de La Educación Ley N°19.070","2015-02-01 00:00:00.0","1900-01-01 00:00:00.0"
"Treguaco","Planta Titular","Educación","Titular","Yesenia Solange Dibarrat Fuentes","Docente","SIN INFORMACION","Docente","Profesionales de La Educación Ley N°19.070","2015-02-01 00:00:00.0","1900-01-01 00:00:00.0"
"Treguaco","Planta Titular","Educación","Titular","Maria Luisa Placencia Chamorro","Docente"," ","Docente","Profesionales de La Educación Ley N°19.070","2015-02-01 00:00:00.0","1900-01-01 00:00:00.0"
"Treguaco","Planta Titular","Educación","Titular","Ana Maria Alarcon Celis","Docente","SIN INFORMACION","Docente","Profesionales de La Educación Ley N°19.070","2015-02-01 00:00:00.0","1900-01-01 00:00:00.0"
"Treguaco","Planta Titular","Educación","Titular","Ruth Eliana Sandoval Riquelme","Docente","SIN INFORMACION","Docente","Profesionales de La Educación Ley N°19.070","2015-02-01 00:00:00.0","1900-01-01 00:00:00.0"
"Treguaco","Planta Titular","Educación","Titular","Miriam de Las Mercedes Zapata Barrera","Auxiliar de Servicios Menores","SIN INFORMACION","Contratados Sin Planta","Asistentes de La Educación Ley N°19.464","2015-03-02 00:00:00.0","1900-01-01 00:00:00.0"
"Treguaco","Planta Titular","Educación","Titular","Maricel Alejandra Ruiz Daza","Docente","SIN INFORMACION","Docente","Profesionales de La Educación Ley N°19.070","2015-12-14 00:00:00.0","1900-01-01 00:00:00.0"
"Treguaco","Planta Titular","Educación","Titular","Marta Andrea Bustos Montecino","Docente","SIN INFORMACION","Docente","Profesionales de La Educación Ley N°19.070","2015-12-14 00:00:00.0","1900-01-01 00:00:00.0"
"Treguaco","Planta Titular","Educación","Titular","Viviana Elizabeth Saez Cartes","Docente","SIN INFORMACION","Docente","Profesionales de La Educación Ley N°19.070","2015-02-01 00:00:00.0","1900-01-01 00:00:00.0"
"Treguaco","Planta Titular","Educación","Titular","Ana Rosa Aguayo Placencia","Docente","SIN INFORMACION","Docente","Profesionales de La Educación Ley N°19.070","2015-12-14 00:00:00.0","1900-01-01 00:00:00.0"
"Treguaco","Planta Titular","Educación","Titular","Veronica Loreto Avila Valenzuela","Coordinador","SIN INFORMACION","Contratados Sin Planta","Afectos Al Código del Trabajo","2012-04-02 00:00:00.0","1900-01-01 00:00:00.0"
"Treguaco","Planta Titular","Educación","Titular","Viviana Alejandra Arce Constanzo","Asistente de La Educación","SIN INFORMACION","Contratados Sin Planta","Asistentes de La Educación Ley N°19.464","2019-03-01 00:00:00.0","1900-01-01 00:00:00.0"
"Treguaco","Planta Titular","Educación","Titular","Cristian Andres Sepulveda Jara","Orientador","SIN INFORMACION","Contratados Sin Planta","Asistentes de La Educación Ley N°19.464","2015-03-02 00:00:00.0","1900-01-01 00:00:00.0"
"Treguaco","Planta Titular","Educación","Titular","Liset Anyelina Inostroza Orme¿o","Director Administrativo","SIN INFORMACION","Contratados Sin Planta","Afectos Al Código del Trabajo","2018-01-02 00:00:00.0","1900-01-01 00:00:00.0"
"Treguaco","Planta Titular","Educación","Titular","Noemi Abigail Valderrama Cabrera","Asistente de La Educación","SIN INFORMACION","Contratados Sin Planta","Asistentes de La Educación Ley N°19.464","2018-03-01 00:00:00.0","1900-01-01 00:00:00.0"
"Treguaco","Planta Titular","Educación","Titular","Claudio Andres del Pino Villegas","Asistente","SIN INFORMACION","Contratados Sin Planta","Asistentes de La Educación Ley N°19.464","2019-03-01 00:00:00.0","1900-01-01 00:00:00.0"
"Treguaco","Planta Titular","Educación","Titular","Claudio Andres Castillo Placencia","Encargado","SIN INFORMACION","Contratados Sin Planta","Afectos Al Código del Trabajo","2019-03-01 00:00:00.0","1900-01-01 00:00:00.0"
"Treguaco","Planta Titular","Educación","Titular","Angelica Maria  Silva  Moraga","Educadora Párvulos","SIN INFORMACION","Contratados Sin Planta","Afectos Al Código del Trabajo","2015-01-02 00:00:00.0","1900-01-01 00:00:00.0"
"Treguaco","Planta Titular","Educación","Titular","Katherine Aida Avendaño Valenzuela","Asistente de La Educación","SIN INFORMACION","Contratados Sin Planta","Asistentes de La Educación Ley N°19.464","2018-03-01 00:00:00.0","1900-01-01 00:00:00.0"
"Treguaco","Planta Titular","Educación","Titular","Veronica Andrea Fuentealba Sanchez","Asistente de La Educación","SIN INFORMACION","Contratados Sin Planta","Asistentes de La Educación Ley N°19.464","2019-02-01 00:00:00.0","1900-01-01 00:00:00.0"
"Treguaco","Planta Titular","Educación","Titular","Marianela Andrea Cifuentes Ortiz","Técnico de Nivel Superior","SIN INFORMACION","Contratados Sin Planta","Asistentes de La Educación Ley N°19.464","2019-03-01 00:00:00.0","1900-01-01 00:00:00.0"
"Treguaco","Planta Titular","Educación","Titular","Sara   Andrea Parra Parra","Auxiliar de Servicios Menores","SIN INFORMACION","Contratados Sin Planta","Afectos Al Código del Trabajo","2015-01-02 00:00:00.0","1900-01-01 00:00:00.0"
"Treguaco","Planta Titular","Educación","Titular","Jorge Alejandro Caceres Sepulveda","Docente","SIN INFORMACION","Docente Directivo","Profesionales de La Educación Ley N°19.070","2016-03-01 00:00:00.0","1900-01-01 00:00:00.0"
"Treguaco","Planta Titular","Educación","Titular","Maria Elizabeth Martinez Salgado","Docente"," ","Profesional Docente","Escala Profesionales de La Educación Llay 19.070)","2012-03-01 00:00:00.0","1900-01-01 00:00:00.0"
"Treguaco","Planta Titular","Educación","Titular","Maria del Transito Henriquez Lara","Docente","SIN INFORMACION","Docente","Profesionales de La Educación Ley N°19.070","1988-03-01 00:00:00.0","1900-01-01 00:00:00.0"
"Treguaco","Planta Titular","Educación","Titular","Eduardo Antonio Parada Daza","Jefe de Finanzas","SIN INFORMACION","Contratados Sin Planta","Afectos Al Código del Trabajo","2013-04-01 00:00:00.0","1900-01-01 00:00:00.0"
"Treguaco","Planta Titular","Educación","Titular","Milton Ismael Gutierrez Caro","Jefe del Departamento de Administración de Educación Municipal","SIN INFORMACION","Docente Directivo","Profesionales de La Educación Ley N°19.070","2011-10-03 00:00:00.0","1900-01-01 00:00:00.0"
"Treguaco","Planta Titular","Educación","Titular","Maria Isabel Cabrera Ramirez","Docente","SIN INFORMACION","Docente","Profesionales de La Educación Ley N°19.070","1983-03-21 00:00:00.0","1900-01-01 00:00:00.0"
"Treguaco","Planta Titular","Educación","Titular","Luisa Carmen Sanchez Villouta","Docente","SIN INFORMACION","Docente","Profesionales de La Educación Ley N°19.070","2015-03-02 00:00:00.0","1900-01-01 00:00:00.0"
"Treguaco","Planta Titular","Educación","Titular","Fernando Isaias Correa Avenda¿o","Auxiliar","SIN INFORMACION","Contratados Sin Planta","Asistentes de La Educación Ley N°19.464","2019-03-01 00:00:00.0","1900-01-01 00:00:00.0"
"Treguaco","Planta Titular","Educación","Titular","Sidia Isabel Sepulveda Fuentes","Docente","SIN INFORMACION","Docente","Profesionales de La Educación Ley N°19.070","1999-12-02 00:00:00.0","1900-01-01 00:00:00.0"
"Treguaco","Planta Titular","Educación","Titular","Angelina del Carmen Arce Arce","Docente","SIN INFORMACION","Docente","Profesionales de La Educación Ley N°19.070","1999-12-02 00:00:00.0","1900-01-01 00:00:00.0"
"Treguaco","Planta Titular","Educación","Titular","Veronica Maria de Lourdes Quiñones Sandoval","Docente","SIN INFORMACION","Docente","Profesionales de La Educación Ley N°19.070","2014-03-01 00:00:00.0","2030-02-28 00:00:00.0"
"Treguaco","Planta Titular","Educación","Titular","Paulina Eugenia Pedreros Nova","Auxiliar Educación Párvulos","SIN INFORMACION","Contratados Sin Planta","Afectos Al Código del Trabajo","2013-01-02 00:00:00.0","1900-01-01 00:00:00.0"
"Treguaco","Planta Titular","Educación","Titular","Ana Olga Neira Neira","Docente"," ","Profesional Docente","Escala Profesionales de La Educación Llay 19.070)","2012-03-01 00:00:00.0","1900-01-01 00:00:00.0"
"Treguaco","Planta Titular","Educación","Titular","Hector Valenzuela Leiva","Auxiliar","SIN INFORMACION","Contratados Sin Planta","Asistentes de La Educación Ley N°19.464","2016-03-01 00:00:00.0","1900-01-01 00:00:00.0"
