"Comuna","Tipo de Contratación","Área","Calidad","Nombre","Cargo","Grado","Planta","Remuneración","Fecha desde","Fecha hasta"
"Treguaco","Planta Titular","Municipal","Titular","Alejandro Rodrigo Pedreros Urrutia","Directivo","9°","Directivos","Escala Municipal","2014-03-01 00:00:00.0","1900-01-01 00:00:00.0"
"Treguaco","Planta Titular","Municipal","Titular","Edgardo Antonio O¿ate Aedo","Director de Control","8°","Directivos","Escala Municipal","2018-08-01 00:00:00.0","1900-01-01 00:00:00.0"
"Treguaco","Planta Titular","Municipal","Titular","Juan Andres Godoy Bustos","Administrador Municipal","8°","Directivos","Escala Municipal","2015-05-04 00:00:00.0","1900-01-01 00:00:00.0"
"Treguaco","Planta Titular","Municipal","Titular","Mauricio Flores Huenteo","Directivo"," ","Contratados Sin Planta","Escala Municipal","2008-06-02 00:00:00.0","1900-01-01 00:00:00.0"
"Treguaco","Planta Titular","Municipal","Titular","Carlos René Peña Andrades","Secretario Comunal de Planificación Y Coordinación","8°","Directivos","Escala Municipal","2018-10-16 00:00:00.0","1900-01-01 00:00:00.0"
"Treguaco","Planta Titular","Municipal","Titular","Francisco Alberto Contreras Mora","Directivo","9°","Directivos","Escala Municipal","2001-01-01 00:00:00.0","1900-01-01 00:00:00.0"
"Treguaco","Planta Titular","Municipal","Titular","Maria Ines Ormeño Ormeño","Administrativo","15°","Administrativos","Escala Municipal","2014-03-01 00:00:00.0","1900-01-01 00:00:00.0"
"Treguaco","Planta Titular","Municipal","Titular","Victor Patricio Marchant Ulloa","Administrador Municipal","8°","Directivos","Escala Municipal","2019-01-02 00:00:00.0","1900-01-01 00:00:00.0"
