"Comuna","Tipo de Contratación","Área","Calidad","Nombre","Cargo","Grado","Planta","Remuneración","Fecha desde","Fecha hasta"
"Treguaco","Honorarios","Contrato A Honorarios","A Suma Alzada","Roberto Antonio Fuentes  Mardones","","SIN INFORMACION","","","2019-03-01 00:00:00.0","2019-12-31 00:00:00.0"
"Treguaco","Honorarios","Contrato A Honorarios","A Suma Alzada","Margarita Cecilia Peña San Martín","","SIN INFORMACION","","","2019-03-01 00:00:00.0","2019-12-31 00:00:00.0"
"Treguaco","Honorarios","Contrato A Honorarios","A Suma Alzada","Brian Mauricio Molina Riquelme","","SIN INFORMACION","","","2019-03-01 00:00:00.0","2019-12-31 00:00:00.0"
"Treguaco","Honorarios","Contrato A Honorarios","A Suma Alzada","Solercio del Carmen Neira Neira","","SIN INFORMACION","","","2018-12-29 00:00:00.0","2019-03-02 00:00:00.0"
"Treguaco","Honorarios","Contrato A Honorarios","A Suma Alzada","Marcela  Villegas Cisternas","","SIN INFORMACION","","","2019-02-04 00:00:00.0","2019-12-31 00:00:00.0"
"Treguaco","Honorarios","Contrato A Honorarios","A Suma Alzada","Erika Carmen Espinosa Fuentealba","","SIN INFORMACION","","","2019-03-01 00:00:00.0","2019-12-31 00:00:00.0"
"Treguaco","Honorarios","Contrato A Honorarios","A Suma Alzada","Alicia Clemira Agurto Parra","","SIN INFORMACION","","","2019-01-02 00:00:00.0","2019-02-28 00:00:00.0"
"Treguaco","Honorarios","Contrato A Honorarios","A Suma Alzada","Claudia Lorena Velasquez Flores","","SIN INFORMACION","","","2019-01-01 00:00:00.0","2019-12-31 00:00:00.0"
"Treguaco","Honorarios","Contrato A Honorarios","A Suma Alzada","Juana Ines Cabrera Cabrera","","SIN INFORMACION","","","2019-03-01 00:00:00.0","2019-12-31 00:00:00.0"
"Treguaco","Honorarios","Contrato A Honorarios","A Suma Alzada","Luis Etyel Saavedra Cabrera","","SIN INFORMACION","","","2019-03-01 00:00:00.0","2019-12-31 00:00:00.0"
"Treguaco","Honorarios","Contrato A Honorarios","A Suma Alzada","Enzo Jose Chazal Garrido","","SIN INFORMACION","","","2019-01-01 00:00:00.0","2019-12-31 00:00:00.0"
"Treguaco","Honorarios","Contrato A Honorarios","A Suma Alzada","Claudio Alejandro Otarola Alegria","","SIN INFORMACION","","","2019-04-01 00:00:00.0","2019-12-31 00:00:00.0"
"Treguaco","Honorarios","Contrato A Honorarios","A Suma Alzada","Cristian Andres Garcia  Figueroa","","SIN INFORMACION","","","2019-03-01 00:00:00.0","2019-12-31 00:00:00.0"
"Treguaco","Honorarios","Contrato A Honorarios","A Suma Alzada","Marco Antonio  Perez Sandoval","","SIN INFORMACION","","","2018-12-03 00:00:00.0","2019-06-03 00:00:00.0"
"Treguaco","Honorarios","Contrato A Honorarios","A Suma Alzada","Carla Andrea Gonzalez Retamal","","SIN INFORMACION","","","2019-01-01 00:00:00.0","2019-12-31 00:00:00.0"
"Treguaco","Honorarios","Contrato A Honorarios","A Suma Alzada","Lorena Elena Miere Parra","","SIN INFORMACION","","","2019-03-01 00:00:00.0","2019-12-31 00:00:00.0"
"Treguaco","Honorarios","Contrato A Honorarios","A Suma Alzada","Elba Prosperina  Sanchez Ramirez","","SIN INFORMACION","","","2019-03-01 00:00:00.0","2019-12-31 00:00:00.0"
"Treguaco","Honorarios","Contrato A Honorarios","A Suma Alzada","Bruno Fabrizio Cavallieri Villalobos","","SIN INFORMACION","","","2019-01-01 00:00:00.0","2019-12-31 00:00:00.0"
"Treguaco","Honorarios","Contrato A Honorarios","A Suma Alzada","Catherine Lissett Escobar Soto","","SIN INFORMACION","","","2019-01-01 00:00:00.0","2019-12-31 00:00:00.0"
"Treguaco","Honorarios","Contrato A Honorarios","A Suma Alzada","Oscar Rodrigo Mu¿oz Malverde","","SIN INFORMACION","","","2019-01-01 00:00:00.0","2019-12-31 00:00:00.0"
"Treguaco","Honorarios","Contrato A Honorarios","A Suma Alzada","Joaquin Salvador Jarpa Mateluna","","SIN INFORMACION","","","2019-04-01 00:00:00.0","2019-12-31 00:00:00.0"
"Treguaco","Honorarios","Contrato A Honorarios","A Suma Alzada","René Eduardo Sandoval Badilla","","SIN INFORMACION","","","2019-03-01 00:00:00.0","2019-12-31 00:00:00.0"
"Treguaco","Honorarios","Contrato A Honorarios","A Suma Alzada","Yaquelin  del Carmen   Cordova  Eriz","","SIN INFORMACION","","","2019-03-01 00:00:00.0","2019-12-31 00:00:00.0"
"Treguaco","Honorarios","Contrato A Honorarios","A Suma Alzada","Cristian Arturo Avenda¿o Cuevas","","SIN INFORMACION","","","2019-01-01 00:00:00.0","2019-12-31 00:00:00.0"
"Treguaco","Honorarios","Contrato A Honorarios","A Suma Alzada","Veronica Susana Palma Jofre","","SIN INFORMACION","","","2019-01-01 00:00:00.0","2019-12-31 00:00:00.0"
"Treguaco","Honorarios","Contrato A Honorarios","A Suma Alzada","Jaime Enrique Parra Gutiérrez","","SIN INFORMACION","","","2019-01-01 00:00:00.0","2019-12-31 00:00:00.0"
"Treguaco","Honorarios","Contrato A Honorarios","A Suma Alzada","Milagro del Carmen Neira Parra","","SIN INFORMACION","","","2019-01-01 00:00:00.0","2019-02-28 00:00:00.0"
"Treguaco","Honorarios","Contrato A Honorarios","A Suma Alzada","Andres Esteban Contreras Faundez","","SIN INFORMACION","","","2019-03-18 00:00:00.0","2019-03-29 00:00:00.0"
"Treguaco","Honorarios","Contrato A Honorarios","A Suma Alzada","Luis Eduardo Zapata D¿az","","SIN INFORMACION","","","2019-01-02 00:00:00.0","2019-02-28 00:00:00.0"
"Treguaco","Honorarios","Contrato A Honorarios","A Suma Alzada","Pamela Andrea Navarrete Puentes","","SIN INFORMACION","","","2019-03-01 00:00:00.0","2019-12-31 00:00:00.0"
"Treguaco","Honorarios","Contrato A Honorarios","A Suma Alzada","Paulina Andrea Sepúlveda Mardones","","SIN INFORMACION","","","2019-03-01 00:00:00.0","2019-12-31 00:00:00.0"
"Treguaco","Honorarios","Contrato A Honorarios","A Suma Alzada","Valentin Pablo Quiroz Giusti","","SIN INFORMACION","","","2019-06-01 00:00:00.0","2019-12-31 00:00:00.0"
"Treguaco","Honorarios","Contrato A Honorarios","A Suma Alzada","Lorena Arriagada Chandia","","SIN INFORMACION","","","2019-03-01 00:00:00.0","2019-03-31 00:00:00.0"
"Treguaco","Honorarios","Contrato A Honorarios","A Suma Alzada","Rosa Virginia Valenzuela Parra","","SIN INFORMACION","","","2019-03-01 00:00:00.0","2019-12-31 00:00:00.0"
"Treguaco","Honorarios","Contrato A Honorarios","A Suma Alzada","Daniela Paz Uribe Domínguez","","SIN INFORMACION","","","2019-01-29 00:00:00.0","2019-01-29 00:00:00.0"
"Treguaco","Honorarios","Contrato A Honorarios","A Suma Alzada","Carla Edita Romero Osorio","","SIN INFORMACION","","","2019-03-01 00:00:00.0","2019-12-31 00:00:00.0"
"Treguaco","Honorarios","Contrato A Honorarios","A Suma Alzada","Leyla Carolina Moscoso Monsalve","","SIN INFORMACION","","","2019-03-01 00:00:00.0","2019-12-31 00:00:00.0"
"Treguaco","Honorarios","Contrato A Honorarios","A Suma Alzada","Gilberto Rdmundo Cabrera Valderrama","","SIN INFORMACION","","","2019-01-01 00:00:00.0","2019-12-31 00:00:00.0"
"Treguaco","Honorarios","Contrato A Honorarios","A Suma Alzada","Viviana Alejandra Arce Constanzo","","SIN INFORMACION","","","2019-03-01 00:00:00.0","2019-12-31 00:00:00.0"
"Treguaco","Honorarios","Contrato A Honorarios","A Suma Alzada","Marilyn Elena Cruces Barriento","","SIN INFORMACION","","","2019-03-01 00:00:00.0","2019-12-31 00:00:00.0"
"Treguaco","Honorarios","Contrato A Honorarios","A Suma Alzada","Araceli Paulina Cabrera del Pino","","SIN INFORMACION","","","2019-01-02 00:00:00.0","2019-02-28 00:00:00.0"
"Treguaco","Honorarios","Contrato A Honorarios","A Suma Alzada","Marioly Yenisser Parra Rodriguez","","SIN INFORMACION","","","2019-01-02 00:00:00.0","2019-12-31 00:00:00.0"
"Treguaco","Honorarios","Contrato A Honorarios","A Suma Alzada","Ana Rosa Estefania Concha Herrera","","SIN INFORMACION","","","2019-01-02 00:00:00.0","2019-02-28 00:00:00.0"
"Treguaco","Honorarios","Contrato A Honorarios","A Suma Alzada","Ingrid Lorena Jara Coloma","","SIN INFORMACION","","","2019-03-01 00:00:00.0","2019-12-31 00:00:00.0"
"Treguaco","Honorarios","Contrato A Honorarios","A Suma Alzada","Nelson Jeremias Rodriguez Barrera","","SIN INFORMACION","","","2019-04-01 00:00:00.0","2020-03-31 00:00:00.0"
"Treguaco","Honorarios","Contrato A Honorarios","A Suma Alzada","Rosa Isabel Zapata Zapata","","SIN INFORMACION","","","2019-01-01 00:00:00.0","2019-12-31 00:00:00.0"
"Treguaco","Honorarios","Contrato A Honorarios","A Suma Alzada","Franchesca Baez Martinez","","SIN INFORMACION","","","2019-03-01 00:00:00.0","2019-12-31 00:00:00.0"
"Treguaco","Honorarios","Contrato A Honorarios","A Suma Alzada","Alondra Teresa Maldonado Mu¿oz","","SIN INFORMACION","","","2019-05-17 00:00:00.0","2019-05-24 00:00:00.0"
"Treguaco","Honorarios","Contrato A Honorarios","A Suma Alzada","Bambina Jesmarina Carrasco Pedreros","","SIN INFORMACION","","","2019-01-01 00:00:00.0","2019-01-31 00:00:00.0"
"Treguaco","Honorarios","Contrato A Honorarios","A Suma Alzada","Cecilia Sofia Cabrera Sepulveda","","SIN INFORMACION","","","2019-03-01 00:00:00.0","2019-12-31 00:00:00.0"
"Treguaco","Honorarios","Contrato A Honorarios","A Suma Alzada","Katerin Valesca  Vergara  Silva","","SIN INFORMACION","","","2019-01-01 00:00:00.0","2019-01-31 00:00:00.0"
"Treguaco","Honorarios","Contrato A Honorarios","A Suma Alzada","Jessica Andrea Cortez Parra","","SIN INFORMACION","","","2019-01-01 00:00:00.0","2019-12-31 00:00:00.0"
"Treguaco","Honorarios","Contrato A Honorarios","A Suma Alzada","Francisca Bernarda Cabrera Torres","","SIN INFORMACION","","","2019-01-01 00:00:00.0","2019-12-31 00:00:00.0"
"Treguaco","Honorarios","Contrato A Honorarios","A Suma Alzada","Valeria Alejandra Gonzalez Reyes","","SIN INFORMACION","","","2019-01-01 00:00:00.0","2019-12-31 00:00:00.0"
"Treguaco","Honorarios","Contrato A Honorarios","A Suma Alzada","Ram¿n Andres Soto Avenda¿o","","SIN INFORMACION","","","2019-01-01 00:00:00.0","2019-12-31 00:00:00.0"
"Treguaco","Honorarios","Contrato A Honorarios","A Suma Alzada","Maricela del Carmen Velasquez Romero","","SIN INFORMACION","","","2019-01-01 00:00:00.0","2019-12-31 00:00:00.0"
"Treguaco","Honorarios","Contrato A Honorarios","A Suma Alzada","Bryan Ricardo Gonzalez Tapia","","SIN INFORMACION","","","2018-02-08 00:00:00.0","2019-02-08 00:00:00.0"
"Treguaco","Honorarios","Contrato A Honorarios","A Suma Alzada","Nataly Pamela Vergara Parra","","SIN INFORMACION","","","2019-01-01 00:00:00.0","2019-12-31 00:00:00.0"
"Treguaco","Honorarios","Contrato A Honorarios","A Suma Alzada","Madelaine Ornella Parra Cuadra","","SIN INFORMACION","","","2019-03-01 00:00:00.0","2019-12-31 00:00:00.0"
"Treguaco","Honorarios","Contrato A Honorarios","A Suma Alzada","Katherine Alejandra Flores Riffo","","SIN INFORMACION","","","2019-01-01 00:00:00.0","2019-12-31 00:00:00.0"
"Treguaco","Honorarios","Contrato A Honorarios","A Suma Alzada","Claudio Rodrigo Gomez Parra","","SIN INFORMACION","","","2019-01-01 00:00:00.0","2019-12-31 00:00:00.0"
"Treguaco","Honorarios","Contrato A Honorarios","A Suma Alzada","Makarenna Pilar Gomez Flores","","SIN INFORMACION","","","2019-09-16 00:00:00.0","2019-12-31 00:00:00.0"
"Treguaco","Honorarios","Contrato A Honorarios","A Suma Alzada","Leonardo Enrique Aravena Guzmán","","SIN INFORMACION","","","2018-08-01 00:00:00.0","2019-12-31 00:00:00.0"
"Treguaco","Honorarios","Contrato A Honorarios","A Suma Alzada","Gonzalo Adolfo Espinoza Cid","","SIN INFORMACION","","","2019-05-02 00:00:00.0","2019-05-02 00:00:00.0"
"Treguaco","Honorarios","Contrato A Honorarios","A Suma Alzada","Leslie Andrea Avenda¿o Sepulveda","","SIN INFORMACION","","","2019-03-01 00:00:00.0","2019-12-31 00:00:00.0"
"Treguaco","Honorarios","Contrato A Honorarios","A Suma Alzada","Camila Fernanda Andrea Castillo Cea","","SIN INFORMACION","","","2019-03-01 00:00:00.0","2019-12-31 00:00:00.0"
"Treguaco","Honorarios","Contrato A Honorarios","A Suma Alzada","Nicol Alejandra Sanhueza Cartes","","SIN INFORMACION","","","2019-04-01 00:00:00.0","2019-12-31 00:00:00.0"
"Treguaco","Honorarios","Contrato A Honorarios","A Suma Alzada","Alvaro Javier Morales Salgado","","SIN INFORMACION","","","2019-01-01 00:00:00.0","2019-12-31 00:00:00.0"
"Treguaco","Honorarios","Contrato A Honorarios","A Suma Alzada","Judith del Carmen Godoy  Cotal","","SIN INFORMACION","","","2019-03-01 00:00:00.0","2019-12-31 00:00:00.0"
"Treguaco","Honorarios","Contrato A Honorarios","A Suma Alzada","Maricela Antonia Cabrera Cuadra","","SIN INFORMACION","","","2019-01-01 00:00:00.0","2019-12-31 00:00:00.0"
"Treguaco","Honorarios","Contrato A Honorarios","A Suma Alzada","Yohana Macarena Neira Riquelme","","SIN INFORMACION","","","2019-04-01 00:00:00.0","2019-12-31 00:00:00.0"
"Treguaco","Honorarios","Contrato A Honorarios","A Suma Alzada","Sofia Castillo Nova","","SIN INFORMACION","","","2019-08-05 00:00:00.0","2019-12-31 00:00:00.0"
"Treguaco","Honorarios","Contrato A Honorarios","A Suma Alzada","Abigail de Carmen Agurto Ibarra","","SIN INFORMACION","","","2019-01-01 00:00:00.0","2019-02-28 00:00:00.0"
"Treguaco","Honorarios","Contrato A Honorarios","A Suma Alzada","Walter Marcelo Blas","","SIN INFORMACION","","","2019-04-01 00:00:00.0","2019-12-31 00:00:00.0"
"Treguaco","Honorarios","Contrato A Honorarios","A Suma Alzada","Dafnae del Carmen  Rodriguez  Caraballo","","SIN INFORMACION","","","2019-01-01 00:00:00.0","2019-06-30 00:00:00.0"
"Treguaco","Honorarios","Contrato A Honorarios","A Suma Alzada","Leon Hilario Brice¿o Melendez","","SIN INFORMACION","","","2019-01-01 00:00:00.0","2019-06-30 00:00:00.0"
"Treguaco","Honorarios","Contrato A Honorarios","A Suma Alzada","Maria Lara Mardones","","SIN INFORMACION","","","2019-10-09 00:00:00.0","2020-05-31 00:00:00.0"
"Treguaco","Honorarios","Contrato A Honorarios","A Suma Alzada","Miguel Angel Cancino Lozano","","SIN INFORMACION","","","2019-10-08 00:00:00.0","2019-11-30 00:00:00.0"
"Treguaco","Honorarios","Contrato A Honorarios","A Suma Alzada","Rosa Hortencia Alarcon Matus de La Parra","","SIN INFORMACION","","","2019-03-01 00:00:00.0","2019-12-31 00:00:00.0"
"Treguaco","Honorarios","Contrato A Honorarios","A Suma Alzada","Eladio Delcarmen Constanzo Toro","","SIN INFORMACION","","","2018-11-16 00:00:00.0","2019-01-14 00:00:00.0"
"Treguaco","Honorarios","Contrato A Honorarios","A Suma Alzada","Jova del Rosario Nova Ruiz","","SIN INFORMACION","","","2019-01-02 00:00:00.0","2019-02-28 00:00:00.0"
"Treguaco","Honorarios","Contrato A Honorarios","A Suma Alzada","Cristian Rodrigo Amézquita García","","SIN INFORMACION","","","2019-04-22 00:00:00.0","2019-04-25 00:00:00.0"
"Treguaco","Honorarios","Contrato A Honorarios","A Suma Alzada","Claudio Luis Muñoz Donoso","","SIN INFORMACION","","","2019-01-02 00:00:00.0","2019-12-31 00:00:00.0"
"Treguaco","Honorarios","Contrato A Honorarios","A Suma Alzada","Maria Cecilia Riquelme Villouta","","SIN INFORMACION","","","2019-03-01 00:00:00.0","2019-12-31 00:00:00.0"
"Treguaco","Honorarios","Contrato A Honorarios","A Suma Alzada","Fidela Rosa Galvez Cerda","","SIN INFORMACION","","","2019-03-01 00:00:00.0","2019-12-31 00:00:00.0"
"Treguaco","Honorarios","Contrato A Honorarios","A Suma Alzada","Armando Enrique Aranela Salazar","","SIN INFORMACION","","","2019-01-01 00:00:00.0","2019-12-31 00:00:00.0"
"Treguaco","Honorarios","Contrato A Honorarios","A Suma Alzada","Luis Orlando Concha Jara","","SIN INFORMACION","","","2019-01-01 00:00:00.0","2019-12-31 00:00:00.0"
