"Comuna","Tipo de Contratación","Área","Calidad","Nombre","Cargo","Grado","Planta","Remuneración","Fecha desde","Fecha hasta"
"Treguaco","Contrata","Salud","Contrata","Eva Luz Muñoz Molina","Auxiliar"," ","Auxiliares","Estatuto Atención Primaria de Salud Municipal  Ley N°19.378","2013-09-01 00:00:00.0","1900-01-01 00:00:00.0"
"Treguaco","Contrata","Salud","Contrata","Yolanda Elizabeth Aguayo Sep¿lveda","Técnico de Nivel Superior","SIN INFORMACION","Contratados Sin Planta","Estatuto Atención Primaria de Salud Municipal  Ley N°19.378","2019-01-01 00:00:00.0","2019-12-31 00:00:00.0"
"Treguaco","Contrata","Salud","Contrata","Olga Luisa Pavez Sanhueza","Técnico de Salud","SIN INFORMACION","Contratados Sin Planta","Estatuto Atención Primaria de Salud Municipal  Ley N°19.378","2019-01-01 00:00:00.0","2019-12-31 00:00:00.0"
"Treguaco","Contrata","Salud","Contrata","Catherine Lissett Escobar Soto","Profesional","SIN INFORMACION","Contratados Sin Planta","Estatuto Atención Primaria de Salud Municipal  Ley N°19.378","2019-01-01 00:00:00.0","2019-12-31 00:00:00.0"
"Treguaco","Contrata","Salud","Contrata","Jose Manuel Mu¿oz Retamal","Auxiliar de Servicio de Salud","SIN INFORMACION","Contratados Sin Planta","Estatuto Atención Primaria de Salud Municipal  Ley N°19.378","2019-01-01 00:00:00.0","2019-12-31 00:00:00.0"
"Treguaco","Contrata","Salud","Contrata","Gianina Andrea Placencia Vera","Técnico de Nivel Superior","SIN INFORMACION","Contratados Sin Planta","Estatuto Atención Primaria de Salud Municipal  Ley N°19.378","2019-01-01 00:00:00.0","2019-12-31 00:00:00.0"
"Treguaco","Contrata","Salud","Contrata","Susana Elizabeth Romero  Rivas","Técnico"," ","Técnicos","Estatuto Atención Primaria de Salud Municipal  Ley N°19.378","2013-07-19 00:00:00.0","1900-01-01 00:00:00.0"
"Treguaco","Contrata","Salud","Contrata","Elizabeth Emvertina Avendaño Valenzuela","Director de Departamento de Salud  Municipal","SIN INFORMACION","Contratados Sin Planta","Estatuto Atención Primaria de Salud Municipal  Ley N°19.378","2015-09-30 00:00:00.0","1900-01-01 00:00:00.0"
"Treguaco","Contrata","Salud","Contrata","Felipe  Estebam Figueroa  Hernandez","Profesional","SIN INFORMACION","Contratados Sin Planta","Estatuto Atención Primaria de Salud Municipal  Ley N°19.378","2019-01-01 00:00:00.0","2019-02-28 00:00:00.0"
"Treguaco","Contrata","Salud","Contrata","Ana Belen Saravia Agurto","Profesional","SIN INFORMACION","Contratados Sin Planta","Estatuto Atención Primaria de Salud Municipal  Ley N°19.378","2019-01-01 00:00:00.0","2019-12-31 00:00:00.0"
"Treguaco","Contrata","Salud","Contrata","Maria Idilia Muñoz Barrera","Administrativo Crea de Salud","SIN INFORMACION","Contratados Sin Planta","Estatuto Atención Primaria de Salud Municipal  Ley N°19.378","2019-01-01 00:00:00.0","2019-12-31 00:00:00.0"
"Treguaco","Contrata","Salud","Contrata","Valeska del Pilar Neira  Cartes","Técnico de Nivel Superior","SIN INFORMACION","Contratados Sin Planta","Estatuto Atención Primaria de Salud Municipal  Ley N°19.378","2019-01-01 00:00:00.0","2019-12-31 00:00:00.0"
"Treguaco","Contrata","Salud","Contrata","Cristina Rosa Barrera Sepulveda","Profesional","SIN INFORMACION","Contratados Sin Planta","Estatuto Atención Primaria de Salud Municipal  Ley N°19.378","2019-01-01 00:00:00.0","2019-01-31 00:00:00.0"
"Treguaco","Contrata","Salud","Contrata","Macarena Guicela Saavedra Lara","Profesional","SIN INFORMACION","Contratados Sin Planta","Estatuto Atención Primaria de Salud Municipal  Ley N°19.378","2019-01-01 00:00:00.0","2019-12-31 00:00:00.0"
"Treguaco","Contrata","Salud","Contrata","Fredy Fabian Henriquez Sanhueza","Técnico de Nivel Superior","SIN INFORMACION","Contratados Sin Planta","Estatuto Atención Primaria de Salud Municipal  Ley N°19.378","2019-01-01 00:00:00.0","2019-12-31 00:00:00.0"
"Treguaco","Contrata","Salud","Contrata","Maria Fernanda  Orellana Uribe","Profesional","SIN INFORMACION","Contratados Sin Planta","Estatuto Atención Primaria de Salud Municipal  Ley N°19.378","2019-04-15 00:00:00.0","2019-04-30 00:00:00.0"
"Treguaco","Contrata","Salud","Contrata","Carlina Saez Cartes","Técnico de Nivel Superior","SIN INFORMACION","Contratados Sin Planta","Estatuto Atención Primaria de Salud Municipal  Ley N°19.378","2019-01-01 00:00:00.0","2019-12-31 00:00:00.0"
"Treguaco","Contrata","Salud","Contrata","Michael Alejandra Soto  Fuentealba","Técnico de Nivel Superior","SIN INFORMACION","Contratados Sin Planta","Estatuto Atención Primaria de Salud Municipal  Ley N°19.378","2019-04-01 00:00:00.0","2019-12-31 00:00:00.0"
"Treguaco","Contrata","Salud","Contrata","Maria Roxana Sepulveda Espinoza","Profesional","SIN INFORMACION","Contratados Sin Planta","Estatuto Atención Primaria de Salud Municipal  Ley N°19.378","2019-01-01 00:00:00.0","2019-02-28 00:00:00.0"
"Treguaco","Contrata","Salud","Contrata","Ana Luisa Cifuentes Chac¿n","Profesional","SIN INFORMACION","Contratados Sin Planta","Estatuto Atención Primaria de Salud Municipal  Ley N°19.378","2019-01-01 00:00:00.0","2019-01-01 00:00:00.0"
"Treguaco","Contrata","Salud","Contrata","Noelia Monserat Llanos Parra","Técnico de Nivel Superior","SIN INFORMACION","Contratados Sin Planta","Estatuto Atención Primaria de Salud Municipal  Ley N°19.378","2019-01-01 00:00:00.0","2019-02-28 00:00:00.0"
"Treguaco","Contrata","Salud","Contrata","Judith Natalia Sandoval Neira","Técnico de Nivel Superior","SIN INFORMACION","Contratados Sin Planta","Estatuto Atención Primaria de Salud Municipal  Ley N°19.378","2019-01-01 00:00:00.0","2019-12-31 00:00:00.0"
"Treguaco","Contrata","Salud","Contrata","Oriana Catalina Riquelme Contreras","Administrativo Crea de Salud","SIN INFORMACION","Contratados Sin Planta","Estatuto Atención Primaria de Salud Municipal  Ley N°19.378","2019-01-01 00:00:00.0","2019-12-31 00:00:00.0"
"Treguaco","Contrata","Salud","Contrata","Karen Dimadai Sandoval  Riquelme","Profesional","SIN INFORMACION","Contratados Sin Planta","Estatuto Atención Primaria de Salud Municipal  Ley N°19.378","2019-01-01 00:00:00.0","2019-12-31 00:00:00.0"
"Treguaco","Contrata","Salud","Contrata","Victoria Francisca Zapata Chamorro","Profesional","SIN INFORMACION","Contratados Sin Planta","Estatuto Atención Primaria de Salud Municipal  Ley N°19.378","2019-04-29 00:00:00.0","2019-12-31 00:00:00.0"
"Treguaco","Contrata","Salud","Contrata","Niniska Betsab¿ Maldonado Palomino","Profesional","SIN INFORMACION","Contratados Sin Planta","Estatuto Atención Primaria de Salud Municipal  Ley N°19.378","2019-01-01 00:00:00.0","2019-12-31 00:00:00.0"
"Treguaco","Contrata","Salud","Contrata","Joselin Bernarda Orme¿o Placencia","Técnico de Nivel Superior","SIN INFORMACION","Contratados Sin Planta","Estatuto Atención Primaria de Salud Municipal  Ley N°19.378","2019-01-01 00:00:00.0","2019-12-31 00:00:00.0"
"Treguaco","Contrata","Salud","Contrata","Angela Estefania Vergara Orellana","Profesional","SIN INFORMACION","Contratados Sin Planta","Estatuto Atención Primaria de Salud Municipal  Ley N°19.378","2019-05-02 00:00:00.0","2019-12-31 00:00:00.0"
"Treguaco","Contrata","Salud","Contrata","Aysbel  Vivas Escalona","Profesional","SIN INFORMACION","Contratados Sin Planta","Estatuto Atención Primaria de Salud Municipal  Ley N°19.378","2019-01-01 00:00:00.0","2019-12-31 00:00:00.0"
"Treguaco","Contrata","Salud","Contrata","Jaime Rodrigo  Torres   Barra","Técnico de Nivel Superior","SIN INFORMACION","Contratados Sin Planta","Estatuto Atención Primaria de Salud Municipal  Ley N°19.378","2019-01-01 00:00:00.0","2019-12-31 00:00:00.0"
"Treguaco","Contrata","Salud","Contrata","Carlos Arturo Bustos Silva","Auxiliar de Servicio de Salud","SIN INFORMACION","Contratados Sin Planta","Estatuto Atención Primaria de Salud Municipal  Ley N°19.378","2019-01-01 00:00:00.0","2019-12-31 00:00:00.0"
