"Comuna","Tipo de Contratación","Área","Calidad","Nombre","Cargo","Grado","Planta","Remuneración","Fecha desde","Fecha hasta"
"Tucapel","Honorarios","Contrato A Honorarios","A Suma Alzada","Elio Eleazar Figueroa Pacheco","","SIN INFORMACION","","","2019-03-01 00:00:00.0","2019-03-31 00:00:00.0"
"Tucapel","Honorarios","Contrato A Honorarios","A Suma Alzada","Monica Patricia Valdebenito  Salazar","","SIN INFORMACION","","","2019-01-01 00:00:00.0","2019-01-31 00:00:00.0"
"Tucapel","Honorarios","Contrato A Honorarios","A Suma Alzada","Domingo Salvador Vasquez Guerrero","","SIN INFORMACION","","","2019-05-27 00:00:00.0","2019-06-10 00:00:00.0"
"Tucapel","Honorarios","Contrato A Honorarios","A Suma Alzada","Selma Elena Hernandez Rodriguez","","SIN INFORMACION","","","2019-07-29 00:00:00.0","2019-12-31 00:00:00.0"
"Tucapel","Honorarios","Contrato A Honorarios","A Suma Alzada","Rosa Magdalena Adrian Jara","","SIN INFORMACION","","","2019-04-01 00:00:00.0","2019-06-30 00:00:00.0"
"Tucapel","Honorarios","Contrato A Honorarios","A Suma Alzada","Andrea del Rosario Muñoz Vilches","","SIN INFORMACION","","","2019-07-01 00:00:00.0","2019-12-31 00:00:00.0"
"Tucapel","Honorarios","Contrato A Honorarios","A Suma Alzada","Ruth Ester Barra Velásquez","","SIN INFORMACION","","","2019-04-18 00:00:00.0","2019-08-31 00:00:00.0"
"Tucapel","Honorarios","Contrato A Honorarios","A Suma Alzada","Karina Johany Silva San Martín","","SIN INFORMACION","","","2019-09-01 00:00:00.0","2019-11-30 00:00:00.0"
"Tucapel","Honorarios","Contrato A Honorarios","A Suma Alzada","Claudio Antonio Flores Orellana","","SIN INFORMACION","","","2019-07-29 00:00:00.0","2019-12-31 00:00:00.0"
"Tucapel","Honorarios","Contrato A Honorarios","A Suma Alzada","Felipe Andres Mosqueira Vivanco","","SIN INFORMACION","","","2019-09-11 00:00:00.0","2019-09-11 00:00:00.0"
"Tucapel","Honorarios","Contrato A Honorarios","A Suma Alzada","Angela Isabel Quezada Quezada","","SIN INFORMACION","","","2019-07-15 00:00:00.0","2019-12-31 00:00:00.0"
"Tucapel","Honorarios","Contrato A Honorarios","A Suma Alzada","Cristian Fermín Carrasco Troncoso","","SIN INFORMACION","","","2019-01-01 00:00:00.0","2019-02-28 00:00:00.0"
"Tucapel","Honorarios","Contrato A Honorarios","A Suma Alzada","Mariela Zumarita Henriquez Pradenas","","SIN INFORMACION","","","2019-07-01 00:00:00.0","2019-12-31 00:00:00.0"
"Tucapel","Honorarios","Contrato A Honorarios","A Suma Alzada","Jessica Mabel Martinez Seguel","","SIN INFORMACION","","","2019-03-04 00:00:00.0","2019-03-31 00:00:00.0"
"Tucapel","Honorarios","Contrato A Honorarios","A Suma Alzada","Judith Elizabeth Campos Torreblanca","","SIN INFORMACION","","","2019-06-28 00:00:00.0","2019-12-31 00:00:00.0"
"Tucapel","Honorarios","Contrato A Honorarios","A Suma Alzada","Jorge Alfonso  Rivero Jimenez","","SIN INFORMACION","","","2019-03-11 00:00:00.0","2019-08-31 00:00:00.0"
"Tucapel","Honorarios","Contrato A Honorarios","A Suma Alzada","Juan Patricio Álvarez Vallejos","","SIN INFORMACION","","","2019-08-20 00:00:00.0","2019-08-24 00:00:00.0"
"Tucapel","Honorarios","Contrato A Honorarios","A Suma Alzada","Yessenia Vanesa Rivera Gatica","","SIN INFORMACION","","","2019-04-01 00:00:00.0","2019-08-31 00:00:00.0"
"Tucapel","Honorarios","Contrato A Honorarios","A Suma Alzada","Flor Susana Vega Hernandez","","SIN INFORMACION","","","2019-01-01 00:00:00.0","2019-06-30 00:00:00.0"
"Tucapel","Honorarios","Contrato A Honorarios","A Suma Alzada","Eduardo Diego Gil Huichulef","","SIN INFORMACION","","","2019-03-11 00:00:00.0","2019-08-31 00:00:00.0"
"Tucapel","Honorarios","Contrato A Honorarios","A Suma Alzada","Roxanna Polette Vergara Romero","","SIN INFORMACION","","","2019-01-01 00:00:00.0","2019-02-28 00:00:00.0"
"Tucapel","Honorarios","Contrato A Honorarios","A Suma Alzada","Soledad Angelica Villagra Arroyo","","SIN INFORMACION","","","2019-06-21 00:00:00.0","2019-08-31 00:00:00.0"
"Tucapel","Honorarios","Contrato A Honorarios","A Suma Alzada","Andrea Cecilia Navarrete Soto","","SIN INFORMACION","","","2019-02-11 00:00:00.0","2019-02-28 00:00:00.0"
"Tucapel","Honorarios","Contrato A Honorarios","A Suma Alzada","Lilian Marlen Flores Flores","","SIN INFORMACION","","","2019-09-02 00:00:00.0","2019-12-31 00:00:00.0"
"Tucapel","Honorarios","Contrato A Honorarios","A Suma Alzada","Robinson Andres Luhr Toledo","","SIN INFORMACION","","","2019-11-15 00:00:00.0","2019-12-31 00:00:00.0"
"Tucapel","Honorarios","Contrato A Honorarios","A Suma Alzada","Sebastian Andres Orellana Varela","","SIN INFORMACION","","","2019-02-21 00:00:00.0","2019-03-04 00:00:00.0"
"Tucapel","Honorarios","Contrato A Honorarios","A Suma Alzada","Marcela Alejandra Cea Rozas","","SIN INFORMACION","","","2019-02-25 00:00:00.0","2019-03-01 00:00:00.0"
"Tucapel","Honorarios","Contrato A Honorarios","A Suma Alzada","Yoselyn Scarley Henríquez Sandoval","","SIN INFORMACION","","","2019-05-13 00:00:00.0","2019-08-31 00:00:00.0"
"Tucapel","Honorarios","Contrato A Honorarios","A Suma Alzada","Daniel Antonio Vera Contreras","","SIN INFORMACION","","","2019-08-02 00:00:00.0","2019-08-13 00:00:00.0"
"Tucapel","Honorarios","Contrato A Honorarios","A Suma Alzada","Nazaret Mariela Avello Duran","","SIN INFORMACION","","","2019-07-15 00:00:00.0","2019-12-31 00:00:00.0"
"Tucapel","Honorarios","Contrato A Honorarios","A Suma Alzada","Ivonne Camila Vidal Castillo","","SIN INFORMACION","","","2019-07-01 00:00:00.0","2019-12-31 00:00:00.0"
"Tucapel","Honorarios","Contrato A Honorarios","A Suma Alzada","Marcela  Andrea  Arratia Henriquez","","SIN INFORMACION","","","2019-03-11 00:00:00.0","2019-08-31 00:00:00.0"
"Tucapel","Honorarios","Contrato A Honorarios","A Suma Alzada","Juan Esteban Pérez Romero","","SIN INFORMACION","","","2019-05-13 00:00:00.0","2019-10-31 00:00:00.0"
"Tucapel","Honorarios","Contrato A Honorarios","A Suma Alzada","Yeraldine Yanara Henríquez Castro","","SIN INFORMACION","","","2019-04-01 00:00:00.0","2019-04-30 00:00:00.0"
"Tucapel","Honorarios","Contrato A Honorarios","A Suma Alzada","Sergio Eliu Mu¿oz Lama","","SIN INFORMACION","","","2019-09-09 00:00:00.0","2019-10-12 00:00:00.0"
"Tucapel","Honorarios","Contrato A Honorarios","A Suma Alzada","Carlos Antonio Lermanda Muñoz","","SIN INFORMACION","","","2019-04-01 00:00:00.0","2019-08-31 00:00:00.0"
"Tucapel","Honorarios","Contrato A Honorarios","A Suma Alzada","Magaly Elda Mercedes Higuera Soto","","SIN INFORMACION","","","2019-03-11 00:00:00.0","2019-08-31 00:00:00.0"
"Tucapel","Honorarios","Contrato A Honorarios","A Suma Alzada","Roberto Carlos Belmar Arevalo","","SIN INFORMACION","","","2019-02-01 00:00:00.0","2019-02-04 00:00:00.0"
"Tucapel","Honorarios","Contrato A Honorarios","A Suma Alzada","Natalia Francisca Rodenas Mella","","SIN INFORMACION","","","2019-03-11 00:00:00.0","2019-08-31 00:00:00.0"
"Tucapel","Honorarios","Contrato A Honorarios","A Suma Alzada","Camila Isabel Vivanco Riquelme","","SIN INFORMACION","","","2019-11-07 00:00:00.0","2019-12-31 00:00:00.0"
"Tucapel","Honorarios","Contrato A Honorarios","A Suma Alzada","Diego Luis Sebastián Sáez Quilodrán","","SIN INFORMACION","","","2019-07-01 00:00:00.0","2019-12-31 00:00:00.0"
"Tucapel","Honorarios","Contrato A Honorarios","A Suma Alzada","Javiera Constanza Salazar Inostroza","","SIN INFORMACION","","","2019-04-01 00:00:00.0","2019-08-31 00:00:00.0"
"Tucapel","Honorarios","Contrato A Honorarios","A Suma Alzada","Valentina Andrea Verdejo Merino","","SIN INFORMACION","","","2019-07-02 00:00:00.0","2019-07-31 00:00:00.0"
"Tucapel","Honorarios","Contrato A Honorarios","A Suma Alzada","Marcos Esteban Mu¿oz Lama","","SIN INFORMACION","","","2019-03-25 00:00:00.0","2019-06-30 00:00:00.0"
"Tucapel","Honorarios","Contrato A Honorarios","A Suma Alzada","Betzabeth Dafner Rivas Parra","","SIN INFORMACION","","","2019-04-01 00:00:00.0","2019-04-01 00:00:00.0"
"Tucapel","Honorarios","Contrato A Honorarios","A Suma Alzada","Georgina Ester Agurre Cerda","","SIN INFORMACION","","","2019-04-01 00:00:00.0","2019-08-31 00:00:00.0"
"Tucapel","Honorarios","Contrato A Honorarios","A Suma Alzada","Carolay Michelle Molina Silva","","SIN INFORMACION","","","2019-07-29 00:00:00.0","2019-12-31 00:00:00.0"
"Tucapel","Honorarios","Contrato A Honorarios","A Suma Alzada","Daniela Elizabeth Moya  Ramos","","SIN INFORMACION","","","2019-04-01 00:00:00.0","2019-08-31 00:00:00.0"
"Tucapel","Honorarios","Contrato A Honorarios","A Suma Alzada","Loreto Estefani Salazar Fernandez","","SIN INFORMACION","","","2019-04-01 00:00:00.0","2019-08-31 00:00:00.0"
"Tucapel","Honorarios","Contrato A Honorarios","A Suma Alzada","Joaquín Ignacio Collao Collao","","SIN INFORMACION","","","2019-07-01 00:00:00.0","2019-12-31 00:00:00.0"
"Tucapel","Honorarios","Contrato A Honorarios","A Suma Alzada","Costanza Andrea Lagos Garrido","","SIN INFORMACION","","","2019-07-01 00:00:00.0","2019-12-31 00:00:00.0"
"Tucapel","Honorarios","Contrato A Honorarios","A Suma Alzada","Rodrigo Jose Ortiz  Ortega","","SIN INFORMACION","","","2019-06-05 00:00:00.0","2019-08-31 00:00:00.0"
"Tucapel","Honorarios","Contrato A Honorarios","A Suma Alzada","Paula Cecilia Navarrete Ferreira","","SIN INFORMACION","","","2019-09-02 00:00:00.0","2019-09-30 00:00:00.0"
"Tucapel","Honorarios","Contrato A Honorarios","A Suma Alzada","Bettsy Analia Riquelme Salazar","","SIN INFORMACION","","","2019-05-20 00:00:00.0","2019-12-31 00:00:00.0"
"Tucapel","Honorarios","Contrato A Honorarios","A Suma Alzada","Miriam Irene Albornoz Iturra","","SIN INFORMACION","","","2019-02-14 00:00:00.0","2019-02-22 00:00:00.0"
"Tucapel","Honorarios","Contrato A Honorarios","A Suma Alzada","Luisa Alejandra Luna Vidal","","SIN INFORMACION","","","2019-02-14 00:00:00.0","2019-02-22 00:00:00.0"
"Tucapel","Honorarios","Contrato A Honorarios","A Suma Alzada","Karen Maribel Friz Rivera","","SIN INFORMACION","","","2019-01-21 00:00:00.0","2019-06-30 00:00:00.0"
"Tucapel","Honorarios","Contrato A Honorarios","A Suma Alzada","Jose Luis Gonzalez Salinas","","SIN INFORMACION","","","2019-11-07 00:00:00.0","2019-12-31 00:00:00.0"
"Tucapel","Honorarios","Contrato A Honorarios","A Suma Alzada","Juan Adolfo Altamirano Leiva","","SIN INFORMACION","","","2019-04-12 00:00:00.0","2019-06-30 00:00:00.0"
"Tucapel","Honorarios","Contrato A Honorarios","A Suma Alzada","Meiling  Chiang Vera","","SIN INFORMACION","","","2019-01-11 00:00:00.0","2019-06-30 00:00:00.0"
"Tucapel","Honorarios","Contrato A Honorarios","A Suma Alzada","Unier Contreras Montes de Oca","","SIN INFORMACION","","","2019-08-21 00:00:00.0","2019-12-31 00:00:00.0"
"Tucapel","Honorarios","Contrato A Honorarios","A Suma Alzada","Glenis Katherine Ramirez Molina","","SIN INFORMACION","","","2019-07-01 00:00:00.0","2019-12-31 00:00:00.0"
"Tucapel","Honorarios","Contrato A Honorarios","A Suma Alzada","Olga Leticia Rodriguez Mota","","SIN INFORMACION","","","2019-01-20 00:00:00.0","2019-03-01 00:00:00.0"
"Tucapel","Honorarios","Contrato A Honorarios","A Suma Alzada","Jesus Francisco Ortega Rojas","","SIN INFORMACION","","","2019-08-21 00:00:00.0","2019-12-31 00:00:00.0"
"Tucapel","Honorarios","Contrato A Honorarios","A Suma Alzada","Maria Cristina Friz Venegas","","SIN INFORMACION","","","2019-07-01 00:00:00.0","2019-12-31 00:00:00.0"
"Tucapel","Honorarios","Contrato A Honorarios","A Suma Alzada","Pablo Ivan Bravo Soto","","SIN INFORMACION","","","2019-03-11 00:00:00.0","2019-08-31 00:00:00.0"
"Tucapel","Honorarios","Contrato A Honorarios","A Suma Alzada","Mauricio Arturo Belmar Polanco","","SIN INFORMACION","","","2019-08-30 00:00:00.0","2019-08-30 00:00:00.0"
"Tucapel","Honorarios","Contrato A Honorarios","A Suma Alzada","Mabel Alejandra Muñoz Perrin","","SIN INFORMACION","","","2019-03-11 00:00:00.0","2019-08-31 00:00:00.0"
"Tucapel","Honorarios","Contrato A Honorarios","A Suma Alzada","Sandra Jeanette de Las Mercedes Garrido Merino","","SIN INFORMACION","","","2019-11-11 00:00:00.0","2019-12-31 00:00:00.0"
