"Comuna","Tipo de Contratación","Área","Calidad","Nombre","Cargo","Grado","Planta","Remuneración","Fecha desde","Fecha hasta"
"Tucapel","Codigo del Trabajo","Sin Clasificación","Código del Trabajo","Manuel Antonio Soto  Becerra","Inspector"," ","Personal No Pertenece A Planta","Afectos Al Código del Trabajo","2007-03-11 00:00:00.0","1900-01-01 00:00:00.0"
"Tucapel","Codigo del Trabajo","Sin Clasificación","Código del Trabajo","Alvaro Mauricio Herrera Valdes","Jefe"," ","Personal No Pertenece A Planta","Afectos Al Código del Trabajo","2011-11-16 00:00:00.0","1900-01-01 00:00:00.0"
"Tucapel","Codigo del Trabajo","Sin Clasificación","Código del Trabajo","Cecilia Eugenia Lagos  Hernandez","Inspector"," ","Personal No Pertenece A Planta","Afectos Al Código del Trabajo","2013-07-30 00:00:00.0","1900-01-01 00:00:00.0"
"Tucapel","Codigo del Trabajo","Sin Clasificación","Código del Trabajo","Pedro Luis Pinilla Pino","Inspector"," ","Personal No Pertenece A Planta","Afectos Al Código del Trabajo","2013-07-30 00:00:00.0","1900-01-01 00:00:00.0"
"Tucapel","Codigo del Trabajo","Sin Clasificación","Código del Trabajo","Evelyn Lucia Inzunza Cid","Asistente de La Educación"," ","Contratados Sin Planta","Asistentes de La Educación Ley N°19.464","2016-03-01 00:00:00.0","1900-01-01 00:00:00.0"
"Tucapel","Codigo del Trabajo","Sin Clasificación","Código del Trabajo","Carmen Gloria Perez Flores","Auxiliar de Servicios Menores"," ","Contratados Sin Planta","Afectos Al Código del Trabajo","2014-01-01 00:00:00.0","1900-01-01 00:00:00.0"
"Tucapel","Codigo del Trabajo","Sin Clasificación","Código del Trabajo","Fabiola de Las Nieves Soto Friz","Jefatura"," ","Personal No Pertenece A Planta","Afectos Al Código del Trabajo","1990-02-01 00:00:00.0","1900-01-01 00:00:00.0"
"Tucapel","Codigo del Trabajo","Sin Clasificación","Código del Trabajo","Humilde Ester Acuña Jara","Administrativo"," ","Personal No Pertenece A Planta","Afectos Al Código del Trabajo","2011-11-16 00:00:00.0","1900-01-01 00:00:00.0"
"Tucapel","Codigo del Trabajo","Sin Clasificación","Código del Trabajo","Inelia Rosa Soto Burgos","Asistente Parvularia"," ","Personal No Pertenece A Planta","Afectos Al Código del Trabajo","2012-06-01 00:00:00.0","1900-01-01 00:00:00.0"
"Tucapel","Codigo del Trabajo","Sin Clasificación","Código del Trabajo","Leticia Carolina Vallejos Melgarejo","Secreto"," ","Personal No Pertenece A Planta","Afectos Al Código del Trabajo","2011-11-16 00:00:00.0","1900-01-01 00:00:00.0"
"Tucapel","Codigo del Trabajo","Sin Clasificación","Código del Trabajo","Manuel Hernan Godoy Cifuentes","Inspector"," ","Contratados Sin Planta","Afectos Al Código del Trabajo","2011-07-01 00:00:00.0","1900-01-01 00:00:00.0"
"Tucapel","Codigo del Trabajo","Sin Clasificación","Código del Trabajo","Benita Ester Fernandez Rubilar","Auxiliar de Servicios"," ","Contratados Sin Planta","Afectos Al Código del Trabajo","2010-09-01 00:00:00.0","1900-01-01 00:00:00.0"
"Tucapel","Codigo del Trabajo","Sin Clasificación","Código del Trabajo","Bernarda Veronica Jimenez  Sanchez","Asistente Parvularia"," ","Personal No Pertenece A Planta","Afectos Al Código del Trabajo","2012-06-01 00:00:00.0","1900-01-01 00:00:00.0"
"Tucapel","Codigo del Trabajo","Sin Clasificación","Código del Trabajo","Fabriciano Andres Padilla Pinto","Auxiliar de Servicios Menores"," ","Contratados Sin Planta","Afectos Al Código del Trabajo","2010-03-15 00:00:00.0","1900-01-01 00:00:00.0"
"Tucapel","Codigo del Trabajo","Sin Clasificación","Código del Trabajo","Sara Lucía Chavarría Friz","Auxiliar de Servicios Menores"," ","Personal No Pertenece A Planta","Afectos Al Código del Trabajo","2014-03-01 00:00:00.0","1900-01-01 00:00:00.0"
"Tucapel","Codigo del Trabajo","Sin Clasificación","Código del Trabajo","Ruth Grisel Jaque Jara","Inspector"," ","Contratados Sin Planta","Afectos Al Código del Trabajo","2011-07-01 00:00:00.0","1900-01-01 00:00:00.0"
"Tucapel","Codigo del Trabajo","Sin Clasificación","Código del Trabajo","Ximena Andrea Lermanda Guiñez","Director"," ","Contratados Sin Planta","Afectos Al Código del Trabajo","2010-01-01 00:00:00.0","1900-01-01 00:00:00.0"
"Tucapel","Codigo del Trabajo","Sin Clasificación","Código del Trabajo","Maria Eliana  Salazar Jofre","Inspector"," ","Personal No Pertenece A Planta","Afectos Al Código del Trabajo","2013-07-30 00:00:00.0","1900-01-01 00:00:00.0"
"Tucapel","Codigo del Trabajo","Sin Clasificación","Código del Trabajo","Patricia del Carmen Araya Riquelme","Auxiliar de Párvulos"," ","Contratados Sin Planta","Afectos Al Código del Trabajo","2010-04-01 00:00:00.0","1900-01-01 00:00:00.0"
"Tucapel","Codigo del Trabajo","Sin Clasificación","Código del Trabajo","Pamela Beatriz de La Cruz Sandoval","Secreto"," ","Personal No Pertenece A Planta","Afectos Al Código del Trabajo","2013-06-21 00:00:00.0","1900-01-01 00:00:00.0"
"Tucapel","Codigo del Trabajo","Sin Clasificación","Código del Trabajo","Claudia Alejandra Morales Sandoval","Asistente de La Educación"," ","Contratados Sin Planta","Afectos Al Código del Trabajo","2010-04-01 00:00:00.0","1900-01-01 00:00:00.0"
"Tucapel","Codigo del Trabajo","Sin Clasificación","Código del Trabajo","Lina del Carmen Hernandez Fernandez","Asistente Parvularia"," ","Contratados Sin Planta","Afectos Al Código del Trabajo","2013-01-01 00:00:00.0","1900-01-01 00:00:00.0"
"Tucapel","Codigo del Trabajo","Sin Clasificación","Código del Trabajo","Maria del Carmen Navarrete Cerda","Asistente Parvularia"," ","Contratados Sin Planta","Afectos Al Código del Trabajo","2012-01-05 00:00:00.0","1900-01-01 00:00:00.0"
"Tucapel","Codigo del Trabajo","Sin Clasificación","Código del Trabajo","Gabriela Patricia Jimenez Concha","Asistente Parvularia"," ","Contratados Sin Planta","Afectos Al Código del Trabajo","2014-03-01 00:00:00.0","1900-01-01 00:00:00.0"
"Tucapel","Codigo del Trabajo","Sin Clasificación","Código del Trabajo","Ana Maria Sanchez Sandoval","Asistente Parvularia"," ","Contratados Sin Planta","Afectos Al Código del Trabajo","2012-12-01 00:00:00.0","1900-01-01 00:00:00.0"
"Tucapel","Codigo del Trabajo","Sin Clasificación","Código del Trabajo","Sandra Jacqueline Vallejos Villanueva","Asistente Parvularia"," ","Contratados Sin Planta","Afectos Al Código del Trabajo","2014-03-01 00:00:00.0","1900-01-01 00:00:00.0"
"Tucapel","Codigo del Trabajo","Sin Clasificación","Código del Trabajo","Maria Macarena Salas Sandoval","Asistente Parvularia"," ","Personal No Pertenece A Planta","Afectos Al Código del Trabajo","2012-06-01 00:00:00.0","1900-01-01 00:00:00.0"
"Tucapel","Codigo del Trabajo","Sin Clasificación","Código del Trabajo","Rosalba Ester Mosquera Friz","Ayudante Contador"," ","Contratados Sin Planta","","1997-10-01 00:00:00.0","1900-01-01 00:00:00.0"
"Tucapel","Codigo del Trabajo","Sin Clasificación","Código del Trabajo","Dominica del Carmen Friz Matamala","Secreto"," ","Personal No Pertenece A Planta","Afectos Al Código del Trabajo","2012-01-03 00:00:00.0","1900-01-01 00:00:00.0"
"Tucapel","Codigo del Trabajo","Sin Clasificación","Código del Trabajo","Corina del Rosario Candia Bello","Asistente de La Educación"," ","Contratados Sin Planta","Afectos Al Código del Trabajo","2014-03-01 00:00:00.0","1900-01-01 00:00:00.0"
"Tucapel","Codigo del Trabajo","Sin Clasificación","Código del Trabajo","Jacqueline del Carmen Viguera Vega","Auxiliar de Servicios Menores"," ","Contratados Sin Planta","Afectos Al Código del Trabajo","2014-01-01 00:00:00.0","1900-01-01 00:00:00.0"
"Tucapel","Codigo del Trabajo","Sin Clasificación","Código del Trabajo","Paola Andrea Jeldres Araneda","Coordinador"," ","Contratados Sin Planta","Afectos Al Código del Trabajo","2013-01-01 00:00:00.0","1900-01-01 00:00:00.0"
"Tucapel","Codigo del Trabajo","Sin Clasificación","Código del Trabajo","Milka Alejandra Ramos Rivera","Asistente de La Educación"," ","Contratados Sin Planta","Afectos Al Código del Trabajo","2013-04-01 00:00:00.0","1900-01-01 00:00:00.0"
"Tucapel","Codigo del Trabajo","Sin Clasificación","Código del Trabajo","Pamela Haydee Roble Flores","Auxiliar de Servicios Menores"," ","Personal No Pertenece A Planta","Afectos Al Código del Trabajo","2012-06-01 00:00:00.0","1900-01-01 00:00:00.0"
"Tucapel","Codigo del Trabajo","Sin Clasificación","Código del Trabajo","Alejandra Soledad Yañez Uribe","Director"," ","Contratados Sin Planta","Afectos Al Código del Trabajo","2014-01-01 00:00:00.0","1900-01-01 00:00:00.0"
"Tucapel","Codigo del Trabajo","Sin Clasificación","Código del Trabajo","Pamela Marisel Sanhueza Arriagada","Asistente de La Educación"," ","Técnicos","Afectos Al Código del Trabajo","2014-03-01 00:00:00.0","1900-01-01 00:00:00.0"
"Tucapel","Codigo del Trabajo","Sin Clasificación","Código del Trabajo","Juana Maria Granadino Lizama","Secreto"," ","Contratados Sin Planta","Afectos Al Código del Trabajo","2010-03-01 00:00:00.0","1900-01-01 00:00:00.0"
"Tucapel","Codigo del Trabajo","Sin Clasificación","Código del Trabajo","Cristina Lissette Sandoval Osses","Inspector"," ","Contratados Sin Planta","Afectos Al Código del Trabajo","2011-05-02 00:00:00.0","1900-01-01 00:00:00.0"
"Tucapel","Codigo del Trabajo","Sin Clasificación","Código del Trabajo","Tatiana Andrea Bilbao Villa","Secreto"," ","Personal No Pertenece A Planta","Afectos Al Código del Trabajo","2012-08-09 00:00:00.0","1900-01-01 00:00:00.0"
"Tucapel","Codigo del Trabajo","Sin Clasificación","Código del Trabajo","Claudia Ingrid Flores Lillo","Asistente Parvularia"," ","Contratados Sin Planta","Afectos Al Código del Trabajo","2009-09-03 00:00:00.0","1900-01-01 00:00:00.0"
"Tucapel","Codigo del Trabajo","Sin Clasificación","Código del Trabajo","Kely Magdalena Quevedo Henriquez","Asistente"," ","Contratados Sin Planta","Afectos Al Código del Trabajo","2011-07-01 00:00:00.0","1900-01-01 00:00:00.0"
"Tucapel","Codigo del Trabajo","Sin Clasificación","Código del Trabajo","Fabian Gustavo Escobar Torres","Asistente Social"," ","Personal No Pertenece A Planta","Afectos Al Código del Trabajo","2012-03-01 00:00:00.0","1900-01-01 00:00:00.0"
"Tucapel","Codigo del Trabajo","Sin Clasificación","Código del Trabajo","Sandra Valeria Muñoz Von Bischoffshausen","Asistente Parvularia"," ","Personal No Pertenece A Planta","Afectos Al Código del Trabajo","2013-03-14 00:00:00.0","1900-01-01 00:00:00.0"
"Tucapel","Codigo del Trabajo","Sin Clasificación","Código del Trabajo","Marisel del Acrmen Friz Rojas","Auxiliar de Servicios Menores"," ","Personal No Pertenece A Planta","Afectos Al Código del Trabajo","2014-01-01 00:00:00.0","1900-01-01 00:00:00.0"
"Tucapel","Codigo del Trabajo","Sin Clasificación","Código del Trabajo","Marisa Noelia Chamorro Soto","Asistente de La Educación"," ","Contratados Sin Planta","Afectos Al Código del Trabajo","2014-03-01 00:00:00.0","1900-01-01 00:00:00.0"
"Tucapel","Codigo del Trabajo","Sin Clasificación","Código del Trabajo","Pablo Andres Vasquez Guerrero","Asistente Social"," ","Personal No Pertenece A Planta","Afectos Al Código del Trabajo","2012-08-09 00:00:00.0","1900-01-01 00:00:00.0"
"Tucapel","Codigo del Trabajo","Sin Clasificación","Código del Trabajo","Wladimir Orlando Vejar Alvarez","Chófer"," ","Contratados Sin Planta","","1900-01-01 00:00:00.0","1900-01-01 00:00:00.0"
"Tucapel","Codigo del Trabajo","Sin Clasificación","Código del Trabajo","Ingrid Ximena Palma Cordova","Asistente de La Educación"," ","Contratados Sin Planta","Afectos Al Código del Trabajo","2014-03-01 00:00:00.0","1900-01-01 00:00:00.0"
"Tucapel","Codigo del Trabajo","Sin Clasificación","Código del Trabajo","Jorge Eduardo Soto Lagos","Chófer"," ","Contratados Sin Planta","Afectos Al Código del Trabajo","2014-03-01 00:00:00.0","1900-01-01 00:00:00.0"
"Tucapel","Codigo del Trabajo","Sin Clasificación","Código del Trabajo","Viviana Soledad Nanjari Garcia","Educadora Párvulos"," ","Personal No Pertenece A Planta","Afectos Al Código del Trabajo","2014-01-01 00:00:00.0","1900-01-01 00:00:00.0"
"Tucapel","Codigo del Trabajo","Sin Clasificación","Código del Trabajo","Marisa Alejandra Friz Vallejos","Auxiliar de Servicios Menores"," ","Personal No Pertenece A Planta","Afectos Al Código del Trabajo","2012-06-01 00:00:00.0","1900-01-01 00:00:00.0"
"Tucapel","Codigo del Trabajo","Sin Clasificación","Código del Trabajo","Marta Alejandra Carrasco Padilla","Asistente Parvularia"," ","Contratados Sin Planta","Afectos Al Código del Trabajo","2014-01-01 00:00:00.0","1900-01-01 00:00:00.0"
"Tucapel","Codigo del Trabajo","Sin Clasificación","Código del Trabajo","Angela Patricia Paredes Hernandez","Asistente de La Educación"," ","Contratados Sin Planta","Afectos Al Código del Trabajo","2014-03-01 00:00:00.0","1900-01-01 00:00:00.0"
"Tucapel","Codigo del Trabajo","Sin Clasificación","Código del Trabajo","Maria Eugenia Molina Benitez","Director"," ","Contratados Sin Planta","Afectos Al Código del Trabajo","2012-03-01 00:00:00.0","1900-01-01 00:00:00.0"
"Tucapel","Codigo del Trabajo","Sin Clasificación","Código del Trabajo","Veronica Viviana Moraga Vasquez","Técnico"," ","Contratados Sin Planta","Afectos Al Código del Trabajo","2012-01-05 00:00:00.0","1900-01-01 00:00:00.0"
"Tucapel","Codigo del Trabajo","Sin Clasificación","Código del Trabajo","Marta Elena Gutierrez Burgos","Asistente de La Educación"," ","Contratados Sin Planta","Afectos Al Código del Trabajo","2009-12-15 00:00:00.0","1900-01-01 00:00:00.0"
"Tucapel","Codigo del Trabajo","Sin Clasificación","Código del Trabajo","Nicol Andrea Mendoza Hernandez","Asistente Parvularia"," ","Contratados Sin Planta","Afectos Al Código del Trabajo","2014-04-15 00:00:00.0","1900-01-01 00:00:00.0"
"Tucapel","Codigo del Trabajo","Sin Clasificación","Código del Trabajo","Ximena de Los Angeles Rivera San Martin","Asistente Parvularia"," ","Personal No Pertenece A Planta","Afectos Al Código del Trabajo","2010-06-01 00:00:00.0","1900-01-01 00:00:00.0"
"Tucapel","Codigo del Trabajo","Sin Clasificación","Código del Trabajo","Jacqueline del Carmen Ortiz Rivera","Asistente de La Educación"," ","Personal No Pertenece A Planta","Afectos Al Código del Trabajo","2013-09-26 00:00:00.0","1900-01-01 00:00:00.0"
"Tucapel","Codigo del Trabajo","Sin Clasificación","Código del Trabajo","Isania Vanessa Medina Gonzalez","Psicólogo"," ","Personal No Pertenece A Planta","Afectos Al Código del Trabajo","2013-09-01 00:00:00.0","1900-01-01 00:00:00.0"
"Tucapel","Codigo del Trabajo","Sin Clasificación","Código del Trabajo","Ivonne Consuelo Peña Zurita","Asistente Parvularia"," ","Contratados Sin Planta","Afectos Al Código del Trabajo","2012-12-01 00:00:00.0","1900-01-01 00:00:00.0"
"Tucapel","Codigo del Trabajo","Sin Clasificación","Código del Trabajo","Andrea Maribel Salamanca Pacheco","Auxiliar de Servicios Menores"," ","Personal No Pertenece A Planta","Afectos Al Código del Trabajo","2012-06-01 00:00:00.0","1900-01-01 00:00:00.0"
"Tucapel","Codigo del Trabajo","Sin Clasificación","Código del Trabajo","Viviana Andrea Martinez Soto","Asistente de La Educación"," ","Contratados Sin Planta","Afectos Al Código del Trabajo","2014-03-01 00:00:00.0","1900-01-01 00:00:00.0"
"Tucapel","Codigo del Trabajo","Sin Clasificación","Código del Trabajo","Verónica María Saravia Morales","Psicólogo"," ","Contratados Sin Planta","Afectos Al Código del Trabajo","2010-11-10 00:00:00.0","1900-01-01 00:00:00.0"
"Tucapel","Codigo del Trabajo","Sin Clasificación","Código del Trabajo","Susana Ester Cares Fernandez","Asistente de La Educación"," ","Contratados Sin Planta","Afectos Al Código del Trabajo","2014-03-01 00:00:00.0","1900-01-01 00:00:00.0"
"Tucapel","Codigo del Trabajo","Sin Clasificación","Código del Trabajo","Paulina Lisbeth Medina Rodríguez","Asistente de La Educación"," ","Contratados Sin Planta","Afectos Al Código del Trabajo","2014-03-01 00:00:00.0","1900-01-01 00:00:00.0"
"Tucapel","Codigo del Trabajo","Sin Clasificación","Código del Trabajo","Angelo Fabian Viguera Vega","Ayudante"," ","Contratados Sin Planta","Afectos Al Código del Trabajo","2010-01-01 00:00:00.0","1900-01-01 00:00:00.0"
"Tucapel","Codigo del Trabajo","Sin Clasificación","Código del Trabajo","Daniela del Transito Ramos Utreras","Asistente de La Educación"," ","Contratados Sin Planta","Afectos Al Código del Trabajo","2014-03-01 00:00:00.0","1900-01-01 00:00:00.0"
"Tucapel","Codigo del Trabajo","Sin Clasificación","Código del Trabajo","Karen Paz Lara Baeza","Director"," ","Sin Información","Afectos Al Código del Trabajo","2010-01-01 00:00:00.0","1900-01-01 00:00:00.0"
"Tucapel","Codigo del Trabajo","Sin Clasificación","Código del Trabajo","Yeimy Dayana Rubilar Muñoz","Asistente Parvularia"," ","Personal No Pertenece A Planta","Afectos Al Código del Trabajo","2014-01-01 00:00:00.0","1900-01-01 00:00:00.0"
"Tucapel","Codigo del Trabajo","Sin Clasificación","Código del Trabajo","Priscila Beatriz Miranda Franco","Psicólogo"," ","Contratados Sin Planta","Afectos Al Código del Trabajo","2011-01-01 00:00:00.0","1900-01-01 00:00:00.0"
"Tucapel","Codigo del Trabajo","Sin Clasificación","Código del Trabajo","Lucrecia del Carmen Chavarria Riquelme","Ayudante Profesor"," ","Personal No Pertenece A Planta","Afectos Al Código del Trabajo","2013-03-11 00:00:00.0","1900-01-01 00:00:00.0"
"Tucapel","Codigo del Trabajo","Sin Clasificación","Código del Trabajo","Anjelo Aurelio Aguirre Belmar","Inspector"," ","Personal No Pertenece A Planta","Afectos Al Código del Trabajo","2013-06-01 00:00:00.0","1900-01-01 00:00:00.0"
"Tucapel","Codigo del Trabajo","Sin Clasificación","Código del Trabajo","Carolina de Las Mercedes Cerda Saavedra","Asistente"," ","Contratados Sin Planta","Afectos Al Código del Trabajo","2010-01-01 00:00:00.0","1900-01-01 00:00:00.0"
"Tucapel","Codigo del Trabajo","Sin Clasificación","Código del Trabajo","Leticia Magdalena Bilbao Vidal","Asistente de La Educación"," ","Contratados Sin Planta","Afectos Al Código del Trabajo","2014-03-01 00:00:00.0","1900-01-01 00:00:00.0"
"Tucapel","Codigo del Trabajo","Sin Clasificación","Código del Trabajo","Nataly Alejandra Muñoz Benitez","Auxiliar de Servicios Menores"," ","Personal No Pertenece A Planta","Afectos Al Código del Trabajo","2014-01-01 00:00:00.0","1900-01-01 00:00:00.0"
"Tucapel","Codigo del Trabajo","Sin Clasificación","Código del Trabajo","Carla del Transito Villanueva Venegas","Asistente de La Educación"," ","Contratados Sin Planta","Afectos Al Código del Trabajo","2014-03-01 00:00:00.0","1900-01-01 00:00:00.0"
"Tucapel","Codigo del Trabajo","Sin Clasificación","Código del Trabajo","Cristian Alejandro Muñoz Muñoz","Asistente de La Educación"," ","Contratados Sin Planta","Afectos Al Código del Trabajo","2014-03-01 00:00:00.0","1900-01-01 00:00:00.0"
"Tucapel","Codigo del Trabajo","Sin Clasificación","Código del Trabajo","Danitza Vanessa Novoa Flores","Técnico"," ","Personal No Pertenece A Planta","Afectos Al Código del Trabajo","2013-03-01 00:00:00.0","1900-01-01 00:00:00.0"
"Tucapel","Codigo del Trabajo","Sin Clasificación","Código del Trabajo","Paulina Elisa Arriagada Navarrete","Auxiliar de Servicios Menores"," ","Contratados Sin Planta","Afectos Al Código del Trabajo","2012-01-05 00:00:00.0","1900-01-01 00:00:00.0"
"Tucapel","Codigo del Trabajo","Sin Clasificación","Código del Trabajo","Alexi Jonas Mardones Povea","Encargado"," ","Contratados Sin Planta","Afectos Al Código del Trabajo","2012-06-01 00:00:00.0","1900-01-01 00:00:00.0"
"Tucapel","Codigo del Trabajo","Sin Clasificación","Código del Trabajo","Carmen Rosa Valenzuela Flores","Asistente de La Educación"," ","Contratados Sin Planta","Afectos Al Código del Trabajo","2010-12-16 00:00:00.0","1900-01-01 00:00:00.0"
"Tucapel","Codigo del Trabajo","Sin Clasificación","Código del Trabajo","Nataly Vanesa Gajardo Melgarejo","Asistente Parvularia"," ","Contratados Sin Planta","Afectos Al Código del Trabajo","2012-01-05 00:00:00.0","1900-01-01 00:00:00.0"
"Tucapel","Codigo del Trabajo","Sin Clasificación","Código del Trabajo","Paloma Esperanza Villar Alvarez","Asistente de La Educación"," ","Contratados Sin Planta","Afectos Al Código del Trabajo","2013-12-01 00:00:00.0","1900-01-01 00:00:00.0"
"Tucapel","Codigo del Trabajo","Sin Clasificación","Código del Trabajo","Tamara Nicoll Mancilla Mora","Asistente de La Educación"," ","Contratados Sin Planta","Afectos Al Código del Trabajo","2014-02-01 00:00:00.0","1900-01-01 00:00:00.0"
"Tucapel","Codigo del Trabajo","Sin Clasificación","Código del Trabajo","Lilian Roxana Farias Rodriguez","Educadora Párvulos"," ","Personal No Pertenece A Planta","Afectos Al Código del Trabajo","2013-06-24 00:00:00.0","1900-01-01 00:00:00.0"
"Tucapel","Codigo del Trabajo","Sin Clasificación","Código del Trabajo","Dehysi Andrea Salazar Mendoza","Asistente de La Educación"," ","Contratados Sin Planta","Afectos Al Código del Trabajo","2014-03-01 00:00:00.0","1900-01-01 00:00:00.0"
"Tucapel","Codigo del Trabajo","Sin Clasificación","Código del Trabajo","Paulina Nicol Cordova Soto","Asistente de La Educación"," ","Contratados Sin Planta","Afectos Al Código del Trabajo","2014-03-01 00:00:00.0","1900-01-01 00:00:00.0"
"Tucapel","Codigo del Trabajo","Sin Clasificación","Código del Trabajo","Carla Andrea Garrido Saavedra","Asistente Parvularia"," ","Contratados Sin Planta","Afectos Al Código del Trabajo","2013-01-01 00:00:00.0","1900-01-01 00:00:00.0"
"Tucapel","Codigo del Trabajo","Sin Clasificación","Código del Trabajo","Isabel Angélica Córdova Riquelme","Monitor"," ","Contratados Sin Planta","Afectos Al Código del Trabajo","2011-04-26 00:00:00.0","1900-01-01 00:00:00.0"
"Tucapel","Codigo del Trabajo","Sin Clasificación","Código del Trabajo","Juana Constanza  Muñoz Vasquez","Asistente Parvularia"," ","Personal No Pertenece A Planta","Afectos Al Código del Trabajo","2014-01-01 00:00:00.0","1900-01-01 00:00:00.0"
"Tucapel","Codigo del Trabajo","Sin Clasificación","Código del Trabajo","Benito Jimenez Contreras","Auxiliar"," ","Contratados Sin Planta","Afectos Al Código del Trabajo","2010-12-20 00:00:00.0","1900-01-01 00:00:00.0"
"Tucapel","Codigo del Trabajo","Sin Clasificación","Código del Trabajo","Carlos Arzobindo Islas Valenzuela","Técnico"," ","Personal No Pertenece A Planta","Afectos Al Código del Trabajo","1994-03-07 00:00:00.0","1900-01-01 00:00:00.0"
"Tucapel","Codigo del Trabajo","Sin Clasificación","Código del Trabajo","Gonzalo Heraldo Mardones Vidal","Inspector"," ","Personal No Pertenece A Planta","Afectos Al Código del Trabajo","2012-01-01 00:00:00.0","1900-01-01 00:00:00.0"
"Tucapel","Codigo del Trabajo","Sin Clasificación","Código del Trabajo","Maria Elizabeth Ortiz Rivas","Inspector"," ","Personal No Pertenece A Planta","Afectos Al Código del Trabajo","2013-05-10 00:00:00.0","1900-01-01 00:00:00.0"
"Tucapel","Codigo del Trabajo","Sin Clasificación","Código del Trabajo","Julio Remberto Alvarez Gatica","Trabajador"," ","Contratados Sin Planta","Afectos Al Código del Trabajo","2011-09-01 00:00:00.0","1900-01-01 00:00:00.0"
"Tucapel","Codigo del Trabajo","Sin Clasificación","Código del Trabajo","Rosa Elena Umaña Jarpa","Asistente Parvularia"," ","Personal No Pertenece A Planta","Afectos Al Código del Trabajo","2014-01-01 00:00:00.0","1900-01-01 00:00:00.0"
"Tucapel","Codigo del Trabajo","Sin Clasificación","Código del Trabajo","Diego Segundo Friz Friz","Asistente de La Educación"," ","Contratados Sin Planta","Afectos Al Código del Trabajo","2014-03-01 00:00:00.0","1900-01-01 00:00:00.0"
"Tucapel","Codigo del Trabajo","Sin Clasificación","Código del Trabajo","Luis Ismael Godoy Flores","Auxiliar"," ","Contratados Sin Planta","Afectos Al Código del Trabajo","2010-03-15 00:00:00.0","1900-01-01 00:00:00.0"
"Tucapel","Codigo del Trabajo","Sin Clasificación","Código del Trabajo","Eugenio Antonio  Mendez Villa","Chófer"," ","Personal No Pertenece A Planta","Afectos Al Código del Trabajo","2013-06-01 00:00:00.0","1900-01-01 00:00:00.0"
"Tucapel","Codigo del Trabajo","Sin Clasificación","Código del Trabajo","Mirta Loreto Cerda Burgos","Auxiliar de Servicios Menores"," ","Personal No Pertenece A Planta","Afectos Al Código del Trabajo","2014-01-01 00:00:00.0","1900-01-01 00:00:00.0"
"Tucapel","Codigo del Trabajo","Sin Clasificación","Código del Trabajo","Sandra Elizabeth Veloso  Jara","Encargado"," ","Personal No Pertenece A Planta","Afectos Al Código del Trabajo","2013-06-21 00:00:00.0","1900-01-01 00:00:00.0"
"Tucapel","Codigo del Trabajo","Sin Clasificación","Código del Trabajo","Carlos Manuel Cordova Sabbah","Chófer"," ","Contratados Sin Planta","Afectos Al Código del Trabajo","2010-06-03 00:00:00.0","1900-01-01 00:00:00.0"
"Tucapel","Codigo del Trabajo","Sin Clasificación","Código del Trabajo","Helenia Katia Osses Gangas","Encargado"," ","Personal No Pertenece A Planta","Afectos Al Código del Trabajo","2012-05-18 00:00:00.0","1900-01-01 00:00:00.0"
"Tucapel","Codigo del Trabajo","Sin Clasificación","Código del Trabajo","Malvina del Carmen Pinochet Lopez","Auxiliar de Servicios Menores"," ","Contratados Sin Planta","Afectos Al Código del Trabajo","2014-01-01 00:00:00.0","1900-01-01 00:00:00.0"
"Tucapel","Codigo del Trabajo","Sin Clasificación","Código del Trabajo","Petronila Haydee Perez Riquelme","Asistente de La Educación"," ","Contratados Sin Planta","Afectos Al Código del Trabajo","2014-03-01 00:00:00.0","1900-01-01 00:00:00.0"
"Tucapel","Codigo del Trabajo","Sin Clasificación","Código del Trabajo","Lived del Carmen Garrido Ruminot","Trabajador"," ","Contratados Sin Planta","Afectos Al Código del Trabajo","2011-09-01 00:00:00.0","1900-01-01 00:00:00.0"
"Tucapel","Codigo del Trabajo","Sin Clasificación","Código del Trabajo","Zaida Haydee Salamanca Muñoz","Encargado"," ","Contratados Sin Planta","Afectos Al Código del Trabajo","2011-07-01 00:00:00.0","1900-01-01 00:00:00.0"
"Tucapel","Codigo del Trabajo","Sin Clasificación","Código del Trabajo","Adela del Carmen Martinez Espinoza","Asistente de La Educación"," ","Contratados Sin Planta","Afectos Al Código del Trabajo","2014-03-01 00:00:00.0","1900-01-01 00:00:00.0"
"Tucapel","Codigo del Trabajo","Sin Clasificación","Código del Trabajo","Luis  Alfonso  Vasquez Riquelme","Encargado"," ","Personal No Pertenece A Planta","Afectos Al Código del Trabajo","2000-01-01 00:00:00.0","1900-01-01 00:00:00.0"
