"Comuna","Tipo de Contratación","Área","Calidad","Nombre","Cargo","Grado","Planta","Remuneración","Fecha desde","Fecha hasta"
"Tucapel","Contrata","Sin Clasificación","Contrata","Gloria Elena Sepulveda Salamanca","Docente"," ","Contratados Sin Planta","Escala Profesionales de La Educación Llay 19.070)","2010-04-30 00:00:00.0","1900-01-01 00:00:00.0"
"Tucapel","Contrata","Sin Clasificación","Contrata","Gloria Alejandra Zarate Cruces","Docente"," ","Contratados Sin Planta","Escala Profesionales de La Educación Llay 19.070)","2011-04-01 00:00:00.0","2501-04-30 00:00:00.0"
"Tucapel","Contrata","Sin Clasificación","Contrata","Leonardo Andres Fernandez Seguel","Auxiliar de Servicios Menores"," ","Contratados Sin Planta","Afectos Al Código del Trabajo","2009-11-15 00:00:00.0","1900-01-01 00:00:00.0"
"Tucapel","Contrata","Sin Clasificación","Contrata","Gabriel Elias Vivanco Rojas","Docente"," ","Contratados Sin Planta","Escala Profesionales de La Educación Llay 19.070)","2012-08-31 00:00:00.0","1900-01-01 00:00:00.0"
"Tucapel","Contrata","Sin Clasificación","Contrata","Paulina Cecilia Bustos Gutierrez","Psicólogo"," ","Contratados Sin Planta","Escala Atención Primaria de Salud Municipal","2010-03-08 00:00:00.0","1900-01-01 00:00:00.0"
"Tucapel","Contrata","Sin Clasificación","Contrata","Maria Angelica Sanhueza Manzor","Docente"," ","Contratados Sin Planta","Escala Profesionales de La Educación Llay 19.070)","2008-03-01 00:00:00.0","1900-01-01 00:00:00.0"
"Tucapel","Contrata","Sin Clasificación","Contrata","Isania Vanessa Medina Gonzalez","Profesional"," ","Contratados Sin Planta","Escala Profesionales de La Educación Llay 19.070)","2013-03-01 00:00:00.0","1900-01-01 00:00:00.0"
"Tucapel","Contrata","Sin Clasificación","Contrata","Sergio Ramon Salgado Salame","Administrativo","15°","Contratados Sin Planta","Escala Municipal","2010-10-12 00:00:00.0","1900-01-01 00:00:00.0"
"Tucapel","Contrata","Sin Clasificación","Contrata","Ana Maria Roa Rubilar","Docente"," ","Contratados Sin Planta","Escala Profesionales de La Educación Llay 19.070)","2010-10-13 00:00:00.0","1900-01-01 00:00:00.0"
"Tucapel","Contrata","Sin Clasificación","Contrata","Monica Eliana Villanueva Melgarejo","Docente"," ","Contratados Sin Planta","Escala Profesionales de La Educación Llay 19.070)","2010-05-03 00:00:00.0","1900-01-01 00:00:00.0"
