"Comuna","Tipo de Contratación","Área","Calidad","Nombre","Cargo","Grado","Planta","Remuneración","Fecha desde","Fecha hasta"
"Quillon","Planta Titular","Municipal","Titular","Boris Daniel Aedo Troncoso","Auxiliar","14°","Auxiliares","Escala Municipal","2016-01-01 00:00:00.0","1900-01-01 00:00:00.0"
"Quillon","Planta Titular","Municipal","Titular","Nelson Aristides Aedo Millar","Auxiliar","17°","Auxiliares","Escala Municipal","2016-01-01 00:00:00.0","1900-01-01 00:00:00.0"
"Quillon","Planta Titular","Municipal","Titular","Rolando Edgardo Suazo Villegas","Auxiliar","16°","Auxiliares","Escala Municipal","2016-01-01 00:00:00.0","1900-01-01 00:00:00.0"
"Quillon","Planta Titular","Municipal","Titular","Maritza del Carmen Sandoval Villa","Administrativo","14°","Administrativos","Escala Municipal","2016-01-01 00:00:00.0","1900-01-01 00:00:00.0"
"Quillon","Planta Titular","Municipal","Titular","Jose Agustin Vilches Garrido","Auxiliar","18°","Auxiliares","Escala Municipal","2019-11-25 00:00:00.0","1900-01-01 00:00:00.0"
"Quillon","Planta Titular","Municipal","Titular","O¿ate Valenzuela Carlos","Auxiliar","SIN INFORMACION","Contratados Sin Planta","Afectos Al Código del Trabajo","1987-07-01 00:00:00.0","1900-01-01 00:00:00.0"
"Quillon","Planta Titular","Municipal","Titular","Carmen Rosa Gómez Carrasco","Director de Desarrollo Comunitario","7°","Directivos","Escala Municipal","2016-12-06 00:00:00.0","1900-01-01 00:00:00.0"
"Quillon","Planta Titular","Municipal","Titular","Salvador Luis Mauricio Vargas Romo","Directivo","7°","Directivos","Escala Municipal","2010-01-01 00:00:00.0","1900-01-01 00:00:00.0"
"Quillon","Planta Titular","Municipal","Titular","Rodrigo Aquiles Ocares Diaz","Administrativo","18°","Administrativos","Escala Municipal","2016-11-17 00:00:00.0","1900-01-01 00:00:00.0"
"Quillon","Planta Titular","Municipal","Titular","Marta Eliana del Carmen Navarrete Soto","Administrativo","12°","Administrativos","Escala Municipal","2016-01-01 00:00:00.0","1900-01-01 00:00:00.0"
"Quillon","Planta Titular","Municipal","Titular","Guido Cesar Arriagada Jofre","Auxiliar","14°","Auxiliares","Escala Municipal","2016-01-01 00:00:00.0","1900-01-01 00:00:00.0"
"Quillon","Planta Titular","Municipal","Titular","Magaly Ester Aedo Contreras","Administrativo","13°","Administrativos","Escala Municipal","2017-08-01 00:00:00.0","1900-01-01 00:00:00.0"
"Quillon","Planta Titular","Municipal","Titular","Rafael Andres Morales Ferrada","Secretario Comunal de Planificación Y Coordinación","7°","Directivos","Escala Municipal","2016-08-01 00:00:00.0","1900-01-01 00:00:00.0"
"Quillon","Planta Titular","Municipal","Titular","Paola  Marcela Lavin Echeverria","Administrativo","18°","Administrativos","Escala Municipal","2019-11-25 00:00:00.0","1900-01-01 00:00:00.0"
"Quillon","Planta Titular","Municipal","Titular","Birna Edith Iturra Iturra","Administrador Municipal","7°","Directivos","Escala Municipal","2016-12-06 00:00:00.0","1900-01-01 00:00:00.0"
"Quillon","Planta Titular","Municipal","Titular","Cristina Beatriz Venegas Higuera","Directivo","9°","Directivos","Escala Municipal","2019-04-13 00:00:00.0","2019-10-13 00:00:00.0"
"Quillon","Planta Titular","Municipal","Titular","Fernando de La Cruz Salazar Gutierrez","Técnico","11°","Técnicos","Escala Municipal","2016-01-01 00:00:00.0","1900-01-01 00:00:00.0"
"Quillon","Planta Titular","Municipal","Titular","Jorge Ricardo Paredes Paredes","Directivo","8°","Directivos","Escala Municipal","2015-01-20 00:00:00.0","1900-01-01 00:00:00.0"
"Quillon","Planta Titular","Municipal","Titular","Carmen Gloria Acevedo Solorza","Director de Desarrollo Comunitario","7°","Directivos","Escala Municipal","2019-07-01 00:00:00.0","2019-07-31 00:00:00.0"
"Quillon","Planta Titular","Municipal","Titular","Rodrigo Arturo Navarrete Soto","Auxiliar","15°","Auxiliares","Escala Municipal","2016-01-01 00:00:00.0","1900-01-01 00:00:00.0"
"Quillon","Planta Titular","Municipal","Titular","Nancy Jeannette del Carmen Villablanca Fuentes","Técnico","12°","Técnicos","Escala Municipal","2016-11-17 00:00:00.0","1900-01-01 00:00:00.0"
"Quillon","Planta Titular","Municipal","Titular","Marcela del Carmen Vega Morales","Técnico","11°","Técnicos","Escala Municipal","2018-10-04 00:00:00.0","2019-04-04 00:00:00.0"
"Quillon","Planta Titular","Municipal","Titular","Isela Isabel Diaz Mardones","Administrativo","16°","Administrativos","Escala Municipal","2019-12-02 00:00:00.0","1900-01-01 00:00:00.0"
"Quillon","Planta Titular","Municipal","Titular","Daniel Antonio Soto Lagos","Directivo","8°","Directivos","Escala Municipal","2010-05-26 00:00:00.0","1900-01-01 00:00:00.0"
"Quillon","Planta Titular","Municipal","Titular","Claudia  Mu¿oz Tapia","Técnico","11°","Técnicos","Escala Municipal","2019-12-02 00:00:00.0","1900-01-01 00:00:00.0"
"Quillon","Planta Titular","Municipal","Titular","Rodrigo Alfonso Riquelme Navarrete","Profesional","11°","Profesionales","Escala Municipal","2016-11-17 00:00:00.0","1900-01-01 00:00:00.0"
"Quillon","Planta Titular","Municipal","Titular","Marcos Antonio Carrillo Rojas","Jefatura","10°","Jefaturas","Escala Municipal de Remuneraciones(ley 18.883)","2013-03-01 00:00:00.0","1900-01-01 00:00:00.0"
"Quillon","Planta Titular","Municipal","Titular","María Mitolene Lagos Molina","Director de Desarrollo Comunitario","7°","Directivos","Escala Municipal","2019-01-28 00:00:00.0","1900-01-01 00:00:00.0"
"Quillon","Planta Titular","Municipal","Titular","Ulises Adonis Escalona Gutierrez","Director de Administración Y Finanzas","9°","Directivos","Escala Municipal","2015-01-02 00:00:00.0","1900-01-01 00:00:00.0"
"Quillon","Planta Titular","Municipal","Titular","Julio Rodrigo Barrera Sandoval","Auxiliar","15°","Auxiliares","Escala Municipal","2016-01-01 00:00:00.0","1900-01-01 00:00:00.0"
"Quillon","Planta Titular","Municipal","Titular","Juan Carlos Baeza Ruiz","Auxiliar","16°","Auxiliares","Escala Municipal","2016-01-01 00:00:00.0","1900-01-01 00:00:00.0"
"Quillon","Planta Titular","Municipal","Titular","Maria Gabriela Vallejos Landaur","Directivo","9°","Directivos","Escala Municipal","2012-12-12 00:00:00.0","1900-01-01 00:00:00.0"
"Quillon","Planta Titular","Municipal","Titular","Hugo Alberto Carcamo Fincheira","Técnico","13°","Técnicos","Escala Municipal","2016-11-17 00:00:00.0","1900-01-01 00:00:00.0"
"Quillon","Planta Titular","Municipal","Titular","Juan Ignacio Arias Muñoz","Administrativo","8°","Directivos","Escala Municipal","2018-11-05 00:00:00.0","2019-01-08 00:00:00.0"
"Quillon","Planta Titular","Municipal","Titular","Pamela Teresa Solís Pérez","Profesional","11°","Profesionales","Escala Municipal","2016-11-17 00:00:00.0","1900-01-01 00:00:00.0"
"Quillon","Planta Titular","Municipal","Titular","Ricardo Antonio Neira Arias","Directivo","9°","Directivos","Escala Municipal","2012-12-06 00:00:00.0","1900-01-01 00:00:00.0"
"Quillon","Planta Titular","Municipal","Titular","Nestor  Gui¿ez Gui¿ez","Jefatura","11°","Jefaturas","Escala Municipal","2019-12-02 00:00:00.0","1900-01-01 00:00:00.0"
"Quillon","Planta Titular","Municipal","Titular","Manuel Jesus San Martin Baeza","Director de Control","7°","Directivos","Escala Municipal","2017-04-03 00:00:00.0","1900-01-01 00:00:00.0"
"Quillon","Planta Titular","Municipal","Titular","Natalia Labarca Santiagos","Administrativo","17°","Administrativos","Escala Municipal","2019-12-02 00:00:00.0","1900-01-01 00:00:00.0"
"Quillon","Planta Titular","Municipal","Titular","Maria Cristina Burgos Garrido","Administrativo","15°","Administrativos","Escala Municipal","2017-08-01 00:00:00.0","1900-01-01 00:00:00.0"
"Quillon","Planta Titular","Municipal","Titular","Pablo Reguardo Tapia Palma","Administrativo","16°","Administrativos","Escala Municipal","2019-12-02 00:00:00.0","1900-01-01 00:00:00.0"
"Quillon","Planta Titular","Municipal","Titular","Camilo Ivan Solis Perez","Técnico","13°","Técnicos","Escala Municipal","2018-10-22 00:00:00.0","2019-04-22 00:00:00.0"
"Quillon","Planta Titular","Municipal","Titular","Leticia Ruiz Rodriguez","Administrativo","15°","Administrativos","Escala Municipal","2019-12-02 00:00:00.0","1900-01-01 00:00:00.0"
"Quillon","Planta Titular","Municipal","Titular","Sergio Mikhail Uribe Moraga","Profesional","9°","Profesionales","Escala Municipal","2016-11-17 00:00:00.0","1900-01-01 00:00:00.0"
"Quillon","Planta Titular","Municipal","Titular","Miguel Fernando Zapata Oliva","Director de Desarrollo Comunitario","7°","Directivos","Escala Municipal","2019-08-01 00:00:00.0","1900-01-01 00:00:00.0"
"Quillon","Planta Titular","Municipal","Titular","Álvaro Antonio Gallardo Henríquez","Director de Administración Y Finanzas","7°","Directivos","Escala Municipal","2016-11-17 00:00:00.0","1900-01-01 00:00:00.0"
"Quillon","Planta Titular","Municipal","Titular","Mauricio Alfredo Aedo Mu¿oz","Directivo","8°","Directivos","Escala Municipal","2019-12-02 00:00:00.0","1900-01-01 00:00:00.0"
"Quillon","Planta Titular","Municipal","Titular","Bernardo Antonio Gajardo Salazar","Profesional","11°","Jefaturas","Escala Municipal","2016-02-01 00:00:00.0","1900-01-01 00:00:00.0"
"Quillon","Planta Titular","Municipal","Titular","Giselle Marieline Rivas Coliman","Profesional","10°","Profesionales","Escala Municipal","2018-10-04 00:00:00.0","2019-04-04 00:00:00.0"
"Quillon","Planta Titular","Municipal","Titular","Darlyn Alexandra C¿rdenas Mardones","Asistente de La Educación","SIN INFORMACION","Contratados Sin Planta","Afectos Al Código del Trabajo","2019-03-01 00:00:00.0","1900-01-01 00:00:00.0"
"Quillon","Planta Titular","Municipal","Titular","Ramon Novoa Aguilera","Encargado","SIN INFORMACION","Contratados Sin Planta","Afectos Al Código del Trabajo","1993-04-19 00:00:00.0","1900-01-01 00:00:00.0"
"Quillon","Planta Titular","Municipal","Titular","Bernardo Benjamin Garrido Fuentealba","Auxiliar","13°","Auxiliares","Escala Municipal","2016-01-01 00:00:00.0","1900-01-01 00:00:00.0"
"Quillon","Planta Titular","Municipal","Titular","Miguel Angel Parra Carriel","Secreto Municipal","8°","Directivos","Escala Municipal","2015-01-02 00:00:00.0","1900-01-01 00:00:00.0"
"Quillon","Planta Titular","Municipal","Titular","Elsa Cristina Rojas Sandoval","Técnico","10°","Técnicos","Escala Municipal","2016-01-01 00:00:00.0","1900-01-01 00:00:00.0"
"Quillon","Planta Titular","Municipal","Titular","Rosa del Carmen Solis Lagos","Administrativo","11°","Administrativos","Escala Municipal","2016-01-01 00:00:00.0","1900-01-01 00:00:00.0"
"Quillon","Planta Titular","Municipal","Titular","Otilia de Las Mercedes Navarrete Jara","Técnico","11°","Técnicos","Escala Municipal","2010-05-05 00:00:00.0","1900-01-01 00:00:00.0"
"Quillon","Planta Titular","Municipal","Titular","Ana Maria Tornquist Castro","Jefatura","10°","Jefaturas","Escala Municipal de Remuneraciones(ley 18.883)","2013-11-01 00:00:00.0","1900-01-01 00:00:00.0"
"Quillon","Planta Titular","Municipal","Titular","Magaly Elena Maldonado Osores","Administrativo","16°","Administrativos","Escala Municipal","2016-01-01 00:00:00.0","1900-01-01 00:00:00.0"
"Quillon","Planta Titular","Municipal","Titular","Claudio Andres Solis Rivas","Jefatura","10°","Jefaturas","Escala Municipal","2012-08-28 00:00:00.0","1900-01-01 00:00:00.0"
"Quillon","Planta Titular","Municipal","Titular","Javier del Carmen Carrasco Rubio","Auxiliar","SIN INFORMACION","Contratados Sin Planta","Afectos Al Código del Trabajo","1989-06-26 00:00:00.0","1900-01-01 00:00:00.0"
"Quillon","Planta Titular","Municipal","Titular","Leontina del Carmen Gutierrez Rivas","Director de Administración Y Finanzas","7°","Directivos","Escala Municipal","2018-10-04 00:00:00.0","2019-04-04 00:00:00.0"
"Quillon","Planta Titular","Municipal","Titular","Alejandro Antonio Aedo Millar","Auxiliar","18°","Auxiliares","Escala Municipal","2016-11-17 00:00:00.0","1900-01-01 00:00:00.0"
"Quillon","Planta Titular","Municipal","Titular","Juan Jose Gonzalez Pedraza","Secretario Comunal de Planificación Y Coordinación","7°","Directivos","Escala Municipal","2016-12-06 00:00:00.0","1900-01-01 00:00:00.0"
"Quillon","Planta Titular","Municipal","Titular","Miguel Angel Acuña Muñoz","Medico","SIN INFORMACION","Contratados Sin Planta","Afectos Al Código del Trabajo","2017-01-01 00:00:00.0","1900-01-01 00:00:00.0"
"Quillon","Planta Titular","Municipal","Titular","Verena Olimpia Ortiz Orellana","Administrativo","12°","Administrativos","Escala Municipal","2016-01-01 00:00:00.0","1900-01-01 00:00:00.0"
