"Comuna","Tipo de Contratación","Área","Calidad","Nombre","Cargo","Grado","Planta","Remuneración","Fecha desde","Fecha hasta"
"Lanco","Contrata","Municipal","Contrata","Eduardo Andres Ketterer Reyes","Administrativo","17°","Administrativos","Escala Municipal","2019-01-01 00:00:00.0","2019-12-31 00:00:00.0"
"Lanco","Contrata","Municipal","Contrata","Sandro Patricio Avila Sandoval","Auxiliar","17°","Auxiliares","Escala Municipal","2019-01-01 00:00:00.0","2019-12-31 00:00:00.0"
"Lanco","Contrata","Municipal","Contrata","Jacqueline Angelica Raipan Pulgar","Administrativo","17°","Administrativos","Escala Municipal","2019-01-01 00:00:00.0","2019-12-31 00:00:00.0"
"Lanco","Contrata","Municipal","Contrata","Carlos Richard Jaramillo  Lira","Auxiliar","17°","Auxiliares","Escala Municipal","2019-01-01 00:00:00.0","2019-12-31 00:00:00.0"
"Lanco","Contrata","Municipal","Contrata","Carlos Ivan Rubio Gomez","Administrativo","15°","Administrativos","Escala Municipal","2019-01-01 00:00:00.0","2019-12-31 00:00:00.0"
"Lanco","Contrata","Municipal","Contrata","Marco Alejandro Calderara Ibar","Administrativo","16°","Administrativos","Escala Municipal","2019-06-01 00:00:00.0","2019-12-31 00:00:00.0"
"Lanco","Contrata","Municipal","Contrata","Maria Hortensia Vallejos Mera","Técnico","11°","Técnicos","Escala Municipal","2019-01-01 00:00:00.0","2019-12-31 00:00:00.0"
"Lanco","Contrata","Municipal","Contrata","Ang¿lica Jovita Sanzana Parra","Asistente de La Educación","SIN INFORMACION","Contratados Sin Planta","Asistentes de La Educación Ley N°19.464","2019-05-13 00:00:00.0","2019-05-24 00:00:00.0"
"Lanco","Contrata","Municipal","Contrata","Viviana Irene  Frugone Villalobos","Técnico","17°","Técnicos","Escala Municipal","2019-01-01 00:00:00.0","2019-12-31 00:00:00.0"
"Lanco","Contrata","Municipal","Contrata","Claudia Andrea Wernekinck Aguilera","Sin Cargo","SIN INFORMACION","Contratados Sin Planta","Afectos Al Código del Trabajo","2019-01-02 00:00:00.0","2019-12-31 00:00:00.0"
"Lanco","Contrata","Municipal","Contrata","Rodrigo Marcelo Calficura Anticura","Administrativo","18°","Administrativos","Escala Municipal","2019-01-01 00:00:00.0","2019-12-31 00:00:00.0"
"Lanco","Contrata","Municipal","Contrata","Claudio Patricio Sandoval Allendes","Auxiliar","15°","Auxiliares","Escala Municipal","2019-01-01 00:00:00.0","2019-12-31 00:00:00.0"
"Lanco","Contrata","Municipal","Contrata","Marcos Andres Rodriguez Osses","Profesional","10°","Profesionales","Escala Municipal","2019-01-01 00:00:00.0","2019-12-31 00:00:00.0"
"Lanco","Contrata","Municipal","Contrata","Helen Roxana Fritz Saavedra","Técnico","14°","Técnicos","Escala Municipal","2019-01-01 00:00:00.0","2019-12-31 00:00:00.0"
"Lanco","Contrata","Municipal","Contrata","Victor Tomas Salinas Alcarraz","Técnico","11°","Técnicos","Escala Municipal","2019-07-01 00:00:00.0","2019-12-31 00:00:00.0"
"Lanco","Contrata","Municipal","Contrata","Jorge Eduardo Ceballos Zambrano","Administrativo","17°","Administrativos","Escala Municipal","2019-01-01 00:00:00.0","2019-12-31 00:00:00.0"
"Lanco","Contrata","Municipal","Contrata","Danae Alejandra Jaramillo Salgado","Administrativo","17°","Administrativos","Escala Municipal","2019-01-01 00:00:00.0","2019-12-31 00:00:00.0"
"Lanco","Contrata","Municipal","Contrata","Yenifer Natali Garcia Gajardo","Administrativo","18°","Administrativos","Escala Municipal","2019-01-01 00:00:00.0","2019-12-31 00:00:00.0"
"Lanco","Contrata","Municipal","Contrata","Jorge Alejandro Munoz  Ortiz","Técnico","12°","Técnicos","Escala Municipal","2019-01-01 00:00:00.0","2019-12-31 00:00:00.0"
"Lanco","Contrata","Municipal","Contrata","Valeria Silvana Mu¿oz Ortiz","Técnico","12°","Técnicos","Escala Municipal","2019-01-01 00:00:00.0","2019-12-31 00:00:00.0"
"Lanco","Contrata","Municipal","Contrata","Karoll Elena Cruz Diaz","Profesional","10°","Profesionales","Escala Municipal","2019-01-01 00:00:00.0","2019-12-31 00:00:00.0"
"Lanco","Contrata","Municipal","Contrata","Jean Pierre Schuffenegger Rivera","Administrativo","16°","Administrativos","Escala Municipal","2019-11-07 00:00:00.0","2019-12-31 00:00:00.0"
"Lanco","Contrata","Municipal","Contrata","Marcial Dario Cordova Rodriguez","Técnico","17°","Técnicos","Escala Municipal","2019-01-01 00:00:00.0","2019-12-31 00:00:00.0"
"Lanco","Contrata","Municipal","Contrata","Bermin Jared Hidalgo Millanao","Administrativo","17°","Administrativos","Escala Municipal","2019-04-01 00:00:00.0","2019-06-30 00:00:00.0"
"Lanco","Contrata","Municipal","Contrata","Leydis Georgina Lopez Palma","Administrativo","15°","Administrativos","Escala Municipal","2019-01-01 00:00:00.0","2019-12-31 00:00:00.0"
"Lanco","Contrata","Municipal","Contrata","Victor Hugo Garcia Gomez","Auxiliar","17°","Auxiliares","Escala Municipal","2019-01-01 00:00:00.0","2019-12-31 00:00:00.0"
"Lanco","Contrata","Municipal","Contrata","Rosendo Lino Manqui Millanao","Administrativo","17°","Administrativos","Escala Municipal","2019-01-01 00:00:00.0","2019-12-31 00:00:00.0"
