"Comuna","Tipo de Contratación","Área","Calidad","Nombre","Cargo","Grado","Planta","Remuneración","Fecha desde","Fecha hasta"
"Lanco","Honorarios","Contrato A Honorarios","A Suma Alzada","Saul Eduardo Carrasco Gatica","","SIN INFORMACION","","","2019-08-01 00:00:00.0","2019-11-30 00:00:00.0"
"Lanco","Honorarios","Contrato A Honorarios","A Suma Alzada","Juan Antonio Mora Pasmiño","","SIN INFORMACION","","","2019-07-31 00:00:00.0","2019-12-31 00:00:00.0"
"Lanco","Honorarios","Contrato A Honorarios","A Suma Alzada","Cristian Orlando Hermosilla Alvarez","","SIN INFORMACION","","","2019-04-01 00:00:00.0","2019-06-30 00:00:00.0"
"Lanco","Honorarios","Contrato A Honorarios","A Suma Alzada","Ingrid Lorena Navarrete Pineda","","SIN INFORMACION","","","2019-01-01 00:00:00.0","2019-12-31 00:00:00.0"
"Lanco","Honorarios","Contrato A Honorarios","A Suma Alzada","Patricio Edgardo Almendras Rivas","","SIN INFORMACION","","","2019-07-31 00:00:00.0","2019-08-31 00:00:00.0"
"Lanco","Honorarios","Contrato A Honorarios","A Suma Alzada","Carolina Andrea Arias Vejar","","SIN INFORMACION","","","2019-01-01 00:00:00.0","2019-12-31 00:00:00.0"
"Lanco","Honorarios","Contrato A Honorarios","A Suma Alzada","Monica Carolina Salinas Pardo","","SIN INFORMACION","","","2019-09-01 00:00:00.0","2019-12-31 00:00:00.0"
"Lanco","Honorarios","Contrato A Honorarios","A Suma Alzada","Wilson Eric Saldias Saez","","SIN INFORMACION","","","2019-01-01 00:00:00.0","2019-01-31 00:00:00.0"
"Lanco","Honorarios","Contrato A Honorarios","A Suma Alzada","Rodrigo Alejandro Mella Romero","","SIN INFORMACION","","","2019-10-14 00:00:00.0","2019-12-31 00:00:00.0"
"Lanco","Honorarios","Contrato A Honorarios","A Suma Alzada","Alan Andres Guzman Fuentes","","SIN INFORMACION","","","2019-01-01 00:00:00.0","2019-03-31 00:00:00.0"
"Lanco","Honorarios","Contrato A Honorarios","A Suma Alzada","Jorge Enrique Bautista Martinez","","SIN INFORMACION","","","2019-01-01 00:00:00.0","2019-03-31 00:00:00.0"
"Lanco","Honorarios","Contrato A Honorarios","A Suma Alzada","María Antonieta Cuevas Villablanca","","SIN INFORMACION","","","2019-01-01 00:00:00.0","2019-12-31 00:00:00.0"
"Lanco","Honorarios","Contrato A Honorarios","A Suma Alzada","Fernando Andres Catalan Paine¿anco","","SIN INFORMACION","","","2019-07-01 00:00:00.0","2019-12-31 00:00:00.0"
"Lanco","Honorarios","Contrato A Honorarios","A Suma Alzada","Ricardo Victor Lamboy Hernandez","","SIN INFORMACION","","","2019-06-01 00:00:00.0","2019-12-31 00:00:00.0"
"Lanco","Honorarios","Contrato A Honorarios","A Suma Alzada","Wenceslado Luciano Aravena Cortés","","SIN INFORMACION","","","2019-07-01 00:00:00.0","2019-12-31 00:00:00.0"
"Lanco","Honorarios","Contrato A Honorarios","A Suma Alzada","Gustavo Alfonso Catalan Paineñanco","","SIN INFORMACION","","","2019-07-01 00:00:00.0","2019-12-31 00:00:00.0"
"Lanco","Honorarios","Contrato A Honorarios","A Suma Alzada","Gloria Angelica Ceballos Matus","","SIN INFORMACION","","","2019-01-01 00:00:00.0","2019-12-31 00:00:00.0"
"Lanco","Honorarios","Contrato A Honorarios","A Suma Alzada","Sergio Segundo Catalan Obando","","SIN INFORMACION","","","2019-01-01 00:00:00.0","2019-12-31 00:00:00.0"
"Lanco","Honorarios","Contrato A Honorarios","A Suma Alzada","Salvador Julio Barrientos Romero",""," ","","","2013-01-01 00:00:00.0","2103-12-31 00:00:00.0"
"Lanco","Honorarios","Contrato A Honorarios","A Suma Alzada","Cristian Andrés Olmos Correa","","SIN INFORMACION","","","2019-04-01 00:00:00.0","2019-12-31 00:00:00.0"
"Lanco","Honorarios","Contrato A Honorarios","A Suma Alzada","Benito Sebastian Rivera Gutierrez","","SIN INFORMACION","","","2019-05-30 00:00:00.0","2019-06-30 00:00:00.0"
"Lanco","Honorarios","Contrato A Honorarios","A Suma Alzada","Nuvia Eliana Peralta Riffo","","SIN INFORMACION","","","2019-06-13 00:00:00.0","2019-10-12 00:00:00.0"
"Lanco","Honorarios","Contrato A Honorarios","A Suma Alzada","Maria Loreto Santiesteban Santiesteban","","SIN INFORMACION","","","2019-01-02 00:00:00.0","2019-03-31 00:00:00.0"
"Lanco","Honorarios","Contrato A Honorarios","A Suma Alzada","Manuel Octavio Fernandez  Torres","","SIN INFORMACION","","","2019-10-13 00:00:00.0","2019-12-31 00:00:00.0"
"Lanco","Honorarios","Contrato A Honorarios","A Suma Alzada","Daniel Heriberto  Espinoza Pineda","","SIN INFORMACION","","","2019-07-01 00:00:00.0","2019-12-31 00:00:00.0"
"Lanco","Honorarios","Contrato A Honorarios","A Suma Alzada","Jonathan Cristofer Barrera  Henr¿quez","","SIN INFORMACION","","","2019-07-01 00:00:00.0","2019-12-31 00:00:00.0"
"Lanco","Honorarios","Contrato A Honorarios","A Suma Alzada","Francisco Javer Arias Molina","","SIN INFORMACION","","","2019-01-01 00:00:00.0","2019-12-31 00:00:00.0"
"Lanco","Honorarios","Contrato A Honorarios","A Suma Alzada","Daniela del Carmen Hernández Medina","","SIN INFORMACION","","","2018-12-01 00:00:00.0","2019-04-30 00:00:00.0"
"Lanco","Honorarios","Contrato A Honorarios","A Suma Alzada","Veronica Yaneth Osses Roa","","SIN INFORMACION","","","2019-01-01 00:00:00.0","2019-12-31 00:00:00.0"
"Lanco","Honorarios","Contrato A Honorarios","A Suma Alzada","Marcela Paz Hauser Sandoval","","SIN INFORMACION","","","2019-04-08 00:00:00.0","2019-06-30 00:00:00.0"
"Lanco","Honorarios","Contrato A Honorarios","A Suma Alzada","Nichole Valezka Ruiz Salazar","","SIN INFORMACION","","","2019-01-01 00:00:00.0","2019-12-31 00:00:00.0"
"Lanco","Honorarios","Contrato A Honorarios","A Suma Alzada","John Gabriel Uribe Henriquez","","SIN INFORMACION","","","2019-10-01 00:00:00.0","2019-11-30 00:00:00.0"
"Lanco","Honorarios","Contrato A Honorarios","A Suma Alzada","Carol Paulina Fuentes Oliva","","SIN INFORMACION","","","2019-01-01 00:00:00.0","2019-12-31 00:00:00.0"
"Lanco","Honorarios","Contrato A Honorarios","A Suma Alzada","Walter Andres Rivera Poblete","","SIN INFORMACION","","","2019-06-04 00:00:00.0","2019-12-31 00:00:00.0"
"Lanco","Honorarios","Contrato A Honorarios","A Suma Alzada","Camila Andrea Barrientos Méndez","","SIN INFORMACION","","","2019-06-27 00:00:00.0","2019-12-31 00:00:00.0"
"Lanco","Honorarios","Contrato A Honorarios","A Suma Alzada","Daniela Beatriz Jiménez Riveros","","SIN INFORMACION","","","2018-12-01 00:00:00.0","2019-04-30 00:00:00.0"
"Lanco","Honorarios","Contrato A Honorarios","A Suma Alzada","Cristian Wenceslao Gonzalez Zambrano","","SIN INFORMACION","","","2019-10-02 00:00:00.0","2019-11-30 00:00:00.0"
"Lanco","Honorarios","Contrato A Honorarios","A Suma Alzada","Camila Valeria Benavente Ordo¿ez","","SIN INFORMACION","","","2019-03-01 00:00:00.0","2019-03-31 00:00:00.0"
"Lanco","Honorarios","Contrato A Honorarios","A Suma Alzada","Natalia Cecilia Mesa Aguero","","SIN INFORMACION","","","2019-01-01 00:00:00.0","2019-12-31 00:00:00.0"
"Lanco","Honorarios","Contrato A Honorarios","A Suma Alzada","Alex Eduardo Cancino Fuentes","","SIN INFORMACION","","","2019-06-01 00:00:00.0","2019-12-31 00:00:00.0"
"Lanco","Honorarios","Contrato A Honorarios","A Suma Alzada","Karen Paola Manquelipe Silva","","SIN INFORMACION","","","2019-01-01 00:00:00.0","2019-12-31 00:00:00.0"
"Lanco","Honorarios","Contrato A Honorarios","A Suma Alzada","Bani Mizraim  Catalan Torruella","","SIN INFORMACION","","","2019-01-01 00:00:00.0","2019-04-30 00:00:00.0"
"Lanco","Honorarios","Contrato A Honorarios","A Suma Alzada","Daniela Iris Saldivia Araneda","","SIN INFORMACION","","","2019-10-11 00:00:00.0","2019-12-31 00:00:00.0"
"Lanco","Honorarios","Contrato A Honorarios","A Suma Alzada","Claudia Carolina Gallardo Carrillo","","SIN INFORMACION","","","2019-07-01 00:00:00.0","2019-12-31 00:00:00.0"
"Lanco","Honorarios","Contrato A Honorarios","A Suma Alzada","Camilo Sebastian Pacheco Fernandez","","SIN INFORMACION","","","2019-06-27 00:00:00.0","2019-12-31 00:00:00.0"
"Lanco","Honorarios","Contrato A Honorarios","A Suma Alzada","Daniela Francisca Antimilla ¿ancucan","","SIN INFORMACION","","","2019-11-02 00:00:00.0","2019-12-31 00:00:00.0"
"Lanco","Honorarios","Contrato A Honorarios","A Suma Alzada","Fabián Eduardo Villarreal Zan","","SIN INFORMACION","","","2019-01-01 00:00:00.0","2019-12-31 00:00:00.0"
"Lanco","Honorarios","Contrato A Honorarios","A Suma Alzada","María Ignacia Pérez Garayar","","SIN INFORMACION","","","2019-01-01 00:00:00.0","2019-12-31 00:00:00.0"
"Lanco","Honorarios","Contrato A Honorarios","A Suma Alzada","Felipe Ismael Rivera Orrego","","SIN INFORMACION","","","2019-01-01 00:00:00.0","2019-08-31 00:00:00.0"
"Lanco","Honorarios","Contrato A Honorarios","A Suma Alzada","Jeannete Alejandra Olate  Salas","","SIN INFORMACION","","","2019-01-01 00:00:00.0","2019-08-31 00:00:00.0"
"Lanco","Honorarios","Contrato A Honorarios","A Suma Alzada","Diego Antonio Neira Neira","","SIN INFORMACION","","","2019-01-01 00:00:00.0","2019-12-31 00:00:00.0"
"Lanco","Honorarios","Contrato A Honorarios","A Suma Alzada","Jacqueline Migdalet Cortes Ceballos","","SIN INFORMACION","","","2019-08-01 00:00:00.0","2019-12-31 00:00:00.0"
"Lanco","Honorarios","Contrato A Honorarios","A Suma Alzada","Daniel Alejandro Robles Maldonado","","SIN INFORMACION","","","2019-03-01 00:00:00.0","2019-12-31 00:00:00.0"
"Lanco","Honorarios","Contrato A Honorarios","A Suma Alzada","Carlos Alejandro Puente Escobar","","SIN INFORMACION","","","2019-04-03 00:00:00.0","2019-12-31 00:00:00.0"
"Lanco","Honorarios","Contrato A Honorarios","A Suma Alzada","Maria Consuelo Buzada Faundez","","SIN INFORMACION","","","2019-07-01 00:00:00.0","2019-12-31 00:00:00.0"
"Lanco","Honorarios","Contrato A Honorarios","A Suma Alzada","Angela Andrea Espinoza Urrutia","","SIN INFORMACION","","","2019-08-05 00:00:00.0","2019-09-30 00:00:00.0"
"Lanco","Honorarios","Contrato A Honorarios","A Suma Alzada","Katherine Elizabeth Riffo Gacitua","","SIN INFORMACION","","","2019-11-04 00:00:00.0","2019-12-31 00:00:00.0"
"Lanco","Honorarios","Contrato A Honorarios","A Suma Alzada","Paula Francisca Caro Villanueva","","SIN INFORMACION","","","2019-09-01 00:00:00.0","2019-12-31 00:00:00.0"
"Lanco","Honorarios","Contrato A Honorarios","A Suma Alzada","Fernando Felidor Vargas Ríos","","SIN INFORMACION","","","2019-06-03 00:00:00.0","2019-12-12 00:00:00.0"
"Lanco","Honorarios","Contrato A Honorarios","A Suma Alzada","Claire Elisa Forton Ordóñez","","SIN INFORMACION","","","2019-07-01 00:00:00.0","2019-08-31 00:00:00.0"
"Lanco","Honorarios","Contrato A Honorarios","A Suma Alzada","Ninoska Pilar Sandoval Gomez","","SIN INFORMACION","","","2019-07-01 00:00:00.0","2019-08-31 00:00:00.0"
"Lanco","Honorarios","Contrato A Honorarios","A Suma Alzada","Jorge Ignacio Montiel Mora","","SIN INFORMACION","","","2019-01-01 00:00:00.0","2019-12-31 00:00:00.0"
"Lanco","Honorarios","Contrato A Honorarios","A Suma Alzada","Maicol Andres Aguilera Pulgar","","SIN INFORMACION","","","2019-08-06 00:00:00.0","2019-12-31 00:00:00.0"
"Lanco","Honorarios","Contrato A Honorarios","A Suma Alzada","Yarikxa Isxamar Cartes Reyes","","SIN INFORMACION","","","2019-01-01 00:00:00.0","2019-12-31 00:00:00.0"
"Lanco","Honorarios","Contrato A Honorarios","A Suma Alzada","Ruben Esteban Villablanca Irribarra","","SIN INFORMACION","","","2019-07-01 00:00:00.0","2019-07-12 00:00:00.0"
"Lanco","Honorarios","Contrato A Honorarios","A Suma Alzada","Maria Fernanda Riquelme Calsadilla","","SIN INFORMACION","","","2019-03-01 00:00:00.0","2019-08-31 00:00:00.0"
"Lanco","Honorarios","Contrato A Honorarios","A Suma Alzada","Gabriel Alfredo Ulloa Carrillo","","SIN INFORMACION","","","2019-07-01 00:00:00.0","2019-07-31 00:00:00.0"
"Lanco","Honorarios","Contrato A Honorarios","A Suma Alzada","Jose Alejandro Velasquez","","SIN INFORMACION","","","2019-01-01 00:00:00.0","2019-03-31 00:00:00.0"
"Lanco","Honorarios","Contrato A Honorarios","A Suma Alzada","Juan Carlos Saavedra Neira","","SIN INFORMACION","","","2019-01-01 00:00:00.0","2019-03-31 00:00:00.0"
"Lanco","Honorarios","Contrato A Honorarios","A Suma Alzada","Juan Carlos Wilfredo Ramon Acuña Burgos","","SIN INFORMACION","","","2019-09-01 00:00:00.0","2019-12-31 00:00:00.0"
"Lanco","Honorarios","Contrato A Honorarios","A Suma Alzada","Shintaro Arnoldo Kuramochi Duhalde","","SIN INFORMACION","","","2019-01-01 00:00:00.0","2019-12-31 00:00:00.0"
