"Comuna","Tipo de Contratación","Área","Calidad","Nombre","Cargo","Grado","Planta","Remuneración","Fecha desde","Fecha hasta"
"Pemuco","Contrata","Municipal","Contrata","Sotero Anselmo Vilches Vilchez","Auxiliar","15°","Auxiliares","Escala Municipal","2019-01-01 00:00:00.0","2019-12-31 00:00:00.0"
"Pemuco","Contrata","Municipal","Contrata","Richard  Christian Guajardo Mena","Técnico","11°","Técnicos","Escala Municipal","2019-01-01 00:00:00.0","2019-12-31 00:00:00.0"
"Pemuco","Contrata","Municipal","Contrata","Jose Enrique Medina Laurin","Auxiliar","18°","Auxiliares","Escala Municipal","2019-01-01 00:00:00.0","2019-02-28 00:00:00.0"
"Pemuco","Contrata","Municipal","Contrata","Cesar Manuel Humberto Fariña Jeldres","Auxiliar","18°","Auxiliares","Escala Municipal","2019-01-01 00:00:00.0","2019-12-31 00:00:00.0"
"Pemuco","Contrata","Municipal","Contrata","Pedro Alfonso Henriquez San Martin","Auxiliar","14°","Auxiliares","Escala Municipal","2019-01-01 00:00:00.0","2019-12-31 00:00:00.0"
"Pemuco","Contrata","Municipal","Contrata","Carmen Rosa Sandoval Ortiz","Administrativo","15°","Administrativos","Escala Municipal","2019-01-01 00:00:00.0","2019-12-31 00:00:00.0"
"Pemuco","Contrata","Municipal","Contrata","Marcelo Alexis Ramirez Godoy","Auxiliar","18°","Auxiliares","Escala Municipal","2019-01-01 00:00:00.0","2019-12-31 00:00:00.0"
"Pemuco","Contrata","Municipal","Contrata","Juan Carlos Zapata Troncoso","Auxiliar","18°","Auxiliares","Escala Municipal","2019-01-01 00:00:00.0","2019-12-31 00:00:00.0"
"Pemuco","Contrata","Municipal","Contrata","Miguel Adrian Millar Henriquez","Auxiliar","18°","Auxiliares","Escala Municipal","2019-01-01 00:00:00.0","2019-12-31 00:00:00.0"
"Pemuco","Contrata","Municipal","Contrata","Miguel Angel Zapata Ortiz","Técnico","10°","Técnicos","Escala Municipal","2019-01-01 00:00:00.0","2019-12-31 00:00:00.0"
"Pemuco","Contrata","Municipal","Contrata","Cristian Rodrigo Sandoval Rubilar","Técnico","11°","Técnicos","Escala Municipal","2019-01-01 00:00:00.0","2019-12-31 00:00:00.0"
"Pemuco","Contrata","Municipal","Contrata","Lorena del Rosario Cifuentes Labra¿a","Administrativo","17°","Administrativos","Escala Municipal","2019-01-01 00:00:00.0","2019-12-31 00:00:00.0"
"Pemuco","Contrata","Municipal","Contrata","Ximena Yalile Mu¿oz  Carrasco","Administrativo","17°","Administrativos","Escala Municipal","2019-01-01 00:00:00.0","2019-12-31 00:00:00.0"
"Pemuco","Contrata","Municipal","Contrata","Elia Isabel Garrido Cordova","Administrativo","17°","Administrativos","Escala Municipal","2019-03-01 00:00:00.0","2019-05-31 00:00:00.0"
"Pemuco","Contrata","Municipal","Contrata","Elsa Labraña Quezada","Administrativo","16°","Administrativos","Escala Municipal","2019-03-17 00:00:00.0","2019-12-31 00:00:00.0"
"Pemuco","Contrata","Municipal","Contrata","Juan Andres Ocampo Valenzuela","Administrativo","15°","Administrativos","Escala Municipal","2019-01-01 00:00:00.0","2019-12-31 00:00:00.0"
"Pemuco","Contrata","Municipal","Contrata","Violeta de Las Mercedes Vega Abello","Administrativo","14°","Administrativos","Escala Municipal","2019-01-01 00:00:00.0","2019-12-31 00:00:00.0"
"Pemuco","Contrata","Municipal","Contrata","Paulina Fernanda Beltran  Riffo","Administrativo","17°","Administrativos","Escala Municipal","2019-01-01 00:00:00.0","2019-12-31 00:00:00.0"
"Pemuco","Contrata","Municipal","Contrata","Pablo Alfonso Cortes Mu¿oz","Administrativo","17°","Administrativos","Escala Municipal","2019-01-01 00:00:00.0","2019-12-31 00:00:00.0"
"Pemuco","Contrata","Municipal","Contrata","Sebastian Nicolas Miranda Jara","Auxiliar","18°","Auxiliares","Escala Municipal","2019-01-01 00:00:00.0","2019-12-31 00:00:00.0"
"Pemuco","Contrata","Municipal","Contrata","Jordan Leonel Parra Quezada","Auxiliar","18°","Auxiliares","Escala Municipal","2019-01-01 00:00:00.0","2019-12-31 00:00:00.0"
"Pemuco","Contrata","Municipal","Contrata","Miskhi Yainne Valenzuela Riffo","Administrativo","17°","Administrativos","Escala Municipal","2019-01-01 00:00:00.0","2019-12-31 00:00:00.0"
"Pemuco","Contrata","Municipal","Contrata","Lilia Erudith Contreras Vallejos","Administrativo","15°","Administrativos","Escala Municipal","2019-01-01 00:00:00.0","2019-12-31 00:00:00.0"
