"Comuna","Tipo de Contratación","Área","Calidad","Nombre","Cargo","Grado","Planta","Remuneración","Fecha desde","Fecha hasta"
"Tome","Planta Titular","Salud","Titular","Miriam Elizabeth Garrido San Martin","Administrativo Crea de Salud","SIN INFORMACION","Profesionales Categoría A","Estatuto Atención Primaria de Salud Municipal  Ley N°19.378","2015-10-01 00:00:00.0","1900-01-01 00:00:00.0"
"Tome","Planta Titular","Salud","Titular","Monica Andrea Parra Rebolledo","Auxiliar de Servicio de Salud","SIN INFORMACION","Auxiliares de Servicios de Salud Categoría F","Estatuto Atención Primaria de Salud Municipal  Ley N°19.378","2015-10-01 00:00:00.0","1900-01-01 00:00:00.0"
"Tome","Planta Titular","Salud","Titular","Tatiana Paz Gonzalez Clunes","Profesional","SIN INFORMACION","Profesionales Categoría A","Estatuto Atención Primaria de Salud Municipal  Ley N°19.378","2015-10-01 00:00:00.0","1900-01-01 00:00:00.0"
"Tome","Planta Titular","Salud","Titular","Loreto Solange Sepulveda Ormeño","Técnico Paramedico"," ","Técnicos","Estatuto Atención Primaria de Salud Municipal  Ley N°19.378","2008-05-01 00:00:00.0","1900-01-01 00:00:00.0"
"Tome","Planta Titular","Salud","Titular","Sandra Cecilia Parra Fuentealba","Profesional","SIN INFORMACION","Profesionales Categoría B","Estatuto Atención Primaria de Salud Municipal  Ley N°19.378","2017-03-14 00:00:00.0","1900-01-01 00:00:00.0"
"Tome","Planta Titular","Salud","Titular","Ana Lorena Rivas Reyes","Administrativo Crea de Salud","SIN INFORMACION","Administrativos de Salud Categoría E","Estatuto Atención Primaria de Salud Municipal  Ley N°19.378","2015-10-01 00:00:00.0","1900-01-01 00:00:00.0"
"Tome","Planta Titular","Salud","Titular","Maximo Gonzalo Agurto Parra","Auxiliar de Servicio de Salud","SIN INFORMACION","Auxiliares de Servicios de Salud Categoría F","Estatuto Atención Primaria de Salud Municipal  Ley N°19.378","2015-10-01 00:00:00.0","1900-01-01 00:00:00.0"
"Tome","Planta Titular","Salud","Titular","Erty Ruth Montecino Alarcon","Administrativo Crea de Salud","SIN INFORMACION","Profesionales Categoría A","Estatuto Atención Primaria de Salud Municipal  Ley N°19.378","2015-10-01 00:00:00.0","1900-01-01 00:00:00.0"
"Tome","Planta Titular","Salud","Titular","Marioly Alejandra Ramirez Rojas","Profesional","SIN INFORMACION","Profesionales Categoría B","Estatuto Atención Primaria de Salud Municipal  Ley N°19.378","2015-10-01 00:00:00.0","1900-01-01 00:00:00.0"
"Tome","Planta Titular","Salud","Titular","Marcelo Clemente Valdebenito Ponce","Vigilante"," ","Personal No Pertenece A Planta","Afectos Al Código del Trabajo","2005-09-01 00:00:00.0","1900-01-01 00:00:00.0"
"Tome","Planta Titular","Salud","Titular","Alexis Fernando Alvarez Duran","Administrativo Crea de Salud","SIN INFORMACION","Administrativos de Salud Categoría E","Estatuto Atención Primaria de Salud Municipal  Ley N°19.378","2015-10-01 00:00:00.0","1900-01-01 00:00:00.0"
"Tome","Planta Titular","Salud","Titular","Marcela del Carmen Escalona Troncoso","Técnico de Nivel Superior","SIN INFORMACION","Profesionales Categoría A","Estatuto Atención Primaria de Salud Municipal  Ley N°19.378","2015-10-01 00:00:00.0","1900-01-01 00:00:00.0"
"Tome","Planta Titular","Salud","Titular","Daniel Edgardo Saez Gutierrez","Auxiliar de Servicio de Salud","SIN INFORMACION","Auxiliares de Servicios de Salud Categoría F","Estatuto Atención Primaria de Salud Municipal  Ley N°19.378","2016-10-01 00:00:00.0","1900-01-01 00:00:00.0"
"Tome","Planta Titular","Salud","Titular","Carlos Andres Alvarez Hidalgo","Auxiliar de Servicio de Salud","SIN INFORMACION","Auxiliares de Servicios de Salud Categoría F","Estatuto Atención Primaria de Salud Municipal  Ley N°19.378","2015-10-01 00:00:00.0","1900-01-01 00:00:00.0"
"Tome","Planta Titular","Salud","Titular","Claudia Andrea Acevedo Salgado","Profesional","SIN INFORMACION","Profesionales Categoría A","Estatuto Atención Primaria de Salud Municipal  Ley N°19.378","2015-10-01 00:00:00.0","1900-01-01 00:00:00.0"
"Tome","Planta Titular","Salud","Titular","Lorena Angelica Espinoza Vera","Profesional","SIN INFORMACION","Profesionales Categoría B","Estatuto Atención Primaria de Salud Municipal  Ley N°19.378","2015-10-01 00:00:00.0","1900-01-01 00:00:00.0"
"Tome","Planta Titular","Salud","Titular","Cristian Eliseo Iturra Latorre","Profesional","SIN INFORMACION","Profesionales Categoría B","Estatuto Atención Primaria de Salud Municipal  Ley N°19.378","2015-10-01 00:00:00.0","1900-01-01 00:00:00.0"
"Tome","Planta Titular","Salud","Titular","Roxana Carmen Araya Mora","Administrativo Crea de Salud","SIN INFORMACION","Administrativos de Salud Categoría E","Estatuto Atención Primaria de Salud Municipal  Ley N°19.378","2015-10-01 00:00:00.0","1900-01-01 00:00:00.0"
"Tome","Planta Titular","Salud","Titular","Alex Ariel Avila Rivera","Auxiliar de Servicio de Salud","SIN INFORMACION","Auxiliares de Servicios de Salud Categoría F","Estatuto Atención Primaria de Salud Municipal  Ley N°19.378","2015-10-01 00:00:00.0","1900-01-01 00:00:00.0"
"Tome","Planta Titular","Salud","Titular","Augusto Alfredo Espinoza Narvaez","Jefe"," ","Jefaturas","Escala Atención Primaria de Salud Municipal","2013-01-01 00:00:00.0","1900-01-01 00:00:00.0"
"Tome","Planta Titular","Salud","Titular","Elizabeth Carmen Escalona Santos","Técnico de Nivel Superior","SIN INFORMACION","Técnicos de Nivel Superior Categoría C","Estatuto Atención Primaria de Salud Municipal  Ley N°19.378","2015-10-01 00:00:00.0","1900-01-01 00:00:00.0"
"Tome","Planta Titular","Salud","Titular","Carlos Marcelo Zambrano Carrasco","Profesional","SIN INFORMACION","Profesionales Categoría B","Estatuto Atención Primaria de Salud Municipal  Ley N°19.378","2015-10-01 00:00:00.0","1900-01-01 00:00:00.0"
"Tome","Planta Titular","Salud","Titular","Gonzalo  Esteban Molina  Cardena","Administrativo Crea de Salud","SIN INFORMACION","Auxiliares de Servicios de Salud Categoría F","Estatuto Atención Primaria de Salud Municipal  Ley N°19.378","2015-10-01 00:00:00.0","1900-01-01 00:00:00.0"
"Tome","Planta Titular","Salud","Titular","Claudia Andrea Canales Vergara","Profesional","SIN INFORMACION","Profesionales Categoría B","Estatuto Atención Primaria de Salud Municipal  Ley N°19.378","2015-10-01 00:00:00.0","1900-01-01 00:00:00.0"
"Tome","Planta Titular","Salud","Titular","Jorge Hernan Esquivel San Martin","Profesional","SIN INFORMACION","Profesionales Categoría B","Estatuto Atención Primaria de Salud Municipal  Ley N°19.378","2015-10-01 00:00:00.0","1900-01-01 00:00:00.0"
"Tome","Planta Titular","Salud","Titular","Marlen Jimena Castillo  Moraga","Técnico de Nivel Superior","SIN INFORMACION","Técnicos de Nivel Superior Categoría C","Estatuto Atención Primaria de Salud Municipal  Ley N°19.378","2015-10-01 00:00:00.0","1900-01-01 00:00:00.0"
"Tome","Planta Titular","Salud","Titular","Carolina del Carmen Ortiz Fuentes","Técnico de Nivel Superior","SIN INFORMACION","Técnicos de Nivel Superior Categoría C","Estatuto Atención Primaria de Salud Municipal  Ley N°19.378","2015-10-01 00:00:00.0","1900-01-01 00:00:00.0"
"Tome","Planta Titular","Salud","Titular","Yusset Elizabeth Puentes Torres","Técnico Paramedico"," ","Técnicos","Estatuto Atención Primaria de Salud Municipal  Ley N°19.378","2009-09-01 00:00:00.0","1900-01-01 00:00:00.0"
"Tome","Planta Titular","Salud","Titular","Sandra Marcela Riquelme Balboa","Profesional","SIN INFORMACION","Profesionales Categoría B","Estatuto Atención Primaria de Salud Municipal  Ley N°19.378","2015-10-01 00:00:00.0","1900-01-01 00:00:00.0"
"Tome","Planta Titular","Salud","Titular","Viviana Andrea Fernandez  Caceres","Técnico de Nivel Superior","SIN INFORMACION","Técnicos de Nivel Superior Categoría C","Estatuto Atención Primaria de Salud Municipal  Ley N°19.378","2015-10-01 00:00:00.0","1900-01-01 00:00:00.0"
"Tome","Planta Titular","Salud","Titular","Natalia Grace Muñoz Reyes","Profesional","SIN INFORMACION","Profesionales Categoría B","Estatuto Atención Primaria de Salud Municipal  Ley N°19.378","2015-10-01 00:00:00.0","1900-01-01 00:00:00.0"
"Tome","Planta Titular","Salud","Titular","Juan Alejandro Ramirez  Sanhueza","Profesional","SIN INFORMACION","Profesionales Categoría B","Estatuto Atención Primaria de Salud Municipal  Ley N°19.378","2015-10-01 00:00:00.0","1900-01-01 00:00:00.0"
"Tome","Planta Titular","Salud","Titular","Evelyn Marilyn Concha Quijada","Asistente Social"," ","Personal No Pertenece A Planta","Estatuto Atención Primaria de Salud Municipal  Ley N°19.378","2006-12-18 00:00:00.0","1900-01-01 00:00:00.0"
"Tome","Planta Titular","Salud","Titular","Carola Andrea Esparza Medina","Administrativo Crea de Salud","SIN INFORMACION","Administrativos de Salud Categoría E","Estatuto Atención Primaria de Salud Municipal  Ley N°19.378","2015-10-01 00:00:00.0","1900-01-01 00:00:00.0"
"Tome","Planta Titular","Salud","Titular","Claudia  Alejandra Leal  Aguilera","Técnico de Nivel Superior","SIN INFORMACION","Técnicos de Nivel Superior Categoría C","Estatuto Atención Primaria de Salud Municipal  Ley N°19.378","2015-10-01 00:00:00.0","1900-01-01 00:00:00.0"
"Tome","Planta Titular","Salud","Titular","Rogelio Andres Vivero Ibañez","Profesional","SIN INFORMACION","Profesionales Categoría B","Estatuto Atención Primaria de Salud Municipal  Ley N°19.378","2015-10-01 00:00:00.0","1900-01-01 00:00:00.0"
"Tome","Planta Titular","Salud","Titular","Magaly Beatriz Mendez Bastidas","Profesional","SIN INFORMACION","Profesionales Categoría B","Estatuto Atención Primaria de Salud Municipal  Ley N°19.378","2015-10-01 00:00:00.0","1900-01-01 00:00:00.0"
"Tome","Planta Titular","Salud","Titular","Mariela Soledad Fuentes Concha","Profesional","SIN INFORMACION","Profesionales Categoría A","Estatuto Atención Primaria de Salud Municipal  Ley N°19.378","2014-11-03 00:00:00.0","1900-01-01 00:00:00.0"
"Tome","Planta Titular","Salud","Titular","Cinthya Alejandra Muñoz Moraga","Profesional","SIN INFORMACION","Profesionales Categoría B","Estatuto Atención Primaria de Salud Municipal  Ley N°19.378","2015-10-01 00:00:00.0","1900-01-01 00:00:00.0"
"Tome","Planta Titular","Salud","Titular","Valeska Andrea Concha Garrido","Técnico de Nivel Superior","SIN INFORMACION","Técnicos de Nivel Superior Categoría C","Estatuto Atención Primaria de Salud Municipal  Ley N°19.378","2015-10-01 00:00:00.0","1900-01-01 00:00:00.0"
"Tome","Planta Titular","Salud","Titular","Flavia Alejandra Diaz Yevenes","Profesional","SIN INFORMACION","Profesionales Categoría A","Estatuto Atención Primaria de Salud Municipal  Ley N°19.378","2015-10-01 00:00:00.0","1900-01-01 00:00:00.0"
"Tome","Planta Titular","Salud","Titular","Elizabeth Andrea  Herrera Diaz","Profesional","SIN INFORMACION","Profesionales Categoría B","Estatuto Atención Primaria de Salud Municipal  Ley N°19.378","2015-10-01 00:00:00.0","1900-01-01 00:00:00.0"
"Tome","Planta Titular","Salud","Titular","Andrea Alejandra Albornoz Torres","Técnico de Nivel Superior","SIN INFORMACION","Profesionales Categoría A","Estatuto Atención Primaria de Salud Municipal  Ley N°19.378","2015-10-01 00:00:00.0","1900-01-01 00:00:00.0"
"Tome","Planta Titular","Salud","Titular","Romina Lourdes Mejias Miranda","Profesional","SIN INFORMACION","Profesionales Categoría B","Estatuto Atención Primaria de Salud Municipal  Ley N°19.378","2015-10-01 00:00:00.0","1900-01-01 00:00:00.0"
"Tome","Planta Titular","Salud","Titular","Dayana Margarita Cartes Peña","Profesional","SIN INFORMACION","Profesionales Categoría B","Estatuto Atención Primaria de Salud Municipal  Ley N°19.378","2015-10-01 00:00:00.0","1900-01-01 00:00:00.0"
"Tome","Planta Titular","Salud","Titular","Mauricio Adolfo Ortiz Mora","Técnico de Nivel Superior","SIN INFORMACION","Técnicos de Nivel Superior Categoría C","Estatuto Atención Primaria de Salud Municipal  Ley N°19.378","2015-10-01 00:00:00.0","1900-01-01 00:00:00.0"
"Tome","Planta Titular","Salud","Titular","Patricia Andrea Neira Hermosilla","Profesional","SIN INFORMACION","Profesionales Categoría B","Estatuto Atención Primaria de Salud Municipal  Ley N°19.378","2015-10-01 00:00:00.0","1900-01-01 00:00:00.0"
"Tome","Planta Titular","Salud","Titular","Antonio Alejandro Parra Vega","Profesional","SIN INFORMACION","Profesionales Categoría A","Estatuto Atención Primaria de Salud Municipal  Ley N°19.378","2015-10-01 00:00:00.0","1900-01-01 00:00:00.0"
"Tome","Planta Titular","Salud","Titular","Belen Priscilla Saez Martinez","Profesional","SIN INFORMACION","Profesionales Categoría B","Estatuto Atención Primaria de Salud Municipal  Ley N°19.378","2015-10-01 00:00:00.0","1900-01-01 00:00:00.0"
"Tome","Planta Titular","Salud","Titular","Ingrid Margarita Ortiz Hernandez","Profesional","SIN INFORMACION","Profesionales Categoría B","Estatuto Atención Primaria de Salud Municipal  Ley N°19.378","2015-10-01 00:00:00.0","1900-01-01 00:00:00.0"
"Tome","Planta Titular","Salud","Titular","Marjori Andrea Sanhueza Gonzalez","Técnico de Nivel Superior","SIN INFORMACION","Técnicos de Nivel Superior Categoría C","Estatuto Atención Primaria de Salud Municipal  Ley N°19.378","2015-10-01 00:00:00.0","1900-01-01 00:00:00.0"
"Tome","Planta Titular","Salud","Titular","Luisa Alejandra Pinto  Saavedra","Técnico de Nivel Superior","SIN INFORMACION","Técnicos de Nivel Superior Categoría C","Estatuto Atención Primaria de Salud Municipal  Ley N°19.378","2015-10-01 00:00:00.0","1900-01-01 00:00:00.0"
"Tome","Planta Titular","Salud","Titular","Gonzalo Andres Zapata Miere","Técnico de Nivel Superior","SIN INFORMACION","Técnicos de Nivel Superior Categoría C","Estatuto Atención Primaria de Salud Municipal  Ley N°19.378","2015-10-01 00:00:00.0","1900-01-01 00:00:00.0"
"Tome","Planta Titular","Salud","Titular","Jeniffer Aninoska  Garcia  Lagos","Profesional","SIN INFORMACION","Profesionales Categoría A","Estatuto Atención Primaria de Salud Municipal  Ley N°19.378","2015-10-01 00:00:00.0","1900-01-01 00:00:00.0"
"Tome","Planta Titular","Salud","Titular","Juan Cristobal Moraga Sanchez","Profesional","SIN INFORMACION","Profesionales Categoría A","Estatuto Atención Primaria de Salud Municipal  Ley N°19.378","2015-10-01 00:00:00.0","1900-01-01 00:00:00.0"
"Tome","Planta Titular","Salud","Titular","Erika Lorena Sandoval Vergara","Técnico Paramedico"," ","Técnicos","Estatuto Atención Primaria de Salud Municipal  Ley N°19.378","2009-09-01 00:00:00.0","1900-01-01 00:00:00.0"
"Tome","Planta Titular","Salud","Titular","Pablo Mauricio Mege Espinoza","Profesional","SIN INFORMACION","Profesionales Categoría A","Estatuto Atención Primaria de Salud Municipal  Ley N°19.378","2015-10-01 00:00:00.0","1900-01-01 00:00:00.0"
"Tome","Planta Titular","Salud","Titular","Julio Cesar Espejo Solis","Profesional","SIN INFORMACION","Profesionales Categoría B","Estatuto Atención Primaria de Salud Municipal  Ley N°19.378","2015-10-01 00:00:00.0","1900-01-01 00:00:00.0"
"Tome","Planta Titular","Salud","Titular","Francesca Carolina Dominguez  Aguayo","Administrativo Crea de Salud","SIN INFORMACION","Administrativos de Salud Categoría E","Estatuto Atención Primaria de Salud Municipal  Ley N°19.378","2015-10-01 00:00:00.0","1900-01-01 00:00:00.0"
"Tome","Planta Titular","Salud","Titular","Yasna Viviana Perez Rivas","Técnico de Nivel Superior","SIN INFORMACION","Profesionales Categoría A","Estatuto Atención Primaria de Salud Municipal  Ley N°19.378","2015-10-01 00:00:00.0","1900-01-01 00:00:00.0"
"Tome","Planta Titular","Salud","Titular","Claudia Andrea Bravo Silva","Profesional","SIN INFORMACION","Profesionales Categoría B","Estatuto Atención Primaria de Salud Municipal  Ley N°19.378","2015-10-01 00:00:00.0","1900-01-01 00:00:00.0"
"Tome","Planta Titular","Salud","Titular","Nicolas Fernando Contreras Ferrada","Profesional","SIN INFORMACION","Profesionales Categoría A","Estatuto Atención Primaria de Salud Municipal  Ley N°19.378","2015-10-01 00:00:00.0","1900-01-01 00:00:00.0"
"Tome","Planta Titular","Salud","Titular","Gloria Geraldine Trujillo Reyes","Técnico de Nivel Superior","SIN INFORMACION","Técnicos de Nivel Superior Categoría C","Estatuto Atención Primaria de Salud Municipal  Ley N°19.378","2015-10-01 00:00:00.0","1900-01-01 00:00:00.0"
"Tome","Planta Titular","Salud","Titular","Daniela Ivette Silva Diaz","Profesional","SIN INFORMACION","Profesionales Categoría B","Estatuto Atención Primaria de Salud Municipal  Ley N°19.378","2015-10-01 00:00:00.0","1900-01-01 00:00:00.0"
"Tome","Planta Titular","Salud","Titular","Lilian Valeska Orellana Contreras","Técnico de Salud","SIN INFORMACION","Técnicos de Salud Categoría D","Estatuto Atención Primaria de Salud Municipal  Ley N°19.378","2015-10-01 00:00:00.0","1900-01-01 00:00:00.0"
"Tome","Planta Titular","Salud","Titular","Catherine Andrea Rivas Alarcon","Técnico de Nivel Superior","SIN INFORMACION","Técnicos de Nivel Superior Categoría C","Estatuto Atención Primaria de Salud Municipal  Ley N°19.378","2015-10-01 00:00:00.0","1900-01-01 00:00:00.0"
"Tome","Planta Titular","Salud","Titular","Maribel Andrea Pezo Muñoz","Técnico de Nivel Superior","SIN INFORMACION","Técnicos de Nivel Superior Categoría C","Estatuto Atención Primaria de Salud Municipal  Ley N°19.378","2015-10-01 00:00:00.0","1900-01-01 00:00:00.0"
"Tome","Planta Titular","Salud","Titular","Carlos Andres Sandoval Acuña","Profesional","SIN INFORMACION","Profesionales Categoría B","Estatuto Atención Primaria de Salud Municipal  Ley N°19.378","2015-10-01 00:00:00.0","1900-01-01 00:00:00.0"
"Tome","Planta Titular","Salud","Titular","Eyleen Andrea Quinteros Velozo","Profesional","SIN INFORMACION","Profesionales Categoría B","Estatuto Atención Primaria de Salud Municipal  Ley N°19.378","2015-10-01 00:00:00.0","1900-01-01 00:00:00.0"
"Tome","Planta Titular","Salud","Titular","Luis Alejandro Muñoz Olate","Técnico de Nivel Superior","SIN INFORMACION","Técnicos de Nivel Superior Categoría C","Estatuto Atención Primaria de Salud Municipal  Ley N°19.378","2015-10-01 00:00:00.0","1900-01-01 00:00:00.0"
"Tome","Planta Titular","Salud","Titular","Rodrigo Antonio Placencia Bustos","Técnico de Nivel Superior","SIN INFORMACION","Técnicos de Nivel Superior Categoría C","Estatuto Atención Primaria de Salud Municipal  Ley N°19.378","2015-10-01 00:00:00.0","1900-01-01 00:00:00.0"
"Tome","Planta Titular","Salud","Titular","Karina del Carmen Peñaloza Herrera","Profesional","SIN INFORMACION","Profesionales Categoría B","Estatuto Atención Primaria de Salud Municipal  Ley N°19.378","2015-10-01 00:00:00.0","1900-01-01 00:00:00.0"
"Tome","Planta Titular","Salud","Titular","Jorge Andres Burgos Figueroa","Técnico de Nivel Superior","SIN INFORMACION","Técnicos de Nivel Superior Categoría C","Estatuto Atención Primaria de Salud Municipal  Ley N°19.378","2015-10-01 00:00:00.0","1900-01-01 00:00:00.0"
"Tome","Planta Titular","Salud","Titular","Yasnaya Jacqueline Vidal Neira","Técnico de Nivel Superior","SIN INFORMACION","Técnicos de Nivel Superior Categoría C","Estatuto Atención Primaria de Salud Municipal  Ley N°19.378","2015-10-01 00:00:00.0","1900-01-01 00:00:00.0"
"Tome","Planta Titular","Salud","Titular","Daniela Paz Soto Vargas","Profesional","SIN INFORMACION","Profesionales Categoría B","Estatuto Atención Primaria de Salud Municipal  Ley N°19.378","2015-10-01 00:00:00.0","1900-01-01 00:00:00.0"
"Tome","Planta Titular","Salud","Titular","Roberto Andres Perez Jara","Técnico de Nivel Superior","SIN INFORMACION","Técnicos de Nivel Superior Categoría C","Estatuto Atención Primaria de Salud Municipal  Ley N°19.378","2015-10-01 00:00:00.0","1900-01-01 00:00:00.0"
"Tome","Planta Titular","Salud","Titular","Viviana Andrea Ruiz Chandía","Técnico de Nivel Superior","SIN INFORMACION","Técnicos de Nivel Superior Categoría C","Estatuto Atención Primaria de Salud Municipal  Ley N°19.378","2015-10-01 00:00:00.0","1900-01-01 00:00:00.0"
"Tome","Planta Titular","Salud","Titular","Rosa Maria Pesantes Castillo","Profesional","SIN INFORMACION","Profesionales Categoría A","Estatuto Atención Primaria de Salud Municipal  Ley N°19.378","2015-10-01 00:00:00.0","1900-01-01 00:00:00.0"
"Tome","Planta Titular","Salud","Titular","Jose Robinson Chandia Gonzalez","Administrativo Crea de Salud","SIN INFORMACION","Auxiliares de Servicios de Salud Categoría F","Estatuto Atención Primaria de Salud Municipal  Ley N°19.378","2015-10-01 00:00:00.0","1900-01-01 00:00:00.0"
"Tome","Planta Titular","Salud","Titular","Lilian Vivanco Luengo","Profesional","SIN INFORMACION","Profesionales Categoría A","Estatuto Atención Primaria de Salud Municipal  Ley N°19.378","2015-10-01 00:00:00.0","1900-01-01 00:00:00.0"
"Tome","Planta Titular","Salud","Titular","Jose Ricardo Constanzo San Martin","Auxiliar de Servicio de Salud","SIN INFORMACION","Auxiliares de Servicios de Salud Categoría F","Estatuto Atención Primaria de Salud Municipal  Ley N°19.378","2015-10-01 00:00:00.0","1900-01-01 00:00:00.0"
"Tome","Planta Titular","Salud","Titular","Richard Antonio Gonzalez Miranda","Auxiliar de Servicio de Salud","SIN INFORMACION","Auxiliares de Servicios de Salud Categoría F","Estatuto Atención Primaria de Salud Municipal  Ley N°19.378","2015-10-01 00:00:00.0","1900-01-01 00:00:00.0"
"Tome","Planta Titular","Salud","Titular","Rosa Elena Medina Sanchez","Técnico"," ","Técnicos","Escala Atención Primaria de Salud Municipal","2011-10-15 00:00:00.0","1900-01-01 00:00:00.0"
"Tome","Planta Titular","Salud","Titular","Mario Andres Valdebenito Mardones","Profesional","SIN INFORMACION","Profesionales Categoría B","Estatuto Atención Primaria de Salud Municipal  Ley N°19.378","2015-10-01 00:00:00.0","1900-01-01 00:00:00.0"
"Tome","Planta Titular","Salud","Titular","Sandra Ester Gonzalez Roa","Profesional","SIN INFORMACION","Profesionales Categoría B","Estatuto Atención Primaria de Salud Municipal  Ley N°19.378","2019-03-11 00:00:00.0","1900-01-01 00:00:00.0"
"Tome","Planta Titular","Salud","Titular","Hector Rolando Moena Vasquez","Auxiliar de Servicio de Salud","SIN INFORMACION","Auxiliares de Servicios de Salud Categoría F","Estatuto Atención Primaria de Salud Municipal  Ley N°19.378","2015-10-01 00:00:00.0","1900-01-01 00:00:00.0"
"Tome","Planta Titular","Salud","Titular","Ricardo Alfonso Gundel Diaz","Auxiliar de Servicio de Salud","SIN INFORMACION","Auxiliares de Servicios de Salud Categoría F","Estatuto Atención Primaria de Salud Municipal  Ley N°19.378","2015-10-01 00:00:00.0","1900-01-01 00:00:00.0"
"Tome","Planta Titular","Salud","Titular","Lientur Eduardo Vasquez Ascencio","Medico Cirujano"," ","Profesionales","Escala Atención Primaria de Salud Municipal","2001-06-01 00:00:00.0","1900-01-01 00:00:00.0"
"Tome","Planta Titular","Salud","Titular","Miguel Angel Muñoz Aravena","Auxiliar de Servicio de Salud","SIN INFORMACION","Auxiliares de Servicios de Salud Categoría F","Estatuto Atención Primaria de Salud Municipal  Ley N°19.378","2015-10-01 00:00:00.0","1900-01-01 00:00:00.0"
"Tome","Planta Titular","Salud","Titular","Juan David Velasquez Maldonado","Administrativo Crea de Salud","SIN INFORMACION","Administrativos de Salud Categoría E","Estatuto Atención Primaria de Salud Municipal  Ley N°19.378","2015-10-01 00:00:00.0","1900-01-01 00:00:00.0"
"Tome","Planta Titular","Salud","Titular","Hector Hugo Carrillo de La Torre","Auxiliar de Servicio de Salud","SIN INFORMACION","Auxiliares de Servicios de Salud Categoría F","Estatuto Atención Primaria de Salud Municipal  Ley N°19.378","2015-10-01 00:00:00.0","1900-01-01 00:00:00.0"
"Tome","Planta Titular","Salud","Titular","Eduardo Luis Gallegos Ibaceta","Auxiliar de Servicio de Salud","SIN INFORMACION","Auxiliares de Servicios de Salud Categoría F","Estatuto Atención Primaria de Salud Municipal  Ley N°19.378","2015-10-01 00:00:00.0","1900-01-01 00:00:00.0"
