"Comuna","Tipo de Contratación","Área","Calidad","Nombre","Cargo","Grado","Planta","Remuneración","Fecha desde","Fecha hasta"
"La Union","Codigo del Trabajo","Municipal","Código del Trabajo","Claudio Gerardo Ruiz Montecinos","Auxiliar de Servicios"," ","Funcionarios","Afectos Al Código del Trabajo","2014-03-01 00:00:00.0","1900-01-01 00:00:00.0"
"La Union","Codigo del Trabajo","Municipal","Código del Trabajo","Cyntia Alejandra Barichivich Barria","Asistente Parvularia"," ","Funcionarios","Afectos Al Código del Trabajo","2013-03-01 00:00:00.0","1900-01-01 00:00:00.0"
"La Union","Codigo del Trabajo","Municipal","Código del Trabajo","Angela del Pilar Reyes Reyes","Auxiliar de Servicios"," ","Funcionarios","Afectos Al Código del Trabajo","2014-03-01 00:00:00.0","1900-01-01 00:00:00.0"
"La Union","Codigo del Trabajo","Municipal","Código del Trabajo","Macarena Soledad Pezo Contreras","Auxiliar de Párvulos"," ","Funcionarios","Afectos Al Código del Trabajo","2014-03-01 00:00:00.0","1900-01-01 00:00:00.0"
"La Union","Codigo del Trabajo","Municipal","Código del Trabajo","Carlos Arturo Pereira Cifuentes","Auxiliar de Servicios"," ","Funcionarios","Afectos Al Código del Trabajo","2014-03-01 00:00:00.0","1900-01-01 00:00:00.0"
"La Union","Codigo del Trabajo","Municipal","Código del Trabajo","Gerardo Javier Matamala Moreno","Auxiliar de Servicios"," ","Funcionarios","Afectos Al Código del Trabajo","2014-03-01 00:00:00.0","1900-01-01 00:00:00.0"
