"Comuna","Tipo de Contratación","Área","Calidad","Nombre","Cargo","Grado","Planta","Remuneración","Fecha desde","Fecha hasta"
"La Union","Planta Titular","Sin Clasificación","Titular","Werner Alex Cardenas Danner","Medico Cirujano"," ","Empleados","","2004-11-15 00:00:00.0","1900-01-01 00:00:00.0"
"La Union","Planta Titular","Sin Clasificación","Titular","Cecilia Emilce Uribe Solis","Administrativo"," ","Personal Titular","Escala Atención Primaria de Salud Municipal","1988-10-10 00:00:00.0","1900-01-01 00:00:00.0"
"La Union","Planta Titular","Sin Clasificación","Titular","Flor Cecilia Barichivich Muñoz","Administrativo"," ","Personal Titular","Escala Atención Primaria de Salud Municipal","1988-08-01 00:00:00.0","1900-01-01 00:00:00.0"
"La Union","Planta Titular","Sin Clasificación","Titular","Marcela Paz Cares Cares","Director de Control","7°","Directivos","Escala Única de Sueldos","1996-12-01 00:00:00.0","1900-01-01 00:00:00.0"
"La Union","Planta Titular","Sin Clasificación","Titular","Andres Enrique Gutierrez Agüero","Administrativo","15°","Administrativos","Escala Municipal","2010-05-27 00:00:00.0","1900-01-01 00:00:00.0"
"La Union","Planta Titular","Sin Clasificación","Titular","Berta Patricia Solis Reyes","Técnico"," ","Personal Titular","Escala Atención Primaria de Salud Municipal","1992-02-03 00:00:00.0","1900-01-01 00:00:00.0"
"La Union","Planta Titular","Sin Clasificación","Titular","Marcia Guillermina Vargas Torres","Asistente Social"," ","Profesionales","","2007-07-01 00:00:00.0","1900-01-01 00:00:00.0"
"La Union","Planta Titular","Sin Clasificación","Titular","Alfredo Esteban Ferrada Reyes","Auxiliar"," ","Personal Titular","Escala Atención Primaria de Salud Municipal","1990-11-02 00:00:00.0","1900-01-01 00:00:00.0"
"La Union","Planta Titular","Sin Clasificación","Titular","Jorge Arturo Peñailillo Casas","Enfermero(a)"," ","Personal Titular","Escala Atención Primaria de Salud Municipal","2011-07-01 00:00:00.0","1900-01-01 00:00:00.0"
"La Union","Planta Titular","Sin Clasificación","Titular","Solange Graciela Mardones Barichivich","Administrativo"," ","Personal Titular","Escala Atención Primaria de Salud Municipal","2011-07-01 00:00:00.0","1900-01-01 00:00:00.0"
"La Union","Planta Titular","Sin Clasificación","Titular","Marlys Fabiola Silva Araya","Técnico"," ","Personal Titular","Escala Atención Primaria de Salud Municipal","1994-09-13 00:00:00.0","1900-01-01 00:00:00.0"
"La Union","Planta Titular","Sin Clasificación","Titular","Ana Angelica Muñoz Salazar","Técnico"," ","Personal Titular","Escala Atención Primaria de Salud Municipal","2011-07-01 00:00:00.0","1900-01-01 00:00:00.0"
"La Union","Planta Titular","Sin Clasificación","Titular","Veronica Marisol Loncomilla Velasquez","Asistente Social"," ","Personal Titular","Escala Atención Primaria de Salud Municipal","2011-07-01 00:00:00.0","1900-01-01 00:00:00.0"
"La Union","Planta Titular","Sin Clasificación","Titular","Eduardo Andres Bautista Fernandez Vidal","Psicólogo"," ","Personal Titular","Escala Atención Primaria de Salud Municipal","2011-07-01 00:00:00.0","1900-01-01 00:00:00.0"
"La Union","Planta Titular","Sin Clasificación","Titular","Maria Isolde Asencio Morales","Técnico"," ","Técnicos","Escala Atención Primaria de Salud Municipal","2010-11-01 00:00:00.0","1900-01-01 00:00:00.0"
"La Union","Planta Titular","Sin Clasificación","Titular","Fidelina del Carmen Villagra Araneda","Matrona"," ","Personal Titular","Escala Atención Primaria de Salud Municipal","2011-07-01 00:00:00.0","1900-01-01 00:00:00.0"
"La Union","Planta Titular","Sin Clasificación","Titular","Maria Soledad Contreras Contreras","Administrativo"," ","Administrativos","Escala Atención Primaria de Salud Municipal","2010-11-01 00:00:00.0","1900-01-01 00:00:00.0"
"La Union","Planta Titular","Sin Clasificación","Titular","Katherine Vanessa Habit Rudnick","Asistente Social"," ","Personal Titular","Escala Atención Primaria de Salud Municipal","2011-07-01 00:00:00.0","1900-01-01 00:00:00.0"
"La Union","Planta Titular","Sin Clasificación","Titular","Natalia Loreto Concha Ojeda","Matrona"," ","Personal Titular","Escala Atención Primaria de Salud Municipal","2011-07-01 00:00:00.0","1900-01-01 00:00:00.0"
"La Union","Planta Titular","Sin Clasificación","Titular","Paula Ines Vera Maureira","Kinesiologo"," ","Personal Titular","Escala Atención Primaria de Salud Municipal","2011-07-01 00:00:00.0","1900-01-01 00:00:00.0"
"La Union","Planta Titular","Sin Clasificación","Titular","Sergio Mauricio Neira Cañoles","Técnico"," ","Personal Titular","Escala Atención Primaria de Salud Municipal","2011-07-01 00:00:00.0","1900-01-01 00:00:00.0"
"La Union","Planta Titular","Sin Clasificación","Titular","Maria Cristina Soto Carrasco","Matrona"," ","Personal Titular","Escala Atención Primaria de Salud Municipal","2011-07-01 00:00:00.0","1900-01-01 00:00:00.0"
"La Union","Planta Titular","Sin Clasificación","Titular","Cecilia Noemi Alvarez Reyes","Administrativo","16°","Administrativos","Escala Municipal","2010-05-27 00:00:00.0","1900-01-01 00:00:00.0"
"La Union","Planta Titular","Sin Clasificación","Titular","Giovanna Luzberth Alvarez Molina","Técnico"," ","Personal Titular","Escala Atención Primaria de Salud Municipal","2011-07-01 00:00:00.0","1900-01-01 00:00:00.0"
"La Union","Planta Titular","Sin Clasificación","Titular","Darling Veronica Barria Ovalle","Administrativo","15°","Administrativos","Escala Municipal","2010-05-27 00:00:00.0","1900-01-01 00:00:00.0"
"La Union","Planta Titular","Sin Clasificación","Titular","Mabel Alejandra Riveros Kaechele","Enfermero(a)"," ","Personal Titular","Escala Atención Primaria de Salud Municipal","2011-07-01 00:00:00.0","1900-01-01 00:00:00.0"
"La Union","Planta Titular","Sin Clasificación","Titular","Luis Alberto Holguin Rendon","Cirujano Dentista"," ","Profesionales","","2007-07-01 00:00:00.0","1900-01-01 00:00:00.0"
"La Union","Planta Titular","Sin Clasificación","Titular","Cecilia Andrea Diaz Diaz","Técnico"," ","Personal Titular","Escala Atención Primaria de Salud Municipal","2011-07-01 00:00:00.0","1900-01-01 00:00:00.0"
"La Union","Planta Titular","Sin Clasificación","Titular","Juan Antonio Tranamil Tranamil","Técnico"," ","Técnicos","Escala Atención Primaria de Salud Municipal","2010-11-01 00:00:00.0","1900-01-01 00:00:00.0"
"La Union","Planta Titular","Sin Clasificación","Titular","Daniela Marbel Guarda Patiño","Cirujano Dentista"," ","Personal Titular","Escala Atención Primaria de Salud Municipal","2011-07-01 00:00:00.0","1900-01-01 00:00:00.0"
"La Union","Planta Titular","Sin Clasificación","Titular","Mariluz Natalia Gomez Curipan","Kinesiologo"," ","Personal Titular","Escala Atención Primaria de Salud Municipal","2011-07-01 00:00:00.0","1900-01-01 00:00:00.0"
"La Union","Planta Titular","Sin Clasificación","Titular","Germana Ines Peña Pinuer","Auxiliar","16°","Auxiliares","Escala Municipal","2010-05-27 00:00:00.0","1900-01-01 00:00:00.0"
"La Union","Planta Titular","Sin Clasificación","Titular","Evelyn Alejandra Ortiz Villanueva","Docente"," ","Docente","Escala Profesionales de La Educación Llay 19.070)","2014-03-01 00:00:00.0","1900-01-01 00:00:00.0"
"La Union","Planta Titular","Sin Clasificación","Titular","Roberto Mario Neira Jaramillo","Chófer"," ","Personal Titular","Escala Atención Primaria de Salud Municipal","1988-09-01 00:00:00.0","1900-01-01 00:00:00.0"
"La Union","Planta Titular","Sin Clasificación","Titular","Graciela Leal Ordenes","Técnico"," ","Personal Titular","Escala Atención Primaria de Salud Municipal","1988-09-01 00:00:00.0","1900-01-01 00:00:00.0"
"La Union","Planta Titular","Sin Clasificación","Titular","Juan Hernan Bustos Vasquez","Técnico"," ","Personal Titular","Escala Atención Primaria de Salud Municipal","1988-09-01 00:00:00.0","1900-01-01 00:00:00.0"
"La Union","Planta Titular","Sin Clasificación","Titular","Jose Francisco Montesinos Delgado","Auxiliar"," ","Personal Titular","Escala Atención Primaria de Salud Municipal","1988-09-01 00:00:00.0","1900-01-01 00:00:00.0"
"La Union","Planta Titular","Sin Clasificación","Titular","Octavio Sebastian Moreira Espinoza","Auxiliar","15°","Auxiliares","Escala Municipal","2010-05-27 00:00:00.0","1900-01-01 00:00:00.0"
"La Union","Planta Titular","Sin Clasificación","Titular","Luis Alberto Merino Oyarzun","Auxiliar","15°","Empleados","Escala Municipal","2009-07-18 00:00:00.0","1900-01-01 00:00:00.0"
"La Union","Planta Titular","Sin Clasificación","Titular","Hector Marcelo Vera Lorca","Técnico"," ","Personal Titular","Escala Atención Primaria de Salud Municipal","1987-02-02 00:00:00.0","1900-01-01 00:00:00.0"
"La Union","Planta Titular","Sin Clasificación","Titular","Roberto Segundo Lopez Villarroel","Enfermero(a)"," ","Personal Titular","Escala Atención Primaria de Salud Municipal","1988-07-04 00:00:00.0","1900-01-01 00:00:00.0"
"La Union","Planta Titular","Sin Clasificación","Titular","Maria Alejandra Delicia Cardemil Lopez","Técnico"," ","Personal Titular","Escala Atención Primaria de Salud Municipal","1994-04-25 00:00:00.0","1900-01-01 00:00:00.0"
"La Union","Planta Titular","Sin Clasificación","Titular","Darling Claudett Espinoza Marcos","Profesional"," ","Profesionales","","2004-11-15 00:00:00.0","1900-01-01 00:00:00.0"
"La Union","Planta Titular","Sin Clasificación","Titular","Mario Colilef Imilmaqui","Técnico"," ","Personal Titular","Escala Atención Primaria de Salud Municipal","1987-02-02 00:00:00.0","1900-01-01 00:00:00.0"
"La Union","Planta Titular","Sin Clasificación","Titular","Maria Sonia Asenjo Vidal","Técnico"," ","Técnicos","","2007-01-01 00:00:00.0","1900-01-01 00:00:00.0"
"La Union","Planta Titular","Sin Clasificación","Titular","Marlene Soledad Contreras Montecinos","Administrativo"," ","Personal Titular","Escala Atención Primaria de Salud Municipal","2011-07-01 00:00:00.0","1900-01-01 00:00:00.0"
"La Union","Planta Titular","Sin Clasificación","Titular","Carlos Segundo Muñoz Rodriguez","Técnico"," ","Personal Titular","Escala Atención Primaria de Salud Municipal","1987-02-02 00:00:00.0","1900-01-01 00:00:00.0"
"La Union","Planta Titular","Sin Clasificación","Titular","Clara Margarita Tapia Rosas","Matrona"," ","Personal Titular","Escala Atención Primaria de Salud Municipal","1988-08-04 00:00:00.0","1900-01-01 00:00:00.0"
"La Union","Planta Titular","Sin Clasificación","Titular","Marion Isabel Bravo Martinez","Administrativo","12°","Administrativos","Escala Municipal","2010-05-27 00:00:00.0","1900-01-01 00:00:00.0"
"La Union","Planta Titular","Sin Clasificación","Titular","Valentina del Carmen Heinshon Calisto","Técnico"," ","Personal Titular","Escala Atención Primaria de Salud Municipal","1988-09-01 00:00:00.0","1900-01-01 00:00:00.0"
"La Union","Planta Titular","Sin Clasificación","Titular","Leonidas Segundo Vasquez Soto","Auxiliar","15°","Auxiliares","Escala Municipal","2010-05-27 00:00:00.0","1900-01-01 00:00:00.0"
"La Union","Planta Titular","Sin Clasificación","Titular","Eloina Rosalia Gonzalez Oporto","Técnico"," ","Técnicos","","2007-07-01 00:00:00.0","1900-01-01 00:00:00.0"
"La Union","Planta Titular","Sin Clasificación","Titular","Iris Jaqueline Lopetegui Molina","Enfermero(a)"," ","Personal Titular","Escala Atención Primaria de Salud Municipal","1988-09-01 00:00:00.0","1900-01-01 00:00:00.0"
"La Union","Planta Titular","Sin Clasificación","Titular","Patricia Yolanda Miranda Mancilla","Docente"," ","Empleados","Escala Profesionales de La Educación Llay 19.070)","2010-03-22 00:00:00.0","1900-01-01 00:00:00.0"
"La Union","Planta Titular","Sin Clasificación","Titular","Carlos Rinaldo Angulo Jiliberto","Auxiliar","16°","Empleados","Escala Municipal","2009-07-18 00:00:00.0","1900-01-01 00:00:00.0"
"La Union","Planta Titular","Sin Clasificación","Titular","Maria Teresa Barria Guarda","Administrativo"," ","Personal Titular","Escala Atención Primaria de Salud Municipal","1988-09-01 00:00:00.0","1900-01-01 00:00:00.0"
"La Union","Planta Titular","Sin Clasificación","Titular","Helbio Enrique Navarro Martinez","Administrativo"," ","Personal Titular","Escala Atención Primaria de Salud Municipal","1996-01-01 00:00:00.0","1900-01-01 00:00:00.0"
"La Union","Planta Titular","Sin Clasificación","Titular","Eliana Julieta Birke Tellez","Enfermero(a)"," ","Profesionales","","2007-07-01 00:00:00.0","1900-01-01 00:00:00.0"
"La Union","Planta Titular","Sin Clasificación","Titular","Ulises Fernandez Millar","Técnico"," ","Personal Titular","Escala Atención Primaria de Salud Municipal","1982-05-03 00:00:00.0","1900-01-01 00:00:00.0"
"La Union","Planta Titular","Sin Clasificación","Titular","Ana Patricia Rosas Carrillo","Técnico"," ","Personal Titular","Escala Atención Primaria de Salud Municipal","1988-09-26 00:00:00.0","1900-01-01 00:00:00.0"
"La Union","Planta Titular","Sin Clasificación","Titular","Oscar Tercero Solano Solis","Docente"," ","Docente","Escala Profesionales de La Educación Llay 19.070)","2014-03-01 00:00:00.0","1900-01-01 00:00:00.0"
"La Union","Planta Titular","Sin Clasificación","Titular","Graciela Veronica Poffalt Maldonado","Profesional"," ","Personal Titular","Escala Atención Primaria de Salud Municipal","2011-07-01 00:00:00.0","1900-01-01 00:00:00.0"
"La Union","Planta Titular","Sin Clasificación","Titular","Ema Isabel Gonzalez Quezada","Administrativo","14°","Administrativos","Escala Municipal","2010-05-27 00:00:00.0","1900-01-01 00:00:00.0"
"La Union","Planta Titular","Sin Clasificación","Titular","Pedro Erick Gatica Miranda","Auxiliar","17°","Auxiliares","Personal Afecto Al D.l. 249/74","2013-05-01 00:00:00.0","1900-01-01 00:00:00.0"
"La Union","Planta Titular","Sin Clasificación","Titular","Wilson Moises Miranda Molina","Docente"," ","Docente","Escala Profesionales de La Educación Llay 19.070)","2014-03-01 00:00:00.0","1900-01-01 00:00:00.0"
"La Union","Planta Titular","Sin Clasificación","Titular","Leticia Eugenia Obando Alvarez","Técnico"," ","Personal Titular","Escala Atención Primaria de Salud Municipal","1988-09-01 00:00:00.0","1900-01-01 00:00:00.0"
"La Union","Planta Titular","Sin Clasificación","Titular","Oriola del Carmen Salazar Rozas","Técnico"," ","Personal Titular","Escala Atención Primaria de Salud Municipal","1988-09-26 00:00:00.0","1900-01-01 00:00:00.0"
"La Union","Planta Titular","Sin Clasificación","Titular","Patricia Olivia Carcamo Frias","Técnico"," ","Personal Titular","Escala Atención Primaria de Salud Municipal","1995-03-01 00:00:00.0","1900-01-01 00:00:00.0"
"La Union","Planta Titular","Sin Clasificación","Titular","Claudio Andres Moretti Busch","Administrativo","16°","Administrativos","Escala Municipal","2010-05-27 00:00:00.0","1900-01-01 00:00:00.0"
"La Union","Planta Titular","Sin Clasificación","Titular","Marina Eonice Calisto Tejeda","Administrativo"," ","Personal Titular","Escala Atención Primaria de Salud Municipal","2011-07-01 00:00:00.0","1900-01-01 00:00:00.0"
"La Union","Planta Titular","Sin Clasificación","Titular","Samuel Horacio Gatica Calixto","Administrativo","13°","Administrativos","Escala Municipal","2010-05-27 00:00:00.0","1900-01-01 00:00:00.0"
"La Union","Planta Titular","Sin Clasificación","Titular","Edelberto Sergio Velasquez Barrientos","Director"," ","Directiva Docente","Escala Profesionales de La Educación Llay 19.070)","2014-03-01 00:00:00.0","2019-02-28 00:00:00.0"
