"Comuna","Tipo de Contratación","Área","Calidad","Nombre","Cargo","Grado","Planta","Remuneración","Fecha desde","Fecha hasta"
"La Union","Planta Titular","Salud","Titular","Herbert Fredy Vargas Schonherr","Chófer"," ","Auxiliares","Estatuto Atención Primaria de Salud Municipal  Ley N°19.378","2013-11-01 00:00:00.0","1900-01-01 00:00:00.0"
"La Union","Planta Titular","Salud","Titular","Susana Angelina Salinas Zapata","Técnico"," ","Técnicos de Nivel Superior Categoría C","Estatuto Atención Primaria de Salud Municipal  Ley N°19.378","2008-11-20 00:00:00.0","1900-01-01 00:00:00.0"
"La Union","Planta Titular","Salud","Titular","Berta Patricia Solis Reyes","Técnico"," ","Técnicos de Nivel Superior Categoría C","Estatuto Atención Primaria de Salud Municipal  Ley N°19.378","2008-11-20 00:00:00.0","1900-01-01 00:00:00.0"
"La Union","Planta Titular","Salud","Titular","Susana Soledad Espinoza Limari","Auxiliar de Servicios"," ","Auxiliares","Sin Información","2013-11-01 00:00:00.0","1900-01-01 00:00:00.0"
"La Union","Planta Titular","Salud","Titular","Javier Alejandro Delgado Alarcon","Químico Farmacéutico"," ","Funcionarios","Escala Atención Primaria de Salud Municipal","2012-07-01 00:00:00.0","1900-01-01 00:00:00.0"
"La Union","Planta Titular","Salud","Titular","Marcela del Carmen Tapia Barichivich","Docente"," ","Profesional Docente","Escala Profesionales de La Educación Llay 19.070)","2013-03-04 00:00:00.0","1900-01-01 00:00:00.0"
"La Union","Planta Titular","Salud","Titular","Waleska Odette Chacon Aedo","Técnico de Nivel Superior"," ","Funcionarios","Escala Atención Primaria de Salud Municipal","2012-07-01 00:00:00.0","1900-01-01 00:00:00.0"
"La Union","Planta Titular","Salud","Titular","Baleska del Rosario Reyes Gañan","Técnico de Nivel Superior","SIN INFORMACION","Técnicos de Nivel Superior Categoría C","Estatuto Atención Primaria de Salud Municipal  Ley N°19.378","2015-10-01 00:00:00.0","1900-01-01 00:00:00.0"
"La Union","Planta Titular","Salud","Titular","Mercedes Irene Taylor Bustamante","Técnico de Nivel Superior","SIN INFORMACION","Técnicos de Nivel Superior Categoría C","Estatuto Atención Primaria de Salud Municipal  Ley N°19.378","2015-10-01 00:00:00.0","1900-01-01 00:00:00.0"
"La Union","Planta Titular","Salud","Titular","Viviana Alejandra Araya Guzman","Técnico de Nivel Superior"," ","Funcionarios","Escala Atención Primaria de Salud Municipal","2012-07-01 00:00:00.0","1900-01-01 00:00:00.0"
"La Union","Planta Titular","Salud","Titular","Pamela Pilar Ramirez Ramirez","Profesional"," ","Funcionarios","Escala Atención Primaria de Salud Municipal","2012-07-01 00:00:00.0","1900-01-01 00:00:00.0"
"La Union","Planta Titular","Salud","Titular","Sergio Antonio Riveros Kaechele","Medico Cirujano"," ","Profesionales","Estatuto Atención Primaria de Salud Municipal  Ley N°19.378","2013-11-01 00:00:00.0","1900-01-01 00:00:00.0"
"La Union","Planta Titular","Salud","Titular","Susan Paola Cardenas Pizarro","Técnico"," ","Técnicos de Nivel Superior Categoría C","Estatuto Atención Primaria de Salud Municipal  Ley N°19.378","2008-11-20 00:00:00.0","1900-01-01 00:00:00.0"
"La Union","Planta Titular","Salud","Titular","Nelson Mendez Ramirez","Profesional","SIN INFORMACION","Profesionales Categoría B","Estatuto Atención Primaria de Salud Municipal  Ley N°19.378","2015-10-01 00:00:00.0","1900-01-01 00:00:00.0"
"La Union","Planta Titular","Salud","Titular","Leonardo Roman Fernandez Guerra","Técnico de Nivel Superior","SIN INFORMACION","Técnicos de Nivel Superior Categoría C","Estatuto Atención Primaria de Salud Municipal  Ley N°19.378","2015-10-01 00:00:00.0","1900-01-01 00:00:00.0"
"La Union","Planta Titular","Salud","Titular","Ivan Alejandro Avendaño Carrasco","Técnico"," ","Técnicos de Nivel Superior Categoría C","Estatuto Atención Primaria de Salud Municipal  Ley N°19.378","2008-11-20 00:00:00.0","1900-01-01 00:00:00.0"
"La Union","Planta Titular","Salud","Titular","Bany Asmabed Tejeda Castro","Técnico de Nivel Superior","SIN INFORMACION","Técnicos de Nivel Superior Categoría C","Estatuto Atención Primaria de Salud Municipal  Ley N°19.378","2015-10-01 00:00:00.0","1900-01-01 00:00:00.0"
"La Union","Planta Titular","Salud","Titular","Arlette Yolanda Dorner Burgos","Administrativo"," ","Funcionarios","Escala Atención Primaria de Salud Municipal","2012-07-01 00:00:00.0","1900-01-01 00:00:00.0"
"La Union","Planta Titular","Salud","Titular","Pamela Andrea Burgos Concha","Técnico de Nivel Superior","SIN INFORMACION","Técnicos de Nivel Superior Categoría C","Estatuto Atención Primaria de Salud Municipal  Ley N°19.378","2015-10-01 00:00:00.0","1900-01-01 00:00:00.0"
"La Union","Planta Titular","Salud","Titular","Paula Ines Vera Maureira","Kinesiologo"," ","Profesionales","Estatuto Atención Primaria de Salud Municipal  Ley N°19.378","2013-11-01 00:00:00.0","1900-01-01 00:00:00.0"
"La Union","Planta Titular","Salud","Titular","Javier Hernan Vega Alvarez","Profesional"," ","Profesionales","Estatuto Atención Primaria de Salud Municipal  Ley N°19.378","2013-11-01 00:00:00.0","1900-01-01 00:00:00.0"
"La Union","Planta Titular","Salud","Titular","Maritza Soledad Uribe Quezada","Administrativo"," ","Administrativos","Estatuto Atención Primaria de Salud Municipal  Ley N°19.378","2013-11-01 00:00:00.0","1900-01-01 00:00:00.0"
"La Union","Planta Titular","Salud","Titular","Mariana Yaneth Velasquez Mancilla","Administrativo"," ","Administrativos","Estatuto Atención Primaria de Salud Municipal  Ley N°19.378","2013-11-01 00:00:00.0","1900-01-01 00:00:00.0"
"La Union","Planta Titular","Salud","Titular","Ingrid Vanessa Rubio Cuevas","Asistente Social"," ","Profesionales","Estatuto Atención Primaria de Salud Municipal  Ley N°19.378","2013-11-01 00:00:00.0","1900-01-01 00:00:00.0"
"La Union","Planta Titular","Salud","Titular","Javier Edgardo Burgos Martel","Administrativo Crea de Salud","SIN INFORMACION","Profesionales Categoría A","Estatuto Atención Primaria de Salud Municipal  Ley N°19.378","2015-10-01 00:00:00.0","1900-01-01 00:00:00.0"
"La Union","Planta Titular","Salud","Titular","Esteban Guillermo Mansilla Leal","Técnico de Nivel Superior","SIN INFORMACION","Profesionales Categoría A","Estatuto Atención Primaria de Salud Municipal  Ley N°19.378","2015-10-01 00:00:00.0","1900-01-01 00:00:00.0"
"La Union","Planta Titular","Salud","Titular","Evelyn Roxana Hernandez Bello","Profesional"," ","Funcionarios","Escala Atención Primaria de Salud Municipal","2012-07-01 00:00:00.0","1900-01-01 00:00:00.0"
"La Union","Planta Titular","Salud","Titular","Evelyn Andrea Contreras Aguilar","Profesional","SIN INFORMACION","Profesionales Categoría B","Estatuto Atención Primaria de Salud Municipal  Ley N°19.378","2015-10-01 00:00:00.0","1900-01-01 00:00:00.0"
"La Union","Planta Titular","Salud","Titular","Patricia Carolina Arias Quintricon","Profesional","SIN INFORMACION","Profesionales Categoría A","Estatuto Atención Primaria de Salud Municipal  Ley N°19.378","2015-10-01 00:00:00.0","1900-01-01 00:00:00.0"
"La Union","Planta Titular","Salud","Titular","Aracely Solange Ormachea Vera","Profesional","SIN INFORMACION","Profesionales Categoría B","Estatuto Atención Primaria de Salud Municipal  Ley N°19.378","2015-10-01 00:00:00.0","1900-01-01 00:00:00.0"
"La Union","Planta Titular","Salud","Titular","Ingrid Ximena Riquelme Molina","Técnico de Nivel Superior"," ","Funcionarios","Escala Atención Primaria de Salud Municipal","2012-07-01 00:00:00.0","1900-01-01 00:00:00.0"
"La Union","Planta Titular","Salud","Titular","Amado Andres Fierro Molina","Técnico de Nivel Superior"," ","Funcionarios","Escala Atención Primaria de Salud Municipal","2012-07-01 00:00:00.0","1900-01-01 00:00:00.0"
"La Union","Planta Titular","Salud","Titular","Maria Jose Martinez Andrade","Técnico de Nivel Superior","SIN INFORMACION","Técnicos de Nivel Superior Categoría C","Estatuto Atención Primaria de Salud Municipal  Ley N°19.378","2015-10-01 00:00:00.0","1900-01-01 00:00:00.0"
"La Union","Planta Titular","Salud","Titular","Carla Andrea Briones Barrera","Administrativo"," ","Funcionarios","Escala Atención Primaria de Salud Municipal","2012-07-01 00:00:00.0","1900-01-01 00:00:00.0"
"La Union","Planta Titular","Salud","Titular","Jessica Carolina Cares Castro","Administrativo"," ","Administrativos de Salud Categoría E","Estatuto Atención Primaria de Salud Municipal  Ley N°19.378","2008-11-20 00:00:00.0","1900-01-01 00:00:00.0"
"La Union","Planta Titular","Salud","Titular","Maritza Elisabeth Cardenas Reyes","Técnico de Nivel Superior","SIN INFORMACION","Técnicos de Nivel Superior Categoría C","Estatuto Atención Primaria de Salud Municipal  Ley N°19.378","2015-10-01 00:00:00.0","1900-01-01 00:00:00.0"
"La Union","Planta Titular","Salud","Titular","Cristian Ivan Leiva Leiva","Enfermero(a)"," ","Profesionales","Estatuto Atención Primaria de Salud Municipal  Ley N°19.378","2013-11-01 00:00:00.0","1900-01-01 00:00:00.0"
"La Union","Planta Titular","Salud","Titular","Carola Denisse Huaiquil Igor","Profesional"," ","Funcionarios","Escala Atención Primaria de Salud Municipal","2012-07-01 00:00:00.0","1900-01-01 00:00:00.0"
"La Union","Planta Titular","Salud","Titular","Carla Andrea Astudillo Santander","Cirujano Dentista"," ","Profesionales","Estatuto Atención Primaria de Salud Municipal  Ley N°19.378","2013-11-01 00:00:00.0","1900-01-01 00:00:00.0"
"La Union","Planta Titular","Salud","Titular","Mario Alberto Colilef Vega","Profesional","SIN INFORMACION","Profesionales Categoría A","Estatuto Atención Primaria de Salud Municipal  Ley N°19.378","2015-10-01 00:00:00.0","1900-01-01 00:00:00.0"
"La Union","Planta Titular","Salud","Titular","Romina del Pilar Navarrete Gatica","Técnico de Nivel Superior"," ","Funcionarios","Escala Atención Primaria de Salud Municipal","2012-07-01 00:00:00.0","1900-01-01 00:00:00.0"
"La Union","Planta Titular","Salud","Titular","Álex Gonzalo Catrileo Ojeda","Técnico de Nivel Superior","SIN INFORMACION","Técnicos de Nivel Superior Categoría C","Estatuto Atención Primaria de Salud Municipal  Ley N°19.378","2015-10-01 00:00:00.0","1900-01-01 00:00:00.0"
"La Union","Planta Titular","Salud","Titular","Gerardo Andrés Arias Asenjo","Nutricionista"," ","Profesionales","Estatuto Atención Primaria de Salud Municipal  Ley N°19.378","2013-11-01 00:00:00.0","1900-01-01 00:00:00.0"
"La Union","Planta Titular","Salud","Titular","Vanessa Alejandra Guarda Grau","Administrativo"," ","Administrativos de Salud Categoría E","Estatuto Atención Primaria de Salud Municipal  Ley N°19.378","2008-11-20 00:00:00.0","1900-01-01 00:00:00.0"
"La Union","Planta Titular","Salud","Titular","Natalia Beatriz Vasquez del Rio","Técnico de Nivel Superior"," ","Funcionarios","Escala Atención Primaria de Salud Municipal","2012-07-01 00:00:00.0","1900-01-01 00:00:00.0"
"La Union","Planta Titular","Salud","Titular","Sebastian Alberto  Carrasco  Reyes","Kinesiologo"," ","Profesionales","Estatuto Atención Primaria de Salud Municipal  Ley N°19.378","2013-11-01 00:00:00.0","1900-01-01 00:00:00.0"
"La Union","Planta Titular","Salud","Titular","Dominique Schlageter González","Cirujano Dentista"," ","Funcionarios","Escala Atención Primaria de Salud Municipal","2012-07-01 00:00:00.0","1900-01-01 00:00:00.0"
"La Union","Planta Titular","Salud","Titular","Carolina Andrea Toledo Santibañez","Técnico de Nivel Superior","SIN INFORMACION","Técnicos de Nivel Superior Categoría C","Estatuto Atención Primaria de Salud Municipal  Ley N°19.378","2015-10-01 00:00:00.0","1900-01-01 00:00:00.0"
"La Union","Planta Titular","Salud","Titular","Melany  Uribe Contreras","Cirujano Dentista"," ","Profesionales","Estatuto Atención Primaria de Salud Municipal  Ley N°19.378","2013-11-01 00:00:00.0","1900-01-01 00:00:00.0"
"La Union","Planta Titular","Salud","Titular","Edith Alejandra Álvarez Rebolledo","Psicólogo"," ","Profesionales","Estatuto Atención Primaria de Salud Municipal  Ley N°19.378","2013-11-01 00:00:00.0","1900-01-01 00:00:00.0"
"La Union","Planta Titular","Salud","Titular","Carol Ester Bustos Leal","Técnico de Nivel Superior","SIN INFORMACION","Técnicos de Nivel Superior Categoría C","Estatuto Atención Primaria de Salud Municipal  Ley N°19.378","2015-10-01 00:00:00.0","1900-01-01 00:00:00.0"
"La Union","Planta Titular","Salud","Titular","Alison Carla Vanessa Gonzalez Palma","Técnico de Nivel Superior","SIN INFORMACION","Técnicos de Nivel Superior Categoría C","Estatuto Atención Primaria de Salud Municipal  Ley N°19.378","2015-10-01 00:00:00.0","1900-01-01 00:00:00.0"
"La Union","Planta Titular","Salud","Titular","Evelyn Carrasco Quezada","Enfermero(a)"," ","Profesionales","Estatuto Atención Primaria de Salud Municipal  Ley N°19.378","2013-11-01 00:00:00.0","1900-01-01 00:00:00.0"
"La Union","Planta Titular","Salud","Titular","Viera Nathalie Swart Bustamante","Profesional","SIN INFORMACION","Profesionales Categoría B","Estatuto Atención Primaria de Salud Municipal  Ley N°19.378","2015-10-01 00:00:00.0","1900-01-01 00:00:00.0"
"La Union","Planta Titular","Salud","Titular","Mariana  Barrera Pacheco","Cirujano Dentista"," ","Profesionales","Estatuto Atención Primaria de Salud Municipal  Ley N°19.378","2013-11-01 00:00:00.0","1900-01-01 00:00:00.0"
"La Union","Planta Titular","Salud","Titular","Boris Alexis Ojeda Seron","Técnico de Nivel Superior","SIN INFORMACION","Técnicos de Nivel Superior Categoría C","Estatuto Atención Primaria de Salud Municipal  Ley N°19.378","2015-10-01 00:00:00.0","1900-01-01 00:00:00.0"
"La Union","Planta Titular","Salud","Titular","Marjorie Verena Flores Villanueva","Enfermero(a)"," ","Profesionales","Estatuto Atención Primaria de Salud Municipal  Ley N°19.378","2013-11-01 00:00:00.0","1900-01-01 00:00:00.0"
"La Union","Planta Titular","Salud","Titular","Claudia Constanza Toledo Arcic","Matrona"," ","Profesionales","Estatuto Atención Primaria de Salud Municipal  Ley N°19.378","2013-11-01 00:00:00.0","1900-01-01 00:00:00.0"
"La Union","Planta Titular","Salud","Titular","Maria Alejandra  Guarda Vargas","Enfermero(a)"," ","Profesionales","Estatuto Atención Primaria de Salud Municipal  Ley N°19.378","2013-11-01 00:00:00.0","1900-01-01 00:00:00.0"
"La Union","Planta Titular","Salud","Titular","Gloria Elizabeth Pangue Anabalon","Administrativo Crea de Salud","SIN INFORMACION","Administrativos de Salud Categoría E","Estatuto Atención Primaria de Salud Municipal  Ley N°19.378","2015-10-01 00:00:00.0","1900-01-01 00:00:00.0"
"La Union","Planta Titular","Salud","Titular","Karen Lisette  Meza  Bizama","Técnico de Salud","SIN INFORMACION","Técnicos de Salud Categoría D","Estatuto Atención Primaria de Salud Municipal  Ley N°19.378","2015-10-01 00:00:00.0","1900-01-01 00:00:00.0"
"La Union","Planta Titular","Salud","Titular","Katherine Victoria Poblete Holtmann","Administrativo Crea de Salud","SIN INFORMACION","Administrativos de Salud Categoría E","Estatuto Atención Primaria de Salud Municipal  Ley N°19.378","2015-10-01 00:00:00.0","1900-01-01 00:00:00.0"
"La Union","Planta Titular","Salud","Titular","Mirsa Verena Espinoza Arriagada","Administrativo"," ","Administrativos","Estatuto Atención Primaria de Salud Municipal  Ley N°19.378","2013-11-01 00:00:00.0","1900-01-01 00:00:00.0"
"La Union","Planta Titular","Salud","Titular","Alberto Abelardo Alvarez Artigas","Jefatura","10°","Jefaturas","Escala Municipal de Remuneraciones(ley 18.883)","2014-04-01 00:00:00.0","1900-01-01 00:00:00.0"
"La Union","Planta Titular","Salud","Titular","Victor Enrique Herrera Angulo","Auxiliar"," ","Auxiliares de Servicios de Salud Categoría F","Estatuto Atención Primaria de Salud Municipal  Ley N°19.378","2008-11-20 00:00:00.0","1900-01-01 00:00:00.0"
"La Union","Planta Titular","Salud","Titular","Alberto Rolando Asenjo Reinoso","Administrativo"," ","Administrativos de Salud Categoría E","Estatuto Atención Primaria de Salud Municipal  Ley N°19.378","2008-11-20 00:00:00.0","1900-01-01 00:00:00.0"
"La Union","Planta Titular","Salud","Titular","Alejandra Veronica Aichele Fernandez","Profesional"," ","Profesionales","Estatuto Atención Primaria de Salud Municipal  Ley N°19.378","2013-11-01 00:00:00.0","1900-01-01 00:00:00.0"
"La Union","Planta Titular","Salud","Titular","Gloria Edith Hernandez Mujica","Auxiliar"," ","Auxiliares de Servicios de Salud Categoría F","Estatuto Atención Primaria de Salud Municipal  Ley N°19.378","2008-11-20 00:00:00.0","1900-01-01 00:00:00.0"
"La Union","Planta Titular","Salud","Titular","Eduvigis Jeannette Aravena Fuentes","Técnico"," ","Técnicos de Nivel Superior Categoría C","Estatuto Atención Primaria de Salud Municipal  Ley N°19.378","2008-11-20 00:00:00.0","1900-01-01 00:00:00.0"
"La Union","Planta Titular","Salud","Titular","Luis Orlando Rodriguez Añazco","Chófer"," ","Auxiliares","Estatuto Atención Primaria de Salud Municipal  Ley N°19.378","2013-11-01 00:00:00.0","1900-01-01 00:00:00.0"
"La Union","Planta Titular","Salud","Titular","Yesica Magdalena Caro Saez","Administrativo"," ","Funcionarios","Escala Atención Primaria de Salud Municipal","2012-07-01 00:00:00.0","1900-01-01 00:00:00.0"
"La Union","Planta Titular","Salud","Titular","Erica Jovita Diaz Gonzalez","Profesional"," ","Profesionales","Estatuto Atención Primaria de Salud Municipal  Ley N°19.378","2013-11-01 00:00:00.0","1900-01-01 00:00:00.0"
"La Union","Planta Titular","Salud","Titular","Mercedes del Carmen Reyes Cortez","Auxiliar de Servicio de Salud","SIN INFORMACION","Auxiliares de Servicios de Salud Categoría F","Estatuto Atención Primaria de Salud Municipal  Ley N°19.378","2015-10-01 00:00:00.0","1900-01-01 00:00:00.0"
