"Comuna","Tipo de Contratación","Área","Calidad","Nombre","Cargo","Grado","Planta","Remuneración","Fecha desde","Fecha hasta"
"Niquen","Planta Titular","Educación","Titular","Luisa Josefina Pacheco Cortes","Técnico","SIN INFORMACION","Contratados Sin Planta","Afectos Al Código del Trabajo","2012-05-01 00:00:00.0","1900-01-01 00:00:00.0"
"Niquen","Planta Titular","Educación","Titular","Marisol Virginia Henrique Fuentes","Asistente","SIN INFORMACION","Contratados Sin Planta","Asistentes de La Educación Ley N°19.464","2014-03-01 00:00:00.0","1900-01-01 00:00:00.0"
"Niquen","Planta Titular","Educación","Titular","Monica  Sanhueza  Contreras","Docente","SIN INFORMACION","Docente","Profesionales de La Educación Ley N°19.070","2015-01-31 00:00:00.0","1900-01-01 00:00:00.0"
"Niquen","Planta Titular","Educación","Titular","Johana Esmeralda Mendez Mendez","Inspector","SIN INFORMACION","Contratados Sin Planta","Asistentes de La Educación Ley N°19.464","2014-03-01 00:00:00.0","1900-01-01 00:00:00.0"
"Niquen","Planta Titular","Educación","Titular","Luis Alberto Contreras  Valenzuela","Auxiliar","SIN INFORMACION","Contratados Sin Planta","Afectos Al Código del Trabajo","2014-01-01 00:00:00.0","1900-01-01 00:00:00.0"
"Niquen","Planta Titular","Educación","Titular","Domingo Antonio de La Fuente González","Chófer","SIN INFORMACION","Contratados Sin Planta","Afectos Al Código del Trabajo","2015-01-01 00:00:00.0","1900-01-01 00:00:00.0"
"Niquen","Planta Titular","Educación","Titular","Galo Ulises Zambrano Martinez","Auxiliar de Servicios Menores","SIN INFORMACION","Contratados Sin Planta","Asistentes de La Educación Ley N°19.464","2015-03-01 00:00:00.0","1900-01-01 00:00:00.0"
"Niquen","Planta Titular","Educación","Titular","David Antonio Fuentes Novoa","Inspector","SIN INFORMACION","Contratados Sin Planta","Afectos Al Código del Trabajo","2014-01-01 00:00:00.0","1900-01-01 00:00:00.0"
"Niquen","Planta Titular","Educación","Titular","Rosa Amalia Uribe Guzman","Ayudante","SIN INFORMACION","Contratados Sin Planta","Asistentes de La Educación Ley N°19.464","2014-03-01 00:00:00.0","1900-01-01 00:00:00.0"
"Niquen","Planta Titular","Educación","Titular","Liliana Margot Uribe Guzman","Auxiliar de Servicios Menores","SIN INFORMACION","Contratados Sin Planta","Afectos Al Código del Trabajo","2014-03-01 00:00:00.0","1900-01-01 00:00:00.0"
"Niquen","Planta Titular","Educación","Titular","Juan Carlos Lopez Mu¿oz","Auxiliar","SIN INFORMACION","Contratados Sin Planta","Asistentes de La Educación Ley N°19.464","2015-03-01 00:00:00.0","1900-01-01 00:00:00.0"
"Niquen","Planta Titular","Educación","Titular","Elizabeth de Lourdes Mendez Garrido","Asistente Parvularia","SIN INFORMACION","Contratados Sin Planta","Asistentes de La Educación Ley N°19.464","2015-03-01 00:00:00.0","1900-01-01 00:00:00.0"
"Niquen","Planta Titular","Educación","Titular","Maria Alejandra Toro Molina","Asistente","SIN INFORMACION","Contratados Sin Planta","Afectos Al Código del Trabajo","2015-03-01 00:00:00.0","1900-01-01 00:00:00.0"
"Niquen","Planta Titular","Educación","Titular","Ianuska Roxana Cerda Toro","Encargado","SIN INFORMACION","Contratados Sin Planta","Afectos Al Código del Trabajo","2013-06-05 00:00:00.0","1900-01-01 00:00:00.0"
"Niquen","Planta Titular","Educación","Titular","Nelson Antonio Basoalto Aravena","Auxiliar","SIN INFORMACION","Contratados Sin Planta","Afectos Al Código del Trabajo","2014-03-01 00:00:00.0","1900-01-01 00:00:00.0"
"Niquen","Planta Titular","Educación","Titular","Juan Carlos Fernandez Burgos","Chófer","SIN INFORMACION","Contratados Sin Planta","Afectos Al Código del Trabajo","2013-02-01 00:00:00.0","1900-01-01 00:00:00.0"
"Niquen","Planta Titular","Educación","Titular","Ana Maria Campos Salgado","Inspector","SIN INFORMACION","Contratados Sin Planta","Asistentes de La Educación Ley N°19.464","2014-10-01 00:00:00.0","1900-01-01 00:00:00.0"
"Niquen","Planta Titular","Educación","Titular","Hector Hernan Mendez Sepulveda","Auxiliar Chófer","SIN INFORMACION","Contratados Sin Planta","Afectos Al Código del Trabajo","2013-08-01 00:00:00.0","1900-01-01 00:00:00.0"
"Niquen","Planta Titular","Educación","Titular","Domingo Rodrigo Aguilera Oporto","Docente","SIN INFORMACION","Docente","Profesionales de La Educación Ley N°19.070","2015-01-31 00:00:00.0","1900-01-01 00:00:00.0"
"Niquen","Planta Titular","Educación","Titular","Pablo Alfonso Lagos San Martin","Docente","SIN INFORMACION","Docente","Profesionales de La Educación Ley N°19.070","2015-03-01 00:00:00.0","1900-01-01 00:00:00.0"
"Niquen","Planta Titular","Educación","Titular","Kely Miriam Meriño Gonzalez","Secreto Administrativo","SIN INFORMACION","Contratados Sin Planta","Afectos Al Código del Trabajo","2014-01-01 00:00:00.0","1900-01-01 00:00:00.0"
"Niquen","Planta Titular","Educación","Titular","Angeline Andrea Valenzuela Muñoz","Docente","SIN INFORMACION","Docente Técnico Pedagógico","Profesionales de La Educación Ley N°19.070","2015-01-31 00:00:00.0","1900-01-01 00:00:00.0"
"Niquen","Planta Titular","Educación","Titular","Jacqueline Orieta  Carriel  Mu¿oz","Inspector","SIN INFORMACION","Contratados Sin Planta","Asistentes de La Educación Ley N°19.464","2015-03-01 00:00:00.0","1900-01-01 00:00:00.0"
"Niquen","Planta Titular","Educación","Titular","Rosa Esther  Gonzalez Rodriguez","Auxiliar","SIN INFORMACION","Contratados Sin Planta","Afectos Al Código del Trabajo","2014-03-01 00:00:00.0","1900-01-01 00:00:00.0"
"Niquen","Planta Titular","Educación","Titular","Juan Lorenzo Miranda  Labrin","Auxiliar","SIN INFORMACION","Contratados Sin Planta","Asistentes de La Educación Ley N°19.464","2015-03-01 00:00:00.0","1900-01-01 00:00:00.0"
"Niquen","Planta Titular","Educación","Titular","Juan Antonio Gutierrez Chandia","Ayudante","SIN INFORMACION","Contratados Sin Planta","Afectos Al Código del Trabajo","2013-09-10 00:00:00.0","1900-01-01 00:00:00.0"
"Niquen","Planta Titular","Educación","Titular","Rodrigo Alfonso Arnes Poblete","Encargado","SIN INFORMACION","Contratados Sin Planta","Afectos Al Código del Trabajo","2017-04-03 00:00:00.0","1900-01-01 00:00:00.0"
"Niquen","Planta Titular","Educación","Titular","Edy Elena Correa Rojas","Encargado","SIN INFORMACION","Contratados Sin Planta","Afectos Al Código del Trabajo","2014-03-01 00:00:00.0","1900-01-01 00:00:00.0"
"Niquen","Planta Titular","Educación","Titular","Constanza de La Luz San Martin Rodriguez","Asistente Social","SIN INFORMACION","Contratados Sin Planta","Afectos Al Código del Trabajo","2015-03-01 00:00:00.0","1900-01-01 00:00:00.0"
"Niquen","Planta Titular","Educación","Titular","Yanet Viviana Retamal Castro","Auxiliar de Servicios Menores","SIN INFORMACION","Contratados Sin Planta","Afectos Al Código del Trabajo","2014-04-01 00:00:00.0","1900-01-01 00:00:00.0"
"Niquen","Planta Titular","Educación","Titular","Doris Carolina Reyes Rodriguez","Docente","SIN INFORMACION","Docente","Profesionales de La Educación Ley N°19.070","2015-01-31 00:00:00.0","1900-01-01 00:00:00.0"
"Niquen","Planta Titular","Educación","Titular","Alex Felipe  Unda  Riquelme","Inspector","SIN INFORMACION","Contratados Sin Planta","Asistentes de La Educación Ley N°19.464","2014-03-01 00:00:00.0","1900-01-01 00:00:00.0"
"Niquen","Planta Titular","Educación","Titular","Ximena Paola Diaz Bastias","Asistente Social","SIN INFORMACION","Contratados Sin Planta","Afectos Al Código del Trabajo","2015-03-01 00:00:00.0","1900-01-01 00:00:00.0"
"Niquen","Planta Titular","Educación","Titular","Mireya Elizabeth  Molina Meri¿o","Técnico En Párvulos","SIN INFORMACION","Contratados Sin Planta","Afectos Al Código del Trabajo","2017-02-01 00:00:00.0","1900-01-01 00:00:00.0"
"Niquen","Planta Titular","Educación","Titular","Marina Bernarda Ramirez  Soto","Ayudante","SIN INFORMACION","Contratados Sin Planta","Afectos Al Código del Trabajo","2016-03-01 00:00:00.0","1900-01-01 00:00:00.0"
"Niquen","Planta Titular","Educación","Titular","Mitza Alejandra Villanueva Ortiz","Docente","SIN INFORMACION","Docente","Profesionales de La Educación Ley N°19.070","2018-03-01 00:00:00.0","1900-01-01 00:00:00.0"
"Niquen","Planta Titular","Educación","Titular","Rodrigo Alejandro Labrín Valenzuela","Ingeniero Agronomo","SIN INFORMACION","Contratados Sin Planta","Afectos Al Código del Trabajo","2016-03-01 00:00:00.0","1900-01-01 00:00:00.0"
"Niquen","Planta Titular","Educación","Titular","Jessica Elena Fuentes","Técnico","SIN INFORMACION","Contratados Sin Planta","Asistentes de La Educación Ley N°19.464","2012-03-01 00:00:00.0","1900-01-01 00:00:00.0"
"Niquen","Planta Titular","Educación","Titular","Teresa del Carmen Pereira Villanueva","Auxiliar","SIN INFORMACION","Contratados Sin Planta","Asistentes de La Educación Ley N°19.464","2015-03-01 00:00:00.0","1900-01-01 00:00:00.0"
"Niquen","Planta Titular","Educación","Titular","Rodrigo Antonio Riquelme  Zúñiga","Jefe","SIN INFORMACION","Contratados Sin Planta","Afectos Al Código del Trabajo","2013-08-19 00:00:00.0","1900-01-01 00:00:00.0"
"Niquen","Planta Titular","Educación","Titular","Gladys  Salinas  Morales","Arquitecto","SIN INFORMACION","Contratados Sin Planta","Afectos Al Código del Trabajo","2015-01-01 00:00:00.0","1900-01-01 00:00:00.0"
"Niquen","Planta Titular","Educación","Titular","Claudia Andrea Abarz¿a Parra","Asistente Parvularia","SIN INFORMACION","Contratados Sin Planta","Afectos Al Código del Trabajo","2016-06-13 00:00:00.0","1900-01-01 00:00:00.0"
"Niquen","Planta Titular","Educación","Titular","Guisel Andrea Hidalgo Landaeta","Asistente de La Educación","SIN INFORMACION","Contratados Sin Planta","Asistentes de La Educación Ley N°19.464","2015-03-01 00:00:00.0","1900-01-01 00:00:00.0"
"Niquen","Planta Titular","Educación","Titular","Bernarda Alejandra Casanova Vallejos","Auxiliar de Servicios Menores","SIN INFORMACION","Contratados Sin Planta","Asistentes de La Educación Ley N°19.464","2016-03-01 00:00:00.0","1900-01-01 00:00:00.0"
"Niquen","Planta Titular","Educación","Titular","Mario Alexis Guzman Labrin","Encargado","SIN INFORMACION","Contratados Sin Planta","Afectos Al Código del Trabajo","2014-04-01 00:00:00.0","1900-01-01 00:00:00.0"
"Niquen","Planta Titular","Educación","Titular","Carlos Bernabe  Fernandez  Aedo","Jefe","SIN INFORMACION","Contratados Sin Planta","Afectos Al Código del Trabajo","2013-05-01 00:00:00.0","1900-01-01 00:00:00.0"
"Niquen","Planta Titular","Educación","Titular","Gemita Lusitania Leiva Aguayo","Ayudante","SIN INFORMACION","Contratados Sin Planta","Asistentes de La Educación Ley N°19.464","2015-03-01 00:00:00.0","1900-01-01 00:00:00.0"
"Niquen","Planta Titular","Educación","Titular","Luis Reinaldo Huentenao Delgado","Auxiliar","SIN INFORMACION","Contratados Sin Planta","Afectos Al Código del Trabajo","2015-03-01 00:00:00.0","1900-01-01 00:00:00.0"
"Niquen","Planta Titular","Educación","Titular","Ingrid Noelia  Fuentes Valenzuela","Docente","SIN INFORMACION","Docente","Profesionales de La Educación Ley N°19.070","2015-01-31 00:00:00.0","1900-01-01 00:00:00.0"
"Niquen","Planta Titular","Educación","Titular","Rosa Magaly Zarate Mendez","Ayudante","SIN INFORMACION","Contratados Sin Planta","Asistentes de La Educación Ley N°19.464","2014-03-01 00:00:00.0","1900-01-01 00:00:00.0"
"Niquen","Planta Titular","Educación","Titular","Anais del Carmen Pereira Zapata","Docente","SIN INFORMACION","Docente","Profesionales de La Educación Ley N°19.070","2015-01-31 00:00:00.0","1900-01-01 00:00:00.0"
"Niquen","Planta Titular","Educación","Titular","Jaime Sebastian Fuentes Zuñiga","Docente","SIN INFORMACION","Docente Directivo","Profesionales de La Educación Ley N°19.070","2018-03-01 00:00:00.0","1900-01-01 00:00:00.0"
"Niquen","Planta Titular","Educación","Titular","Marta Ester Perez  Mu¿oz","Ayudante","SIN INFORMACION","Contratados Sin Planta","Asistentes de La Educación Ley N°19.464","2014-03-01 00:00:00.0","1900-01-01 00:00:00.0"
"Niquen","Planta Titular","Educación","Titular","Marcela del Carmen  Fuentes Ortiz","Ayudante","SIN INFORMACION","Contratados Sin Planta","Afectos Al Código del Trabajo","2015-03-01 00:00:00.0","1900-01-01 00:00:00.0"
"Niquen","Planta Titular","Educación","Titular","Maria Leslys Acuña Bueno","Ayudante","SIN INFORMACION","Contratados Sin Planta","Afectos Al Código del Trabajo","2014-04-03 00:00:00.0","1900-01-01 00:00:00.0"
"Niquen","Planta Titular","Educación","Titular","Vilama Marcela Romero Valenzuela","Ayudante","SIN INFORMACION","Contratados Sin Planta","Asistentes de La Educación Ley N°19.464","2015-03-01 00:00:00.0","1900-01-01 00:00:00.0"
"Niquen","Planta Titular","Educación","Titular","Guisella del Carmen  Cordova  Delgado","Director","SIN INFORMACION","Contratados Sin Planta","Afectos Al Código del Trabajo","2015-04-22 00:00:00.0","1900-01-01 00:00:00.0"
"Niquen","Planta Titular","Educación","Titular","Lorena Mabel Gajardo Torres","Encargado","SIN INFORMACION","Contratados Sin Planta","Afectos Al Código del Trabajo","2014-02-28 00:00:00.0","1900-01-01 00:00:00.0"
"Niquen","Planta Titular","Educación","Titular","Elsa Ruth Hernandez Ortiz","Secreto","SIN INFORMACION","Contratados Sin Planta","Afectos Al Código del Trabajo","2013-07-01 00:00:00.0","1900-01-01 00:00:00.0"
"Niquen","Planta Titular","Educación","Titular","Evelyn Andrea Carvacho Alarcon","Docente","SIN INFORMACION","Docente","Profesionales de La Educación Ley N°19.070","2015-01-31 00:00:00.0","1900-01-01 00:00:00.0"
"Niquen","Planta Titular","Educación","Titular","Semiramis del Carmen Mu¿oz Mora","Secreto","SIN INFORMACION","Contratados Sin Planta","Afectos Al Código del Trabajo","2012-12-10 00:00:00.0","1900-01-01 00:00:00.0"
"Niquen","Planta Titular","Educación","Titular","Rodrigo Andres Escamilla Ortiz","Ingeniero Ejecución","SIN INFORMACION","Contratados Sin Planta","Afectos Al Código del Trabajo","2014-03-01 00:00:00.0","1900-01-01 00:00:00.0"
"Niquen","Planta Titular","Educación","Titular","Andrea Macarena Llanos Barriga","Psicólogo","SIN INFORMACION","Contratados Sin Planta","Asistentes de La Educación Ley N°19.464","2017-03-01 00:00:00.0","1900-01-01 00:00:00.0"
"Niquen","Planta Titular","Educación","Titular","Emile Andrea Leiva Zu¿iga","Inspector","SIN INFORMACION","Contratados Sin Planta","Asistentes de La Educación Ley N°19.464","2013-03-11 00:00:00.0","1900-01-01 00:00:00.0"
"Niquen","Planta Titular","Educación","Titular","Esther Maria Poblete Arias","Técnico","SIN INFORMACION","Contratados Sin Planta","Afectos Al Código del Trabajo","2012-05-01 00:00:00.0","1900-01-01 00:00:00.0"
"Niquen","Planta Titular","Educación","Titular","Dhamarys Thamara Fuentealba","Docente","SIN INFORMACION","Docente","Profesionales de La Educación Ley N°19.070","2015-01-31 00:00:00.0","1900-01-01 00:00:00.0"
"Niquen","Planta Titular","Educación","Titular","Haydee de Las Nieves Fuentes  Ortiz","Ayudante","SIN INFORMACION","Contratados Sin Planta","Afectos Al Código del Trabajo","2015-03-01 00:00:00.0","1900-01-01 00:00:00.0"
"Niquen","Planta Titular","Educación","Titular","Pamela Andrea  Quezada Astudillo","Docente","SIN INFORMACION","Docente","Profesionales de La Educación Ley N°19.070","2015-01-31 00:00:00.0","1900-01-01 00:00:00.0"
"Niquen","Planta Titular","Educación","Titular","Jenifer Nataly Olga Andrades  Artiaga","Ayudante","SIN INFORMACION","Contratados Sin Planta","Afectos Al Código del Trabajo","2015-03-01 00:00:00.0","1900-01-01 00:00:00.0"
"Niquen","Planta Titular","Educación","Titular","Maria Jose Alarcon Chaparro","Psicólogo","SIN INFORMACION","Contratados Sin Planta","Afectos Al Código del Trabajo","2013-08-12 00:00:00.0","1900-01-01 00:00:00.0"
"Niquen","Planta Titular","Educación","Titular","Rene Gustavo Ayala Campos","Asistente","SIN INFORMACION","Contratados Sin Planta","Afectos Al Código del Trabajo","2014-03-01 00:00:00.0","1900-01-01 00:00:00.0"
"Niquen","Planta Titular","Educación","Titular","Veronica del Jesus Contreras  Laurin","Asistente","SIN INFORMACION","Contratados Sin Planta","Afectos Al Código del Trabajo","2015-03-01 00:00:00.0","1900-01-01 00:00:00.0"
"Niquen","Planta Titular","Educación","Titular","Daniela Andrea Valenzuela Valenzuela","Auxiliar de Servicios Menores","SIN INFORMACION","Contratados Sin Planta","Asistentes de La Educación Ley N°19.464","2014-03-01 00:00:00.0","1900-01-01 00:00:00.0"
"Niquen","Planta Titular","Educación","Titular","Yohanna del Carmen San Martin","Inspector","SIN INFORMACION","Contratados Sin Planta","Asistentes de La Educación Ley N°19.464","2015-03-01 00:00:00.0","1900-01-01 00:00:00.0"
"Niquen","Planta Titular","Educación","Titular","Tracy Onary Torres Melian","Docente","SIN INFORMACION","Docente","Profesionales de La Educación Ley N°19.070","2015-01-31 00:00:00.0","1900-01-01 00:00:00.0"
"Niquen","Planta Titular","Educación","Titular","Lemsy Alejandra Pinilla Rojas","Docente","SIN INFORMACION","Docente","Profesionales de La Educación Ley N°19.070","2015-01-31 00:00:00.0","1900-01-01 00:00:00.0"
"Niquen","Planta Titular","Educación","Titular","Viviana Daisy Riquelme  Candia","Docente","SIN INFORMACION","Docente","Profesionales de La Educación Ley N°19.070","2015-01-31 00:00:00.0","1900-01-01 00:00:00.0"
"Niquen","Planta Titular","Educación","Titular","Joanna Elizabeth Ojeda Saez","Psicólogo","SIN INFORMACION","Contratados Sin Planta","Afectos Al Código del Trabajo","2015-03-01 00:00:00.0","1900-01-01 00:00:00.0"
"Niquen","Planta Titular","Educación","Titular","Katherine Andrea Rubilar Quezada","Psicólogo","SIN INFORMACION","Contratados Sin Planta","Afectos Al Código del Trabajo","2016-09-16 00:00:00.0","1900-01-01 00:00:00.0"
"Niquen","Planta Titular","Educación","Titular","Elsi Yajaida Pincheira  Valenzuela","Ayudante","SIN INFORMACION","Contratados Sin Planta","Asistentes de La Educación Ley N°19.464","2013-03-01 00:00:00.0","1900-01-01 00:00:00.0"
"Niquen","Planta Titular","Educación","Titular","Ana Rosa Romero Aguilera","Auxiliar","SIN INFORMACION","Contratados Sin Planta","Asistentes de La Educación Ley N°19.464","2014-05-28 00:00:00.0","1900-01-01 00:00:00.0"
"Niquen","Planta Titular","Educación","Titular","Susana Maciel Acuña Quintero","Secreto Administrativo","SIN INFORMACION","Contratados Sin Planta","Afectos Al Código del Trabajo","2014-03-01 00:00:00.0","1900-01-01 00:00:00.0"
"Niquen","Planta Titular","Educación","Titular","Carla Daniela Soto Lopez","Ayudante","SIN INFORMACION","Contratados Sin Planta","Asistentes de La Educación Ley N°19.464","2016-03-01 00:00:00.0","1900-01-01 00:00:00.0"
"Niquen","Planta Titular","Educación","Titular","Maria Alicia Gutierrez  Palma","Auxiliar","SIN INFORMACION","Contratados Sin Planta","Afectos Al Código del Trabajo","2014-03-01 00:00:00.0","1900-01-01 00:00:00.0"
"Niquen","Planta Titular","Educación","Titular","Pamela Andrea Becerra Acuña","Ayudante","SIN INFORMACION","Contratados Sin Planta","Asistentes de La Educación Ley N°19.464","2016-03-01 00:00:00.0","1900-01-01 00:00:00.0"
"Niquen","Planta Titular","Educación","Titular","Gonzalo Patricio Mella Reyes","Docente Utp","SIN INFORMACION","Docente","Profesionales de La Educación Ley N°19.070","2015-12-01 00:00:00.0","1900-01-01 00:00:00.0"
"Niquen","Planta Titular","Educación","Titular","Dario Alberto  Zambrano Ceballos","Inspector","SIN INFORMACION","Contratados Sin Planta","Asistentes de La Educación Ley N°19.464","2014-03-01 00:00:00.0","1900-01-01 00:00:00.0"
"Niquen","Planta Titular","Educación","Titular","Guiselle Ivonne Núñez Sepúlveda","Docente"," ","Profesional Docente","Escala Profesionales de La Educación Llay 19.070)","2011-03-01 00:00:00.0","1900-01-01 00:00:00.0"
"Niquen","Planta Titular","Educación","Titular","Marcela Andrea Venegas  Gavilan","Ayudante","SIN INFORMACION","Contratados Sin Planta","Asistentes de La Educación Ley N°19.464","2015-03-01 00:00:00.0","1900-01-01 00:00:00.0"
"Niquen","Planta Titular","Educación","Titular","Johanna Lissete  Escobar Ponce","Ayudante","SIN INFORMACION","Contratados Sin Planta","Afectos Al Código del Trabajo","2014-03-01 00:00:00.0","1900-01-01 00:00:00.0"
"Niquen","Planta Titular","Educación","Titular","Solange Andrea  Retamal","Docente","SIN INFORMACION","Docente","Profesionales de La Educación Ley N°19.070","2015-01-31 00:00:00.0","1900-01-01 00:00:00.0"
"Niquen","Planta Titular","Educación","Titular","Pamela Estefani Aedo Hernandez","Educadora Párvulos","SIN INFORMACION","Contratados Sin Planta","Afectos Al Código del Trabajo","2015-03-01 00:00:00.0","1900-01-01 00:00:00.0"
"Niquen","Planta Titular","Educación","Titular","Catherine Gabriela Mella  Mella","Profesional","SIN INFORMACION","Contratados Sin Planta","Afectos Al Código del Trabajo","2014-03-01 00:00:00.0","1900-01-01 00:00:00.0"
"Niquen","Planta Titular","Educación","Titular","Karen Fabiola  Gutierrez  Palma","Asistente Parvularia","SIN INFORMACION","Contratados Sin Planta","Afectos Al Código del Trabajo","2012-12-01 00:00:00.0","1900-01-01 00:00:00.0"
"Niquen","Planta Titular","Educación","Titular","Mirna Mery Caro Sepulveda","Inspector","SIN INFORMACION","Contratados Sin Planta","Asistentes de La Educación Ley N°19.464","2015-03-01 00:00:00.0","1900-01-01 00:00:00.0"
"Niquen","Planta Titular","Educación","Titular","Marlene Soledad Reyes Rodriguez","Profesional","SIN INFORMACION","Contratados Sin Planta","Afectos Al Código del Trabajo","2015-03-01 00:00:00.0","1900-01-01 00:00:00.0"
"Niquen","Planta Titular","Educación","Titular","Paulina Alejandra Torres Castillo","Director","SIN INFORMACION","Contratados Sin Planta","Afectos Al Código del Trabajo","2013-09-01 00:00:00.0","1900-01-01 00:00:00.0"
"Niquen","Planta Titular","Educación","Titular","Hortencia Elizabeth Perez Mu¿oz","Asistente de La Educación","SIN INFORMACION","Contratados Sin Planta","Asistentes de La Educación Ley N°19.464","2016-03-01 00:00:00.0","1900-01-01 00:00:00.0"
"Niquen","Planta Titular","Educación","Titular","Juana Macarena  Alegria Navarrete","Ayudante","SIN INFORMACION","Contratados Sin Planta","Afectos Al Código del Trabajo","2016-03-01 00:00:00.0","1900-01-01 00:00:00.0"
"Niquen","Planta Titular","Educación","Titular","Cinthia Evelin Bravo  Soto","Ayudante","SIN INFORMACION","Contratados Sin Planta","Afectos Al Código del Trabajo","2014-03-01 00:00:00.0","1900-01-01 00:00:00.0"
"Niquen","Planta Titular","Educación","Titular","Estephany Anlleline Fuentes  Mendez","Psicólogo","SIN INFORMACION","Contratados Sin Planta","Asistentes de La Educación Ley N°19.464","2015-03-02 00:00:00.0","1900-01-01 00:00:00.0"
"Niquen","Planta Titular","Educación","Titular","Nataly Victoria  Retamal Candia","Ayudante","SIN INFORMACION","Contratados Sin Planta","Asistentes de La Educación Ley N°19.464","2015-03-02 00:00:00.0","1900-01-01 00:00:00.0"
"Niquen","Planta Titular","Educación","Titular","Alexis Gonzalo Almaza Orellana","Asistente","SIN INFORMACION","Contratados Sin Planta","Afectos Al Código del Trabajo","2016-03-01 00:00:00.0","1900-01-01 00:00:00.0"
"Niquen","Planta Titular","Educación","Titular","Angelica Maria Gutierrez Andrades","Ayudante","SIN INFORMACION","Contratados Sin Planta","Asistentes de La Educación Ley N°19.464","2016-03-01 00:00:00.0","1900-01-01 00:00:00.0"
"Niquen","Planta Titular","Educación","Titular","Natalie Alejandra Ortega Alabarce","Jefe Unidad Técnica Pedagógica","SIN INFORMACION","Docente","Profesionales de La Educación Ley N°19.070","2015-12-01 00:00:00.0","1900-01-01 00:00:00.0"
"Niquen","Planta Titular","Educación","Titular","Nataly Lorena Perez Villavicencio","Ayudante","SIN INFORMACION","Contratados Sin Planta","Asistentes de La Educación Ley N°19.464","2017-03-01 00:00:00.0","1900-01-01 00:00:00.0"
"Niquen","Planta Titular","Educación","Titular","Yoselin Macarena Varas Castillo","Auxiliar de Servicios","SIN INFORMACION","Contratados Sin Planta","Asistentes de La Educación Ley N°19.464","2015-03-01 00:00:00.0","1900-01-01 00:00:00.0"
"Niquen","Planta Titular","Educación","Titular","Julio Gedeon Martínez Reyes","Monitor","SIN INFORMACION","Contratados Sin Planta","Asistentes de La Educación Ley N°19.464","2015-03-01 00:00:00.0","1900-01-01 00:00:00.0"
"Niquen","Planta Titular","Educación","Titular","Claudia Andrea Rodriguez Andana","Educadora Párvulos","SIN INFORMACION","Contratados Sin Planta","Afectos Al Código del Trabajo","2014-03-01 00:00:00.0","1900-01-01 00:00:00.0"
"Niquen","Planta Titular","Educación","Titular","Margarita  Andrea  Bravo  Soto","Docente","SIN INFORMACION","Docente","Profesionales de La Educación Ley N°19.070","2015-01-31 00:00:00.0","1900-01-01 00:00:00.0"
"Niquen","Planta Titular","Educación","Titular","Fernanda Ivana Sepulveda Jimenez","Ayudante","SIN INFORMACION","Contratados Sin Planta","Afectos Al Código del Trabajo","2015-03-01 00:00:00.0","1900-01-01 00:00:00.0"
"Niquen","Planta Titular","Educación","Titular","Marisol Andrea  Mu¿oz  Roa","Auxiliar","SIN INFORMACION","Contratados Sin Planta","Asistentes de La Educación Ley N°19.464","2015-03-02 00:00:00.0","1900-01-01 00:00:00.0"
"Niquen","Planta Titular","Educación","Titular","Elizabeth Angelica Bernal Ponce","Fonoaudiologo","SIN INFORMACION","Contratados Sin Planta","Afectos Al Código del Trabajo","2017-03-01 00:00:00.0","1900-01-01 00:00:00.0"
"Niquen","Planta Titular","Educación","Titular","Magdalena Alejandra Sanchez Ortiz","Docente","SIN INFORMACION","Docente","Profesionales de La Educación Ley N°19.070","2015-01-31 00:00:00.0","1900-01-01 00:00:00.0"
"Niquen","Planta Titular","Educación","Titular","Francisca Jennifer Leiva Mu¿oz","Auxiliar de Servicios Menores","SIN INFORMACION","Contratados Sin Planta","Asistentes de La Educación Ley N°19.464","2019-03-04 00:00:00.0","1900-01-01 00:00:00.0"
"Niquen","Planta Titular","Educación","Titular","Juan Enrique Bueno  Quiroz","Asistente","SIN INFORMACION","Contratados Sin Planta","Afectos Al Código del Trabajo","2014-03-01 00:00:00.0","1900-01-01 00:00:00.0"
"Niquen","Planta Titular","Educación","Titular","Paola Guadalupe Becerra Acu¿a","Ayudante","SIN INFORMACION","Contratados Sin Planta","Afectos Al Código del Trabajo","2014-03-01 00:00:00.0","1900-01-01 00:00:00.0"
"Niquen","Planta Titular","Educación","Titular","Fabiola Adelaida Fuentes Fernández","Administrativo","SIN INFORMACION","Contratados Sin Planta","Afectos Al Código del Trabajo","2014-10-01 00:00:00.0","1900-01-01 00:00:00.0"
"Niquen","Planta Titular","Educación","Titular","Cecilia Ines Sepulvda Elgueta","Docente","SIN INFORMACION","Docente","Profesionales de La Educación Ley N°19.070","2015-01-31 00:00:00.0","1900-01-01 00:00:00.0"
"Niquen","Planta Titular","Educación","Titular","Ana Ester Falcon Caro","Asistente Social","SIN INFORMACION","Contratados Sin Planta","Afectos Al Código del Trabajo","2015-03-01 00:00:00.0","1900-01-01 00:00:00.0"
"Niquen","Planta Titular","Educación","Titular","Valeria Andrea Gonzalez Parada","Profesional","SIN INFORMACION","Contratados Sin Planta","Afectos Al Código del Trabajo","2015-03-01 00:00:00.0","1900-01-01 00:00:00.0"
"Niquen","Planta Titular","Educación","Titular","Daniela Solange Saldias Miranda","Ayudante","SIN INFORMACION","Contratados Sin Planta","Asistentes de La Educación Ley N°19.464","2014-03-01 00:00:00.0","1900-01-01 00:00:00.0"
"Niquen","Planta Titular","Educación","Titular","Tracy Steffani  Vidal Mora","Director","SIN INFORMACION","Contratados Sin Planta","Afectos Al Código del Trabajo","2017-02-01 00:00:00.0","1900-01-01 00:00:00.0"
"Niquen","Planta Titular","Educación","Titular","Catalina Paz  Martinez  Salazar","Fonoaudiologo","SIN INFORMACION","Contratados Sin Planta","Asistentes de La Educación Ley N°19.464","2017-03-01 00:00:00.0","1900-01-01 00:00:00.0"
"Niquen","Planta Titular","Educación","Titular","Loida Noemi Aravena  Parra","Profesional","SIN INFORMACION","Contratados Sin Planta","Afectos Al Código del Trabajo","2017-01-01 00:00:00.0","1900-01-01 00:00:00.0"
"Niquen","Planta Titular","Educación","Titular","José Eladio Retamal Rojas","Administrativo","SIN INFORMACION","Contratados Sin Planta","Afectos Al Código del Trabajo","2013-01-01 00:00:00.0","1900-01-01 00:00:00.0"
"Niquen","Planta Titular","Educación","Titular","Mitzi Dariolet Castillo Leiva","Ayudante","SIN INFORMACION","Contratados Sin Planta","Afectos Al Código del Trabajo","2014-03-01 00:00:00.0","1900-01-01 00:00:00.0"
"Niquen","Planta Titular","Educación","Titular","Nelsy Judith Salda¿a Artiaga","Auxiliar de Servicios Menores","SIN INFORMACION","Contratados Sin Planta","Asistentes de La Educación Ley N°19.464","2014-03-01 00:00:00.0","1900-01-01 00:00:00.0"
"Niquen","Planta Titular","Educación","Titular","Luz Estrella Soledad Zu¿iga Mu¿oz","Auxiliar de Servicios Menores","SIN INFORMACION","Contratados Sin Planta","Asistentes de La Educación Ley N°19.464","2014-03-01 00:00:00.0","1900-01-01 00:00:00.0"
"Niquen","Planta Titular","Educación","Titular","Diego Felipe Riveros Bravo","Administrativo","SIN INFORMACION","Contratados Sin Planta","Afectos Al Código del Trabajo","2016-10-01 00:00:00.0","1900-01-01 00:00:00.0"
"Niquen","Planta Titular","Educación","Titular","Barbara Andrea Fuentes  Fuentes","Educadora Párvulos","SIN INFORMACION","Contratados Sin Planta","Afectos Al Código del Trabajo","2015-03-01 00:00:00.0","1900-01-01 00:00:00.0"
"Niquen","Planta Titular","Educación","Titular","Priscila Fernanda Vidal Mora","Director","SIN INFORMACION","Contratados Sin Planta","Afectos Al Código del Trabajo","2015-10-26 00:00:00.0","1900-01-01 00:00:00.0"
"Niquen","Planta Titular","Educación","Titular","Nicole Ivone Ponce Morales","Fonoaudiologo","SIN INFORMACION","Contratados Sin Planta","Afectos Al Código del Trabajo","2018-03-01 00:00:00.0","1900-01-01 00:00:00.0"
"Niquen","Planta Titular","Educación","Titular","Karina del Transito Sepulveda","Auxiliar de Servicios","SIN INFORMACION","Contratados Sin Planta","Afectos Al Código del Trabajo","2015-03-01 00:00:00.0","1900-01-01 00:00:00.0"
"Niquen","Planta Titular","Educación","Titular","Sofia Amelia  Fernandez  Orellana","Administrativo","SIN INFORMACION","Contratados Sin Planta","Afectos Al Código del Trabajo","2015-01-01 00:00:00.0","1900-01-01 00:00:00.0"
"Niquen","Planta Titular","Educación","Titular","Denise Nicole Fuentes Uribe","Ayudante","SIN INFORMACION","Contratados Sin Planta","Afectos Al Código del Trabajo","2015-03-01 00:00:00.0","1900-01-01 00:00:00.0"
"Niquen","Planta Titular","Educación","Titular","Elizabeth Alejandra Fuentes Abarzua","Administrativo","SIN INFORMACION","Contratados Sin Planta","Afectos Al Código del Trabajo","2015-01-01 00:00:00.0","1900-01-01 00:00:00.0"
"Niquen","Planta Titular","Educación","Titular","Ariel Antonio  Duran  Aguilera","Asistente","SIN INFORMACION","Contratados Sin Planta","Afectos Al Código del Trabajo","2014-03-01 00:00:00.0","1900-01-01 00:00:00.0"
"Niquen","Planta Titular","Educación","Titular","Yocelyn Andrea  Zu¿iga Salda¿a","Ayudante","SIN INFORMACION","Contratados Sin Planta","Afectos Al Código del Trabajo","2016-03-01 00:00:00.0","1900-01-01 00:00:00.0"
"Niquen","Planta Titular","Educación","Titular","Adriana del Carmen Salda¿a Fuentes","Técnico En Atención de Párvulos","SIN INFORMACION","Contratados Sin Planta","Afectos Al Código del Trabajo","2019-01-01 00:00:00.0","1900-01-01 00:00:00.0"
"Niquen","Planta Titular","Educación","Titular","Luis David Mendez  Fuentes","Administrativo","SIN INFORMACION","Contratados Sin Planta","Afectos Al Código del Trabajo","2015-01-01 00:00:00.0","1900-01-01 00:00:00.0"
"Niquen","Planta Titular","Educación","Titular","Alexis Antonio Méndez Uribe","Administrativo","SIN INFORMACION","Contratados Sin Planta","Afectos Al Código del Trabajo","2017-04-01 00:00:00.0","1900-01-01 00:00:00.0"
"Niquen","Planta Titular","Educación","Titular","Manuel Jesus Alarcon Morales","Nochero","SIN INFORMACION","Contratados Sin Planta","Afectos Al Código del Trabajo","2015-01-01 00:00:00.0","1900-01-01 00:00:00.0"
"Niquen","Planta Titular","Educación","Titular","Cecilia del Carmen Pradenas Seguel","Docente","SIN INFORMACION","Docente Directivo","Profesionales de La Educación Ley N°19.070","2015-03-18 00:00:00.0","1900-01-01 00:00:00.0"
"Niquen","Planta Titular","Educación","Titular","Sonia Isabel Zu¿iga Espinoza","Ayudante","SIN INFORMACION","Contratados Sin Planta","Afectos Al Código del Trabajo","2016-03-01 00:00:00.0","1900-01-01 00:00:00.0"
"Niquen","Planta Titular","Educación","Titular","Angelica Alejandra Jimenez Zobarzo","Asistente Parvularia","SIN INFORMACION","Contratados Sin Planta","Afectos Al Código del Trabajo","2013-10-01 00:00:00.0","1900-01-01 00:00:00.0"
"Niquen","Planta Titular","Educación","Titular","Margot del Carmen Andrades Escalona","Docente","SIN INFORMACION","Docente Técnico Pedagógico","Profesionales de La Educación Ley N°19.070","2015-12-01 00:00:00.0","1900-01-01 00:00:00.0"
"Niquen","Planta Titular","Educación","Titular","Juan Luis Salda¿a Molina","Inspector","SIN INFORMACION","Contratados Sin Planta","Asistentes de La Educación Ley N°19.464","2015-03-01 00:00:00.0","1900-01-01 00:00:00.0"
"Niquen","Planta Titular","Educación","Titular","Ercito Ricardo Landaeta Bustos","Auxiliar","SIN INFORMACION","Contratados Sin Planta","Asistentes de La Educación Ley N°19.464","2014-04-22 00:00:00.0","1900-01-01 00:00:00.0"
"Niquen","Planta Titular","Educación","Titular","Luz Maria Orellana Inostrosa","Auxiliar","SIN INFORMACION","Contratados Sin Planta","Asistentes de La Educación Ley N°19.464","2015-03-01 00:00:00.0","1900-01-01 00:00:00.0"
"Niquen","Planta Titular","Educación","Titular","Ricardo Magdiel Urra Perez","Administrativo","SIN INFORMACION","Contratados Sin Planta","Afectos Al Código del Trabajo","2018-04-01 00:00:00.0","1900-01-01 00:00:00.0"
"Niquen","Planta Titular","Educación","Titular","Hector Armando Saez Romero","Docente","SIN INFORMACION","Docente","Profesionales de La Educación Ley N°19.070","2015-01-31 00:00:00.0","1900-01-01 00:00:00.0"
"Niquen","Planta Titular","Educación","Titular","Gonzalo Hernan Muñoz Cabrolier","Docente","SIN INFORMACION","Docente Directivo","Profesionales de La Educación Ley N°19.070","2015-05-04 00:00:00.0","2020-05-04 00:00:00.0"
"Niquen","Planta Titular","Educación","Titular","Francisco Andres Vergara Fuentes","Encargado","SIN INFORMACION","Contratados Sin Planta","Afectos Al Código del Trabajo","2014-03-01 00:00:00.0","1900-01-01 00:00:00.0"
"Niquen","Planta Titular","Educación","Titular","Yanet del Carmen Landaeta Manriquez","Auxiliar de Párvulos","SIN INFORMACION","Contratados Sin Planta","Afectos Al Código del Trabajo","2012-03-01 00:00:00.0","1900-01-01 00:00:00.0"
"Niquen","Planta Titular","Educación","Titular","Erika del Carmen  Fuentes Novoa","Inspector","SIN INFORMACION","Contratados Sin Planta","Afectos Al Código del Trabajo","2014-03-01 00:00:00.0","1900-01-01 00:00:00.0"
"Niquen","Planta Titular","Educación","Titular","Maria Angelica Valenzuela  Garrido","Auxiliar de Servicios Menores","SIN INFORMACION","Contratados Sin Planta","Asistentes de La Educación Ley N°19.464","2014-03-01 00:00:00.0","1900-01-01 00:00:00.0"
"Niquen","Planta Titular","Educación","Titular","Norma Alicia Suarez Mu¿oz","Asistente Parvularia","SIN INFORMACION","Contratados Sin Planta","Asistentes de La Educación Ley N°19.464","2012-01-01 00:00:00.0","1900-01-01 00:00:00.0"
"Niquen","Planta Titular","Educación","Titular","Cecilia de Jesus Olivares  Fuentes","Inspector","SIN INFORMACION","Contratados Sin Planta","Asistentes de La Educación Ley N°19.464","2015-03-01 00:00:00.0","1900-01-01 00:00:00.0"
