"Comuna","Tipo de Contratación","Área","Calidad","Nombre","Cargo","Grado","Planta","Remuneración","Fecha desde","Fecha hasta"
"Niquen","Codigo del Trabajo","Sin Clasificación","Código del Trabajo","Miguel Angel Canto Guzman","Jefe"," ","Contratados Sin Planta","Afectos Al Código del Trabajo","1995-11-02 00:00:00.0","1900-01-01 00:00:00.0"
"Niquen","Codigo del Trabajo","Sin Clasificación","Código del Trabajo","Celso Ariel Acuña Alarcon","Administrativo"," ","Contratados Sin Planta","Afectos Al Código del Trabajo","2010-02-01 00:00:00.0","1900-01-01 00:00:00.0"
"Niquen","Codigo del Trabajo","Sin Clasificación","Código del Trabajo","Rodrigo Antonio Riquelme  Zúñiga","Asesor"," ","Personal No Pertenece A Planta","Afectos Al Código del Trabajo","2012-12-06 00:00:00.0","1900-01-01 00:00:00.0"
"Niquen","Codigo del Trabajo","Sin Clasificación","Código del Trabajo","Raquel Alejandra Muñoz Zuñiga","Secreto"," ","Personal No Pertenece A Planta","Afectos Al Código del Trabajo","2008-01-01 00:00:00.0","1900-01-01 00:00:00.0"
"Niquen","Codigo del Trabajo","Sin Clasificación","Código del Trabajo","Isabel Margarita Falcon Gutierrez","Administrativo"," ","Personal No Pertenece A Planta","Afectos Al Código del Trabajo","2008-01-01 00:00:00.0","1900-01-01 00:00:00.0"
"Niquen","Codigo del Trabajo","Sin Clasificación","Código del Trabajo","Karen Andrea  Sepúlveda Núñez","Contador Auditor"," ","Personal No Pertenece A Planta","Afectos Al Código del Trabajo","2012-12-06 00:00:00.0","1900-01-01 00:00:00.0"
"Niquen","Codigo del Trabajo","Sin Clasificación","Código del Trabajo","Mario Rafael de La Cuadra Valdés","Medico"," ","Personal No Pertenece A Planta","Afectos Al Código del Trabajo","2012-04-01 00:00:00.0","1900-01-01 00:00:00.0"
"Niquen","Codigo del Trabajo","Sin Clasificación","Código del Trabajo","Jovita Eliana Molina Hernandez","Asistente de La Educación"," ","Sin Información","Afectos Al Código del Trabajo","2010-03-01 00:00:00.0","1900-01-01 00:00:00.0"
