"Comuna","Tipo de Contratación","Área","Calidad","Nombre","Cargo","Grado","Planta","Remuneración","Fecha desde","Fecha hasta"
"Niquen","Planta Titular","Salud","Titular","Jacqueline de Las Mercedes Fuentealba Cerda","Profesional","SIN INFORMACION","Profesionales Categoría B","Estatuto Atención Primaria de Salud Municipal  Ley N°19.378","2019-10-01 00:00:00.0","1900-01-01 00:00:00.0"
"Niquen","Planta Titular","Salud","Titular","Sandra Jimena Salinas Soto","Administrativo Crea de Salud","SIN INFORMACION","Profesionales Categoría A","Estatuto Atención Primaria de Salud Municipal  Ley N°19.378","2015-10-09 00:00:00.0","1900-01-01 00:00:00.0"
"Niquen","Planta Titular","Salud","Titular","Isabel Macarena Albornoz Zapata","Auxiliar de Servicio de Salud","SIN INFORMACION","Administrativos de Salud Categoría E","Estatuto Atención Primaria de Salud Municipal  Ley N°19.378","2019-10-01 00:00:00.0","1900-01-01 00:00:00.0"
"Niquen","Planta Titular","Salud","Titular","Bernardo Antonio Manriquez Arias","Auxiliar de Servicio de Salud","SIN INFORMACION","Profesionales Categoría A","Estatuto Atención Primaria de Salud Municipal  Ley N°19.378","2015-10-09 00:00:00.0","1900-01-01 00:00:00.0"
"Niquen","Planta Titular","Salud","Titular","Soledad del Pilar Lopez Canales","Técnico de Salud","SIN INFORMACION","Técnicos de Nivel Superior Categoría C","Estatuto Atención Primaria de Salud Municipal  Ley N°19.378","2015-10-09 00:00:00.0","1900-01-01 00:00:00.0"
"Niquen","Planta Titular","Salud","Titular","Arturo Eduardo Molina Avila","Profesional","SIN INFORMACION","Profesionales Categoría A","Estatuto Atención Primaria de Salud Municipal  Ley N°19.378","2019-10-01 00:00:00.0","1900-01-01 00:00:00.0"
"Niquen","Planta Titular","Salud","Titular","Cristina Alejandra Mendez Valenzuela","Administrativo Crea de Salud","SIN INFORMACION","Administrativos de Salud Categoría E","Estatuto Atención Primaria de Salud Municipal  Ley N°19.378","2015-10-09 00:00:00.0","1900-01-01 00:00:00.0"
"Niquen","Planta Titular","Salud","Titular","Héctor Manuel  Medel  Olea","Profesional","SIN INFORMACION","Profesionales Categoría B","Estatuto Atención Primaria de Salud Municipal  Ley N°19.378","2019-10-01 00:00:00.0","1900-01-01 00:00:00.0"
"Niquen","Planta Titular","Salud","Titular","Manuel Ramiro Zenteno Fuentes","Técnico de Nivel Superior","SIN INFORMACION","Técnicos de Nivel Superior Categoría C","Estatuto Atención Primaria de Salud Municipal  Ley N°19.378","2019-10-01 00:00:00.0","1900-01-01 00:00:00.0"
"Niquen","Planta Titular","Salud","Titular","Flor Angelica Venegas Venegas","Técnico de Nivel Superior","SIN INFORMACION","Técnicos de Nivel Superior Categoría C","Estatuto Atención Primaria de Salud Municipal  Ley N°19.378","2019-10-01 00:00:00.0","1900-01-01 00:00:00.0"
"Niquen","Planta Titular","Salud","Titular","Ismael Alejandro Cartes Arellano","Profesional","SIN INFORMACION","Profesionales Categoría B","Estatuto Atención Primaria de Salud Municipal  Ley N°19.378","2019-10-01 00:00:00.0","1900-01-01 00:00:00.0"
"Niquen","Planta Titular","Salud","Titular","Ruth Noemi Muñoz Falcon","Técnico de Salud","SIN INFORMACION","Técnicos de Nivel Superior Categoría C","Estatuto Atención Primaria de Salud Municipal  Ley N°19.378","2015-10-09 00:00:00.0","1900-01-01 00:00:00.0"
"Niquen","Planta Titular","Salud","Titular","Vicela Macarena San Juan Troncoso","Técnico de Nivel Superior","SIN INFORMACION","Técnicos de Nivel Superior Categoría C","Estatuto Atención Primaria de Salud Municipal  Ley N°19.378","2019-10-01 00:00:00.0","1900-01-01 00:00:00.0"
"Niquen","Planta Titular","Salud","Titular","Karen Vanessa Briones Gutierrez","Técnico de Nivel Superior","SIN INFORMACION","Profesionales Categoría A","Estatuto Atención Primaria de Salud Municipal  Ley N°19.378","2019-10-01 00:00:00.0","1900-01-01 00:00:00.0"
"Niquen","Planta Titular","Salud","Titular","Viviana Loreto Soto Campos","Técnico de Salud","SIN INFORMACION","Técnicos de Nivel Superior Categoría C","Estatuto Atención Primaria de Salud Municipal  Ley N°19.378","2015-10-09 00:00:00.0","1900-01-01 00:00:00.0"
"Niquen","Planta Titular","Salud","Titular","Barbara Valeska Gonzalez Acuña","Técnico de Nivel Superior","SIN INFORMACION","Técnicos de Nivel Superior Categoría C","Estatuto Atención Primaria de Salud Municipal  Ley N°19.378","2019-10-01 00:00:00.0","1900-01-01 00:00:00.0"
"Niquen","Planta Titular","Salud","Titular","Maria Fernanda Sepulveda  Tobar","Técnico de Salud","SIN INFORMACION","Técnicos de Nivel Superior Categoría C","Estatuto Atención Primaria de Salud Municipal  Ley N°19.378","2015-10-09 00:00:00.0","1900-01-01 00:00:00.0"
"Niquen","Planta Titular","Salud","Titular","Ingrid Betsabé Saldaña Romero","Técnico de Salud","SIN INFORMACION","Técnicos de Nivel Superior Categoría C","Estatuto Atención Primaria de Salud Municipal  Ley N°19.378","2015-10-09 00:00:00.0","1900-01-01 00:00:00.0"
"Niquen","Planta Titular","Salud","Titular","Alex Rodrigo Gutierrez Fuentes","Profesional","SIN INFORMACION","Profesionales Categoría B","Estatuto Atención Primaria de Salud Municipal  Ley N°19.378","2019-10-01 00:00:00.0","1900-01-01 00:00:00.0"
"Niquen","Planta Titular","Salud","Titular","Maria Angelica Soto Abarzua","Técnico de Salud","SIN INFORMACION","Técnicos de Nivel Superior Categoría C","Estatuto Atención Primaria de Salud Municipal  Ley N°19.378","2015-10-09 00:00:00.0","1900-01-01 00:00:00.0"
"Niquen","Planta Titular","Salud","Titular","Evelin Solange  López Castillo","Profesional","SIN INFORMACION","Profesionales Categoría B","Estatuto Atención Primaria de Salud Municipal  Ley N°19.378","2019-10-01 00:00:00.0","1900-01-01 00:00:00.0"
"Niquen","Planta Titular","Salud","Titular","Romina Daniela Estrella Alvarez Torres","Profesional","SIN INFORMACION","Profesionales Categoría B","Estatuto Atención Primaria de Salud Municipal  Ley N°19.378","2019-10-01 00:00:00.0","1900-01-01 00:00:00.0"
"Niquen","Planta Titular","Salud","Titular","Macarena del Carmen San Martin Belmar","Profesional","SIN INFORMACION","Profesionales Categoría B","Estatuto Atención Primaria de Salud Municipal  Ley N°19.378","2019-10-01 00:00:00.0","1900-01-01 00:00:00.0"
"Niquen","Planta Titular","Salud","Titular","Viviana Andrea Uribe Fuentes","Técnico de Nivel Superior","SIN INFORMACION","Técnicos de Nivel Superior Categoría C","Estatuto Atención Primaria de Salud Municipal  Ley N°19.378","2019-10-01 00:00:00.0","1900-01-01 00:00:00.0"
"Niquen","Planta Titular","Salud","Titular","Alejandra San Martin Gutierrez","Administrativo Crea de Salud","SIN INFORMACION","Administrativos de Salud Categoría E","Estatuto Atención Primaria de Salud Municipal  Ley N°19.378","2015-10-09 00:00:00.0","1900-01-01 00:00:00.0"
"Niquen","Planta Titular","Salud","Titular","Ivana Carina Alfaro  Vasquez","Técnico de Nivel Superior","SIN INFORMACION","Técnicos de Nivel Superior Categoría C","Estatuto Atención Primaria de Salud Municipal  Ley N°19.378","2019-10-01 00:00:00.0","1900-01-01 00:00:00.0"
"Niquen","Planta Titular","Salud","Titular","Caterin  Gisel Acu¿a  Soto","Técnico de Nivel Superior","SIN INFORMACION","Técnicos de Nivel Superior Categoría C","Estatuto Atención Primaria de Salud Municipal  Ley N°19.378","2019-10-01 00:00:00.0","1900-01-01 00:00:00.0"
"Niquen","Planta Titular","Salud","Titular","Camila Andrea Contreras de La Fuente","Administrativo Crea de Salud","SIN INFORMACION","Profesionales Categoría A","Estatuto Atención Primaria de Salud Municipal  Ley N°19.378","2019-10-01 00:00:00.0","1900-01-01 00:00:00.0"
