"Comuna","Tipo de Contratación","Área","Calidad","Nombre","Cargo","Grado","Planta","Remuneración","Fecha desde","Fecha hasta"
"Santa Juana","Contrata","Educación","Contrata","Arnaldo del Rosario Carrasco Rocha","Docente","SIN INFORMACION","Contratados Sin Planta","Profesionales de La Educación Ley N°19.070","2018-03-01 00:00:00.0","2019-02-28 00:00:00.0"
"Santa Juana","Contrata","Educación","Contrata","Alejandro Antonio Mora Guenante","Docente","SIN INFORMACION","Contratados Sin Planta","Profesionales de La Educación Ley N°19.070","2018-03-01 00:00:00.0","2019-02-28 00:00:00.0"
"Santa Juana","Contrata","Educación","Contrata","Ana Maria Arratia Arevalo","Docente","SIN INFORMACION","Contratados Sin Planta","Profesionales de La Educación Ley N°19.070","2018-03-01 00:00:00.0","2019-02-28 00:00:00.0"
"Santa Juana","Contrata","Educación","Contrata","Jacqueline Cecilia Chaparro Saavedra","Docente","SIN INFORMACION","Contratados Sin Planta","Profesionales de La Educación Ley N°19.070","2019-04-01 00:00:00.0","2019-06-30 00:00:00.0"
"Santa Juana","Contrata","Educación","Contrata","Hector Enrique Puebla Aguilera","Docente","SIN INFORMACION","Contratados Sin Planta","Profesionales de La Educación Ley N°19.070","2018-03-01 00:00:00.0","2019-02-28 00:00:00.0"
"Santa Juana","Contrata","Educación","Contrata","Maria Magdalena  Reyez Velozo","Bibliotecario","SIN INFORMACION","Contratados Sin Planta","Afectos Al Código del Trabajo","2019-04-08 00:00:00.0","2019-05-02 00:00:00.0"
"Santa Juana","Contrata","Educación","Contrata","Eva Maria Jara  Sanzan","Asistente","SIN INFORMACION","Contratados Sin Planta","Asistentes de La Educación Ley N°19.464","2019-04-01 00:00:00.0","2019-06-30 00:00:00.0"
"Santa Juana","Contrata","Educación","Contrata","Yaneth Mariana Seguel Vasquez","Docente","SIN INFORMACION","Contratados Sin Planta","Profesionales de La Educación Ley N°19.070","2018-03-01 00:00:00.0","2019-02-28 00:00:00.0"
"Santa Juana","Contrata","Educación","Contrata","Miriam del Carmen Rosales Perez","Asistente de La Educación","SIN INFORMACION","Contratados Sin Planta","Asistentes de La Educación Ley N°19.464","2019-04-02 00:00:00.0","2019-06-30 00:00:00.0"
"Santa Juana","Contrata","Educación","Contrata","Monica Isabel Cartes Jara","Docente","SIN INFORMACION","Contratados Sin Planta","Profesionales de La Educación Ley N°19.070","2018-03-01 00:00:00.0","2019-02-28 00:00:00.0"
"Santa Juana","Contrata","Educación","Contrata","Claudia Loreto Palacios Rebolledo","Director","SIN INFORMACION","Contratados Sin Planta","Profesionales de La Educación Ley N°19.070","2018-08-09 00:00:00.0","1900-01-01 00:00:00.0"
"Santa Juana","Contrata","Educación","Contrata","Julio Cesar Barrios  Gutierrez","Docente","SIN INFORMACION","Contratados Sin Planta","Profesionales de La Educación Ley N°19.070","2018-04-05 00:00:00.0","2019-02-28 00:00:00.0"
"Santa Juana","Contrata","Educación","Contrata","Nancy Herminda Gutierrez Espinoza","Asistente de La Educación","SIN INFORMACION","Contratados Sin Planta","Asistentes de La Educación Ley N°19.464","2019-04-08 00:00:00.0","2019-06-30 00:00:00.0"
"Santa Juana","Contrata","Educación","Contrata","German Andres Quintana Espinoza","Docente","SIN INFORMACION","Contratados Sin Planta","Profesionales de La Educación Ley N°19.070","2018-03-01 00:00:00.0","2019-02-28 00:00:00.0"
"Santa Juana","Contrata","Educación","Contrata","Maria Teresa Proboste Fonseca","Docente","SIN INFORMACION","Contratados Sin Planta","Profesionales de La Educación Ley N°19.070","2018-03-01 00:00:00.0","2019-02-28 00:00:00.0"
"Santa Juana","Contrata","Educación","Contrata","Jaqueline Mireya Molina Vergara","Docente","SIN INFORMACION","Contratados Sin Planta","Profesionales de La Educación Ley N°19.070","2018-03-01 00:00:00.0","2019-02-28 00:00:00.0"
"Santa Juana","Contrata","Educación","Contrata","Lucia Angelica Ramirez Fernandez","Asistente de La Educación","SIN INFORMACION","Contratados Sin Planta","Asistentes de La Educación Ley N°19.464","2019-04-01 00:00:00.0","2019-06-30 00:00:00.0"
"Santa Juana","Contrata","Educación","Contrata","Anne Victoria Cifuentes Campos","Docente","SIN INFORMACION","Contratados Sin Planta","Profesionales de La Educación Ley N°19.070","2019-03-11 00:00:00.0","2019-05-29 00:00:00.0"
"Santa Juana","Contrata","Educación","Contrata","Viviana Isabel Belmar Nedina","Asistente de La Educación","SIN INFORMACION","Contratados Sin Planta","Asistentes de La Educación Ley N°19.464","2019-04-01 00:00:00.0","2019-06-30 00:00:00.0"
"Santa Juana","Contrata","Educación","Contrata","Roberto Antonio  Puga Hidalgo","Docente","SIN INFORMACION","Contratados Sin Planta","Profesionales de La Educación Ley N°19.070","2019-03-27 00:00:00.0","2019-04-25 00:00:00.0"
"Santa Juana","Contrata","Educación","Contrata","Gilda    Diaz Pezo","Docente","SIN INFORMACION","Contratados Sin Planta","Profesionales de La Educación Ley N°19.070","2018-03-01 00:00:00.0","2019-02-28 00:00:00.0"
"Santa Juana","Contrata","Educación","Contrata","Natalia del Carmen Neira Proboste","Asistente de La Educación","SIN INFORMACION","Contratados Sin Planta","Afectos Al Código del Trabajo","2019-04-02 00:00:00.0","2019-06-30 00:00:00.0"
"Santa Juana","Contrata","Educación","Contrata","Poza  Alarcon Omar Alfredo","Administrativo Operadores de Computador","SIN INFORMACION","Contratados Sin Planta","Afectos Al Código del Trabajo","2019-03-12 00:00:00.0","2019-12-27 00:00:00.0"
"Santa Juana","Contrata","Educación","Contrata","Daniela Andrea Cerna Silva","Técnico","SIN INFORMACION","Contratados Sin Planta","Afectos Al Código del Trabajo","2018-03-01 00:00:00.0","2019-02-28 00:00:00.0"
"Santa Juana","Contrata","Educación","Contrata","Ruth Elizabeth Silva Cifuentes","Asistente de La Educación","SIN INFORMACION","Contratados Sin Planta","Afectos Al Código del Trabajo","2019-04-01 00:00:00.0","2019-06-30 00:00:00.0"
"Santa Juana","Contrata","Educación","Contrata","Ramon Emilio Caceres Aravena","Docente","SIN INFORMACION","Contratados Sin Planta","Profesionales de La Educación Ley N°19.070","2019-03-01 00:00:00.0","2020-02-29 00:00:00.0"
"Santa Juana","Contrata","Educación","Contrata","Maavis Magaly Beltran  Manríquez","Psicólogo","SIN INFORMACION","Contratados Sin Planta","Afectos Al Código del Trabajo","2019-03-25 00:00:00.0","2019-06-30 00:00:00.0"
"Santa Juana","Contrata","Educación","Contrata","Liliana Veronica Sanzana Sanzana","Asistente de La Educación","SIN INFORMACION","Contratados Sin Planta","Afectos Al Código del Trabajo","2019-03-04 00:00:00.0","2020-02-29 00:00:00.0"
"Santa Juana","Contrata","Educación","Contrata","Andrea Alejandra Hidalgo Robles","Docente","SIN INFORMACION","Contratados Sin Planta","Profesionales de La Educación Ley N°19.070","2018-03-01 00:00:00.0","2019-02-28 00:00:00.0"
"Santa Juana","Contrata","Educación","Contrata","Nelvia Ximena Soto Morales","Asistente de La Educación","SIN INFORMACION","Contratados Sin Planta","Afectos Al Código del Trabajo","2019-05-02 00:00:00.0","2019-11-30 00:00:00.0"
"Santa Juana","Contrata","Educación","Contrata","Scarlett Katiuska Palma Seguel","Docente","SIN INFORMACION","Contratados Sin Planta","Profesionales de La Educación Ley N°19.070","2019-04-01 00:00:00.0","2019-06-30 00:00:00.0"
"Santa Juana","Contrata","Educación","Contrata","Mariela Fabiola Flores Matamala","Docente","SIN INFORMACION","Contratados Sin Planta","Profesionales de La Educación Ley N°19.070","2018-03-01 00:00:00.0","2019-02-28 00:00:00.0"
"Santa Juana","Contrata","Educación","Contrata","Claudia Carolina Espinoza Cisternas","Docente","SIN INFORMACION","Contratados Sin Planta","Profesionales de La Educación Ley N°19.070","2018-03-01 00:00:00.0","2019-02-28 00:00:00.0"
"Santa Juana","Contrata","Educación","Contrata","Carolina Isabel Jara Fuentes","Docente","SIN INFORMACION","Contratados Sin Planta","Profesionales de La Educación Ley N°19.070","2018-03-01 00:00:00.0","2019-02-28 00:00:00.0"
"Santa Juana","Contrata","Educación","Contrata","Samuel Andres Zambrano Escalona","Docente","SIN INFORMACION","Contratados Sin Planta","Profesionales de La Educación Ley N°19.070","2018-03-01 00:00:00.0","2019-02-28 00:00:00.0"
"Santa Juana","Contrata","Educación","Contrata","Marianela Andrea Bravo Aguilar","Docente","SIN INFORMACION","Contratados Sin Planta","Profesionales de La Educación Ley N°19.070","2018-10-13 00:00:00.0","2019-02-28 00:00:00.0"
"Santa Juana","Contrata","Educación","Contrata","Marcela de Los Angeles Morales Vergara","Asistente de La Educación","SIN INFORMACION","Contratados Sin Planta","Asistentes de La Educación Ley N°19.464","2019-04-01 00:00:00.0","2019-06-30 00:00:00.0"
"Santa Juana","Contrata","Educación","Contrata","Caludia Andrea Burdiles Burdiles","Docente","SIN INFORMACION","Contratados Sin Planta","Profesionales de La Educación Ley N°19.070","2018-03-01 00:00:00.0","2019-02-28 00:00:00.0"
"Santa Juana","Contrata","Educación","Contrata","Viviana Irene Pincheira Toledo","Docente","SIN INFORMACION","Contratados Sin Planta","Profesionales de La Educación Ley N°19.070","2018-03-01 00:00:00.0","2019-02-28 00:00:00.0"
"Santa Juana","Contrata","Educación","Contrata","Catherine Paola Perera  Mu¿oz","Docente","SIN INFORMACION","Contratados Sin Planta","Profesionales de La Educación Ley N°19.070","2019-07-01 00:00:00.0","2020-02-29 00:00:00.0"
"Santa Juana","Contrata","Educación","Contrata","Banessa Aurora del Carmen Hidalgo Vergara","Jefe Unidad Técnica Pedagógica","SIN INFORMACION","Contratados Sin Planta","Profesionales de La Educación Ley N°19.070","2018-03-01 00:00:00.0","2019-02-28 00:00:00.0"
"Santa Juana","Contrata","Educación","Contrata","Pamela Andrea Diaz Ortiz","Asistente de La Educación","SIN INFORMACION","Contratados Sin Planta","Afectos Al Código del Trabajo","2019-04-13 00:00:00.0","2019-11-30 00:00:00.0"
"Santa Juana","Contrata","Educación","Contrata","Flor Beatriz Burdiles Mora","Asistente","SIN INFORMACION","Contratados Sin Planta","Afectos Al Código del Trabajo","2018-03-01 00:00:00.0","2019-02-28 00:00:00.0"
"Santa Juana","Contrata","Educación","Contrata","Loreto Isabel Vallejos Aguilera","Docente","SIN INFORMACION","Contratados Sin Planta","Profesionales de La Educación Ley N°19.070","2018-03-01 00:00:00.0","2019-02-28 00:00:00.0"
"Santa Juana","Contrata","Educación","Contrata","Angelica Cecilia  Valenzuela Cuevas","Docente","SIN INFORMACION","Contratados Sin Planta","Profesionales de La Educación Ley N°19.070","2018-03-01 00:00:00.0","2019-02-28 00:00:00.0"
"Santa Juana","Contrata","Educación","Contrata","Ivon del Carmen Campo  Cueva","Docente","SIN INFORMACION","Contratados Sin Planta","Profesionales de La Educación Ley N°19.070","2018-03-05 00:00:00.0","2019-02-28 00:00:00.0"
"Santa Juana","Contrata","Educación","Contrata","Marisol del Carmen Burgos  Molina","Asistente de La Educación","SIN INFORMACION","Contratados Sin Planta","Asistentes de La Educación Ley N°19.464","2019-04-01 00:00:00.0","2019-06-30 00:00:00.0"
"Santa Juana","Contrata","Educación","Contrata","Marta Angelica Medina Matamala","Docente","SIN INFORMACION","Contratados Sin Planta","Profesionales de La Educación Ley N°19.070","2018-03-05 00:00:00.0","2019-02-28 00:00:00.0"
"Santa Juana","Contrata","Educación","Contrata","Carolina Isabel Gonzalez Mora","Docente","SIN INFORMACION","Contratados Sin Planta","Profesionales de La Educación Ley N°19.070","2019-06-01 00:00:00.0","2019-11-30 00:00:00.0"
"Santa Juana","Contrata","Educación","Contrata","Claudia Elizabeth Diaz Ortiz","Docente","SIN INFORMACION","Contratados Sin Planta","Profesionales de La Educación Ley N°19.070","2018-03-01 00:00:00.0","2019-02-28 00:00:00.0"
"Santa Juana","Contrata","Educación","Contrata","Daniela Alejandra Sepulveda  Garces","Asistente de La Educación","SIN INFORMACION","Contratados Sin Planta","Afectos Al Código del Trabajo","2019-03-11 00:00:00.0","2019-12-28 00:00:00.0"
"Santa Juana","Contrata","Educación","Contrata","Andrea del Pilar Gallegos  Farru","Docente","SIN INFORMACION","Contratados Sin Planta","Profesionales de La Educación Ley N°19.070","2018-03-01 00:00:00.0","2019-02-28 00:00:00.0"
"Santa Juana","Contrata","Educación","Contrata","Mario Alberto Vallejos Proboste","Docente","SIN INFORMACION","Contratados Sin Planta","Profesionales de La Educación Ley N°19.070","2018-03-01 00:00:00.0","2019-02-28 00:00:00.0"
"Santa Juana","Contrata","Educación","Contrata","Shirley Diana Angulo Gutierrez","Docente","SIN INFORMACION","Contratados Sin Planta","Profesionales de La Educación Ley N°19.070","2018-03-01 00:00:00.0","2019-02-28 00:00:00.0"
"Santa Juana","Contrata","Educación","Contrata","Emmanuel Andres Burdiles Carrasco","Docente","SIN INFORMACION","Contratados Sin Planta","Profesionales de La Educación Ley N°19.070","2019-04-01 00:00:00.0","2019-06-30 00:00:00.0"
"Santa Juana","Contrata","Educación","Contrata","Angelica Maria Caro  Valencia","Docente","SIN INFORMACION","Contratados Sin Planta","Profesionales de La Educación Ley N°19.070","2019-07-01 00:00:00.0","2020-02-29 00:00:00.0"
"Santa Juana","Contrata","Educación","Contrata","Carolina del Carmen Medina Reyes","Docente","SIN INFORMACION","Contratados Sin Planta","Profesionales de La Educación Ley N°19.070","2019-04-17 00:00:00.0","2019-06-30 00:00:00.0"
"Santa Juana","Contrata","Educación","Contrata","Ivette Herodina Arratia Hidalgo","Monitor","SIN INFORMACION","Contratados Sin Planta","Afectos Al Código del Trabajo","2019-04-01 00:00:00.0","2019-06-30 00:00:00.0"
"Santa Juana","Contrata","Educación","Contrata","Cristina Elizabeth  Gonzalez Mora","Docente","SIN INFORMACION","Contratados Sin Planta","Profesionales de La Educación Ley N°19.070","2018-03-01 00:00:00.0","2019-02-28 00:00:00.0"
"Santa Juana","Contrata","Educación","Contrata","Marioly Nataly Jara Cuevas","Docente","SIN INFORMACION","Contratados Sin Planta","Profesionales de La Educación Ley N°19.070","2019-07-01 00:00:00.0","2020-02-29 00:00:00.0"
"Santa Juana","Contrata","Educación","Contrata","Karen Eliana Gutierrez Ya¿ez","Docente","SIN INFORMACION","Contratados Sin Planta","Profesionales de La Educación Ley N°19.070","2019-06-01 00:00:00.0","2019-06-30 00:00:00.0"
"Santa Juana","Contrata","Educación","Contrata","Yenifer Alejandra Pe¿a Rios","Asistente","SIN INFORMACION","Contratados Sin Planta","Afectos Al Código del Trabajo","2018-03-01 00:00:00.0","2019-02-28 00:00:00.0"
"Santa Juana","Contrata","Educación","Contrata","Rebeca Sabina Burdiles  Sanhuieza","Docente","SIN INFORMACION","Contratados Sin Planta","Profesionales de La Educación Ley N°19.070","2018-03-01 00:00:00.0","2019-02-28 00:00:00.0"
"Santa Juana","Contrata","Educación","Contrata","Romina Soledad  Sáez Montecinos","Docente","SIN INFORMACION","Contratados Sin Planta","Profesionales de La Educación Ley N°19.070","2018-03-01 00:00:00.0","2019-02-28 00:00:00.0"
"Santa Juana","Contrata","Educación","Contrata","Mariela Andrea  Vega  Alveal","Docente","SIN INFORMACION","Contratados Sin Planta","Profesionales de La Educación Ley N°19.070","2019-03-06 00:00:00.0","2019-05-14 00:00:00.0"
"Santa Juana","Contrata","Educación","Contrata","Gloria del Carmen Torres Tranamil","Docente","SIN INFORMACION","Contratados Sin Planta","Profesionales de La Educación Ley N°19.070","2019-07-01 00:00:00.0","2020-02-29 00:00:00.0"
"Santa Juana","Contrata","Educación","Contrata","Lorena Vianney Matamala Cuevas","Docente","SIN INFORMACION","Contratados Sin Planta","Profesionales de La Educación Ley N°19.070","2018-03-01 00:00:00.0","2019-02-28 00:00:00.0"
"Santa Juana","Contrata","Educación","Contrata","Karina Soledad Neira Garcia","Docente","SIN INFORMACION","Contratados Sin Planta","Profesionales de La Educación Ley N°19.070","2018-03-01 00:00:00.0","2019-02-28 00:00:00.0"
"Santa Juana","Contrata","Educación","Contrata","Juan Ernesto  Montecinos Cerna","Docente","SIN INFORMACION","Contratados Sin Planta","Profesionales de La Educación Ley N°19.070","2018-03-01 00:00:00.0","2019-02-28 00:00:00.0"
"Santa Juana","Contrata","Educación","Contrata","Viviana Andrea Gomez  Mancilla","Asistente de La Educación","SIN INFORMACION","Contratados Sin Planta","Asistentes de La Educación Ley N°19.464","2019-04-22 00:00:00.0","2019-06-30 00:00:00.0"
"Santa Juana","Contrata","Educación","Contrata","Paula del Pilar Esclona  Godoy","Docente","SIN INFORMACION","Contratados Sin Planta","Profesionales de La Educación Ley N°19.070","2019-03-01 00:00:00.0","2020-02-29 00:00:00.0"
"Santa Juana","Contrata","Educación","Contrata","Carole  Roxana Rodriguez Villouta","Docente","SIN INFORMACION","Contratados Sin Planta","Profesionales de La Educación Ley N°19.070","2018-03-01 00:00:00.0","2019-02-28 00:00:00.0"
"Santa Juana","Contrata","Educación","Contrata","Loreto Areli Aravena Contreras","Docente","SIN INFORMACION","Contratados Sin Planta","Profesionales de La Educación Ley N°19.070","2018-03-01 00:00:00.0","2019-02-28 00:00:00.0"
"Santa Juana","Contrata","Educación","Contrata","Guillermo Antonio Muñoz Mellado","Docente","SIN INFORMACION","Contratados Sin Planta","Profesionales de La Educación Ley N°19.070","2019-05-02 00:00:00.0","2019-06-30 00:00:00.0"
"Santa Juana","Contrata","Educación","Contrata","Ignacio Alessandro Quiero Neira","Docente","SIN INFORMACION","Contratados Sin Planta","Profesionales de La Educación Ley N°19.070","2018-03-01 00:00:00.0","2019-02-28 00:00:00.0"
"Santa Juana","Contrata","Educación","Contrata","Romina Rachel Bustos Cuevas","Docente","SIN INFORMACION","Contratados Sin Planta","Profesionales de La Educación Ley N°19.070","2019-04-01 00:00:00.0","2019-06-30 00:00:00.0"
"Santa Juana","Contrata","Educación","Contrata","Mauricio Angelo Cuevas  Cuevas","Docente","SIN INFORMACION","Contratados Sin Planta","Profesionales de La Educación Ley N°19.070","2018-03-01 00:00:00.0","2019-02-28 00:00:00.0"
"Santa Juana","Contrata","Educación","Contrata","Johana Angelica Gabilan Arias","Docente","SIN INFORMACION","Contratados Sin Planta","Profesionales de La Educación Ley N°19.070","2018-03-01 00:00:00.0","2019-02-28 00:00:00.0"
"Santa Juana","Contrata","Educación","Contrata","Natalia Carolina  Jimenez Flores","Docente","SIN INFORMACION","Contratados Sin Planta","Profesionales de La Educación Ley N°19.070","2019-03-13 00:00:00.0","2019-05-28 00:00:00.0"
"Santa Juana","Contrata","Educación","Contrata","Astrid Monserrat Manriquez Soto","Docente","SIN INFORMACION","Contratados Sin Planta","Profesionales de La Educación Ley N°19.070","2018-03-01 00:00:00.0","2019-02-28 00:00:00.0"
"Santa Juana","Contrata","Educación","Contrata","Daniela Alejandra Anabalon  Fuentes","Asistente de La Educación","SIN INFORMACION","Contratados Sin Planta","Asistentes de La Educación Ley N°19.464","2019-04-01 00:00:00.0","2019-06-30 00:00:00.0"
"Santa Juana","Contrata","Educación","Contrata","Claudia Valeria Rivas Reyes","Docente","SIN INFORMACION","Contratados Sin Planta","Profesionales de La Educación Ley N°19.070","2018-05-02 00:00:00.0","2019-02-28 00:00:00.0"
"Santa Juana","Contrata","Educación","Contrata","Tania Alejandra Sanchez  Mu¿oz","Docente","SIN INFORMACION","Contratados Sin Planta","Profesionales de La Educación Ley N°19.070","2018-03-01 00:00:00.0","2019-02-28 00:00:00.0"
"Santa Juana","Contrata","Educación","Contrata","Joselin Andrea  Oliva Mu¿oz","Docente","SIN INFORMACION","Contratados Sin Planta","Profesionales de La Educación Ley N°19.070","2019-07-01 00:00:00.0","2020-02-29 00:00:00.0"
"Santa Juana","Contrata","Educación","Contrata","Fernando Javier Mora Saavedra","Docente","SIN INFORMACION","Contratados Sin Planta","Profesionales de La Educación Ley N°19.070","2018-03-01 00:00:00.0","2019-02-28 00:00:00.0"
"Santa Juana","Contrata","Educación","Contrata","Pamela Alejandra  Matamala  Arriagada","Docente","SIN INFORMACION","Contratados Sin Planta","Profesionales de La Educación Ley N°19.070","2018-03-01 00:00:00.0","2019-02-28 00:00:00.0"
"Santa Juana","Contrata","Educación","Contrata","Nathalie Angelica Constanzo Elmes","Salvavidas","SIN INFORMACION","Contratados Sin Planta","Afectos Al Código del Trabajo","2019-04-01 00:00:00.0","2019-06-30 00:00:00.0"
"Santa Juana","Contrata","Educación","Contrata","Vannia Victoria Valenzuela Cuevas","Docente","SIN INFORMACION","Contratados Sin Planta","Profesionales de La Educación Ley N°19.070","2019-03-18 00:00:00.0","2019-06-30 00:00:00.0"
"Santa Juana","Contrata","Educación","Contrata","Alejandro Andres  Neira Torres","Docente","SIN INFORMACION","Contratados Sin Planta","Profesionales de La Educación Ley N°19.070","2018-03-01 00:00:00.0","2019-02-28 00:00:00.0"
"Santa Juana","Contrata","Educación","Contrata","Evelin Andrea Pinto Caro","Docente","SIN INFORMACION","Contratados Sin Planta","Profesionales de La Educación Ley N°19.070","2019-08-08 00:00:00.0","2019-08-30 00:00:00.0"
"Santa Juana","Contrata","Educación","Contrata","Daniela Andrea Montecinos  Silva","Relacionador Publico","SIN INFORMACION","Contratados Sin Planta","Afectos Al Código del Trabajo","2019-05-02 00:00:00.0","2019-12-31 00:00:00.0"
"Santa Juana","Contrata","Educación","Contrata","Pamela Alejandra Ortiz Montes","Docente","SIN INFORMACION","Contratados Sin Planta","Profesionales de La Educación Ley N°19.070","2018-03-01 00:00:00.0","2019-02-28 00:00:00.0"
"Santa Juana","Contrata","Educación","Contrata","Lorena del Carmen Gutierrez Gutierrez","Asistente Social","SIN INFORMACION","Contratados Sin Planta","Afectos Al Código del Trabajo","2019-03-18 00:00:00.0","2020-02-29 00:00:00.0"
"Santa Juana","Contrata","Educación","Contrata","Paula Beatriz Jimenez Salas","Fonoaudiologo","SIN INFORMACION","Contratados Sin Planta","Afectos Al Código del Trabajo","2018-03-05 00:00:00.0","2019-02-28 00:00:00.0"
"Santa Juana","Contrata","Educación","Contrata","Pamela Rebeca Garcia Stange","Docente","SIN INFORMACION","Contratados Sin Planta","Profesionales de La Educación Ley N°19.070","2018-04-16 00:00:00.0","2019-02-28 00:00:00.0"
"Santa Juana","Contrata","Educación","Contrata","Jorge Esteban Salazar Espinoza","Monitor","SIN INFORMACION","Contratados Sin Planta","Afectos Al Código del Trabajo","2019-04-01 00:00:00.0","2019-06-30 00:00:00.0"
"Santa Juana","Contrata","Educación","Contrata","Cindy Nataly  Arevalo  Aedo","Docente","SIN INFORMACION","Contratados Sin Planta","Profesionales de La Educación Ley N°19.070","2019-04-02 00:00:00.0","2019-06-24 00:00:00.0"
"Santa Juana","Contrata","Educación","Contrata","Nataly Nicole Valenzuela Burdiles","Docente","SIN INFORMACION","Contratados Sin Planta","Profesionales de La Educación Ley N°19.070","2018-03-01 00:00:00.0","2019-02-28 00:00:00.0"
"Santa Juana","Contrata","Educación","Contrata","Lilian del Carmen Molina Morales","Docente","SIN INFORMACION","Contratados Sin Planta","Profesionales de La Educación Ley N°19.070","2018-03-01 00:00:00.0","2019-02-28 00:00:00.0"
"Santa Juana","Contrata","Educación","Contrata","Maria Andrea Perez Beltran","Docente","SIN INFORMACION","Contratados Sin Planta","Profesionales de La Educación Ley N°19.070","2018-03-01 00:00:00.0","2019-02-28 00:00:00.0"
"Santa Juana","Contrata","Educación","Contrata","Edith Lorena  Montecinos Vergara","Asistente de La Educación","SIN INFORMACION","Contratados Sin Planta","Asistentes de La Educación Ley N°19.464","2014-08-01 00:00:00.0","1900-01-01 00:00:00.0"
"Santa Juana","Contrata","Educación","Contrata","Joselin Virginia Valencia  Arratia","Docente","SIN INFORMACION","Contratados Sin Planta","Profesionales de La Educación Ley N°19.070","2019-04-01 00:00:00.0","2019-06-30 00:00:00.0"
"Santa Juana","Contrata","Educación","Contrata","Diego Alonso Gajardo Gajardo","Docente","SIN INFORMACION","Contratados Sin Planta","Profesionales de La Educación Ley N°19.070","2018-03-01 00:00:00.0","2019-02-28 00:00:00.0"
"Santa Juana","Contrata","Educación","Contrata","Mauricio Alejandro Videla  Troncoso","Docente","SIN INFORMACION","Contratados Sin Planta","Profesionales de La Educación Ley N°19.070","2018-03-01 00:00:00.0","2019-02-28 00:00:00.0"
"Santa Juana","Contrata","Educación","Contrata","Marisela Ines Vidal Maldonado","Asistente de La Educación","SIN INFORMACION","Contratados Sin Planta","Asistentes de La Educación Ley N°19.464","2019-04-02 00:00:00.0","2019-06-30 00:00:00.0"
"Santa Juana","Contrata","Educación","Contrata","Daniel Isaias Ortiz Medina","Docente","SIN INFORMACION","Contratados Sin Planta","Profesionales de La Educación Ley N°19.070","2018-03-01 00:00:00.0","2019-02-28 00:00:00.0"
"Santa Juana","Contrata","Educación","Contrata","Jorge Javier Medina Reyesq","Psicólogo","SIN INFORMACION","Contratados Sin Planta","Afectos Al Código del Trabajo","2019-03-18 00:00:00.0","2020-02-29 00:00:00.0"
"Santa Juana","Contrata","Educación","Contrata","Yarisa Maricela Silva Vergara","Asistente","SIN INFORMACION","Contratados Sin Planta","Afectos Al Código del Trabajo","2018-03-01 00:00:00.0","2019-02-28 00:00:00.0"
"Santa Juana","Contrata","Educación","Contrata","Jerman Leonardo Reyes  Riquelme","Docente","SIN INFORMACION","Contratados Sin Planta","Profesionales de La Educación Ley N°19.070","2019-07-01 00:00:00.0","2020-02-29 00:00:00.0"
"Santa Juana","Contrata","Educación","Contrata","Yesenia Maria Arriagada Gajardo","Docente","SIN INFORMACION","Contratados Sin Planta","Profesionales de La Educación Ley N°19.070","2019-04-01 00:00:00.0","2019-06-30 00:00:00.0"
"Santa Juana","Contrata","Educación","Contrata","Lucia Mabel Catril Catril","Docente","SIN INFORMACION","Contratados Sin Planta","Profesionales de La Educación Ley N°19.070","2018-03-01 00:00:00.0","2019-02-28 00:00:00.0"
"Santa Juana","Contrata","Educación","Contrata","Ana Victoria Caceres Aravena","Docente","SIN INFORMACION","Contratados Sin Planta","Profesionales de La Educación Ley N°19.070","2019-07-01 00:00:00.0","2020-02-29 00:00:00.0"
"Santa Juana","Contrata","Educación","Contrata","Valeri Paulina Alejandra Chavez Carrasco","Monitor","SIN INFORMACION","Contratados Sin Planta","Afectos Al Código del Trabajo","2019-04-11 00:00:00.0","2019-06-30 00:00:00.0"
"Santa Juana","Contrata","Educación","Contrata","Carolina Andrea Garay Garrido","Docente","SIN INFORMACION","Contratados Sin Planta","Profesionales de La Educación Ley N°19.070","2018-03-01 00:00:00.0","2019-02-28 00:00:00.0"
"Santa Juana","Contrata","Educación","Contrata","Carolina Alejandra  Cancino Laurin","Auxiliar de Servicios Menores","SIN INFORMACION","Contratados Sin Planta","Afectos Al Código del Trabajo","2019-08-12 00:00:00.0","2019-08-14 00:00:00.0"
"Santa Juana","Contrata","Educación","Contrata","Daniela Stephanie  Sepulveda Martinez","Docente","SIN INFORMACION","Contratados Sin Planta","Profesionales de La Educación Ley N°19.070","2018-03-01 00:00:00.0","2019-02-28 00:00:00.0"
"Santa Juana","Contrata","Educación","Contrata","Daniela Andrea Venegas  Riquelme","Asistente Parvularia","SIN INFORMACION","Contratados Sin Planta","Afectos Al Código del Trabajo","2019-03-01 00:00:00.0","2020-02-29 00:00:00.0"
"Santa Juana","Contrata","Educación","Contrata","Belen Elizabeth Gonzalez Gonzalez","Fonoaudiologo","SIN INFORMACION","Contratados Sin Planta","Afectos Al Código del Trabajo","2019-03-18 00:00:00.0","2019-06-30 00:00:00.0"
"Santa Juana","Contrata","Educación","Contrata","Jaime Alonzo Gonzalez Neira","Monitor","SIN INFORMACION","Contratados Sin Planta","Afectos Al Código del Trabajo","2019-03-13 00:00:00.0","2020-02-29 00:00:00.0"
"Santa Juana","Contrata","Educación","Contrata","Katherine Maria  Urbina  Salgado","Administrativo","SIN INFORMACION","Contratados Sin Planta","Afectos Al Código del Trabajo","2019-06-13 00:00:00.0","2019-07-05 00:00:00.0"
"Santa Juana","Contrata","Educación","Contrata","Camila Susana  Garay Guajardo","Docente","SIN INFORMACION","Contratados Sin Planta","Profesionales de La Educación Ley N°19.070","2019-05-05 00:00:00.0","2019-05-24 00:00:00.0"
"Santa Juana","Contrata","Educación","Contrata","Dayana Grace Avila  Aguayo","Docente","SIN INFORMACION","Contratados Sin Planta","Profesionales de La Educación Ley N°19.070","2018-03-01 00:00:00.0","2019-02-28 00:00:00.0"
"Santa Juana","Contrata","Educación","Contrata","Jaime Wladimir Cancino Gonzalez","Docente","SIN INFORMACION","Contratados Sin Planta","Profesionales de La Educación Ley N°19.070","2018-09-01 00:00:00.0","2019-02-28 00:00:00.0"
"Santa Juana","Contrata","Educación","Contrata","Macarena Constanza Fernández Medina","Docente","SIN INFORMACION","Contratados Sin Planta","Profesionales de La Educación Ley N°19.070","2018-03-01 00:00:00.0","2019-02-28 00:00:00.0"
"Santa Juana","Contrata","Educación","Contrata","Hernan Andres  Seguel  Navarrete","Docente","SIN INFORMACION","Contratados Sin Planta","Profesionales de La Educación Ley N°19.070","2019-04-01 00:00:00.0","2019-06-30 00:00:00.0"
"Santa Juana","Contrata","Educación","Contrata","Daniela Angelina  Rebolledo Medina","Psicólogo","SIN INFORMACION","Contratados Sin Planta","Asistentes de La Educación Ley N°19.464","2019-04-01 00:00:00.0","2019-06-30 00:00:00.0"
"Santa Juana","Contrata","Educación","Contrata","Jacqueline Nataly Rivera Pedrero","Docente","SIN INFORMACION","Contratados Sin Planta","Profesionales de La Educación Ley N°19.070","2018-03-01 00:00:00.0","2019-02-28 00:00:00.0"
"Santa Juana","Contrata","Educación","Contrata","Marilyn Roxana Escobar Burdiles","Encargado de Personal","SIN INFORMACION","Contratados Sin Planta","Afectos Al Código del Trabajo","2018-11-08 00:00:00.0","2019-03-31 00:00:00.0"
"Santa Juana","Contrata","Educación","Contrata","Rocio Valentina  Mu¿oz  Jara","Docente","SIN INFORMACION","Contratados Sin Planta","Profesionales de La Educación Ley N°19.070","2019-03-14 00:00:00.0","2019-05-14 00:00:00.0"
"Santa Juana","Contrata","Educación","Contrata","Macarena Geraldine Silva Guzmán","Docente","SIN INFORMACION","Contratados Sin Planta","Profesionales de La Educación Ley N°19.070","2018-03-01 00:00:00.0","2019-02-28 00:00:00.0"
"Santa Juana","Contrata","Educación","Contrata","Natalia Fabiola Montalba Aedo","Docente","SIN INFORMACION","Contratados Sin Planta","Profesionales de La Educación Ley N°19.070","2018-03-01 00:00:00.0","2019-02-28 00:00:00.0"
"Santa Juana","Contrata","Educación","Contrata","Katherine Yesenia Acevedo Vallejos","Docente","SIN INFORMACION","Contratados Sin Planta","Profesionales de La Educación Ley N°19.070","2019-06-30 00:00:00.0","2019-09-21 00:00:00.0"
"Santa Juana","Contrata","Educación","Contrata","Eduardo Alonso Hidalgo Valdés","Salvavidas","SIN INFORMACION","Contratados Sin Planta","Afectos Al Código del Trabajo","2019-04-22 00:00:00.0","2019-04-27 00:00:00.0"
"Santa Juana","Contrata","Educación","Contrata","Fernanda Miguelina Aguayo Fernandez","Docente","SIN INFORMACION","Contratados Sin Planta","Profesionales de La Educación Ley N°19.070","2019-04-01 00:00:00.0","2019-05-29 00:00:00.0"
"Santa Juana","Contrata","Educación","Contrata","Antonella Belen  Sanhueza Barrientos","Docente","SIN INFORMACION","Contratados Sin Planta","Profesionales de La Educación Ley N°19.070","2019-03-21 00:00:00.0","2019-06-30 00:00:00.0"
"Santa Juana","Contrata","Educación","Contrata","Rocio Belen Catalan Fuentealba","Docente","SIN INFORMACION","Contratados Sin Planta","Profesionales de La Educación Ley N°19.070","2018-03-01 00:00:00.0","2019-02-28 00:00:00.0"
"Santa Juana","Contrata","Educación","Contrata","Javier Rodrigo Mu¿oz Morales","Docente","SIN INFORMACION","Contratados Sin Planta","Profesionales de La Educación Ley N°19.070","2018-03-12 00:00:00.0","2019-02-28 00:00:00.0"
"Santa Juana","Contrata","Educación","Contrata","Viviana Aileen Medina Toloza","Asistente Parvularia","SIN INFORMACION","Contratados Sin Planta","Afectos Al Código del Trabajo","2019-03-05 00:00:00.0","2020-02-28 00:00:00.0"
"Santa Juana","Contrata","Educación","Contrata","Marjorie Marie Alice Beltran Neira","Docente","SIN INFORMACION","Contratados Sin Planta","Profesionales de La Educación Ley N°19.070","2019-07-01 00:00:00.0","2020-02-29 00:00:00.0"
"Santa Juana","Contrata","Educación","Contrata","Adela Stephanie Medina Mora","Docente","SIN INFORMACION","Contratados Sin Planta","Profesionales de La Educación Ley N°19.070","2018-03-01 00:00:00.0","2019-02-28 00:00:00.0"
"Santa Juana","Contrata","Educación","Contrata","Yessenia Nataly Lagos Carvajal","Técnico","SIN INFORMACION","Contratados Sin Planta","Asistentes de La Educación Ley N°19.464","2019-04-01 00:00:00.0","2019-06-30 00:00:00.0"
"Santa Juana","Contrata","Educación","Contrata","Ines Yesenia Parra Garces","Docente","SIN INFORMACION","Contratados Sin Planta","Profesionales de La Educación Ley N°19.070","2019-03-01 00:00:00.0","2019-06-30 00:00:00.0"
"Santa Juana","Contrata","Educación","Contrata","Camila Alejandra Ulloa Duran","Docente","SIN INFORMACION","Contratados Sin Planta","Profesionales de La Educación Ley N°19.070","2019-05-07 00:00:00.0","2020-02-29 00:00:00.0"
"Santa Juana","Contrata","Educación","Contrata","Paola Alejandra  Ramirez Palacios","Docente","SIN INFORMACION","Contratados Sin Planta","Profesionales de La Educación Ley N°19.070","2019-04-02 00:00:00.0","2019-06-30 00:00:00.0"
"Santa Juana","Contrata","Educación","Contrata","Francisca Elizabeth  Cabezas  Vera","Docente","SIN INFORMACION","Contratados Sin Planta","Profesionales de La Educación Ley N°19.070","2019-08-05 00:00:00.0","2019-09-03 00:00:00.0"
"Santa Juana","Contrata","Educación","Contrata","Daniela Andrea  Medina  Toloza","Monitor","SIN INFORMACION","Contratados Sin Planta","Afectos Al Código del Trabajo","2019-05-06 00:00:00.0","2019-11-30 00:00:00.0"
"Santa Juana","Contrata","Educación","Contrata","Consuelo Paz Silva Osses","Monitor","SIN INFORMACION","Contratados Sin Planta","Asistentes de La Educación Ley N°19.464","2019-04-01 00:00:00.0","2019-06-30 00:00:00.0"
"Santa Juana","Contrata","Educación","Contrata","Betsaida Belen Riquelme  Liencura","Docente","SIN INFORMACION","Contratados Sin Planta","Profesionales de La Educación Ley N°19.070","2019-07-01 00:00:00.0","2020-02-29 00:00:00.0"
"Santa Juana","Contrata","Educación","Contrata","Joselyn Vanessa  Mu¿oz  Herrera","Docente","SIN INFORMACION","Contratados Sin Planta","Profesionales de La Educación Ley N°19.070","2019-04-09 00:00:00.0","2019-05-20 00:00:00.0"
"Santa Juana","Contrata","Educación","Contrata","Constanza Leonor Rios Diaz","Técnico En Enfermeras","SIN INFORMACION","Contratados Sin Planta","Afectos Al Código del Trabajo","2019-08-20 00:00:00.0","2019-12-31 00:00:00.0"
"Santa Juana","Contrata","Educación","Contrata","Jose Raul  Almonacid Rebolledo","Monitor","SIN INFORMACION","Contratados Sin Planta","Afectos Al Código del Trabajo","2019-08-01 00:00:00.0","2019-12-31 00:00:00.0"
"Santa Juana","Contrata","Educación","Contrata","Nicole Angelica Maldonado Cuevas","Docente","SIN INFORMACION","Contratados Sin Planta","Profesionales de La Educación Ley N°19.070","2019-03-14 00:00:00.0","2019-06-30 00:00:00.0"
"Santa Juana","Contrata","Educación","Contrata","Camila Alejandra Mu¿oz Villaroel","Docente","SIN INFORMACION","Contratados Sin Planta","Profesionales de La Educación Ley N°19.070","2019-04-17 00:00:00.0","2019-05-16 00:00:00.0"
"Santa Juana","Contrata","Educación","Contrata","Gabriela Estefania  Andaur Mu¿oz","Monitor","SIN INFORMACION","Contratados Sin Planta","Asistentes de La Educación Ley N°19.464","2019-04-01 00:00:00.0","2019-06-30 00:00:00.0"
"Santa Juana","Contrata","Educación","Contrata","Gabriela Belen  Ortiz Pal,ma","Asistente de La Educación","SIN INFORMACION","Contratados Sin Planta","Afectos Al Código del Trabajo","2019-03-06 00:00:00.0","2020-02-29 00:00:00.0"
"Santa Juana","Contrata","Educación","Contrata","Johana Andrea  Cuevas  Manriquez","Técnico de Nivel Superior Los Mención","SIN INFORMACION","Contratados Sin Planta","Afectos Al Código del Trabajo","2019-04-22 00:00:00.0","2019-06-30 00:00:00.0"
"Santa Juana","Contrata","Educación","Contrata","Daniela Beatriz Cuevas  Cuevas","Técnico de Nivel Superior Los Mención","SIN INFORMACION","Contratados Sin Planta","Asistentes de La Educación Ley N°19.464","2019-04-01 00:00:00.0","2019-06-30 00:00:00.0"
"Santa Juana","Contrata","Educación","Contrata","Luis Ruben Fuentealba Bestwick","Docente","SIN INFORMACION","Contratados Sin Planta","Profesionales de La Educación Ley N°19.070","2018-03-01 00:00:00.0","2019-02-28 00:00:00.0"
"Santa Juana","Contrata","Educación","Contrata","Ernestina del Carmen Alarcon Leiva","Docente","SIN INFORMACION","Contratados Sin Planta","Profesionales de La Educación Ley N°19.070","2018-03-01 00:00:00.0","2019-02-28 00:00:00.0"
"Santa Juana","Contrata","Educación","Contrata","Sabina Opazo Ortiz","Docente","SIN INFORMACION","Contratados Sin Planta","Profesionales de La Educación Ley N°19.070","2018-03-01 00:00:00.0","2019-02-28 00:00:00.0"
"Santa Juana","Contrata","Educación","Contrata","Doraliza del Carmen Toloza Zambrano","Docente","SIN INFORMACION","Contratados Sin Planta","Profesionales de La Educación Ley N°19.070","2018-03-01 00:00:00.0","2019-02-28 00:00:00.0"
"Santa Juana","Contrata","Educación","Contrata","Max David Alfonso Cabeza Vargas","Inspector General","SIN INFORMACION","Contratados Sin Planta","Profesionales de La Educación Ley N°19.070","2019-03-04 00:00:00.0","1900-01-01 00:00:00.0"
"Santa Juana","Contrata","Educación","Contrata","Cecilia Cristina Neira Monsalve","Docente","SIN INFORMACION","Contratados Sin Planta","Profesionales de La Educación Ley N°19.070","2018-03-01 00:00:00.0","2019-02-28 00:00:00.0"
"Santa Juana","Contrata","Educación","Contrata","Jose Guillermo Cuevas Ojeda","Inspector General","SIN INFORMACION","Contratados Sin Planta","Profesionales de La Educación Ley N°19.070","2019-03-04 00:00:00.0","1900-01-01 00:00:00.0"
"Santa Juana","Contrata","Educación","Contrata","Maria Cristina Burgos Cerda","Docente","SIN INFORMACION","Contratados Sin Planta","Profesionales de La Educación Ley N°19.070","2018-03-01 00:00:00.0","2019-02-28 00:00:00.0"
"Santa Juana","Contrata","Educación","Contrata","Margarita de Las Mercedes Alarcon Rios","Docente","SIN INFORMACION","Contratados Sin Planta","Profesionales de La Educación Ley N°19.070","2018-03-01 00:00:00.0","2019-02-28 00:00:00.0"
"Santa Juana","Contrata","Educación","Contrata","Jessica Mabel Figueroa Muñoz","Docente","SIN INFORMACION","Contratados Sin Planta","Profesionales de La Educación Ley N°19.070","2019-03-01 00:00:00.0","2020-02-29 00:00:00.0"
"Santa Juana","Contrata","Educación","Contrata","Maria Teresa Faletto Aguilera","Docente","SIN INFORMACION","Contratados Sin Planta","Profesionales de La Educación Ley N°19.070","2018-03-01 00:00:00.0","2019-02-28 00:00:00.0"
"Santa Juana","Contrata","Educación","Contrata","Rosa Magaly Ramirez Hurtado","Docente","SIN INFORMACION","Contratados Sin Planta","Profesionales de La Educación Ley N°19.070","2018-03-01 00:00:00.0","2019-02-28 00:00:00.0"
"Santa Juana","Contrata","Educación","Contrata","Mery Deidy Herrera Gayoso","Docente","SIN INFORMACION","Contratados Sin Planta","Profesionales de La Educación Ley N°19.070","2018-03-01 00:00:00.0","2019-02-28 00:00:00.0"
"Santa Juana","Contrata","Educación","Contrata","Victoria de Lourdes Aguayo Jara","Docente","SIN INFORMACION","Contratados Sin Planta","Profesionales de La Educación Ley N°19.070","2019-04-24 00:00:00.0","2019-05-23 00:00:00.0"
"Santa Juana","Contrata","Educación","Contrata","Eliana Delfina Enriquez Videla","Docente","SIN INFORMACION","Contratados Sin Planta","Profesionales de La Educación Ley N°19.070","2018-03-01 00:00:00.0","2019-02-28 00:00:00.0"
"Santa Juana","Contrata","Educación","Contrata","Jose Miguel Urrea Soto","Inspector General","SIN INFORMACION","Contratados Sin Planta","Profesionales de La Educación Ley N°19.070","2019-03-01 00:00:00.0","1900-01-01 00:00:00.0"
"Santa Juana","Contrata","Educación","Contrata","Priscila Melquiades Proboste  Cruzat","Docente","SIN INFORMACION","Contratados Sin Planta","Profesionales de La Educación Ley N°19.070","2018-03-01 00:00:00.0","2019-02-28 00:00:00.0"
"Santa Juana","Contrata","Educación","Contrata","Maria de Las Nieves Jara Montecinos","Docente","SIN INFORMACION","Contratados Sin Planta","Profesionales de La Educación Ley N°19.070","2018-03-01 00:00:00.0","2019-02-28 00:00:00.0"
"Santa Juana","Contrata","Educación","Contrata","Alex Patricio Albornoz Toro","Inspector General","SIN INFORMACION","Contratados Sin Planta","Profesionales de La Educación Ley N°19.070","2019-03-01 00:00:00.0","1900-01-01 00:00:00.0"
"Santa Juana","Contrata","Educación","Contrata","Irma Violeta Aurora Vergara Cuevas","Docente","SIN INFORMACION","Contratados Sin Planta","Profesionales de La Educación Ley N°19.070","2018-03-01 00:00:00.0","2019-02-28 00:00:00.0"
"Santa Juana","Contrata","Educación","Contrata","Silvia Ines Henriquez Carrasco","Docente","SIN INFORMACION","Contratados Sin Planta","Profesionales de La Educación Ley N°19.070","2018-03-01 00:00:00.0","2019-02-28 00:00:00.0"
"Santa Juana","Contrata","Educación","Contrata","Margarita Gabriela Araneda Cuevas","Docente","SIN INFORMACION","Contratados Sin Planta","Profesionales de La Educación Ley N°19.070","2018-03-01 00:00:00.0","2019-02-28 00:00:00.0"
"Santa Juana","Contrata","Educación","Contrata","Veronica de Las Mercedes Palma Poblete","Docente","SIN INFORMACION","Contratados Sin Planta","Profesionales de La Educación Ley N°19.070","2018-03-01 00:00:00.0","2019-02-28 00:00:00.0"
"Santa Juana","Contrata","Educación","Contrata","Norma del Carmen Ruiz Hidalgo","Docente","SIN INFORMACION","Contratados Sin Planta","Profesionales de La Educación Ley N°19.070","2018-03-01 00:00:00.0","2019-02-28 00:00:00.0"
"Santa Juana","Contrata","Educación","Contrata","Adriana Ivonne Fierro Nequecaur","Docente","SIN INFORMACION","Contratados Sin Planta","Profesionales de La Educación Ley N°19.070","2018-03-01 00:00:00.0","2019-02-28 00:00:00.0"
"Santa Juana","Contrata","Educación","Contrata","Luis Eduardo Meza Sabelle","Docente","SIN INFORMACION","Contratados Sin Planta","Profesionales de La Educación Ley N°19.070","2018-03-01 00:00:00.0","2019-02-28 00:00:00.0"
"Santa Juana","Contrata","Educación","Contrata","Yesica Rosana Soto Matamala","Docente","SIN INFORMACION","Contratados Sin Planta","Profesionales de La Educación Ley N°19.070","2018-03-01 00:00:00.0","2019-02-28 00:00:00.0"
"Santa Juana","Contrata","Educación","Contrata","Monica Isabel Zambrano Meza","Docente","SIN INFORMACION","Contratados Sin Planta","Profesionales de La Educación Ley N°19.070","2019-08-06 00:00:00.0","2019-08-09 00:00:00.0"
"Santa Juana","Contrata","Educación","Contrata","Marlene del Carmen Villablanca Contreras","Docente","SIN INFORMACION","Contratados Sin Planta","Profesionales de La Educación Ley N°19.070","2019-04-01 00:00:00.0","2020-02-29 00:00:00.0"
"Santa Juana","Contrata","Educación","Contrata","Edith Florentina Ruiz Hidalgo","Docente","SIN INFORMACION","Contratados Sin Planta","Profesionales de La Educación Ley N°19.070","2018-03-01 00:00:00.0","2019-02-28 00:00:00.0"
"Santa Juana","Contrata","Educación","Contrata","Lilianet Oriana Medina Garrido","Docente","SIN INFORMACION","Contratados Sin Planta","Profesionales de La Educación Ley N°19.070","2018-03-01 00:00:00.0","2019-02-28 00:00:00.0"
"Santa Juana","Contrata","Educación","Contrata","Ciria Leli Venegas Reyes","Docente","SIN INFORMACION","Contratados Sin Planta","Profesionales de La Educación Ley N°19.070","2018-03-01 00:00:00.0","2019-02-28 00:00:00.0"
"Santa Juana","Contrata","Educación","Contrata","Merisa Elizabeth Muñoz Jara","Jefe Unidad Técnica Pedagógica","SIN INFORMACION","Contratados Sin Planta","Profesionales de La Educación Ley N°19.070","2019-03-01 00:00:00.0","1900-01-01 00:00:00.0"
"Santa Juana","Contrata","Educación","Contrata","Susana Elisa Hunter Avello","Docente","SIN INFORMACION","Contratados Sin Planta","Profesionales de La Educación Ley N°19.070","2018-03-01 00:00:00.0","2019-02-28 00:00:00.0"
"Santa Juana","Contrata","Educación","Contrata","Tatiana Esmeralda Rodríguez Hidalgo","Docente","SIN INFORMACION","Contratados Sin Planta","Profesionales de La Educación Ley N°19.070","2018-03-01 00:00:00.0","2019-02-28 00:00:00.0"
"Santa Juana","Contrata","Educación","Contrata","Carlos Edecio Neira Hidalgo","Docente","SIN INFORMACION","Contratados Sin Planta","Profesionales de La Educación Ley N°19.070","2018-04-01 00:00:00.0","2019-02-28 00:00:00.0"
"Santa Juana","Contrata","Educación","Contrata","Haroldo Daniel Mardones Rios","Monitor","SIN INFORMACION","Contratados Sin Planta","Afectos Al Código del Trabajo","2019-03-14 00:00:00.0","2020-02-29 00:00:00.0"
"Santa Juana","Contrata","Educación","Contrata","Flor Isabel Neira Neira","Asistente","SIN INFORMACION","Contratados Sin Planta","Afectos Al Código del Trabajo","2019-04-01 00:00:00.0","2019-11-30 00:00:00.0"
"Santa Juana","Contrata","Educación","Contrata","Hector Manuel Cerro Cano","Monitor","SIN INFORMACION","Contratados Sin Planta","Asistentes de La Educación Ley N°19.464","2019-04-16 00:00:00.0","2019-06-30 00:00:00.0"
"Santa Juana","Contrata","Educación","Contrata","Mirta del Carmen Cuevas Neira","Docente","SIN INFORMACION","Contratados Sin Planta","Profesionales de La Educación Ley N°19.070","2018-03-01 00:00:00.0","2019-02-28 00:00:00.0"
"Santa Juana","Contrata","Educación","Contrata","Jorge Patricio Luengo Riveros","Docente","SIN INFORMACION","Contratados Sin Planta","Profesionales de La Educación Ley N°19.070","2018-03-01 00:00:00.0","2019-02-28 00:00:00.0"
"Santa Juana","Contrata","Educación","Contrata","Margarita de Las Mercedes Blas Peña","Docente","SIN INFORMACION","Contratados Sin Planta","Profesionales de La Educación Ley N°19.070","2018-03-01 00:00:00.0","2019-02-28 00:00:00.0"
"Santa Juana","Contrata","Educación","Contrata","Mauro Patricio Henríquez Simpson","Monitor","SIN INFORMACION","Contratados Sin Planta","Asistentes de La Educación Ley N°19.464","2019-04-08 00:00:00.0","2019-06-30 00:00:00.0"
"Santa Juana","Contrata","Educación","Contrata","Carmen Gloria Muñoz Carrasco","Docente","SIN INFORMACION","Contratados Sin Planta","Profesionales de La Educación Ley N°19.070","2018-03-01 00:00:00.0","2019-02-28 00:00:00.0"
