"Comuna","Tipo de Contratación","Área","Calidad","Nombre","Cargo","Grado","Planta","Remuneración","Fecha desde","Fecha hasta"
"Santa Juana","Codigo del Trabajo","Educación","Código del Trabajo","Boris Edgardo Fuentealba Hernandez","Auxiliar"," ","Contratados Sin Planta","Asistentes de La Educación Ley N°19.464","2013-03-01 00:00:00.0","1900-01-01 00:00:00.0"
"Santa Juana","Codigo del Trabajo","Educación","Código del Trabajo","Patricia  Angelica Cuevas  Duran","Auxiliar"," ","Contratados Sin Planta","Afectos Al Código del Trabajo","2018-07-01 00:00:00.0","2019-02-28 00:00:00.0"
"Santa Juana","Codigo del Trabajo","Educación","Código del Trabajo","Andrea Paola Nova Valle","Periodista"," ","Contratados Sin Planta","Afectos Al Código del Trabajo","2018-07-01 00:00:00.0","1900-01-01 00:00:00.0"
"Santa Juana","Codigo del Trabajo","Educación","Código del Trabajo","Katherine del Pilar Rios Rios","Asistente"," ","Contratados Sin Planta","Asistentes de La Educación Ley N°19.464","2016-02-29 00:00:00.0","1900-01-01 00:00:00.0"
"Santa Juana","Codigo del Trabajo","Educación","Código del Trabajo","Elizabeth Beatriz González Ravanal","Educadora Párvulos"," ","Contratados Sin Planta","Afectos Al Código del Trabajo","2016-03-01 00:00:00.0","1900-01-01 00:00:00.0"
"Santa Juana","Codigo del Trabajo","Educación","Código del Trabajo","Paula Maritza Ruiz Madariaga","Asistente"," ","Contratados Sin Planta","Asistentes de La Educación Ley N°19.464","2019-04-28 00:00:00.0","2020-02-29 00:00:00.0"
"Santa Juana","Codigo del Trabajo","Educación","Código del Trabajo","Samuel Eduardo Palma Valenzuela","Chófer"," ","Contratados Sin Planta","Afectos Al Código del Trabajo","2018-03-01 00:00:00.0","2019-02-28 00:00:00.0"
"Santa Juana","Codigo del Trabajo","Educación","Código del Trabajo","Juan Pablo Beltran Beltran","Auxiliar de Servicios Menores"," ","Contratados Sin Planta","Afectos Al Código del Trabajo","2019-03-01 00:00:00.0","2020-02-29 00:00:00.0"
"Santa Juana","Codigo del Trabajo","Educación","Código del Trabajo","Veronica Lucia Matus Inzunza","Asistente Parvularia"," ","Contratados Sin Planta","Afectos Al Código del Trabajo","2016-03-01 00:00:00.0","1900-01-01 00:00:00.0"
"Santa Juana","Codigo del Trabajo","Educación","Código del Trabajo","Maria Teresa Ferreira Valencia","Asistente Parvularia"," ","Contratados Sin Planta","Afectos Al Código del Trabajo","2018-03-01 00:00:00.0","2019-02-28 00:00:00.0"
"Santa Juana","Codigo del Trabajo","Educación","Código del Trabajo","Jessica Andrea Montecinos Salazar","Educadora Párvulos"," ","Contratados Sin Planta","Afectos Al Código del Trabajo","2018-03-01 00:00:00.0","1900-01-01 00:00:00.0"
"Santa Juana","Codigo del Trabajo","Educación","Código del Trabajo","Carmen Victoria Vergara Medina","Asistente Parvularia"," ","Contratados Sin Planta","Afectos Al Código del Trabajo","2016-03-01 00:00:00.0","1900-01-01 00:00:00.0"
"Santa Juana","Codigo del Trabajo","Educación","Código del Trabajo","Valeska Debisse Busto Cruces","Técnico"," ","Contratados Sin Planta","Afectos Al Código del Trabajo","2016-03-01 00:00:00.0","1900-01-01 00:00:00.0"
"Santa Juana","Codigo del Trabajo","Educación","Código del Trabajo","Paula Beatriz Jimenez Salas","Fonoaudiologo"," ","Contratados Sin Planta","Afectos Al Código del Trabajo","2018-03-05 00:00:00.0","2020-06-28 00:00:00.0"
"Santa Juana","Codigo del Trabajo","Educación","Código del Trabajo","Karima Vanessa Valeria Quezada","Dentista"," ","Contratados Sin Planta","Afectos Al Código del Trabajo","2018-04-05 00:00:00.0","2019-04-05 00:00:00.0"
"Santa Juana","Codigo del Trabajo","Educación","Código del Trabajo","Yarisa Maricela Silva Vergara","Asistente Parvularia"," ","Contratados Sin Planta","Afectos Al Código del Trabajo","2019-03-01 00:00:00.0","1900-01-01 00:00:00.0"
"Santa Juana","Codigo del Trabajo","Educación","Código del Trabajo","Ana Belen Jara  Burdiles","Auxiliar de Párvulos"," ","Contratados Sin Planta","Afectos Al Código del Trabajo","2016-03-01 00:00:00.0","1900-01-01 00:00:00.0"
"Santa Juana","Codigo del Trabajo","Educación","Código del Trabajo","Melissa Belen Benitez Benitez","Fonoaudiologo"," ","Contratados Sin Planta","Afectos Al Código del Trabajo","2018-08-01 00:00:00.0","1900-01-01 00:00:00.0"
"Santa Juana","Codigo del Trabajo","Educación","Código del Trabajo","Jorge Emanuel Ramirez Villa","Asistente de La Educación"," ","Contratados Sin Planta","Afectos Al Código del Trabajo","2017-06-30 00:00:00.0","1900-01-01 00:00:00.0"
"Santa Juana","Codigo del Trabajo","Educación","Código del Trabajo","Catherine Dayaret Garces Seguel","Educadora Párvulos"," ","Contratados Sin Planta","Afectos Al Código del Trabajo","2016-03-01 00:00:00.0","1900-01-01 00:00:00.0"
"Santa Juana","Codigo del Trabajo","Educación","Código del Trabajo","Norma Soledad Torres  Medina","Técnico En Enfermeras"," ","Contratados Sin Planta","Afectos Al Código del Trabajo","2018-08-01 00:00:00.0","2019-07-04 00:00:00.0"
"Santa Juana","Codigo del Trabajo","Educación","Código del Trabajo","Marilyn Roxana Escobar Burdiles","Encargado de Personal"," ","Contratados Sin Planta","Afectos Al Código del Trabajo","2019-03-29 00:00:00.0","2019-12-31 00:00:00.0"
"Santa Juana","Codigo del Trabajo","Educación","Código del Trabajo","Jemina Magdalena Ya¿ez  Silva","Asistente de La Educación"," ","Contratados Sin Planta","Afectos Al Código del Trabajo","2017-12-29 00:00:00.0","2019-02-28 00:00:00.0"
"Santa Juana","Codigo del Trabajo","Educación","Código del Trabajo","Mirta del Carmen Cuevas Neira","Asistente de La Educación"," ","Contratados Sin Planta","Asistentes de La Educación Ley N°19.464","2019-04-01 00:00:00.0","2020-02-29 00:00:00.0"
