"Comuna","Tipo de Contratación","Área","Calidad","Nombre","Cargo","Grado","Planta","Remuneración","Fecha desde","Fecha hasta"
"Santa Juana","Contrata","Municipal","Contrata","Georgina del Carmen Perez Valencia","Profesional","18°","Profesionales","Escala Municipal","2019-02-01 00:00:00.0","2019-12-31 00:00:00.0"
"Santa Juana","Contrata","Municipal","Contrata","Ricardo Daniel  Silva  Palma","Auxiliar de Servicios Menores","SIN INFORMACION","Contratados Sin Planta","Afectos Al Código del Trabajo","2019-01-01 00:00:00.0","2019-12-31 00:00:00.0"
"Santa Juana","Contrata","Municipal","Contrata","Manuel Alfredo Acosta Jofr¿","Auxiliar de Servicios Menores","SIN INFORMACION","Contratados Sin Planta","Afectos Al Código del Trabajo","2019-01-01 00:00:00.0","2019-12-31 00:00:00.0"
"Santa Juana","Contrata","Municipal","Contrata","Juan Fernandez Ramirez","Auxiliar","20°","Auxiliares","Escala Municipal","2019-01-01 00:00:00.0","2019-12-31 00:00:00.0"
"Santa Juana","Contrata","Municipal","Contrata","Viviana Gisella Vallejos Proboste","Jefatura","12°","Jefaturas","Escala Municipal","2019-04-01 00:00:00.0","2019-12-31 00:00:00.0"
"Santa Juana","Contrata","Municipal","Contrata","Luisa Isabel Fonseca Ríos","Auxiliar de Servicios Menores","SIN INFORMACION","Contratados Sin Planta","Afectos Al Código del Trabajo","2019-07-26 00:00:00.0","2019-08-07 00:00:00.0"
"Santa Juana","Contrata","Municipal","Contrata","Cristian Andres Ortiz Fernandez","Auxiliar","19°","Auxiliares","Escala Municipal","2019-01-01 00:00:00.0","2019-12-31 00:00:00.0"
"Santa Juana","Contrata","Municipal","Contrata","Ramon Leonel  Soto Ortiz","Auxiliar de Servicios Menores","SIN INFORMACION","Contratados Sin Planta","Afectos Al Código del Trabajo","2019-01-21 00:00:00.0","2019-02-08 00:00:00.0"
"Santa Juana","Contrata","Municipal","Contrata","Djalma David Santos Soto","Administrativo","19°","Administrativos","Escala Municipal","2019-01-01 00:00:00.0","2019-12-31 00:00:00.0"
"Santa Juana","Contrata","Municipal","Contrata","Cristian Mauricio Seguel Gallardo","Técnico","15°","Técnicos","Escala Municipal","2019-03-01 00:00:00.0","2019-12-31 00:00:00.0"
"Santa Juana","Contrata","Municipal","Contrata","Josseline Fabiola Detzel Velasquez","Profesional","12°","Profesionales","Escala Municipal","2019-02-01 00:00:00.0","2019-12-31 00:00:00.0"
"Santa Juana","Contrata","Municipal","Contrata","Raquel Andrea  Salas  Cuevas","Administrativo","18°","Administrativos","Escala Municipal","2019-01-01 00:00:00.0","2019-12-31 00:00:00.0"
"Santa Juana","Contrata","Municipal","Contrata","Cesar Orellana Torres","Auxiliar","20°","Auxiliares","Escala Municipal","2019-01-01 00:00:00.0","2019-12-31 00:00:00.0"
"Santa Juana","Contrata","Municipal","Contrata","Yenny Isabel Celaya Neira","Auxiliar","20°","Auxiliares","Escala Municipal","2019-03-01 00:00:00.0","2019-12-31 00:00:00.0"
"Santa Juana","Contrata","Municipal","Contrata","Gerald Patrick Arriagada Ormeño","Técnico","12°","Técnicos","Escala Municipal","2019-03-01 00:00:00.0","2019-12-31 00:00:00.0"
"Santa Juana","Contrata","Municipal","Contrata","Carolina Elizabeth Montoya Gallegos","Administrador","SIN INFORMACION","Contratados Sin Planta","Afectos Al Código del Trabajo","2019-09-02 00:00:00.0","2019-11-30 00:00:00.0"
"Santa Juana","Contrata","Municipal","Contrata","Sergio Eduardo Cuevas  Guzman","Auxiliar","19°","Auxiliares","Escala Municipal","2019-01-01 00:00:00.0","2019-12-31 00:00:00.0"
"Santa Juana","Contrata","Municipal","Contrata","Ingrid Andrea Cifuentes Bernal","Técnico","15°","Técnicos","Escala Municipal","2019-01-01 00:00:00.0","2019-12-31 00:00:00.0"
"Santa Juana","Contrata","Municipal","Contrata","Luciano Ignacio Arriagada Rivera","Auxiliar de Servicios Menores","SIN INFORMACION","Contratados Sin Planta","Afectos Al Código del Trabajo","2019-01-01 00:00:00.0","2019-12-31 00:00:00.0"
"Santa Juana","Contrata","Municipal","Contrata","Nelson David Rios Ruiz","Auxiliar","19°","Auxiliares","Escala Municipal","2019-01-01 00:00:00.0","2019-12-31 00:00:00.0"
"Santa Juana","Contrata","Municipal","Contrata","Mauricio Alejandro Cardenas Carrasco","Auxiliar de Servicios Menores","SIN INFORMACION","Contratados Sin Planta","Afectos Al Código del Trabajo","2019-12-11 00:00:00.0","2019-12-31 00:00:00.0"
"Santa Juana","Contrata","Municipal","Contrata","Moises Salvador Pino Villa","Auxiliar de Servicios Menores","SIN INFORMACION","Contratados Sin Planta","Afectos Al Código del Trabajo","2019-01-01 00:00:00.0","2019-12-31 00:00:00.0"
"Santa Juana","Contrata","Municipal","Contrata","Luis Cuevas Robles","Auxiliar de Servicios Menores","SIN INFORMACION","Contratados Sin Planta","Afectos Al Código del Trabajo","2019-03-11 00:00:00.0","2019-06-11 00:00:00.0"
"Santa Juana","Contrata","Municipal","Contrata","Francisco Jacob Ramirez Venegas","Auxiliar de Servicios Menores","SIN INFORMACION","Contratados Sin Planta","Afectos Al Código del Trabajo","2019-01-01 00:00:00.0","2019-12-31 00:00:00.0"
