"Comuna","Tipo de Contratación","Área","Calidad","Nombre","Cargo","Grado","Planta","Remuneración","Fecha desde","Fecha hasta"
"Santa Juana","Contrata","Salud","Contrata","Maritza Andrea Saez Pereira","Profesional","SIN INFORMACION","Contratados Sin Planta","Estatuto Atención Primaria de Salud Municipal  Ley N°19.378","2019-04-15 00:00:00.0","2019-04-30 00:00:00.0"
"Santa Juana","Contrata","Salud","Contrata","Valeska Alejandra Arroyo Torres","Técnico de Nivel Superior","SIN INFORMACION","Contratados Sin Planta","Estatuto Atención Primaria de Salud Municipal  Ley N°19.378","2019-01-07 00:00:00.0","2019-01-18 00:00:00.0"
"Santa Juana","Contrata","Salud","Contrata","Maria Gabriela Neira Proboste","Técnico de Nivel Superior","SIN INFORMACION","Contratados Sin Planta","Estatuto Atención Primaria de Salud Municipal  Ley N°19.378","2019-01-01 00:00:00.0","2019-12-31 00:00:00.0"
"Santa Juana","Contrata","Salud","Contrata","Domingo Lino Medina Fernandez","Auxiliar de Servicio de Salud","SIN INFORMACION","Contratados Sin Planta","Estatuto Atención Primaria de Salud Municipal  Ley N°19.378","2019-01-01 00:00:00.0","2019-12-31 00:00:00.0"
"Santa Juana","Contrata","Salud","Contrata","Magaly Elizabeth Neira Proboste","Técnico de Salud","SIN INFORMACION","Contratados Sin Planta","Estatuto Atención Primaria de Salud Municipal  Ley N°19.378","2019-02-19 00:00:00.0","2019-03-18 00:00:00.0"
"Santa Juana","Contrata","Salud","Contrata","Jorge Enriquez  Gaeces  Soto","Auxiliar de Servicio de Salud","SIN INFORMACION","Contratados Sin Planta","Estatuto Atención Primaria de Salud Municipal  Ley N°19.378","2019-01-21 00:00:00.0","2019-02-08 00:00:00.0"
"Santa Juana","Contrata","Salud","Contrata","Sebastian Enrique Neira Valencia","Auxiliar de Servicio de Salud","SIN INFORMACION","Contratados Sin Planta","Estatuto Atención Primaria de Salud Municipal  Ley N°19.378","2019-01-01 00:00:00.0","2019-12-31 00:00:00.0"
"Santa Juana","Contrata","Salud","Contrata","Stephanie Magdalena Agurto Ulloa","Profesional","SIN INFORMACION","Contratados Sin Planta","Estatuto Atención Primaria de Salud Municipal  Ley N°19.378","2019-04-01 00:00:00.0","2019-04-18 00:00:00.0"
"Santa Juana","Contrata","Salud","Contrata","Viviana Soledad Fonseca Venegas","Profesional","SIN INFORMACION","Contratados Sin Planta","Estatuto Atención Primaria de Salud Municipal  Ley N°19.378","2019-01-01 00:00:00.0","2019-12-31 00:00:00.0"
"Santa Juana","Contrata","Salud","Contrata","Carolina Alejandra Rosas Gonzalez","Técnico de Nivel Superior","SIN INFORMACION","Contratados Sin Planta","Estatuto Atención Primaria de Salud Municipal  Ley N°19.378","2019-01-14 00:00:00.0","2019-02-01 00:00:00.0"
"Santa Juana","Contrata","Salud","Contrata","Macarena Paz Retamal Vera","Profesional","SIN INFORMACION","Contratados Sin Planta","Estatuto Atención Primaria de Salud Municipal  Ley N°19.378","2019-01-01 00:00:00.0","2019-12-31 00:00:00.0"
"Santa Juana","Contrata","Salud","Contrata","Joselyn Andrea Mu¿oz Mu¿oz","Profesional","SIN INFORMACION","Contratados Sin Planta","Estatuto Atención Primaria de Salud Municipal  Ley N°19.378","2019-01-01 00:00:00.0","2019-12-31 00:00:00.0"
"Santa Juana","Contrata","Salud","Contrata","Javiera Rayen  Mu¿oz  Hidalgo","Profesional","SIN INFORMACION","Contratados Sin Planta","Estatuto Atención Primaria de Salud Municipal  Ley N°19.378","2019-01-01 00:00:00.0","2019-12-31 00:00:00.0"
"Santa Juana","Contrata","Salud","Contrata","Scarleth Macarena Albornoz Contreras","Técnico de Nivel Superior","SIN INFORMACION","Contratados Sin Planta","Estatuto Atención Primaria de Salud Municipal  Ley N°19.378","2019-01-14 00:00:00.0","2019-02-08 00:00:00.0"
"Santa Juana","Contrata","Salud","Contrata","Pablo Marcial Vallejos Ramirez","Administrativo Crea de Salud","SIN INFORMACION","Contratados Sin Planta","Estatuto Atención Primaria de Salud Municipal  Ley N°19.378","2019-06-01 00:00:00.0","2019-08-31 00:00:00.0"
"Santa Juana","Contrata","Salud","Contrata","Solange Scarleth Bravo Jimenez","Administrativo"," ","Administrativos de Salud Categoría E","Estatuto Atención Primaria de Salud Municipal  Ley N°19.378","2014-01-29 00:00:00.0","1900-01-01 00:00:00.0"
"Santa Juana","Contrata","Salud","Contrata","Maria Paz  Araneda Mella","Profesional","SIN INFORMACION","Contratados Sin Planta","Estatuto Atención Primaria de Salud Municipal  Ley N°19.378","2019-10-28 00:00:00.0","2019-11-23 00:00:00.0"
"Santa Juana","Contrata","Salud","Contrata","Valeska Tiara Seguel Gallardo","Profesional","SIN INFORMACION","Contratados Sin Planta","Estatuto Atención Primaria de Salud Municipal  Ley N°19.378","2019-01-01 00:00:00.0","2019-12-31 00:00:00.0"
"Santa Juana","Contrata","Salud","Contrata","Alvaro Ignacio Chavez Rodriguez","Profesional","SIN INFORMACION","Contratados Sin Planta","Estatuto Atención Primaria de Salud Municipal  Ley N°19.378","2019-09-02 00:00:00.0","2019-11-30 00:00:00.0"
"Santa Juana","Contrata","Salud","Contrata","Javiera Ivette Riffo Medina","Técnico de Nivel Superior","SIN INFORMACION","Contratados Sin Planta","Estatuto Atención Primaria de Salud Municipal  Ley N°19.378","2019-12-20 00:00:00.0","2019-12-31 00:00:00.0"
