"Comuna","Tipo de Contratación","Área","Calidad","Nombre","Cargo","Grado","Planta","Remuneración","Fecha desde","Fecha hasta"
"Quilaco","Planta Titular","Municipal","Titular","Ximena Liliana Riquelme Contreras","Administrativo","18°","Administrativos","Escala Municipal","2017-04-01 00:00:00.0","1900-01-01 00:00:00.0"
"Quilaco","Planta Titular","Municipal","Titular","Bernes Hugo Toloza Luna","Administrador Municipal","8°","Directivos","Escala Municipal","2018-01-01 00:00:00.0","1900-01-01 00:00:00.0"
"Quilaco","Planta Titular","Municipal","Titular","Ronald Octavio Quezada Merino","Auxiliar","19°","Auxiliares","Escala Municipal","2017-04-01 00:00:00.0","1900-01-01 00:00:00.0"
"Quilaco","Planta Titular","Municipal","Titular","Cristian Eduardo Loyola González","Administrador Municipal","8°","Directivos","Escala Municipal","2017-01-04 00:00:00.0","1900-01-01 00:00:00.0"
"Quilaco","Planta Titular","Municipal","Titular","Katherina Lisbeth Pino Arteaga","Director de Desarrollo Comunitario","8°","Directivos","Escala Municipal","2016-12-06 00:00:00.0","1900-01-01 00:00:00.0"
"Quilaco","Planta Titular","Municipal","Titular","Francisco Javier Utz Pedraza","Secretario Abogado de Juzgado de Policía Local","11°","Profesionales","Escala Municipal","2017-08-04 00:00:00.0","1900-01-01 00:00:00.0"
"Quilaco","Planta Titular","Municipal","Titular","Ana María Tapia Rodríguez","Secretario Comunal de Planificación Y Coordinación","8°","Directivos","Escala Municipal","2017-01-04 00:00:00.0","1900-01-01 00:00:00.0"
