"Comuna","Tipo de Contratación","Área","Calidad","Nombre","Cargo","Grado","Planta","Remuneración","Fecha desde","Fecha hasta"
"Quilaco","Codigo del Trabajo","Sin Clasificación","Código del Trabajo","Alicia Andrea Rebolledo Rodriguez","Asistente de La Educación"," ","Contratados Sin Planta","Afectos Al Código del Trabajo","2014-03-01 00:00:00.0","1900-01-01 00:00:00.0"
"Quilaco","Codigo del Trabajo","Sin Clasificación","Código del Trabajo","Maria Eugenia  Merino Chavarriga","Administrativo"," ","Contratados Sin Planta","Afectos Al Código del Trabajo","1994-04-14 00:00:00.0","1900-01-01 00:00:00.0"
"Quilaco","Codigo del Trabajo","Sin Clasificación","Código del Trabajo","Lavinia Pilar Acuña Salazar","Asistente de La Educación"," ","Contratados Sin Planta","Afectos Al Código del Trabajo","2014-02-28 00:00:00.0","1900-01-01 00:00:00.0"
"Quilaco","Codigo del Trabajo","Sin Clasificación","Código del Trabajo","Oscar Eduardo San Martin Abello","Asistente de La Educación"," ","Contratados Sin Planta","Afectos Al Código del Trabajo","2014-03-01 00:00:00.0","1900-01-01 00:00:00.0"
"Quilaco","Codigo del Trabajo","Sin Clasificación","Código del Trabajo","Patricia Carmen Quezada Quezada","Auxiliar de Servicios"," ","Contratados Sin Planta","Afectos Al Código del Trabajo","2010-12-31 00:00:00.0","1900-01-01 00:00:00.0"
"Quilaco","Codigo del Trabajo","Sin Clasificación","Código del Trabajo","Rita Edith Ferreira Seguel","Secreto"," ","Contratados Sin Planta","Afectos Al Código del Trabajo","2009-12-31 00:00:00.0","1900-01-01 00:00:00.0"
"Quilaco","Codigo del Trabajo","Sin Clasificación","Código del Trabajo","Carolina Elisa Quiroz Quiroz","Encargado"," ","Contratados Sin Planta","Escala Profesionales de La Educación Llay 19.070)","2002-03-01 00:00:00.0","1900-01-01 00:00:00.0"
"Quilaco","Codigo del Trabajo","Sin Clasificación","Código del Trabajo","Angela Andrea Loyola Lagos","Asistente de La Educación"," ","Contratados Sin Planta","Afectos Al Código del Trabajo","2014-03-01 00:00:00.0","1900-01-01 00:00:00.0"
"Quilaco","Codigo del Trabajo","Sin Clasificación","Código del Trabajo","Jose Luis Ferreira Monsalve","Auxiliar de Servicios Menores"," ","Contratados Sin Planta","Afectos Al Código del Trabajo","2002-01-02 00:00:00.0","1900-01-01 00:00:00.0"
"Quilaco","Codigo del Trabajo","Sin Clasificación","Código del Trabajo","Jessica Pamela Obreque Sanchez","Administrativo"," ","Contratados Sin Planta","Afectos Al Código del Trabajo","2012-11-01 00:00:00.0","1900-01-01 00:00:00.0"
"Quilaco","Codigo del Trabajo","Sin Clasificación","Código del Trabajo","Leticia Andrea Mora Maureira","Director"," ","Contratados Sin Planta","Afectos Al Código del Trabajo","2012-09-24 00:00:00.0","1900-01-01 00:00:00.0"
"Quilaco","Codigo del Trabajo","Sin Clasificación","Código del Trabajo","Carlos Alberto Latapiat Moreno","Asistente de La Educación"," ","Contratados Sin Planta","Afectos Al Código del Trabajo","2010-04-01 00:00:00.0","1900-01-01 00:00:00.0"
"Quilaco","Codigo del Trabajo","Sin Clasificación","Código del Trabajo","Jose Ivan Araya  Carrasco","Jefe"," ","Contratados Sin Planta","Afectos Al Código del Trabajo","1998-08-06 00:00:00.0","1900-01-01 00:00:00.0"
"Quilaco","Codigo del Trabajo","Sin Clasificación","Código del Trabajo","Cecilia Eugenia Candia Diaz","Asistente de La Educación"," ","Contratados Sin Planta","Afectos Al Código del Trabajo","2014-03-01 00:00:00.0","1900-01-01 00:00:00.0"
