"Comuna","Tipo de Contratación","Área","Calidad","Nombre","Cargo","Grado","Planta","Remuneración","Fecha desde","Fecha hasta"
"Quilaco","Codigo del Trabajo","Educación","Código del Trabajo","Mario Ernesto Sandoval Aguilera","Chófer"," ","Personal No Pertenece A Planta","Afectos Al Código del Trabajo","2005-12-31 00:00:00.0","1900-01-01 00:00:00.0"
"Quilaco","Codigo del Trabajo","Educación","Código del Trabajo","Eduardo Mora Maureira","Maestro"," ","Contratados Sin Planta","Afectos Al Código del Trabajo","2019-10-01 00:00:00.0","2019-11-08 00:00:00.0"
"Quilaco","Codigo del Trabajo","Educación","Código del Trabajo","Luis Antonio Parra Jara","Chófer"," ","Contratados Sin Planta","Afectos Al Código del Trabajo","2016-12-30 00:00:00.0","1900-01-01 00:00:00.0"
"Quilaco","Codigo del Trabajo","Educación","Código del Trabajo","Margarita Lourdes Garcia Cid","Monitor"," ","Contratados Sin Planta","Asistentes de La Educación Ley N°19.464","2019-03-01 00:00:00.0","2020-02-29 00:00:00.0"
"Quilaco","Codigo del Trabajo","Educación","Código del Trabajo","Maria Elena Ca¿ete Infante","Administrativo"," ","Contratados Sin Planta","Afectos Al Código del Trabajo","2017-12-01 00:00:00.0","1900-01-01 00:00:00.0"
"Quilaco","Codigo del Trabajo","Educación","Código del Trabajo","Katty Fabiola Adriana de Requesens Tapia","Administrativo"," ","Contratados Sin Planta","Afectos Al Código del Trabajo","2019-04-01 00:00:00.0","1900-01-01 00:00:00.0"
"Quilaco","Codigo del Trabajo","Educación","Código del Trabajo","Maria Jose Artiaga Burgos","Asistente Social"," ","Contratados Sin Planta","Afectos Al Código del Trabajo","2016-03-01 00:00:00.0","1900-01-01 00:00:00.0"
"Quilaco","Codigo del Trabajo","Educación","Código del Trabajo","Karen Makarena Matus Navarro","Auxiliar"," ","Contratados Sin Planta","Afectos Al Código del Trabajo","2018-12-16 00:00:00.0","2019-12-15 00:00:00.0"
"Quilaco","Codigo del Trabajo","Educación","Código del Trabajo","Yudy Jara Hernandez","Técnico En Párvulos"," ","Contratados Sin Planta","Afectos Al Código del Trabajo","2017-03-01 00:00:00.0","1900-01-01 00:00:00.0"
"Quilaco","Codigo del Trabajo","Educación","Código del Trabajo","Domenica Beatriz Sanhueza Cartes","Auxiliar"," ","Contratados Sin Planta","Afectos Al Código del Trabajo","2017-04-01 00:00:00.0","1900-01-01 00:00:00.0"
"Quilaco","Codigo del Trabajo","Educación","Código del Trabajo","Lilian Jara Salinas","Auxiliar"," ","Contratados Sin Planta","Asistentes de La Educación Ley N°19.464","2019-03-01 00:00:00.0","2020-02-29 00:00:00.0"
"Quilaco","Codigo del Trabajo","Educación","Código del Trabajo","Celia Felicita Pulgar San Martin","Asistente Parvularia"," ","Contratados Sin Planta","Afectos Al Código del Trabajo","2019-03-01 00:00:00.0","1900-01-01 00:00:00.0"
"Quilaco","Codigo del Trabajo","Educación","Código del Trabajo","Cristian Andres Cea Contreras","Psicólogo"," ","Contratados Sin Planta","Asistentes de La Educación Ley N°19.464","2019-03-01 00:00:00.0","2020-02-29 00:00:00.0"
"Quilaco","Codigo del Trabajo","Educación","Código del Trabajo","Rocio de Jesus Tapia Avila","Asistente de La Educación"," ","Contratados Sin Planta","Asistentes de La Educación Ley N°19.464","2019-03-01 00:00:00.0","2020-02-29 00:00:00.0"
"Quilaco","Codigo del Trabajo","Educación","Código del Trabajo","Silvana Irene Balboa Leon","Psicopedagogo"," ","Contratados Sin Planta","Afectos Al Código del Trabajo","2019-03-01 00:00:00.0","2020-02-29 00:00:00.0"
"Quilaco","Codigo del Trabajo","Educación","Código del Trabajo","Katherine Nicole Hermosilla Lagos","Fonoaudiologo"," ","Contratados Sin Planta","Asistentes de La Educación Ley N°19.464","2019-03-01 00:00:00.0","2020-02-29 00:00:00.0"
"Quilaco","Codigo del Trabajo","Educación","Código del Trabajo","Raul Enrique Villalobos Viveros","Encargado Inventarios"," ","Contratados Sin Planta","Afectos Al Código del Trabajo","2018-08-01 00:00:00.0","1900-01-01 00:00:00.0"
"Quilaco","Codigo del Trabajo","Educación","Código del Trabajo","Carolina Ugalde Zu¿iga","Administrativo"," ","Contratados Sin Planta","Afectos Al Código del Trabajo","2018-06-01 00:00:00.0","1900-01-01 00:00:00.0"
"Quilaco","Codigo del Trabajo","Educación","Código del Trabajo","Barbara Belen Osse Sanchez","Asistente"," ","Contratados Sin Planta","Asistentes de La Educación Ley N°19.464","2016-03-01 00:00:00.0","1900-01-01 00:00:00.0"
"Quilaco","Codigo del Trabajo","Educación","Código del Trabajo","Marta Ruth Lagos Molina","Asistente Parvularia"," ","Contratados Sin Planta","Afectos Al Código del Trabajo","2019-03-01 00:00:00.0","1900-01-01 00:00:00.0"
"Quilaco","Codigo del Trabajo","Educación","Código del Trabajo","Yaritza Estefania Illesca Martinez","Psicopedagogo"," ","Contratados Sin Planta","Afectos Al Código del Trabajo","2018-03-01 00:00:00.0","1900-01-01 00:00:00.0"
"Quilaco","Codigo del Trabajo","Educación","Código del Trabajo","Maria Romero Garcia","Asistente Social"," ","Contratados Sin Planta","Afectos Al Código del Trabajo","2018-05-23 00:00:00.0","1900-01-01 00:00:00.0"
"Quilaco","Codigo del Trabajo","Educación","Código del Trabajo","Ivan Antonio Mora  Maureira","Chófer"," ","Personal No Pertenece A Planta","Afectos Al Código del Trabajo","2005-12-31 00:00:00.0","1900-01-01 00:00:00.0"
