"Comuna","Tipo de Contratación","Área","Calidad","Nombre","Cargo","Grado","Planta","Remuneración","Fecha desde","Fecha hasta"
"Pinto","Planta Titular","Sin Clasificación","Titular","Francisca Elena Fuentes Mardones","Docente"," ","Profesional Docente","Escala Profesionales de La Educación Llay 19.070)","2009-03-02 00:00:00.0","1900-01-01 00:00:00.0"
"Pinto","Planta Titular","Sin Clasificación","Titular","Laurisa del Transito Puga Peña","Administrativo","15°","Administrativos","","1994-01-01 00:00:00.0","1900-01-01 00:00:00.0"
"Pinto","Planta Titular","Sin Clasificación","Titular","Valeria Paulina Santibañez Royer","Docente"," ","Profesional Docente","Escala Profesionales de La Educación Llay 19.070)","2009-03-02 00:00:00.0","1900-01-01 00:00:00.0"
"Pinto","Planta Titular","Sin Clasificación","Titular","Marta Trinidad Muñoz Cifuentes","Técnico de Nivel Superior"," ","Técnicos de Nivel Superior Categoría C","Estatuto Atención Primaria de Salud Municipal  Ley N°19.378","2008-05-01 00:00:00.0","1900-01-01 00:00:00.0"
"Pinto","Planta Titular","Sin Clasificación","Titular","Sonia Jeannette Bustamante Quilodran","Auxiliar Paramedico","D","Contratados Sin Planta","","2004-06-14 00:00:00.0","1900-01-01 00:00:00.0"
"Pinto","Planta Titular","Sin Clasificación","Titular","Ana Maria San Martin Sanchez","Docente"," ","Profesional Docente","Escala Profesionales de La Educación Llay 19.070)","2009-03-02 00:00:00.0","1900-01-01 00:00:00.0"
"Pinto","Planta Titular","Sin Clasificación","Titular","Luis Felipe Carrasco Cerda","Chófer","F","Contratados Sin Planta","","2006-01-01 00:00:00.0","1900-01-01 00:00:00.0"
"Pinto","Planta Titular","Sin Clasificación","Titular","Pedro Alfonso Cadiz Medina","Auxiliar Chófer","17°","Auxiliares","Escala Municipal","2009-07-01 00:00:00.0","1900-01-01 00:00:00.0"
"Pinto","Planta Titular","Sin Clasificación","Titular","Angelica Maria Ureta Palacios","Enfermero(a)","B","Contratados Sin Planta","","2006-01-01 00:00:00.0","1900-01-01 00:00:00.0"
"Pinto","Planta Titular","Sin Clasificación","Titular","Oriana Elisabeth Fernandez Bucher","Docente"," ","Profesional Docente","Escala Profesionales de La Educación Llay 19.070)","2009-03-02 00:00:00.0","1900-01-01 00:00:00.0"
"Pinto","Planta Titular","Sin Clasificación","Titular","Cesar Mauricio Aguila Gonzalez","Docente"," ","Profesional Docente","Escala Profesionales de La Educación Llay 19.070)","2009-03-02 00:00:00.0","1900-01-01 00:00:00.0"
"Pinto","Planta Titular","Sin Clasificación","Titular","Maricela Inostroza  Inostroza","Administrativo"," ","Administrativos","Escala Atención Primaria de Salud Municipal","2012-09-01 00:00:00.0","1900-01-01 00:00:00.0"
"Pinto","Planta Titular","Sin Clasificación","Titular","Maria Paulina Gallegos Parra","Docente"," ","Profesional Docente","Escala Profesionales de La Educación Llay 19.070)","2009-03-02 00:00:00.0","1900-01-01 00:00:00.0"
"Pinto","Planta Titular","Sin Clasificación","Titular","Yaslenne Lesslie Pino Rodriguez","Enfermero(a)"," ","Profesionales","Escala Atención Primaria de Salud Municipal","2013-02-01 00:00:00.0","1900-01-01 00:00:00.0"
"Pinto","Planta Titular","Sin Clasificación","Titular","Jimmy Robert Balboa Silva","Administrativo de Salud"," ","Administrativos de Salud Categoría E","Estatuto Atención Primaria de Salud Municipal  Ley N°19.378","2008-05-01 00:00:00.0","1900-01-01 00:00:00.0"
"Pinto","Planta Titular","Sin Clasificación","Titular","Cristian Eduardo Díaz Silva","Arquitecto","10°","Directivos","Escala Municipal","2010-01-01 00:00:00.0","1900-01-01 00:00:00.0"
"Pinto","Planta Titular","Sin Clasificación","Titular","Veronica Magdalena Bahamondez Valdebenito","Auxiliar de Servicio de Salud"," ","Auxiliares de Servicios de Salud Categoría F","Estatuto Atención Primaria de Salud Municipal  Ley N°19.378","2008-05-01 00:00:00.0","1900-01-01 00:00:00.0"
"Pinto","Planta Titular","Sin Clasificación","Titular","Ingrid Pamela del Carmen Solis Arias","Auxiliar Paramedico","D","Contratados Sin Planta","","2004-06-14 00:00:00.0","1900-01-01 00:00:00.0"
"Pinto","Planta Titular","Sin Clasificación","Titular","Pamela Elizabeth Senoceain Silva","Técnico Pedagógico"," ","Directiva Docente","Escala Profesionales de La Educación Llay 19.070)","2010-03-01 00:00:00.0","1900-01-01 00:00:00.0"
"Pinto","Planta Titular","Sin Clasificación","Titular","Patricia Fernanda Mardones Uribe","Cirujano Dentista"," ","Profesionales","Escala Atención Primaria de Salud Municipal","2012-09-01 00:00:00.0","1900-01-01 00:00:00.0"
"Pinto","Planta Titular","Sin Clasificación","Titular","Francia del Carmen Quintana Rubio","Administrativo de Salud"," ","Administrativos de Salud Categoría E","Estatuto Atención Primaria de Salud Municipal  Ley N°19.378","2008-05-01 00:00:00.0","1900-01-01 00:00:00.0"
"Pinto","Planta Titular","Sin Clasificación","Titular","Claudia Catherine Aguilera Aldea","Docente"," ","Profesional Docente","Escala Profesionales de La Educación Llay 19.070)","2009-03-02 00:00:00.0","1900-01-01 00:00:00.0"
"Pinto","Planta Titular","Sin Clasificación","Titular","Alejandra Andrea Llana Fuentes","Administrativo de Salud"," ","Administrativos de Salud Categoría E","Estatuto Atención Primaria de Salud Municipal  Ley N°19.378","2008-05-01 00:00:00.0","1900-01-01 00:00:00.0"
"Pinto","Planta Titular","Sin Clasificación","Titular","Manuel Francisco Castillo Lagos","Auxiliar","17°","Auxiliares","","1994-01-01 00:00:00.0","1900-01-01 00:00:00.0"
"Pinto","Planta Titular","Sin Clasificación","Titular","Felisa del Carmen Soto Rocha","Coordinador"," ","Profesionales","Escala Profesionales de La Educación Llay 19.070)","2009-03-01 00:00:00.0","1900-01-01 00:00:00.0"
"Pinto","Planta Titular","Sin Clasificación","Titular","Margarita Elena Tobar Aqueveque","Jefatura","9°","Jefaturas","","1994-01-01 00:00:00.0","1900-01-01 00:00:00.0"
"Pinto","Planta Titular","Sin Clasificación","Titular","Nelson Manuel Rodriguez Cerda","Auxiliar de Servicio de Salud"," ","Auxiliares de Servicios de Salud Categoría F","Estatuto Atención Primaria de Salud Municipal  Ley N°19.378","2008-05-01 00:00:00.0","1900-01-01 00:00:00.0"
"Pinto","Planta Titular","Sin Clasificación","Titular","Juan Luis Tamarin Salazar","Coordinador"," ","Profesionales","Escala Profesionales de La Educación Llay 19.070)","2009-03-02 00:00:00.0","1900-01-01 00:00:00.0"
"Pinto","Planta Titular","Sin Clasificación","Titular","Cesar Rodrigo Gutierrez Baldecchi","Administrativo","15°","Administrativos","","1994-01-01 00:00:00.0","1900-01-01 00:00:00.0"
"Pinto","Planta Titular","Sin Clasificación","Titular","Nelly de Las Mercedes Hermosilla Martinez","Docente"," ","Profesional Docente","Escala Profesionales de La Educación Llay 19.070)","2009-03-02 00:00:00.0","1900-01-01 00:00:00.0"
"Pinto","Planta Titular","Sin Clasificación","Titular","Irenia del Carmen Sepulveda Ortega","Profesor"," ","Profesional Docente","Escala Profesionales de La Educación Llay 19.070)","2009-03-02 00:00:00.0","1900-01-01 00:00:00.0"
"Pinto","Planta Titular","Sin Clasificación","Titular","Pedro Pablo Medina Escobar","Administrativo de Salud"," ","Administrativos de Salud Categoría E","Estatuto Atención Primaria de Salud Municipal  Ley N°19.378","2008-05-01 00:00:00.0","1900-01-01 00:00:00.0"
