"Comuna","Tipo de Contratación","Área","Calidad","Nombre","Cargo","Grado","Planta","Remuneración","Fecha desde","Fecha hasta"
"Pinto","Codigo del Trabajo","Sin Clasificación","Código del Trabajo","Marta Trinidad Muñoz Cifuentes","Administrativo"," ","Contratados Sin Planta","","2004-01-01 00:00:00.0","1900-01-01 00:00:00.0"
"Pinto","Codigo del Trabajo","Sin Clasificación","Código del Trabajo","Juan Carlos Carrasco Aedo","Chófer"," ","Personal No Pertenece A Planta","Afectos Al Código del Trabajo","2008-03-13 00:00:00.0","1900-01-01 00:00:00.0"
"Pinto","Codigo del Trabajo","Sin Clasificación","Código del Trabajo","Jacqueline  Elena Burgos Aedo","Asistente Parvularia"," ","Personal No Pertenece A Planta","Afectos Al Código del Trabajo","2013-07-01 00:00:00.0","1900-01-01 00:00:00.0"
"Pinto","Codigo del Trabajo","Sin Clasificación","Código del Trabajo","Gerardo  Ignacio Molina Torre","Administrativo"," ","Personal No Pertenece A Planta","Afectos Al Código del Trabajo","2013-05-01 00:00:00.0","1900-01-01 00:00:00.0"
"Pinto","Codigo del Trabajo","Sin Clasificación","Código del Trabajo","Robert Alex Betancourt Vasquez","Jefe de Departamento"," ","Personal No Pertenece A Planta","Afectos Al Código del Trabajo","2013-05-01 00:00:00.0","1900-01-01 00:00:00.0"
"Pinto","Codigo del Trabajo","Sin Clasificación","Código del Trabajo","Carlos Alberto Fernandez Diaz","Asistente de La Educación"," ","Contratados Sin Planta","Afectos Al Código del Trabajo","2014-03-03 00:00:00.0","1900-01-01 00:00:00.0"
"Pinto","Codigo del Trabajo","Sin Clasificación","Código del Trabajo","Juan Carlos Sepulveda Fuentes","Secreto"," ","Personal No Pertenece A Planta","Afectos Al Código del Trabajo","2003-03-01 00:00:00.0","1900-01-01 00:00:00.0"
"Pinto","Codigo del Trabajo","Sin Clasificación","Código del Trabajo","Cristian Alexi  Zapata Torres","Asistente Técnico"," ","Personal No Pertenece A Planta","Afectos Al Código del Trabajo","2014-03-01 00:00:00.0","1900-01-01 00:00:00.0"
"Pinto","Codigo del Trabajo","Sin Clasificación","Código del Trabajo","Francia del Carmen Quintana Rubio","Encargado"," ","Contratados Sin Planta","","2004-07-01 00:00:00.0","1900-01-01 00:00:00.0"
"Pinto","Codigo del Trabajo","Sin Clasificación","Código del Trabajo","Paula Andrea Fuentes Quintana","Administrativo"," ","Personal No Pertenece A Planta","Afectos Al Código del Trabajo","2014-03-01 00:00:00.0","1900-01-01 00:00:00.0"
"Pinto","Codigo del Trabajo","Sin Clasificación","Código del Trabajo","Daniela Pilar Badillo  Barra","Profesional"," ","Personal No Pertenece A Planta","Afectos Al Código del Trabajo","2014-03-03 00:00:00.0","1900-01-01 00:00:00.0"
"Pinto","Codigo del Trabajo","Sin Clasificación","Código del Trabajo","Johana Elisa Navarrete Gallegos","Psicopedagogo"," ","Personal No Pertenece A Planta","Afectos Al Código del Trabajo","2014-03-03 00:00:00.0","1900-01-01 00:00:00.0"
"Pinto","Codigo del Trabajo","Sin Clasificación","Código del Trabajo","Jorge Osvaldo Carrasco Parada","Paradocente"," ","Paradocente","Afectos Al Código del Trabajo","2012-08-22 00:00:00.0","1900-01-01 00:00:00.0"
"Pinto","Codigo del Trabajo","Sin Clasificación","Código del Trabajo","Julio Hector  Pulgar Verdugo","Auxiliar de Servicios Menores"," ","Personal No Pertenece A Planta","Afectos Al Código del Trabajo","2013-07-29 00:00:00.0","1900-01-01 00:00:00.0"
