"Comuna","Tipo de Contratación","Área","Calidad","Nombre","Cargo","Grado","Planta","Remuneración","Fecha desde","Fecha hasta"
"Pinto","Planta Titular","Municipal","Titular","Laurisa del Transito Puga Peña","Administrativo","13°","Administrativos","Escala Municipal","2019-04-01 00:00:00.0","1900-01-01 00:00:00.0"
"Pinto","Planta Titular","Municipal","Titular","Hugo Alejandro Villablanca Lopez","Técnico","12°","Técnicos","Escala Municipal","2019-04-01 00:00:00.0","1900-01-01 00:00:00.0"
"Pinto","Planta Titular","Municipal","Titular","Pedro Alfonso Cadiz Medina","Auxiliar","15°","Auxiliares","Escala Municipal","2019-04-01 00:00:00.0","1900-01-01 00:00:00.0"
"Pinto","Planta Titular","Municipal","Titular","Viviana del Carmen Rivas Betancourt","Administrativo","14°","Administrativos","Escala Municipal","2019-04-01 00:00:00.0","1900-01-01 00:00:00.0"
"Pinto","Planta Titular","Municipal","Titular","Lorena del Pilar Bustos Burgos","Administrativo","14°","Administrativos","Escala Municipal","2019-04-01 00:00:00.0","1900-01-01 00:00:00.0"
"Pinto","Planta Titular","Municipal","Titular","Cristina Cecilia Hermosilla Retamal","Técnico","12°","Técnicos","Escala Municipal","2019-04-01 00:00:00.0","1900-01-01 00:00:00.0"
"Pinto","Planta Titular","Municipal","Titular","German Antonio Bravo Carrasco","Auxiliar","13°","Auxiliares","Escala Municipal","2019-04-01 00:00:00.0","1900-01-01 00:00:00.0"
"Pinto","Planta Titular","Municipal","Titular","Luis Humberto Rodriguez Parra","Auxiliar","17°","Auxiliares","Escala Municipal","2019-04-01 00:00:00.0","1900-01-01 00:00:00.0"
"Pinto","Planta Titular","Municipal","Titular","Sergio Alejandro Molina Torres","Jefatura","11°","Jefaturas","Escala Municipal","2019-04-01 00:00:00.0","1900-01-01 00:00:00.0"
"Pinto","Planta Titular","Municipal","Titular","Robert Alex Betancourt Vasquez","Directivo","9°","Directivos","Escala Municipal de Remuneraciones(ley 18.883)","2014-01-01 00:00:00.0","1900-01-01 00:00:00.0"
"Pinto","Planta Titular","Municipal","Titular","Silvia Daniela Costa Cares","Profesional","10°","Profesionales","Escala Municipal","2019-01-01 00:00:00.0","1900-01-01 00:00:00.0"
"Pinto","Planta Titular","Municipal","Titular","Evelyn Andrea Sobarzo Muñoz","Jefatura","11°","Jefaturas","Escala Municipal","2019-04-01 00:00:00.0","1900-01-01 00:00:00.0"
"Pinto","Planta Titular","Municipal","Titular","Matias Humberto Carrasco Carrasco","Director","8°","Directivos","Escala Municipal","2019-04-01 00:00:00.0","1900-01-01 00:00:00.0"
"Pinto","Planta Titular","Municipal","Titular","Daniel Alexis Guerra Arias","Auxiliar","15°","Auxiliares","Escala Municipal","2019-04-01 00:00:00.0","1900-01-01 00:00:00.0"
"Pinto","Planta Titular","Municipal","Titular","Angelo Eduard  Navarrete Burgos","Profesional","11°","Profesionales","Escala Municipal","2019-02-01 00:00:00.0","2019-07-31 00:00:00.0"
"Pinto","Planta Titular","Municipal","Titular","Mario del Carmen Osorio Merino","Secretario","8°","Directivos","Escala Municipal","2019-04-01 00:00:00.0","1900-01-01 00:00:00.0"
"Pinto","Planta Titular","Municipal","Titular","Gonzalo Barra Palma","Juez","8°","Directivos","Escala Municipal","2019-04-01 00:00:00.0","1900-01-01 00:00:00.0"
"Pinto","Planta Titular","Municipal","Titular","Gonzalo Antonio Riquelme Vasquez","Jefatura","9°","Jefaturas","Escala Municipal","2019-04-01 00:00:00.0","1900-01-01 00:00:00.0"
"Pinto","Planta Titular","Municipal","Titular","Margarita Elena Tobar Aqueveque","Director","8°","Directivos","Escala Municipal","2019-04-01 00:00:00.0","1900-01-01 00:00:00.0"
"Pinto","Planta Titular","Municipal","Titular","Victor Hugo Parada Rodriguez","Administrativo","13°","Administrativos","Escala Municipal","2019-04-01 00:00:00.0","1900-01-01 00:00:00.0"
"Pinto","Planta Titular","Municipal","Titular","Enrique Alfonso Riffo Lara","Auxiliar","15°","Auxiliares","Escala Municipal","2019-04-01 00:00:00.0","1900-01-01 00:00:00.0"
"Pinto","Planta Titular","Municipal","Titular","Edgardo Fernando Esquivel Morales","Director","8°","Directivos","Escala Municipal","2019-04-01 00:00:00.0","1900-01-01 00:00:00.0"
"Pinto","Planta Titular","Municipal","Titular","Manuel Jesus Guzman Aedo","Alcalde","6°","Alcaldes","Escala Municipal","2019-04-01 00:00:00.0","1900-01-01 00:00:00.0"
"Pinto","Planta Titular","Municipal","Titular","Luz Betsy Ivonne Uribe Lagos","Administrativo","13°","Administrativos","Escala Municipal","2019-04-01 00:00:00.0","1900-01-01 00:00:00.0"
"Pinto","Planta Titular","Municipal","Titular","Jaime Gilberto Tapia Caro","Administrativo","13°","Administrativos","Escala Municipal","2019-04-01 00:00:00.0","1900-01-01 00:00:00.0"
"Pinto","Planta Titular","Municipal","Titular","Luis Arturo Gallegos Lagos","Auxiliar","15°","Auxiliares","Escala Municipal","2019-04-01 00:00:00.0","1900-01-01 00:00:00.0"
"Pinto","Planta Titular","Municipal","Titular","Maria Angelina Amestica Amestica","Administrativo","14°","Administrativos","Escala Municipal","2019-04-01 00:00:00.0","1900-01-01 00:00:00.0"
"Pinto","Planta Titular","Municipal","Titular","Amelia Alba Brisa Aedo Parra","Administrativo","14°","Administrativos","Escala Municipal","2019-04-01 00:00:00.0","1900-01-01 00:00:00.0"
"Pinto","Planta Titular","Municipal","Titular","Elisabeth Marcela Vera Parra","Administrativo","13°","Administrativos","Escala Municipal","2019-04-01 00:00:00.0","1900-01-01 00:00:00.0"
"Pinto","Planta Titular","Municipal","Titular","Monica Lucy Jimenez Venegas","Técnico","12°","Técnicos","Escala Municipal","2019-04-01 00:00:00.0","1900-01-01 00:00:00.0"
"Pinto","Planta Titular","Municipal","Titular","Cesar Rodrigo Gutierrez Baldecchi","Administrativo","13°","Administrativos","Escala Municipal","2019-04-01 00:00:00.0","1900-01-01 00:00:00.0"
"Pinto","Planta Titular","Municipal","Titular","Victor Hernan Paiva Navarrete","Auxiliar","13°","Auxiliares","Escala Municipal","2019-04-01 00:00:00.0","1900-01-01 00:00:00.0"
"Pinto","Planta Titular","Municipal","Titular","Juan Jose Gonzalez Pedraza","Secretario","8°","Directivos","Escala Municipal","2019-04-01 00:00:00.0","1900-01-01 00:00:00.0"
"Pinto","Planta Titular","Municipal","Titular","Maritza de Lourdes Gonzalez Concha","Administrativo","14°","Administrativos","Escala Municipal","2019-04-01 00:00:00.0","1900-01-01 00:00:00.0"
"Pinto","Planta Titular","Municipal","Titular","Tatiana de Las Mercedes Tobar Aqueveque","Administrativo","13°","Administrativos","Escala Municipal","2019-04-01 00:00:00.0","1900-01-01 00:00:00.0"
