"Comuna","Tipo de Contratación","Área","Calidad","Nombre","Cargo","Grado","Planta","Remuneración","Fecha desde","Fecha hasta"
"Pinto","Planta Titular","Educación","Titular","Adelia del Carmen Amestica  Lagos","Administrador Publico","SIN INFORMACION","Contratados Sin Planta","Afectos Al Código del Trabajo","2015-05-01 00:00:00.0","1900-01-01 00:00:00.0"
"Pinto","Planta Titular","Educación","Titular","Marcelo Eduardo Carrasco Lagos","Docente","SIN INFORMACION","Docente","Profesionales de La Educación Ley N°19.070","2015-03-01 00:00:00.0","1900-01-01 00:00:00.0"
"Pinto","Planta Titular","Educación","Titular","Herna Isabel Burgos Rodriguez","Docente","SIN INFORMACION","Docente","Profesionales de La Educación Ley N°19.070","2015-03-01 00:00:00.0","1900-01-01 00:00:00.0"
"Pinto","Planta Titular","Educación","Titular","Paula Lorena Jaque Luengo","Docente","SIN INFORMACION","Docente","Profesionales de La Educación Ley N°19.070","2015-03-01 00:00:00.0","1900-01-01 00:00:00.0"
"Pinto","Planta Titular","Educación","Titular","Sara Isabel Cifuentes Poblete","Docente","SIN INFORMACION","Docente","Profesionales de La Educación Ley N°19.070","2015-03-01 00:00:00.0","1900-01-01 00:00:00.0"
"Pinto","Planta Titular","Educación","Titular","Kandy Maribel Paiva Navarrete","Docente","SIN INFORMACION","Docente","Profesionales de La Educación Ley N°19.070","2015-03-01 00:00:00.0","1900-01-01 00:00:00.0"
"Pinto","Planta Titular","Educación","Titular","Carmen Gloria Pereira Sepulveda","Docente","SIN INFORMACION","Docente","Profesionales de La Educación Ley N°19.070","2015-03-01 00:00:00.0","1900-01-01 00:00:00.0"
"Pinto","Planta Titular","Educación","Titular","Juana Isabel  Grandon Rodriguez","Administrativo","SIN INFORMACION","Contratados Sin Planta","Afectos Al Código del Trabajo","2015-05-01 00:00:00.0","1900-01-01 00:00:00.0"
"Pinto","Planta Titular","Educación","Titular","Hector Enrique Gatica Vargas","Docente","SIN INFORMACION","Docente","Profesionales de La Educación Ley N°19.070","2015-03-01 00:00:00.0","1900-01-01 00:00:00.0"
"Pinto","Planta Titular","Educación","Titular","Karina Alejandra Suazo Quintana","Docente","SIN INFORMACION","Docente","Profesionales de La Educación Ley N°19.070","2015-03-01 00:00:00.0","1900-01-01 00:00:00.0"
"Pinto","Planta Titular","Educación","Titular","Valeria Elena  Garcia Villablanca","Administrativo","SIN INFORMACION","Contratados Sin Planta","Afectos Al Código del Trabajo","2015-01-01 00:00:00.0","1900-01-01 00:00:00.0"
"Pinto","Planta Titular","Educación","Titular","Ingrid Reineria Pincheira Cortez","Docente","SIN INFORMACION","Docente","Profesionales de La Educación Ley N°19.070","2015-03-01 00:00:00.0","1900-01-01 00:00:00.0"
"Pinto","Planta Titular","Educación","Titular","Yasna Mariela Vielma Mendoza","Docente","SIN INFORMACION","Docente","Profesionales de La Educación Ley N°19.070","2015-03-01 00:00:00.0","1900-01-01 00:00:00.0"
"Pinto","Planta Titular","Educación","Titular","Yenny Paola del Carmen Vidal Carrasco","Docente","SIN INFORMACION","Docente","Profesionales de La Educación Ley N°19.070","2015-03-01 00:00:00.0","1900-01-01 00:00:00.0"
"Pinto","Planta Titular","Educación","Titular","Elizeth Alejandra Garcia Villablanca","Docente","SIN INFORMACION","Docente","Profesionales de La Educación Ley N°19.070","2015-02-18 00:00:00.0","1900-01-01 00:00:00.0"
"Pinto","Planta Titular","Educación","Titular","Herbier Jonnathan Carrasco Parra","Docente","SIN INFORMACION","Docente","Profesionales de La Educación Ley N°19.070","2015-03-01 00:00:00.0","1900-01-01 00:00:00.0"
"Pinto","Planta Titular","Educación","Titular","Maria Alejandra Rodriguez Riquelme","Docente","SIN INFORMACION","Docente","Profesionales de La Educación Ley N°19.070","2015-03-01 00:00:00.0","1900-01-01 00:00:00.0"
"Pinto","Planta Titular","Educación","Titular","Ana Licet Muñoz Espina","Docente","SIN INFORMACION","Docente","Profesionales de La Educación Ley N°19.070","2015-03-01 00:00:00.0","1900-01-01 00:00:00.0"
"Pinto","Planta Titular","Educación","Titular","Valeria del Carmen Torres  Arriagada","Docente","SIN INFORMACION","Docente","Profesionales de La Educación Ley N°19.070","2015-03-01 00:00:00.0","1900-01-01 00:00:00.0"
"Pinto","Planta Titular","Educación","Titular","Marisol Alejandra Sobarzo Tuki","Docente","SIN INFORMACION","Docente","Profesionales de La Educación Ley N°19.070","2015-03-01 00:00:00.0","1900-01-01 00:00:00.0"
"Pinto","Planta Titular","Educación","Titular","Lorena del Pilar Arias Vera","Docente","SIN INFORMACION","Docente","Profesionales de La Educación Ley N°19.070","2015-03-01 00:00:00.0","1900-01-01 00:00:00.0"
"Pinto","Planta Titular","Educación","Titular","Marta Carolina Urra Riquelme","Docente","SIN INFORMACION","Docente","Profesionales de La Educación Ley N°19.070","2015-03-01 00:00:00.0","1900-01-01 00:00:00.0"
"Pinto","Planta Titular","Educación","Titular","Natalia Estefania Contreras Costa","Asistente de La Educación","SIN INFORMACION","Contratados Sin Planta","Afectos Al Código del Trabajo","2016-03-01 00:00:00.0","1900-01-01 00:00:00.0"
"Pinto","Planta Titular","Educación","Titular","Karen Dennis Figueroa Ponce","Docente","SIN INFORMACION","Docente","Profesionales de La Educación Ley N°19.070","2015-03-01 00:00:00.0","1900-01-01 00:00:00.0"
"Pinto","Planta Titular","Educación","Titular","Daniela Andrea Jimenez Sepulveda","Docente","SIN INFORMACION","Docente","Profesionales de La Educación Ley N°19.070","2015-03-01 00:00:00.0","1900-01-01 00:00:00.0"
"Pinto","Planta Titular","Educación","Titular","Carolina Andrea Vergara Jara","Docente","SIN INFORMACION","Docente","Profesionales de La Educación Ley N°19.070","2015-03-01 00:00:00.0","1900-01-01 00:00:00.0"
"Pinto","Planta Titular","Educación","Titular","Carlos Felipe Figueroa Suazo","Docente","SIN INFORMACION","Docente","Profesionales de La Educación Ley N°19.070","2015-03-01 00:00:00.0","1900-01-01 00:00:00.0"
"Pinto","Planta Titular","Educación","Titular","Italia Nicole Pino Pino","Psicólogo","SIN INFORMACION","Contratados Sin Planta","Asistentes de La Educación Ley N°19.464","2015-03-09 00:00:00.0","1900-01-01 00:00:00.0"
"Pinto","Planta Titular","Educación","Titular","Victoria Salomé Pulgar San Martín","Asistente de La Educación","SIN INFORMACION","Contratados Sin Planta","Afectos Al Código del Trabajo","2015-03-09 00:00:00.0","1900-01-01 00:00:00.0"
"Pinto","Planta Titular","Educación","Titular","Angelica Maria Contreras Henriquez","Fonoaudiologo","SIN INFORMACION","Contratados Sin Planta","Afectos Al Código del Trabajo","2016-03-01 00:00:00.0","1900-01-01 00:00:00.0"
"Pinto","Planta Titular","Educación","Titular","Paulina Maryorett Elgueta Cares","Auxiliar de Servicios","SIN INFORMACION","Contratados Sin Planta","Afectos Al Código del Trabajo","2016-03-01 00:00:00.0","1900-01-01 00:00:00.0"
"Pinto","Planta Titular","Educación","Titular","Karina Belen  Carrasco Ramos","Asistente de La Educación","SIN INFORMACION","Contratados Sin Planta","Afectos Al Código del Trabajo","2016-03-01 00:00:00.0","1900-01-01 00:00:00.0"
"Pinto","Planta Titular","Educación","Titular","Daniela Lisett  Vasquez Pe¿a","Profesional","SIN INFORMACION","Contratados Sin Planta","Asistentes de La Educación Ley N°19.464","2015-07-01 00:00:00.0","1900-01-01 00:00:00.0"
"Pinto","Planta Titular","Educación","Titular","Carina  Vanesa  Cerda Cifuentes","Asistente de La Educación","SIN INFORMACION","Contratados Sin Planta","Afectos Al Código del Trabajo","2016-03-01 00:00:00.0","1900-01-01 00:00:00.0"
"Pinto","Planta Titular","Educación","Titular","Juan Bautista Machuca Godoy","Jefe del Departamento de Administración de Educación Municipal","SIN INFORMACION","Docente Directivo","Profesionales de La Educación Ley N°19.070","2015-03-31 00:00:00.0","2020-03-31 00:00:00.0"
"Pinto","Planta Titular","Educación","Titular","Luis Angel Duran  Morales","Auxiliar de Servicios Menores","SIN INFORMACION","Contratados Sin Planta","Afectos Al Código del Trabajo","2014-03-01 00:00:00.0","1900-01-01 00:00:00.0"
"Pinto","Planta Titular","Educación","Titular","Ana Elisabeth Torres Arriagada","Jefatura","SIN INFORMACION","Contratados Sin Planta","Afectos Al Código del Trabajo","1995-05-01 00:00:00.0","1900-01-01 00:00:00.0"
"Pinto","Planta Titular","Educación","Titular","Ana Isabel Gallardo Fuentes","Auxiliar de Servicios Menores","SIN INFORMACION","Contratados Sin Planta","Afectos Al Código del Trabajo","2011-11-02 00:00:00.0","1900-01-01 00:00:00.0"
"Pinto","Planta Titular","Educación","Titular","Veronica Ibañez Merino","Docente","SIN INFORMACION","Docente","Profesionales de La Educación Ley N°19.070","2015-03-01 00:00:00.0","1900-01-01 00:00:00.0"
"Pinto","Planta Titular","Educación","Titular","Juan Carlos Gonzalez Barros","Docente","SIN INFORMACION","Docente","Profesionales de La Educación Ley N°19.070","2015-03-01 00:00:00.0","1900-01-01 00:00:00.0"
"Pinto","Planta Titular","Educación","Titular","Sandra Mariela Flores Valenzuela","Docente","SIN INFORMACION","Docente","Profesionales de La Educación Ley N°19.070","2015-03-01 00:00:00.0","1900-01-01 00:00:00.0"
