"Comuna","Tipo de Contratación","Área","Calidad","Nombre","Cargo","Grado","Planta","Remuneración","Fecha desde","Fecha hasta"
"San Carlos","Planta Titular","Salud","Titular","Tamar Damaris Martinez Rodriguez","Administrativo Crea de Salud","SIN INFORMACION","Administrativos de Salud Categoría E","Estatuto Atención Primaria de Salud Municipal  Ley N°19.378","2015-10-01 00:00:00.0","2999-12-31 00:00:00.0"
"San Carlos","Planta Titular","Salud","Titular","Marisol del Carmen Tapia Espinoza","Administrativo Crea de Salud","SIN INFORMACION","Administrativos de Salud Categoría E","Estatuto Atención Primaria de Salud Municipal  Ley N°19.378","2015-10-01 00:00:00.0","2999-12-31 00:00:00.0"
"San Carlos","Planta Titular","Salud","Titular","Lidia Orfelina Toro Labra","Técnico de Nivel Superior","SIN INFORMACION","Técnicos de Nivel Superior Categoría C","Estatuto Atención Primaria de Salud Municipal  Ley N°19.378","2016-01-01 00:00:00.0","2999-12-31 00:00:00.0"
"San Carlos","Planta Titular","Salud","Titular","Ursula Ivette Contreras Diaz","Administrativo Crea de Salud","SIN INFORMACION","Administrativos de Salud Categoría E","Estatuto Atención Primaria de Salud Municipal  Ley N°19.378","2015-10-01 00:00:00.0","2999-12-31 00:00:00.0"
"San Carlos","Planta Titular","Salud","Titular","Vivian Lidia Alburquenque Foster","Profesional","SIN INFORMACION","Profesionales Categoría A","Estatuto Atención Primaria de Salud Municipal  Ley N°19.378","2016-10-01 00:00:00.0","2999-12-31 00:00:00.0"
"San Carlos","Planta Titular","Salud","Titular","Raul Antonio Jeldres Muñoz","Conductor","SIN INFORMACION","Auxiliares de Servicios de Salud Categoría F","Sin Información","2015-10-01 00:00:00.0","2999-12-31 00:00:00.0"
"San Carlos","Planta Titular","Salud","Titular","Miguel Alberto Sepulveda Rivera","Conductor","SIN INFORMACION","Auxiliares de Servicios de Salud Categoría F","Sin Información","2015-10-01 00:00:00.0","2999-12-31 00:00:00.0"
"San Carlos","Planta Titular","Salud","Titular","Zoila Margarita Sepulveda Rojas","Técnico de Nivel Superior","SIN INFORMACION","Técnicos de Nivel Superior Categoría C","Estatuto Atención Primaria de Salud Municipal  Ley N°19.378","2015-10-01 00:00:00.0","2999-12-31 00:00:00.0"
"San Carlos","Planta Titular","Salud","Titular","Juan Carlos Muñoz Contreras","Conductor","SIN INFORMACION","Auxiliares de Servicios de Salud Categoría F","Sin Información","2015-10-01 00:00:00.0","2999-12-31 00:00:00.0"
"San Carlos","Planta Titular","Salud","Titular","Veronica de Lourdes Eriza Muñoz","Auxiliar de Servicio de Salud","SIN INFORMACION","Auxiliares de Servicios de Salud Categoría F","Estatuto Atención Primaria de Salud Municipal  Ley N°19.378","2015-10-01 00:00:00.0","2999-12-31 00:00:00.0"
"San Carlos","Planta Titular","Salud","Titular","Maria Sandra Mercado Espinoza","Profesional","SIN INFORMACION","Profesionales Categoría A","Estatuto Atención Primaria de Salud Municipal  Ley N°19.378","2018-06-01 00:00:00.0","2021-06-01 00:00:00.0"
"San Carlos","Planta Titular","Salud","Titular","Francisco Eduardo Vera Castro","Profesional","SIN INFORMACION","Profesionales Categoría B","Estatuto Atención Primaria de Salud Municipal  Ley N°19.378","2015-10-01 00:00:00.0","2999-12-31 00:00:00.0"
"San Carlos","Planta Titular","Salud","Titular","Marcelo Esteban Jaque Muñoz","Técnico de Nivel Superior","SIN INFORMACION","Profesionales Categoría A","Estatuto Atención Primaria de Salud Municipal  Ley N°19.378","2015-10-01 00:00:00.0","2999-12-31 00:00:00.0"
"San Carlos","Planta Titular","Salud","Titular","Ingrid Marcela  Becerra Vergara","Técnico de Nivel Superior","SIN INFORMACION","Técnicos de Nivel Superior Categoría C","Estatuto Atención Primaria de Salud Municipal  Ley N°19.378","2015-10-01 00:00:00.0","2999-12-31 00:00:00.0"
"San Carlos","Planta Titular","Salud","Titular","Marianela  Segovia Villaroel Palma","Auxiliar de Servicio de Salud","SIN INFORMACION","Auxiliares de Servicios de Salud Categoría F","Estatuto Atención Primaria de Salud Municipal  Ley N°19.378","2015-10-01 00:00:00.0","2999-12-31 00:00:00.0"
"San Carlos","Planta Titular","Salud","Titular","Marlenne Nellyvi Sepulveda Bravo","Profesional","SIN INFORMACION","Profesionales Categoría B","Estatuto Atención Primaria de Salud Municipal  Ley N°19.378","2015-10-01 00:00:00.0","2999-12-31 00:00:00.0"
"San Carlos","Planta Titular","Salud","Titular","Mauricio Ariel Molina Espinoza","Técnico de Nivel Superior","SIN INFORMACION","Técnicos de Nivel Superior Categoría C","Estatuto Atención Primaria de Salud Municipal  Ley N°19.378","2016-01-01 00:00:00.0","2999-12-31 00:00:00.0"
"San Carlos","Planta Titular","Salud","Titular","Andrea Jacqueline Avendaño Albarran","Director"," ","Profesionales Categoría B","Escala Atención Primaria de Salud Municipal","2013-04-01 00:00:00.0","1900-01-01 00:00:00.0"
"San Carlos","Planta Titular","Salud","Titular","Marisol del Pilar Urrutia Osorio","Administrativo Crea de Salud","SIN INFORMACION","Administrativos de Salud Categoría E","Estatuto Atención Primaria de Salud Municipal  Ley N°19.378","2015-10-01 00:00:00.0","2999-12-31 00:00:00.0"
"San Carlos","Planta Titular","Salud","Titular","Alejandra Mercedes Gutierrez Burgos","Técnico de Nivel Superior","SIN INFORMACION","Técnicos de Nivel Superior Categoría C","Estatuto Atención Primaria de Salud Municipal  Ley N°19.378","2015-10-01 00:00:00.0","2999-12-31 00:00:00.0"
"San Carlos","Planta Titular","Salud","Titular","Scarlette Beatriz Urbina Morales","Administrativo Crea de Salud","SIN INFORMACION","Administrativos de Salud Categoría E","Estatuto Atención Primaria de Salud Municipal  Ley N°19.378","2015-10-01 00:00:00.0","2999-12-31 00:00:00.0"
"San Carlos","Planta Titular","Salud","Titular","Domingo Antonio Sepulveda Paredes","Conductor","SIN INFORMACION","Auxiliares de Servicios de Salud Categoría F","Sin Información","2015-10-01 00:00:00.0","2999-12-31 00:00:00.0"
"San Carlos","Planta Titular","Salud","Titular","Cristian Fernando Correa Villalobos","Profesional","SIN INFORMACION","Profesionales Categoría B","Estatuto Atención Primaria de Salud Municipal  Ley N°19.378","2015-10-01 00:00:00.0","2999-12-31 00:00:00.0"
"San Carlos","Planta Titular","Salud","Titular","Angela Georgette Troncoso Diaz","Administrativo Crea de Salud","SIN INFORMACION","Administrativos de Salud Categoría E","Estatuto Atención Primaria de Salud Municipal  Ley N°19.378","2015-10-01 00:00:00.0","2999-12-31 00:00:00.0"
"San Carlos","Planta Titular","Salud","Titular","Fabiola Viviana Candia Nova","Profesional","SIN INFORMACION","Profesionales Categoría A","Estatuto Atención Primaria de Salud Municipal  Ley N°19.378","2016-02-01 00:00:00.0","1900-01-01 00:00:00.0"
"San Carlos","Planta Titular","Salud","Titular","Virginia Rosario Sagal Jerez","Profesional","SIN INFORMACION","Profesionales Categoría B","Estatuto Atención Primaria de Salud Municipal  Ley N°19.378","2015-10-01 00:00:00.0","2999-12-31 00:00:00.0"
"San Carlos","Planta Titular","Salud","Titular","Marcela del Pilar Mellado Sepulveda","Técnico de Nivel Superior","SIN INFORMACION","Técnicos de Nivel Superior Categoría C","Estatuto Atención Primaria de Salud Municipal  Ley N°19.378","2016-01-01 00:00:00.0","2999-12-31 00:00:00.0"
"San Carlos","Planta Titular","Salud","Titular","Mariela Andrea Candia Valderrama","Administrativo Crea de Salud","SIN INFORMACION","Administrativos de Salud Categoría E","Estatuto Atención Primaria de Salud Municipal  Ley N°19.378","2015-10-01 00:00:00.0","2999-12-31 00:00:00.0"
"San Carlos","Planta Titular","Salud","Titular","Marcelo Alexis Martinez Gajardo","Administrativo Crea de Salud","SIN INFORMACION","Administrativos de Salud Categoría E","Estatuto Atención Primaria de Salud Municipal  Ley N°19.378","2015-10-01 00:00:00.0","2999-12-31 00:00:00.0"
"San Carlos","Planta Titular","Salud","Titular","Sandra Elizabeth Jimenez Parra","Administrativo Crea de Salud","SIN INFORMACION","Administrativos de Salud Categoría E","Estatuto Atención Primaria de Salud Municipal  Ley N°19.378","2015-10-01 00:00:00.0","2999-12-31 00:00:00.0"
"San Carlos","Planta Titular","Salud","Titular","Jacqueline Elvira Pizarro Tapia","Profesional","SIN INFORMACION","Profesionales Categoría B","Estatuto Atención Primaria de Salud Municipal  Ley N°19.378","2015-10-01 00:00:00.0","2999-12-31 00:00:00.0"
"San Carlos","Planta Titular","Salud","Titular","Jaime Alejandro Taiba Mora","Profesional","SIN INFORMACION","Profesionales Categoría B","Estatuto Atención Primaria de Salud Municipal  Ley N°19.378","2015-10-01 00:00:00.0","2999-12-31 00:00:00.0"
"San Carlos","Planta Titular","Salud","Titular","Patricia del Carmen Venegas Lopez","Matrona"," ","Profesional Asimilado","Escala Atención Primaria de Salud Municipal","2013-01-01 00:00:00.0","1900-01-01 00:00:00.0"
"San Carlos","Planta Titular","Salud","Titular","Sandra Carolina Yañez Torres","Técnico de Nivel Superior","SIN INFORMACION","Técnicos de Nivel Superior Categoría C","Estatuto Atención Primaria de Salud Municipal  Ley N°19.378","2016-01-01 00:00:00.0","2999-12-31 00:00:00.0"
"San Carlos","Planta Titular","Salud","Titular","Waleska Andrea Suarez Vargas","Profesional","SIN INFORMACION","Profesionales Categoría B","Estatuto Atención Primaria de Salud Municipal  Ley N°19.378","2015-10-01 00:00:00.0","2999-12-31 00:00:00.0"
"San Carlos","Planta Titular","Salud","Titular","Elisette Cristina Contreras Figueroa","Profesional","SIN INFORMACION","Profesionales Categoría B","Estatuto Atención Primaria de Salud Municipal  Ley N°19.378","2015-10-01 00:00:00.0","2999-12-31 00:00:00.0"
"San Carlos","Planta Titular","Salud","Titular","Angela Carolina Mella Davison","Técnico de Nivel Superior","SIN INFORMACION","Técnicos de Nivel Superior Categoría C","Estatuto Atención Primaria de Salud Municipal  Ley N°19.378","2015-10-01 00:00:00.0","2999-12-31 00:00:00.0"
"San Carlos","Planta Titular","Salud","Titular","Luis Alejandro Parra Bravo","Profesional","SIN INFORMACION","Profesionales Categoría A","Estatuto Atención Primaria de Salud Municipal  Ley N°19.378","2015-10-01 00:00:00.0","2999-12-31 00:00:00.0"
"San Carlos","Planta Titular","Salud","Titular","Catherine Isabel Mendez Jaque","Profesional","SIN INFORMACION","Profesionales Categoría B","Estatuto Atención Primaria de Salud Municipal  Ley N°19.378","2015-10-01 00:00:00.0","2999-12-31 00:00:00.0"
"San Carlos","Planta Titular","Salud","Titular","Hemann Ricardo Palma  Torres","Administrativo Crea de Salud","SIN INFORMACION","Administrativos de Salud Categoría E","Estatuto Atención Primaria de Salud Municipal  Ley N°19.378","2015-10-01 00:00:00.0","2999-12-31 00:00:00.0"
"San Carlos","Planta Titular","Salud","Titular","Hector Ivan Hermosilla Lara","Profesional","SIN INFORMACION","Profesionales Categoría B","Estatuto Atención Primaria de Salud Municipal  Ley N°19.378","2015-10-01 00:00:00.0","2999-12-31 00:00:00.0"
"San Carlos","Planta Titular","Salud","Titular","Silvia Alejandra Correa Villalobos","Profesional","SIN INFORMACION","Técnicos de Nivel Superior Categoría C","Estatuto Atención Primaria de Salud Municipal  Ley N°19.378","2015-10-01 00:00:00.0","2999-12-31 00:00:00.0"
"San Carlos","Planta Titular","Salud","Titular","Viviana del Carmen Lopez Sepulveda","Técnico de Nivel Superior","SIN INFORMACION","Técnicos de Nivel Superior Categoría C","Estatuto Atención Primaria de Salud Municipal  Ley N°19.378","2015-10-01 00:00:00.0","2999-12-31 00:00:00.0"
"San Carlos","Planta Titular","Salud","Titular","Carolina Soledad Romero Saavedra","Técnico de Nivel Superior","SIN INFORMACION","Profesionales Categoría A","Estatuto Atención Primaria de Salud Municipal  Ley N°19.378","2006-05-02 00:00:00.0","9999-12-31 00:00:00.0"
"San Carlos","Planta Titular","Salud","Titular","Viviana Elizabeth Parra Uribe","Administrativo Crea de Salud","SIN INFORMACION","Administrativos de Salud Categoría E","Estatuto Atención Primaria de Salud Municipal  Ley N°19.378","2015-10-01 00:00:00.0","2999-12-31 00:00:00.0"
"San Carlos","Planta Titular","Salud","Titular","Susana del Carmen Toledo Peña","Profesional","SIN INFORMACION","Profesionales Categoría B","Estatuto Atención Primaria de Salud Municipal  Ley N°19.378","2015-10-01 00:00:00.0","2999-12-31 00:00:00.0"
"San Carlos","Planta Titular","Salud","Titular","Pablo Andres Fierro Oyarzún","Profesional","SIN INFORMACION","Profesionales Categoría B","Estatuto Atención Primaria de Salud Municipal  Ley N°19.378","2015-10-01 00:00:00.0","2999-12-31 00:00:00.0"
"San Carlos","Planta Titular","Salud","Titular","Francisco José Fuentes Acuña","Profesional","SIN INFORMACION","Profesionales Categoría A","Estatuto Atención Primaria de Salud Municipal  Ley N°19.378","2015-10-01 00:00:00.0","2999-12-31 00:00:00.0"
"San Carlos","Planta Titular","Salud","Titular","Victor Alexis Mendez Salinas","Enfermero(a)"," ","Profesionales","Escala Atención Primaria de Salud Municipal","2013-01-01 00:00:00.0","1900-01-01 00:00:00.0"
"San Carlos","Planta Titular","Salud","Titular","Natalia Alejandra Cerda Gonzalez","Profesional","SIN INFORMACION","Profesionales Categoría B","Estatuto Atención Primaria de Salud Municipal  Ley N°19.378","2015-10-01 00:00:00.0","2999-12-31 00:00:00.0"
"San Carlos","Planta Titular","Salud","Titular","Victor Patricio Lagos Piceros","Auxiliar de Servicio de Salud","SIN INFORMACION","Profesionales Categoría B","Estatuto Atención Primaria de Salud Municipal  Ley N°19.378","2015-10-01 00:00:00.0","1900-01-01 00:00:00.0"
"San Carlos","Planta Titular","Salud","Titular","Christian Gonzalo Zuñiga Toro","Profesional","SIN INFORMACION","Profesionales Categoría A","Estatuto Atención Primaria de Salud Municipal  Ley N°19.378","2015-10-01 00:00:00.0","2999-12-31 00:00:00.0"
"San Carlos","Planta Titular","Salud","Titular","Karina Elizabeth Vasquez Muñoz","Enfermero(a)"," ","Profesionales","Escala Atención Primaria de Salud Municipal","2013-01-01 00:00:00.0","1900-01-01 00:00:00.0"
"San Carlos","Planta Titular","Salud","Titular","Pamela Melisa San Juan Acuña","Profesional","SIN INFORMACION","Profesionales Categoría B","Estatuto Atención Primaria de Salud Municipal  Ley N°19.378","2015-10-01 00:00:00.0","2999-12-31 00:00:00.0"
"San Carlos","Planta Titular","Salud","Titular","Maria Jose Muñoz Bahamondez","Administrativo Crea de Salud","SIN INFORMACION","Administrativos de Salud Categoría E","Estatuto Atención Primaria de Salud Municipal  Ley N°19.378","2015-10-01 00:00:00.0","2999-12-31 00:00:00.0"
"San Carlos","Planta Titular","Salud","Titular","Ximena Haydee Venegas Jarpa","Técnico de Nivel Superior","SIN INFORMACION","Técnicos de Nivel Superior Categoría C","Estatuto Atención Primaria de Salud Municipal  Ley N°19.378","2015-10-01 00:00:00.0","2999-12-31 00:00:00.0"
"San Carlos","Planta Titular","Salud","Titular","Dante Andres Lagos Ulloa","Profesional","SIN INFORMACION","Profesionales Categoría A","Estatuto Atención Primaria de Salud Municipal  Ley N°19.378","2015-10-01 00:00:00.0","2999-12-31 00:00:00.0"
"San Carlos","Planta Titular","Salud","Titular","Noemi Elizabeth Figueroa Boggie","Profesional","SIN INFORMACION","Administrativos de Salud Categoría E","Estatuto Atención Primaria de Salud Municipal  Ley N°19.378","2015-10-01 00:00:00.0","2999-12-31 00:00:00.0"
"San Carlos","Planta Titular","Salud","Titular","Marcelo Narciso Sepulveda Sepulveda","Auxiliar de Servicio de Salud","SIN INFORMACION","Auxiliares de Servicios de Salud Categoría F","Estatuto Atención Primaria de Salud Municipal  Ley N°19.378","2015-10-01 00:00:00.0","2999-12-31 00:00:00.0"
"San Carlos","Planta Titular","Salud","Titular","Jose Luis Yañez Parra","Técnico de Nivel Superior","SIN INFORMACION","Técnicos de Nivel Superior Categoría C","Estatuto Atención Primaria de Salud Municipal  Ley N°19.378","2015-10-01 00:00:00.0","2999-12-31 00:00:00.0"
"San Carlos","Planta Titular","Salud","Titular","Carolyn Valeska Espinosa Pacheco","Profesional","SIN INFORMACION","Profesionales Categoría B","Estatuto Atención Primaria de Salud Municipal  Ley N°19.378","2015-10-01 00:00:00.0","2999-12-31 00:00:00.0"
"San Carlos","Planta Titular","Salud","Titular","Carolina Elizabeth Ibañez Vasquez","Profesional","SIN INFORMACION","Profesionales Categoría B","Estatuto Atención Primaria de Salud Municipal  Ley N°19.378","2015-10-01 00:00:00.0","2999-12-31 00:00:00.0"
"San Carlos","Planta Titular","Salud","Titular","Angelica Andrea Luarte Palma","Técnico de Nivel Superior","SIN INFORMACION","Técnicos de Nivel Superior Categoría C","Estatuto Atención Primaria de Salud Municipal  Ley N°19.378","2015-10-01 00:00:00.0","2999-12-31 00:00:00.0"
"San Carlos","Planta Titular","Salud","Titular","Karina Laudolina Riquelme Ortega","Enfermero(a)"," ","Profesionales","Escala Atención Primaria de Salud Municipal","2013-01-01 00:00:00.0","1900-01-01 00:00:00.0"
"San Carlos","Planta Titular","Salud","Titular","Andrea del Carmen Zuñiga Burgos","Técnico de Nivel Superior","SIN INFORMACION","Técnicos de Nivel Superior Categoría C","Estatuto Atención Primaria de Salud Municipal  Ley N°19.378","2015-10-01 00:00:00.0","2999-12-31 00:00:00.0"
"San Carlos","Planta Titular","Salud","Titular","Carolina Andrea Severin Rivas","Matrona"," ","Profesionales","Escala Atención Primaria de Salud Municipal","2013-01-01 00:00:00.0","1900-01-01 00:00:00.0"
"San Carlos","Planta Titular","Salud","Titular","Bernardo Patricio Duran  Martinez","Técnico de Nivel Superior","SIN INFORMACION","Técnicos de Nivel Superior Categoría C","Estatuto Atención Primaria de Salud Municipal  Ley N°19.378","2015-10-01 00:00:00.0","2999-12-31 00:00:00.0"
"San Carlos","Planta Titular","Salud","Titular","Maria de Los Angeles Uribe Ortiz","Profesional","SIN INFORMACION","Profesionales Categoría B","Estatuto Atención Primaria de Salud Municipal  Ley N°19.378","2015-10-01 00:00:00.0","2999-12-31 00:00:00.0"
"San Carlos","Planta Titular","Salud","Titular","Maritza Betzabe Medina Guzman","Técnico de Nivel Superior","SIN INFORMACION","Profesionales Categoría A","Estatuto Atención Primaria de Salud Municipal  Ley N°19.378","2016-01-01 00:00:00.0","2999-12-31 00:00:00.0"
"San Carlos","Planta Titular","Salud","Titular","Carla Lucia Olivares Meriño","Profesional","SIN INFORMACION","Profesionales Categoría B","Estatuto Atención Primaria de Salud Municipal  Ley N°19.378","2015-10-01 00:00:00.0","2999-12-31 00:00:00.0"
"San Carlos","Planta Titular","Salud","Titular","Felipe Rodrigo Pacheco Meriño","Profesional","SIN INFORMACION","Profesionales Categoría B","Estatuto Atención Primaria de Salud Municipal  Ley N°19.378","2015-10-01 00:00:00.0","2999-12-31 00:00:00.0"
"San Carlos","Planta Titular","Salud","Titular","Pedro Angel Saldaña Sandoval","Administrativo Crea de Salud","SIN INFORMACION","Administrativos de Salud Categoría E","Estatuto Atención Primaria de Salud Municipal  Ley N°19.378","2015-10-01 00:00:00.0","2999-12-31 00:00:00.0"
"San Carlos","Planta Titular","Salud","Titular","Barbara Stephanie Placencia San Juan","Profesional","SIN INFORMACION","Técnicos de Nivel Superior Categoría C","Estatuto Atención Primaria de Salud Municipal  Ley N°19.378","2015-10-01 00:00:00.0","2999-12-31 00:00:00.0"
"San Carlos","Planta Titular","Salud","Titular","Cristian Gonzalo  Valdebenito  Garcia","Técnico de Nivel Superior","SIN INFORMACION","Técnicos de Nivel Superior Categoría C","Estatuto Atención Primaria de Salud Municipal  Ley N°19.378","2015-10-01 00:00:00.0","2999-12-31 00:00:00.0"
"San Carlos","Planta Titular","Salud","Titular","Mariela del Carmen Echeverria Muñoz","Administrativo Crea de Salud","SIN INFORMACION","Administrativos de Salud Categoría E","Estatuto Atención Primaria de Salud Municipal  Ley N°19.378","2015-10-01 00:00:00.0","2999-12-31 00:00:00.0"
"San Carlos","Planta Titular","Salud","Titular","Eva Magdalena Muñoz Torres","Técnico de Nivel Superior","SIN INFORMACION","Técnicos de Nivel Superior Categoría C","Estatuto Atención Primaria de Salud Municipal  Ley N°19.378","2015-10-01 00:00:00.0","2999-12-31 00:00:00.0"
"San Carlos","Planta Titular","Salud","Titular","Maria Carolina Torres Mercado","Administrativo Crea de Salud","SIN INFORMACION","Administrativos de Salud Categoría E","Estatuto Atención Primaria de Salud Municipal  Ley N°19.378","2015-10-01 00:00:00.0","2999-12-31 00:00:00.0"
"San Carlos","Planta Titular","Salud","Titular","Eduardo Ernesto Nuñez Tapia","Profesional","SIN INFORMACION","Profesionales Categoría A","Estatuto Atención Primaria de Salud Municipal  Ley N°19.378","2015-10-01 00:00:00.0","2999-12-31 00:00:00.0"
"San Carlos","Planta Titular","Salud","Titular","Alex  Eduardo Olea Espinoza","Profesional","SIN INFORMACION","Profesionales Categoría B","Estatuto Atención Primaria de Salud Municipal  Ley N°19.378","2015-10-01 00:00:00.0","2999-12-31 00:00:00.0"
"San Carlos","Planta Titular","Salud","Titular","Magdalena Julia Garrido Castillo","Técnico de Nivel Superior","SIN INFORMACION","Técnicos de Nivel Superior Categoría C","Estatuto Atención Primaria de Salud Municipal  Ley N°19.378","2015-10-01 00:00:00.0","2999-12-31 00:00:00.0"
"San Carlos","Planta Titular","Salud","Titular","Jessica Andrea Mendez Sanhueza","Técnico de Nivel Superior","SIN INFORMACION","Técnicos de Nivel Superior Categoría C","Estatuto Atención Primaria de Salud Municipal  Ley N°19.378","2015-10-01 00:00:00.0","2999-12-31 00:00:00.0"
"San Carlos","Planta Titular","Salud","Titular","Paula Andrea Auad Fuentes","Profesional","SIN INFORMACION","Profesionales Categoría B","Estatuto Atención Primaria de Salud Municipal  Ley N°19.378","2015-10-01 00:00:00.0","2999-12-31 00:00:00.0"
"San Carlos","Planta Titular","Salud","Titular","Andrea del Pilar Soto Sepulveda","Administrativo Crea de Salud","SIN INFORMACION","Administrativos de Salud Categoría E","Estatuto Atención Primaria de Salud Municipal  Ley N°19.378","2015-10-01 00:00:00.0","2999-12-31 00:00:00.0"
"San Carlos","Planta Titular","Salud","Titular","Mauricio Andrés Romero  Saavedra","Técnico de Nivel Superior","SIN INFORMACION","Técnicos de Nivel Superior Categoría C","Estatuto Atención Primaria de Salud Municipal  Ley N°19.378","2015-10-01 00:00:00.0","2999-12-31 00:00:00.0"
"San Carlos","Planta Titular","Salud","Titular","Alejandro Gabriel Rebolledo Monsalvez","Técnico de Nivel Superior","SIN INFORMACION","Técnicos de Nivel Superior Categoría C","Estatuto Atención Primaria de Salud Municipal  Ley N°19.378","2015-10-01 00:00:00.0","2999-12-31 00:00:00.0"
"San Carlos","Planta Titular","Salud","Titular","Matias Jose Venegas Venegas","Director de Establecimiento de Salud Municipal","SIN INFORMACION","Profesionales Categoría B","Estatuto Atención Primaria de Salud Municipal  Ley N°19.378","2015-10-01 00:00:00.0","2999-12-31 00:00:00.0"
"San Carlos","Planta Titular","Salud","Titular","Daniela Emilia del Carmen Carrasco Contreras","Profesional","SIN INFORMACION","Profesionales Categoría B","Estatuto Atención Primaria de Salud Municipal  Ley N°19.378","2015-10-01 00:00:00.0","2999-12-31 00:00:00.0"
"San Carlos","Planta Titular","Salud","Titular","Eduardo Felipe Ramos Bustamante","Enfermero(a)"," ","Profesionales","Escala Atención Primaria de Salud Municipal","2013-01-01 00:00:00.0","1900-01-01 00:00:00.0"
"San Carlos","Planta Titular","Salud","Titular","Millicent Karime Mora Orellana","Profesional","SIN INFORMACION","Profesionales Categoría B","Estatuto Atención Primaria de Salud Municipal  Ley N°19.378","2015-10-01 00:00:00.0","2999-12-31 00:00:00.0"
"San Carlos","Planta Titular","Salud","Titular","Andrea  Paz  Figueroa Alarcon","Profesional","SIN INFORMACION","Profesionales Categoría B","Estatuto Atención Primaria de Salud Municipal  Ley N°19.378","2015-10-01 00:00:00.0","2999-12-31 00:00:00.0"
"San Carlos","Planta Titular","Salud","Titular","Adela de Lourdes Saldaña Jara","Técnico de Nivel Superior","SIN INFORMACION","Profesionales Categoría A","Estatuto Atención Primaria de Salud Municipal  Ley N°19.378","2016-01-01 00:00:00.0","2999-12-31 00:00:00.0"
"San Carlos","Planta Titular","Salud","Titular","Katherine Alejandra Muñoz Bastias","Profesional","SIN INFORMACION","Profesionales Categoría B","Estatuto Atención Primaria de Salud Municipal  Ley N°19.378","2015-10-01 00:00:00.0","2999-12-31 00:00:00.0"
"San Carlos","Planta Titular","Salud","Titular","Edith Marlen Garcia Caro","Técnico de Nivel Superior","SIN INFORMACION","Técnicos de Nivel Superior Categoría C","Estatuto Atención Primaria de Salud Municipal  Ley N°19.378","2015-10-01 00:00:00.0","2999-12-31 00:00:00.0"
"San Carlos","Planta Titular","Salud","Titular","Veronica Viviana Bahamondes Diaz","Técnico de Nivel Superior","SIN INFORMACION","Técnicos de Nivel Superior Categoría C","Estatuto Atención Primaria de Salud Municipal  Ley N°19.378","2015-10-01 00:00:00.0","2999-12-31 00:00:00.0"
"San Carlos","Planta Titular","Salud","Titular","Alejandra Lisette Sepulveda Sepulveda","Técnico de Nivel Superior","SIN INFORMACION","Técnicos de Nivel Superior Categoría C","Estatuto Atención Primaria de Salud Municipal  Ley N°19.378","2015-10-01 00:00:00.0","2999-12-31 00:00:00.0"
"San Carlos","Planta Titular","Salud","Titular","Miguelina del Rosario Lagos Sepulveda","Técnico de Nivel Superior","SIN INFORMACION","Técnicos de Nivel Superior Categoría C","Estatuto Atención Primaria de Salud Municipal  Ley N°19.378","2015-10-01 00:00:00.0","2999-12-31 00:00:00.0"
"San Carlos","Planta Titular","Salud","Titular","Nataly Osiris Queirolo Acuña","Administrativo Crea de Salud","SIN INFORMACION","Administrativos de Salud Categoría E","Estatuto Atención Primaria de Salud Municipal  Ley N°19.378","2015-10-01 00:00:00.0","2999-12-31 00:00:00.0"
"San Carlos","Planta Titular","Salud","Titular","Pamela Ivon Mendez Salinas","Profesional","SIN INFORMACION","Profesionales Categoría B","Estatuto Atención Primaria de Salud Municipal  Ley N°19.378","2015-10-01 00:00:00.0","2999-12-31 00:00:00.0"
"San Carlos","Planta Titular","Salud","Titular","Deisy Gislaine Astudillo Mora","Técnico de Nivel Superior","SIN INFORMACION","Técnicos de Nivel Superior Categoría C","Estatuto Atención Primaria de Salud Municipal  Ley N°19.378","2015-10-01 00:00:00.0","2999-12-31 00:00:00.0"
"San Carlos","Planta Titular","Salud","Titular","Victor Antonio Vega Pincheira","Profesional","SIN INFORMACION","Profesionales Categoría A","Estatuto Atención Primaria de Salud Municipal  Ley N°19.378","2015-10-01 00:00:00.0","2999-12-31 00:00:00.0"
"San Carlos","Planta Titular","Salud","Titular","Carolina Ines Rodriguez Poblete","Técnico de Nivel Superior","SIN INFORMACION","Técnicos de Nivel Superior Categoría C","Estatuto Atención Primaria de Salud Municipal  Ley N°19.378","2015-10-01 00:00:00.0","2999-12-31 00:00:00.0"
"San Carlos","Planta Titular","Salud","Titular","Catherine Gisselle Canales Zapata","Profesional","SIN INFORMACION","Profesionales Categoría B","Estatuto Atención Primaria de Salud Municipal  Ley N°19.378","2015-10-01 00:00:00.0","2999-12-31 00:00:00.0"
"San Carlos","Planta Titular","Salud","Titular","Osvaldo Esteban Orellana Vasquez","Profesional","SIN INFORMACION","Profesionales Categoría B","Estatuto Atención Primaria de Salud Municipal  Ley N°19.378","2015-10-01 00:00:00.0","2999-12-31 00:00:00.0"
"San Carlos","Planta Titular","Salud","Titular","Cecilia  Lilbet  Arias Silva","Técnico de Nivel Superior","SIN INFORMACION","Técnicos de Nivel Superior Categoría C","Estatuto Atención Primaria de Salud Municipal  Ley N°19.378","2015-10-01 00:00:00.0","2999-12-31 00:00:00.0"
"San Carlos","Planta Titular","Salud","Titular","Gabriela Alejandra Vera Vasquez","Matrona"," ","Profesionales","Escala Atención Primaria de Salud Municipal","2013-01-01 00:00:00.0","1900-01-01 00:00:00.0"
"San Carlos","Planta Titular","Salud","Titular","Gustavo Alonso Maraboli Almarza","Profesional","SIN INFORMACION","Profesionales Categoría B","Estatuto Atención Primaria de Salud Municipal  Ley N°19.378","2015-10-01 00:00:00.0","2999-12-31 00:00:00.0"
"San Carlos","Planta Titular","Salud","Titular","Debora Beatriz Orellana Becerra","Técnico de Nivel Superior","SIN INFORMACION","Técnicos de Nivel Superior Categoría C","Estatuto Atención Primaria de Salud Municipal  Ley N°19.378","2015-10-01 00:00:00.0","2999-12-31 00:00:00.0"
"San Carlos","Planta Titular","Salud","Titular","Eva Paulina Moreno Moreno","Administrativo Crea de Salud","SIN INFORMACION","Administrativos de Salud Categoría E","Estatuto Atención Primaria de Salud Municipal  Ley N°19.378","2015-10-01 00:00:00.0","2999-12-31 00:00:00.0"
"San Carlos","Planta Titular","Salud","Titular","Claudia Andreina Malverde Ortiz","Profesional","SIN INFORMACION","Profesionales Categoría A","Estatuto Atención Primaria de Salud Municipal  Ley N°19.378","2015-10-01 00:00:00.0","2999-12-31 00:00:00.0"
"San Carlos","Planta Titular","Salud","Titular","Adolfo Enrique Riquelme Vera","Profesional","SIN INFORMACION","Profesionales Categoría B","Estatuto Atención Primaria de Salud Municipal  Ley N°19.378","2015-10-01 00:00:00.0","2999-12-31 00:00:00.0"
"San Carlos","Planta Titular","Salud","Titular","Guillermo Antonio Erices Correa","Técnico de Nivel Superior","SIN INFORMACION","Técnicos de Nivel Superior Categoría C","Estatuto Atención Primaria de Salud Municipal  Ley N°19.378","2015-10-01 00:00:00.0","2999-12-31 00:00:00.0"
"San Carlos","Planta Titular","Salud","Titular","Carolina Ester Ramirez Bustamante","Técnico de Nivel Superior","SIN INFORMACION","Técnicos de Nivel Superior Categoría C","Estatuto Atención Primaria de Salud Municipal  Ley N°19.378","2015-10-01 00:00:00.0","2999-12-31 00:00:00.0"
"San Carlos","Planta Titular","Salud","Titular","Carolina de Las Nieves Morales  Villarroel","Técnico de Nivel Superior","SIN INFORMACION","Técnicos de Nivel Superior Categoría C","Estatuto Atención Primaria de Salud Municipal  Ley N°19.378","2015-10-01 00:00:00.0","2999-12-31 00:00:00.0"
"San Carlos","Planta Titular","Salud","Titular","Orlanda  Inostroza Pinilla","Técnico de Nivel Superior","SIN INFORMACION","Técnicos de Nivel Superior Categoría C","Estatuto Atención Primaria de Salud Municipal  Ley N°19.378","2015-10-01 00:00:00.0","2999-12-31 00:00:00.0"
"San Carlos","Planta Titular","Salud","Titular","Rodrigo Alexis Hernandez Castillo","Técnico de Nivel Superior","SIN INFORMACION","Técnicos de Nivel Superior Categoría C","Estatuto Atención Primaria de Salud Municipal  Ley N°19.378","2015-10-01 00:00:00.0","2999-12-31 00:00:00.0"
"San Carlos","Planta Titular","Salud","Titular","Clarisa Villavicencio Chaparro","Profesional","SIN INFORMACION","Profesionales Categoría B","Estatuto Atención Primaria de Salud Municipal  Ley N°19.378","2015-10-01 00:00:00.0","2999-12-31 00:00:00.0"
"San Carlos","Planta Titular","Salud","Titular","Manuel Augusto Riquelme Peña","Conductor","SIN INFORMACION","Auxiliares de Servicios de Salud Categoría F","Sin Información","2015-10-01 00:00:00.0","2999-12-31 00:00:00.0"
"San Carlos","Planta Titular","Salud","Titular","Carlos Gustavo Perez Concha","Profesional","SIN INFORMACION","Profesionales Categoría A","Estatuto Atención Primaria de Salud Municipal  Ley N°19.378","2015-10-01 00:00:00.0","2999-12-31 00:00:00.0"
"San Carlos","Planta Titular","Salud","Titular","David Ruben Gallardo Reyes","Profesional","SIN INFORMACION","Profesionales Categoría B","Estatuto Atención Primaria de Salud Municipal  Ley N°19.378","2015-10-01 00:00:00.0","2999-12-31 00:00:00.0"
"San Carlos","Planta Titular","Salud","Titular","Maria Teresa Fuentes Fuentes","Administrativo Crea de Salud","SIN INFORMACION","Administrativos de Salud Categoría E","Estatuto Atención Primaria de Salud Municipal  Ley N°19.378","2015-10-01 00:00:00.0","2999-12-31 00:00:00.0"
"San Carlos","Planta Titular","Salud","Titular","Ivanka Nevenka Gjik Urrutia","Profesional","SIN INFORMACION","Profesionales Categoría B","Estatuto Atención Primaria de Salud Municipal  Ley N°19.378","2015-10-01 00:00:00.0","2999-12-31 00:00:00.0"
"San Carlos","Planta Titular","Salud","Titular","Maria Angelica Orrego Acuña","Administrativo Crea de Salud","SIN INFORMACION","Administrativos de Salud Categoría E","Estatuto Atención Primaria de Salud Municipal  Ley N°19.378","2015-10-01 00:00:00.0","2999-12-31 00:00:00.0"
"San Carlos","Planta Titular","Salud","Titular","Gema Luz Salinas Gonzalez","Técnico de Nivel Superior","SIN INFORMACION","Técnicos de Nivel Superior Categoría C","Estatuto Atención Primaria de Salud Municipal  Ley N°19.378","2015-10-01 00:00:00.0","2999-12-31 00:00:00.0"
"San Carlos","Planta Titular","Salud","Titular","Claudio Alejandro Barriga Gutierrez","Técnico de Nivel Superior","SIN INFORMACION","Técnicos de Nivel Superior Categoría C","Estatuto Atención Primaria de Salud Municipal  Ley N°19.378","2015-10-01 00:00:00.0","2999-12-31 00:00:00.0"
"San Carlos","Planta Titular","Salud","Titular","Celia Leonor Lopez Guzman","Enfermero(a)"," ","Profesionales","Escala Atención Primaria de Salud Municipal","2013-01-01 00:00:00.0","1900-01-01 00:00:00.0"
"San Carlos","Planta Titular","Salud","Titular","Mario Antonio Espinoza Morales","Técnico de Nivel Superior","SIN INFORMACION","Profesionales Categoría A","Estatuto Atención Primaria de Salud Municipal  Ley N°19.378","2016-01-01 00:00:00.0","2999-12-31 00:00:00.0"
"San Carlos","Planta Titular","Salud","Titular","Solange Lorena Ligia Fuentes Lepe","Técnico de Nivel Superior","SIN INFORMACION","Técnicos de Nivel Superior Categoría C","Estatuto Atención Primaria de Salud Municipal  Ley N°19.378","2016-01-01 00:00:00.0","2999-12-31 00:00:00.0"
"San Carlos","Planta Titular","Salud","Titular","Carmen Gloria Gajardo Muñoz","Director de Departamento de Salud  Municipal","SIN INFORMACION","Profesionales Categoría B","Estatuto Atención Primaria de Salud Municipal  Ley N°19.378","2016-05-01 00:00:00.0","2999-12-31 00:00:00.0"
"San Carlos","Planta Titular","Salud","Titular","Hugo Marcelo Castillo Alvarez","Administrativo Crea de Salud","SIN INFORMACION","Administrativos de Salud Categoría E","Estatuto Atención Primaria de Salud Municipal  Ley N°19.378","2015-10-01 00:00:00.0","2999-12-31 00:00:00.0"
"San Carlos","Planta Titular","Salud","Titular","Daniel Enrique Valderrama Acuña","Auxiliar de Servicio de Salud","SIN INFORMACION","Auxiliares de Servicios de Salud Categoría F","Estatuto Atención Primaria de Salud Municipal  Ley N°19.378","2015-10-01 00:00:00.0","2999-12-31 00:00:00.0"
"San Carlos","Planta Titular","Salud","Titular","America de Lourdes Ibañez Soto","Administrativo Crea de Salud","SIN INFORMACION","Administrativos de Salud Categoría E","Estatuto Atención Primaria de Salud Municipal  Ley N°19.378","2015-10-01 00:00:00.0","2999-12-31 00:00:00.0"
"San Carlos","Planta Titular","Salud","Titular","Isabel del Carmen Espinoza Valverde","Auxiliar de Servicio de Salud","SIN INFORMACION","Auxiliares de Servicios de Salud Categoría F","Estatuto Atención Primaria de Salud Municipal  Ley N°19.378","2015-10-01 00:00:00.0","1900-01-01 00:00:00.0"
