"Comuna","Tipo de Contratación","Área","Calidad","Nombre","Cargo","Grado","Planta","Remuneración","Fecha desde","Fecha hasta"
"San Carlos","Codigo del Trabajo","Sin Clasificación","Código del Trabajo","Mercedes Cifuentes Merino","Educadora Párvulos"," ","Personal No Pertenece A Planta","Afectos Al Código del Trabajo","2011-07-01 00:00:00.0","1900-01-01 00:00:00.0"
"San Carlos","Codigo del Trabajo","Sin Clasificación","Código del Trabajo","Jose Humberto Toro Torres","Auxiliar de Servicios Menores"," ","Contratados Sin Planta","Afectos Al Código del Trabajo","2010-01-01 00:00:00.0","1900-01-01 00:00:00.0"
"San Carlos","Codigo del Trabajo","Sin Clasificación","Código del Trabajo","Marcelo Antonio Lopez Ortiz","Asistente de La Educación"," ","Personal No Pertenece A Planta","Afectos Al Código del Trabajo","2012-12-01 00:00:00.0","1900-01-01 00:00:00.0"
"San Carlos","Codigo del Trabajo","Sin Clasificación","Código del Trabajo","Jorge Daniel Muñoz Orellana","Auxiliar de Servicios Menores"," ","Contratados Sin Planta","Afectos Al Código del Trabajo","2010-01-01 00:00:00.0","1900-01-01 00:00:00.0"
"San Carlos","Codigo del Trabajo","Sin Clasificación","Código del Trabajo","Marcela del Pilar Cisternas Sepulveda","Asistente de La Educación"," ","Contratados Sin Planta","Afectos Al Código del Trabajo","2010-01-01 00:00:00.0","1900-01-01 00:00:00.0"
"San Carlos","Codigo del Trabajo","Sin Clasificación","Código del Trabajo","Jose Patricio Jara Briones","Asistente de La Educación"," ","Contratados Sin Planta","Afectos Al Código del Trabajo","2010-01-01 00:00:00.0","1900-01-01 00:00:00.0"
"San Carlos","Codigo del Trabajo","Sin Clasificación","Código del Trabajo","Angelica Filomena Fuentes Saez","Asistente de La Educación"," ","Contratados Sin Planta","Afectos Al Código del Trabajo","2010-01-01 00:00:00.0","1900-01-01 00:00:00.0"
"San Carlos","Codigo del Trabajo","Sin Clasificación","Código del Trabajo","Pedro Enrique Navarrete Figueroa","Auxiliar de Servicios Menores"," ","Personal No Pertenece A Planta","Afectos Al Código del Trabajo","2011-03-01 00:00:00.0","1900-01-01 00:00:00.0"
"San Carlos","Codigo del Trabajo","Sin Clasificación","Código del Trabajo","Renan Elias Ortega Guajardo","Auxiliar"," ","Personal No Pertenece A Planta","Afectos Al Código del Trabajo","2012-12-01 00:00:00.0","1900-01-01 00:00:00.0"
"San Carlos","Codigo del Trabajo","Sin Clasificación","Código del Trabajo","Albina Teresa Magdalena Fernandez Araya","Auxiliar de Servicios Menores"," ","Contratados Sin Planta","Afectos Al Código del Trabajo","2010-01-01 00:00:00.0","1900-01-01 00:00:00.0"
"San Carlos","Codigo del Trabajo","Sin Clasificación","Código del Trabajo","Gibler Salvador Valenzuela Valenzuela","Auxiliar de Servicios Menores"," ","Contratados Sin Planta","Afectos Al Código del Trabajo","2010-10-01 00:00:00.0","1900-01-01 00:00:00.0"
"San Carlos","Codigo del Trabajo","Sin Clasificación","Código del Trabajo","Maria Carolina Paredes Ortega","Asistente de La Educación"," ","Contratados Sin Planta","Afectos Al Código del Trabajo","2010-01-01 00:00:00.0","1900-01-01 00:00:00.0"
"San Carlos","Codigo del Trabajo","Sin Clasificación","Código del Trabajo","Jose Antonio Venegas Arias","Auxiliar de Servicios Menores"," ","Contratados Sin Planta","Afectos Al Código del Trabajo","2010-01-01 00:00:00.0","1900-01-01 00:00:00.0"
"San Carlos","Codigo del Trabajo","Sin Clasificación","Código del Trabajo","Myrian Cecilia Gonzalez Saldaña","Asistente de La Educación"," ","Contratados Sin Planta","Afectos Al Código del Trabajo","2010-01-01 00:00:00.0","1900-01-01 00:00:00.0"
"San Carlos","Codigo del Trabajo","Sin Clasificación","Código del Trabajo","Luis Alberto Freire Sepulveda","Administrativo"," ","Contratados Sin Planta","Afectos Al Código del Trabajo","2009-03-02 00:00:00.0","1900-01-01 00:00:00.0"
"San Carlos","Codigo del Trabajo","Sin Clasificación","Código del Trabajo","Susana Emilia Cabezas Villar","Asistente de La Educación"," ","Contratados Sin Planta","Afectos Al Código del Trabajo","2010-01-01 00:00:00.0","1900-01-01 00:00:00.0"
"San Carlos","Codigo del Trabajo","Sin Clasificación","Código del Trabajo","Erika Gloria Saez Muñoz","Asesor Técnico"," ","Contratados Sin Planta","Afectos Al Código del Trabajo","2008-09-01 00:00:00.0","1900-01-01 00:00:00.0"
"San Carlos","Codigo del Trabajo","Sin Clasificación","Código del Trabajo","Juan Andres Pino Ortiz","Auxiliar de Servicios"," ","Contadores","Afectos Al Código del Trabajo","2008-10-21 00:00:00.0","1900-01-01 00:00:00.0"
"San Carlos","Codigo del Trabajo","Sin Clasificación","Código del Trabajo","Ariana Magdalena Suazo Valenzuela","Técnico"," ","Contratados Sin Planta","Afectos Al Código del Trabajo","2010-02-17 00:00:00.0","1900-01-01 00:00:00.0"
"San Carlos","Codigo del Trabajo","Sin Clasificación","Código del Trabajo","Sandra Pamela Burgos Acuña","Asistente Social"," ","Personal No Pertenece A Planta","Afectos Al Código del Trabajo","2012-04-02 00:00:00.0","1900-01-01 00:00:00.0"
"San Carlos","Codigo del Trabajo","Sin Clasificación","Código del Trabajo","Luis Antonio Santander Cisternas","Inspector"," ","Contratados Sin Planta","Afectos Al Código del Trabajo","2010-01-01 00:00:00.0","1900-01-01 00:00:00.0"
"San Carlos","Codigo del Trabajo","Sin Clasificación","Código del Trabajo","Jorge Arturo Silva Fuentes","Asistente de La Educación"," ","Personal No Pertenece A Planta","Afectos Al Código del Trabajo","2014-02-03 00:00:00.0","1900-01-01 00:00:00.0"
"San Carlos","Codigo del Trabajo","Sin Clasificación","Código del Trabajo","Genoveva Nancy Sepulveda Parada","Asistente de La Educación"," ","Contratados Sin Planta","Afectos Al Código del Trabajo","2010-01-01 00:00:00.0","1900-01-01 00:00:00.0"
"San Carlos","Codigo del Trabajo","Sin Clasificación","Código del Trabajo","Sergio Antonio  Romero  Asencio","Asistente de La Educación"," ","Personal No Pertenece A Planta","Afectos Al Código del Trabajo","2013-04-01 00:00:00.0","1900-01-01 00:00:00.0"
"San Carlos","Codigo del Trabajo","Sin Clasificación","Código del Trabajo","Marcela Veronica Bravo Jara","Educadora Párvulos"," ","Contratados Sin Planta","Afectos Al Código del Trabajo","2010-10-01 00:00:00.0","1900-01-01 00:00:00.0"
"San Carlos","Codigo del Trabajo","Sin Clasificación","Código del Trabajo","Pilar del Carmen Hermosilla Caro","Asistente de La Educación"," ","Contratados Sin Planta","Afectos Al Código del Trabajo","2010-01-01 00:00:00.0","1900-01-01 00:00:00.0"
"San Carlos","Codigo del Trabajo","Sin Clasificación","Código del Trabajo","Gema Teresa Rubilar Meriño","Técnico"," ","Contratados Sin Planta","Afectos Al Código del Trabajo","2010-10-01 00:00:00.0","1900-01-01 00:00:00.0"
"San Carlos","Codigo del Trabajo","Sin Clasificación","Código del Trabajo","Juan Carlos Parada Toro","Auxiliar de Servicios Menores"," ","Contratados Sin Planta","Afectos Al Código del Trabajo","2010-01-01 00:00:00.0","1900-01-01 00:00:00.0"
"San Carlos","Codigo del Trabajo","Sin Clasificación","Código del Trabajo","Myriam Luz Yañez Valenzuela","Asistente de La Educación"," ","Personal No Pertenece A Planta","Afectos Al Código del Trabajo","2012-07-01 00:00:00.0","1900-01-01 00:00:00.0"
"San Carlos","Codigo del Trabajo","Sin Clasificación","Código del Trabajo","Maria Patricia  Castillo Valdes","Asistente de La Educación"," ","Contratados Sin Planta","Afectos Al Código del Trabajo","2012-07-01 00:00:00.0","1900-01-01 00:00:00.0"
"San Carlos","Codigo del Trabajo","Sin Clasificación","Código del Trabajo","Yesica Lilian Merino Sepulveda","Asistente de La Educación"," ","Contratados Sin Planta","Afectos Al Código del Trabajo","2010-01-01 00:00:00.0","1900-01-01 00:00:00.0"
"San Carlos","Codigo del Trabajo","Sin Clasificación","Código del Trabajo","Myrian Alicia Gomez Riquelme","Asistente de La Educación"," ","Contratados Sin Planta","Afectos Al Código del Trabajo","2010-01-01 00:00:00.0","1900-01-01 00:00:00.0"
"San Carlos","Codigo del Trabajo","Sin Clasificación","Código del Trabajo","Roxana Jimenez Merino","Asistente de La Educación"," ","Contratados Sin Planta","Afectos Al Código del Trabajo","2010-01-01 00:00:00.0","1900-01-01 00:00:00.0"
"San Carlos","Codigo del Trabajo","Sin Clasificación","Código del Trabajo","Maria Marcela Serrano Soto","Asistente de La Educación"," ","Contratados Sin Planta","Afectos Al Código del Trabajo","2010-01-01 00:00:00.0","1900-01-01 00:00:00.0"
"San Carlos","Codigo del Trabajo","Sin Clasificación","Código del Trabajo","Alejandra del Pilar Muñoz Mancilla","Asistente de La Educación"," ","Contratados Sin Planta","Afectos Al Código del Trabajo","2010-01-01 00:00:00.0","1900-01-01 00:00:00.0"
"San Carlos","Codigo del Trabajo","Sin Clasificación","Código del Trabajo","Susana del Rosario Fuentes Concha","Auxiliar de Servicios Menores"," ","Contratados Sin Planta","Afectos Al Código del Trabajo","2010-10-01 00:00:00.0","1900-01-01 00:00:00.0"
"San Carlos","Codigo del Trabajo","Sin Clasificación","Código del Trabajo","Maria Eugenia Lillo Garcia","Asistente de La Educación"," ","Contratados Sin Planta","Afectos Al Código del Trabajo","2011-03-01 00:00:00.0","1900-01-01 00:00:00.0"
"San Carlos","Codigo del Trabajo","Sin Clasificación","Código del Trabajo","Maria del Carmen San Martin Mendez","Asistente de La Educación"," ","Contratados Sin Planta","Afectos Al Código del Trabajo","2010-01-01 00:00:00.0","1900-01-01 00:00:00.0"
"San Carlos","Codigo del Trabajo","Sin Clasificación","Código del Trabajo","Maria Cecilia Landaeta Salinas","Técnico"," ","Contratados Sin Planta","Afectos Al Código del Trabajo","2010-10-01 00:00:00.0","1900-01-01 00:00:00.0"
"San Carlos","Codigo del Trabajo","Sin Clasificación","Código del Trabajo","Juan Manuel Jesus Manriquez Caro","Asistente de La Educación"," ","Contratados Sin Planta","Afectos Al Código del Trabajo","2010-01-01 00:00:00.0","1900-01-01 00:00:00.0"
"San Carlos","Codigo del Trabajo","Sin Clasificación","Código del Trabajo","Hugo Enrique Fuentes Bravo","Auxiliar de Servicios Menores"," ","Contratados Sin Planta","Afectos Al Código del Trabajo","2010-01-01 00:00:00.0","1900-01-01 00:00:00.0"
"San Carlos","Codigo del Trabajo","Sin Clasificación","Código del Trabajo","Marcela Adriana Labra Sepulveda","Técnico"," ","Contratados Sin Planta","Afectos Al Código del Trabajo","2010-10-01 00:00:00.0","1900-01-01 00:00:00.0"
"San Carlos","Codigo del Trabajo","Sin Clasificación","Código del Trabajo","Candida Hdeise Estrella Muñoz Muñoz","Asistente de La Educación"," ","Contratados Sin Planta","Afectos Al Código del Trabajo","2010-01-01 00:00:00.0","1900-01-01 00:00:00.0"
"San Carlos","Codigo del Trabajo","Sin Clasificación","Código del Trabajo","Nuria Ivette Abarzua Ortiz","Asistente de La Educación"," ","Contratados Sin Planta","Afectos Al Código del Trabajo","2010-01-01 00:00:00.0","1900-01-01 00:00:00.0"
"San Carlos","Codigo del Trabajo","Sin Clasificación","Código del Trabajo","Manuel de Las Rosas Alarcon Aravena","Asistente de La Educación"," ","Contratados Sin Planta","Afectos Al Código del Trabajo","2010-01-01 00:00:00.0","1900-01-01 00:00:00.0"
"San Carlos","Codigo del Trabajo","Sin Clasificación","Código del Trabajo","Hernan del Carmen Salinas Salinas","Auxiliar de Servicios Menores"," ","Contratados Sin Planta","Afectos Al Código del Trabajo","2010-01-01 00:00:00.0","1900-01-01 00:00:00.0"
"San Carlos","Codigo del Trabajo","Sin Clasificación","Código del Trabajo","Flor Maria Venegas Bastias","Técnico"," ","Contratados Sin Planta","Afectos Al Código del Trabajo","2010-10-01 00:00:00.0","1900-01-01 00:00:00.0"
"San Carlos","Codigo del Trabajo","Sin Clasificación","Código del Trabajo","Cecilia Cristina Caro Bustamante","Secreto"," ","Contratados Sin Planta","Afectos Al Código del Trabajo","1989-05-02 00:00:00.0","1900-01-01 00:00:00.0"
"San Carlos","Codigo del Trabajo","Sin Clasificación","Código del Trabajo","Hector Francisco Sepulveda Belmar","Asistente de La Educación"," ","Personal No Pertenece A Planta","Afectos Al Código del Trabajo","2011-03-01 00:00:00.0","1900-01-01 00:00:00.0"
"San Carlos","Codigo del Trabajo","Sin Clasificación","Código del Trabajo","Nolfa Lidia Fuentes Caceres","Técnico"," ","Contratados Sin Planta","Afectos Al Código del Trabajo","2011-09-01 00:00:00.0","1900-01-01 00:00:00.0"
"San Carlos","Codigo del Trabajo","Sin Clasificación","Código del Trabajo","Teresa de Jesus Saavedra Morales","Asistente de La Educación"," ","Contratados Sin Planta","Afectos Al Código del Trabajo","2010-01-01 00:00:00.0","1900-01-01 00:00:00.0"
"San Carlos","Codigo del Trabajo","Sin Clasificación","Código del Trabajo","Carmen Gloria Contreras Bustamante","Técnico"," ","Contratados Sin Planta","Afectos Al Código del Trabajo","2010-10-01 00:00:00.0","1900-01-01 00:00:00.0"
"San Carlos","Codigo del Trabajo","Sin Clasificación","Código del Trabajo","Juan Carlos Toro Dominguez","Ayudante"," ","Contratados Sin Planta","Afectos Al Código del Trabajo","2014-01-01 00:00:00.0","1900-01-01 00:00:00.0"
"San Carlos","Codigo del Trabajo","Sin Clasificación","Código del Trabajo","Claudio Antonio San Martin Carrasco","Auxiliar de Servicios Menores"," ","Contratados Sin Planta","Afectos Al Código del Trabajo","2010-01-01 00:00:00.0","1900-01-01 00:00:00.0"
"San Carlos","Codigo del Trabajo","Sin Clasificación","Código del Trabajo","Sandra Paola Acuña  Rohr","Administrativo"," ","Personal No Pertenece A Planta","Afectos Al Código del Trabajo","2013-01-01 00:00:00.0","1900-01-01 00:00:00.0"
"San Carlos","Codigo del Trabajo","Sin Clasificación","Código del Trabajo","Jaime Francisco  Rebolledo  Gonzalez","Administrativo"," ","Contratados Sin Planta","Afectos Al Código del Trabajo","2014-01-01 00:00:00.0","1900-01-01 00:00:00.0"
"San Carlos","Codigo del Trabajo","Sin Clasificación","Código del Trabajo","Jacqueline Isabel Romero Arias","Técnico"," ","Personal No Pertenece A Planta","Afectos Al Código del Trabajo","2011-07-01 00:00:00.0","1900-01-01 00:00:00.0"
"San Carlos","Codigo del Trabajo","Sin Clasificación","Código del Trabajo","Miryan  Veronica Orellana  del Valle","Auxiliar de Servicios Menores"," ","Personal No Pertenece A Planta","Afectos Al Código del Trabajo","2012-12-01 00:00:00.0","1900-01-01 00:00:00.0"
"San Carlos","Codigo del Trabajo","Sin Clasificación","Código del Trabajo","Jorge Luis Cerda Figueroa","Contador"," ","Personal No Pertenece A Planta","Afectos Al Código del Trabajo","2012-07-01 00:00:00.0","1900-01-01 00:00:00.0"
"San Carlos","Codigo del Trabajo","Sin Clasificación","Código del Trabajo","Maribel Julieta Gutierrez Escobar","Secreto Administrativo"," ","Contratados Sin Planta","Afectos Al Código del Trabajo","2014-01-01 00:00:00.0","1900-01-01 00:00:00.0"
"San Carlos","Codigo del Trabajo","Sin Clasificación","Código del Trabajo","Jorge Antonio Labra Zuñiga","Asistente de La Educación"," ","Contratados Sin Planta","Afectos Al Código del Trabajo","2010-01-01 00:00:00.0","1900-01-01 00:00:00.0"
"San Carlos","Codigo del Trabajo","Sin Clasificación","Código del Trabajo","Claudio Nelson Vivanco Sepulveda","Asistente de La Educación"," ","Contratados Sin Planta","Afectos Al Código del Trabajo","2010-01-01 00:00:00.0","1900-01-01 00:00:00.0"
"San Carlos","Codigo del Trabajo","Sin Clasificación","Código del Trabajo","Paola Jeannette Hernandez Celedon","Asistente de La Educación"," ","Contratados Sin Planta","Afectos Al Código del Trabajo","2010-03-01 00:00:00.0","1900-01-01 00:00:00.0"
"San Carlos","Codigo del Trabajo","Sin Clasificación","Código del Trabajo","Osvaldo Rodrigo Hidalgo Navarrete","Auxiliar de Servicios Menores"," ","Personal No Pertenece A Planta","Afectos Al Código del Trabajo","2012-10-08 00:00:00.0","1900-01-01 00:00:00.0"
"San Carlos","Codigo del Trabajo","Sin Clasificación","Código del Trabajo","Maria Angelica Quiroz Vivanco","Administrativo"," ","Personal No Pertenece A Planta","Afectos Al Código del Trabajo","2011-03-01 00:00:00.0","1900-01-01 00:00:00.0"
"San Carlos","Codigo del Trabajo","Sin Clasificación","Código del Trabajo","Nasslo Danilo Sepulveda Bastias","Guardia"," ","Contratados Sin Planta","Escala Municipal","2010-07-01 00:00:00.0","1900-01-01 00:00:00.0"
"San Carlos","Codigo del Trabajo","Sin Clasificación","Código del Trabajo","Ivett Joanna Correa Salazar","Asistente de La Educación"," ","Contratados Sin Planta","Afectos Al Código del Trabajo","2010-01-01 00:00:00.0","1900-01-01 00:00:00.0"
"San Carlos","Codigo del Trabajo","Sin Clasificación","Código del Trabajo","Marcelo Patricio Veas Bahamondez","Asistente de La Educación"," ","Contratados Sin Planta","Afectos Al Código del Trabajo","2010-01-01 00:00:00.0","1900-01-01 00:00:00.0"
"San Carlos","Codigo del Trabajo","Sin Clasificación","Código del Trabajo","Vianka del Pilar Acuña Rodriguez","Administrativo"," ","Contratados Sin Planta","Afectos Al Código del Trabajo","2013-01-01 00:00:00.0","1900-01-01 00:00:00.0"
"San Carlos","Codigo del Trabajo","Sin Clasificación","Código del Trabajo","Marcela del Carmen Crisostomo Aravena","Asistente de La Educación"," ","Contratados Sin Planta","Afectos Al Código del Trabajo","2008-09-01 00:00:00.0","1900-01-01 00:00:00.0"
"San Carlos","Codigo del Trabajo","Sin Clasificación","Código del Trabajo","Monica Evelyn Gomez Riquelme","Asistente de La Educación"," ","Contratados Sin Planta","Afectos Al Código del Trabajo","2010-01-01 00:00:00.0","1900-01-01 00:00:00.0"
"San Carlos","Codigo del Trabajo","Sin Clasificación","Código del Trabajo","Marcela del Rosario Morales Briones","Auxiliar de Servicios Menores"," ","Personal No Pertenece A Planta","Afectos Al Código del Trabajo","2012-12-01 00:00:00.0","1900-01-01 00:00:00.0"
"San Carlos","Codigo del Trabajo","Sin Clasificación","Código del Trabajo","Susana Lorena Tapia Orellana","Coordinador"," ","Contratados Sin Planta","Afectos Al Código del Trabajo","2014-01-02 00:00:00.0","1900-01-01 00:00:00.0"
"San Carlos","Codigo del Trabajo","Sin Clasificación","Código del Trabajo","Juan Pablo Sepulveda González","Asistente de La Educación"," ","Contratados Sin Planta","Afectos Al Código del Trabajo","2010-01-01 00:00:00.0","1900-01-01 00:00:00.0"
"San Carlos","Codigo del Trabajo","Sin Clasificación","Código del Trabajo","Maria de La Luz Araya Alvarado","Asistente"," ","Personal No Pertenece A Planta","Afectos Al Código del Trabajo","2014-01-01 00:00:00.0","1900-01-01 00:00:00.0"
"San Carlos","Codigo del Trabajo","Sin Clasificación","Código del Trabajo","Luis Humberto Torres Muñoz","Constructor Civil"," ","Contratados Sin Planta","Afectos Al Código del Trabajo","2014-01-01 00:00:00.0","1900-01-01 00:00:00.0"
"San Carlos","Codigo del Trabajo","Sin Clasificación","Código del Trabajo","Luz Eliana Zuleta Diaz","Inspector"," ","Contratados Sin Planta","Afectos Al Código del Trabajo","2010-01-01 00:00:00.0","1900-01-01 00:00:00.0"
"San Carlos","Codigo del Trabajo","Sin Clasificación","Código del Trabajo","Gloria Soledad Cardenas Gomez","Técnico"," ","Contratados Sin Planta","Afectos Al Código del Trabajo","2010-10-01 00:00:00.0","1900-01-01 00:00:00.0"
"San Carlos","Codigo del Trabajo","Sin Clasificación","Código del Trabajo","Bella del Carmen Mercado Contreras","Asistente de La Educación"," ","Contratados Sin Planta","Afectos Al Código del Trabajo","2010-01-01 00:00:00.0","1900-01-01 00:00:00.0"
"San Carlos","Codigo del Trabajo","Sin Clasificación","Código del Trabajo","Selma Maritza Flores Lopez","Auxiliar de Párvulos"," ","Contratados Sin Planta","Afectos Al Código del Trabajo","2010-01-01 00:00:00.0","1900-01-01 00:00:00.0"
"San Carlos","Codigo del Trabajo","Sin Clasificación","Código del Trabajo","Maria Eugenia Norambuena Cuevas","Auxiliar de Párvulos"," ","Contratados Sin Planta","Afectos Al Código del Trabajo","2009-03-02 00:00:00.0","1900-01-01 00:00:00.0"
"San Carlos","Codigo del Trabajo","Sin Clasificación","Código del Trabajo","Enzo Adrian Correa Vasquez","Auxiliar de Servicios Menores"," ","Personal No Pertenece A Planta","Afectos Al Código del Trabajo","2012-12-01 00:00:00.0","1900-01-01 00:00:00.0"
"San Carlos","Codigo del Trabajo","Sin Clasificación","Código del Trabajo","Erika Marisol Urra Gutierrez","Asistente de La Educación"," ","Contratados Sin Planta","Afectos Al Código del Trabajo","2010-01-01 00:00:00.0","1900-01-01 00:00:00.0"
"San Carlos","Codigo del Trabajo","Sin Clasificación","Código del Trabajo","Patricia Elena Caro Gutierrez","Asistente de La Educación"," ","Contratados Sin Planta","Afectos Al Código del Trabajo","2010-01-01 00:00:00.0","1900-01-01 00:00:00.0"
"San Carlos","Codigo del Trabajo","Sin Clasificación","Código del Trabajo","Jose Daniel Marquez Bustos","Asistente de La Educación"," ","Contratados Sin Planta","Afectos Al Código del Trabajo","2010-01-01 00:00:00.0","1900-01-01 00:00:00.0"
"San Carlos","Codigo del Trabajo","Sin Clasificación","Código del Trabajo","Marciano del Carmen Rodriguez Belmar","Auxiliar de Servicios Menores"," ","Contratados Sin Planta","Afectos Al Código del Trabajo","2010-01-01 00:00:00.0","1900-01-01 00:00:00.0"
"San Carlos","Codigo del Trabajo","Sin Clasificación","Código del Trabajo","Cecilia del Pilar Carriman  Alvarez","Técnico"," ","Contratados Sin Planta","Afectos Al Código del Trabajo","2011-06-23 00:00:00.0","1900-01-01 00:00:00.0"
"San Carlos","Codigo del Trabajo","Sin Clasificación","Código del Trabajo","Nayaret del Carmen Dominguez Aguilera","Encargado"," ","Personal No Pertenece A Planta","Afectos Al Código del Trabajo","2011-03-01 00:00:00.0","1900-01-01 00:00:00.0"
"San Carlos","Codigo del Trabajo","Sin Clasificación","Código del Trabajo","Yasna Emelina  Jeldres Navarrete","Administrativo"," ","Personal No Pertenece A Planta","Afectos Al Código del Trabajo","2014-01-01 00:00:00.0","1900-01-01 00:00:00.0"
"San Carlos","Codigo del Trabajo","Sin Clasificación","Código del Trabajo","Macarena de Lourdes Rodriguez Crisostomo","Técnico"," ","Contratados Sin Planta","Afectos Al Código del Trabajo","2011-09-01 00:00:00.0","1900-01-01 00:00:00.0"
"San Carlos","Codigo del Trabajo","Sin Clasificación","Código del Trabajo","Alexi Jibsan Labrin Mella","Auxiliar de Servicios Menores"," ","Contratados Sin Planta","Afectos Al Código del Trabajo","2011-04-13 00:00:00.0","1900-01-01 00:00:00.0"
"San Carlos","Codigo del Trabajo","Sin Clasificación","Código del Trabajo","Ruth Uberlinda Vasquez Maldonado","Asistente de La Educación"," ","Contratados Sin Planta","Afectos Al Código del Trabajo","2010-01-01 00:00:00.0","1900-01-01 00:00:00.0"
"San Carlos","Codigo del Trabajo","Sin Clasificación","Código del Trabajo","Marisela del Pilar Sanchez Olave","Asistente Social"," ","Contratados Sin Planta","Afectos Al Código del Trabajo","2010-03-01 00:00:00.0","1900-01-01 00:00:00.0"
"San Carlos","Codigo del Trabajo","Sin Clasificación","Código del Trabajo","Patricio Enrique Caceres  Torres","Asistente de La Educación"," ","Contratados Sin Planta","Afectos Al Código del Trabajo","2010-01-01 00:00:00.0","1900-01-01 00:00:00.0"
"San Carlos","Codigo del Trabajo","Sin Clasificación","Código del Trabajo","Orietta Marlen Gonzalez Belmar","Auxiliar de Servicios Menores"," ","Personal No Pertenece A Planta","Afectos Al Código del Trabajo","2011-07-01 00:00:00.0","1900-01-01 00:00:00.0"
"San Carlos","Codigo del Trabajo","Sin Clasificación","Código del Trabajo","Christian Moises Toro Domínguez","Asistente de La Educación"," ","Contratados Sin Planta","Afectos Al Código del Trabajo","2010-01-01 00:00:00.0","1900-01-01 00:00:00.0"
"San Carlos","Codigo del Trabajo","Sin Clasificación","Código del Trabajo","Myriam del Carmen Mora Sanhueza","Asistente de La Educación"," ","Personal No Pertenece A Planta","Afectos Al Código del Trabajo","2012-06-01 00:00:00.0","1900-01-01 00:00:00.0"
"San Carlos","Codigo del Trabajo","Sin Clasificación","Código del Trabajo","Maria Alicia del Carmen Morales Carrasco","Coordinador"," ","Contratados Sin Planta","Afectos Al Código del Trabajo","2014-01-02 00:00:00.0","1900-01-01 00:00:00.0"
"San Carlos","Codigo del Trabajo","Sin Clasificación","Código del Trabajo","Carolina Rebeca Ortiz Espinoza","Técnico"," ","Personal No Pertenece A Planta","Afectos Al Código del Trabajo","2012-05-29 00:00:00.0","1900-01-01 00:00:00.0"
"San Carlos","Codigo del Trabajo","Sin Clasificación","Código del Trabajo","Roxana Ximena Garrido Torres","Auxiliar de Servicios Menores"," ","Contratados Sin Planta","Afectos Al Código del Trabajo","2010-01-01 00:00:00.0","1900-01-01 00:00:00.0"
"San Carlos","Codigo del Trabajo","Sin Clasificación","Código del Trabajo","Maricela Alejandra Videla Rodriguez","Asistente de La Educación"," ","Contratados Sin Planta","Afectos Al Código del Trabajo","2011-06-01 00:00:00.0","1900-01-01 00:00:00.0"
"San Carlos","Codigo del Trabajo","Sin Clasificación","Código del Trabajo","Carla Fabiola Cerda Muñoz","Asistente de La Educación"," ","Contratados Sin Planta","Afectos Al Código del Trabajo","2010-01-01 00:00:00.0","1900-01-01 00:00:00.0"
"San Carlos","Codigo del Trabajo","Sin Clasificación","Código del Trabajo","Alicia del Carmen Ramirez Castillo","Asistente de La Educación"," ","Contratados Sin Planta","Afectos Al Código del Trabajo","2010-01-01 00:00:00.0","1900-01-01 00:00:00.0"
"San Carlos","Codigo del Trabajo","Sin Clasificación","Código del Trabajo","Claudia Andrea Soto Toro","Auxiliar de Párvulos"," ","Contratados Sin Planta","Afectos Al Código del Trabajo","2011-05-01 00:00:00.0","1900-01-01 00:00:00.0"
"San Carlos","Codigo del Trabajo","Sin Clasificación","Código del Trabajo","Johana Pilar Torres Carrasco","Administrativo"," ","Contratados Sin Planta","Afectos Al Código del Trabajo","2013-01-01 00:00:00.0","1900-01-01 00:00:00.0"
"San Carlos","Codigo del Trabajo","Sin Clasificación","Código del Trabajo","Iris de Las Mercedes Lema Muñoz","Asistente de La Educación"," ","Contratados Sin Planta","Afectos Al Código del Trabajo","2010-03-01 00:00:00.0","1900-01-01 00:00:00.0"
"San Carlos","Codigo del Trabajo","Sin Clasificación","Código del Trabajo","Magaly Amparo Fuentes Contreras","Asistente de La Educación"," ","Contratados Sin Planta","Afectos Al Código del Trabajo","2010-01-01 00:00:00.0","1900-01-01 00:00:00.0"
"San Carlos","Codigo del Trabajo","Sin Clasificación","Código del Trabajo","Pamela Andrea Carriman Alvarez","Asistente de La Educación"," ","Contratados Sin Planta","Afectos Al Código del Trabajo","2013-03-04 00:00:00.0","1900-01-01 00:00:00.0"
"San Carlos","Codigo del Trabajo","Sin Clasificación","Código del Trabajo","Veronica del Carmen Hernandez Garrido","Auxiliar de Servicios Menores"," ","Contratados Sin Planta","Afectos Al Código del Trabajo","2012-10-10 00:00:00.0","1900-01-01 00:00:00.0"
"San Carlos","Codigo del Trabajo","Sin Clasificación","Código del Trabajo","Jesica Arelis Godoy Acuña","Auxiliar de Servicios Menores"," ","Contratados Sin Planta","Afectos Al Código del Trabajo","2010-10-01 00:00:00.0","1900-01-01 00:00:00.0"
"San Carlos","Codigo del Trabajo","Sin Clasificación","Código del Trabajo","Mirella de Las Mercedes Mora  Sanhueza","Auxiliar de Servicios Menores"," ","Contratados Sin Planta","Afectos Al Código del Trabajo","2010-10-01 00:00:00.0","1900-01-01 00:00:00.0"
"San Carlos","Codigo del Trabajo","Sin Clasificación","Código del Trabajo","Alexandra Paola Moya Garcias","Técnico"," ","Contratados Sin Planta","Afectos Al Código del Trabajo","2010-04-01 00:00:00.0","1900-01-01 00:00:00.0"
"San Carlos","Codigo del Trabajo","Sin Clasificación","Código del Trabajo","Sandry Natalia Arriagada Perez","Técnico"," ","Contratados Sin Planta","Afectos Al Código del Trabajo","2010-10-01 00:00:00.0","1900-01-01 00:00:00.0"
"San Carlos","Codigo del Trabajo","Sin Clasificación","Código del Trabajo","Gretel Alejandra Videla Badilla","Docente"," ","Contratados Sin Planta","Afectos Al Código del Trabajo","2011-01-01 00:00:00.0","1900-01-01 00:00:00.0"
"San Carlos","Codigo del Trabajo","Sin Clasificación","Código del Trabajo","Maria Fabiola Sepulveda Muñoz","Técnico"," ","Contratados Sin Planta","Afectos Al Código del Trabajo","2010-01-01 00:00:00.0","1900-01-01 00:00:00.0"
"San Carlos","Codigo del Trabajo","Sin Clasificación","Código del Trabajo","Magaly del Carmen Cerna Parra","Auxiliar de Servicios Menores"," ","Contratados Sin Planta","Afectos Al Código del Trabajo","2010-10-01 00:00:00.0","1900-01-01 00:00:00.0"
"San Carlos","Codigo del Trabajo","Sin Clasificación","Código del Trabajo","Juan Carlos Gonzalez Concha","Asistente de La Educación"," ","Personal No Pertenece A Planta","Afectos Al Código del Trabajo","2010-11-19 00:00:00.0","1900-01-01 00:00:00.0"
"San Carlos","Codigo del Trabajo","Sin Clasificación","Código del Trabajo","Ana Patricia Herrera Sanchez","Asistente de La Educación"," ","Contratados Sin Planta","Afectos Al Código del Trabajo","2010-01-01 00:00:00.0","1900-01-01 00:00:00.0"
"San Carlos","Codigo del Trabajo","Sin Clasificación","Código del Trabajo","Andrea del Carmen Rubio  Contreras","Técnico"," ","Contratados Sin Planta","Afectos Al Código del Trabajo","2010-06-23 00:00:00.0","1900-01-01 00:00:00.0"
"San Carlos","Codigo del Trabajo","Sin Clasificación","Código del Trabajo","Darwin Orlando Orellana Alarcon","Inspector"," ","Contratados Sin Planta","Afectos Al Código del Trabajo","2010-01-01 00:00:00.0","1900-01-01 00:00:00.0"
"San Carlos","Codigo del Trabajo","Sin Clasificación","Código del Trabajo","Sandra Angelica Ortega Ascencio","Técnico"," ","Personal No Pertenece A Planta","Afectos Al Código del Trabajo","2011-07-01 00:00:00.0","1900-01-01 00:00:00.0"
"San Carlos","Codigo del Trabajo","Sin Clasificación","Código del Trabajo","Sergio Eduardo Villaroel Caro","Auxiliar"," ","Personal No Pertenece A Planta","Afectos Al Código del Trabajo","2014-03-01 00:00:00.0","1900-01-01 00:00:00.0"
"San Carlos","Codigo del Trabajo","Sin Clasificación","Código del Trabajo","Paola del Pilar Herrera Sepúlveda","Asistente de La Educación"," ","Contratados Sin Planta","Afectos Al Código del Trabajo","2010-01-01 00:00:00.0","1900-01-01 00:00:00.0"
"San Carlos","Codigo del Trabajo","Sin Clasificación","Código del Trabajo","Soledad del Pilar Escamilla Yañez","Educadora Párvulos"," ","Contratados Sin Planta","Afectos Al Código del Trabajo","2010-10-01 00:00:00.0","1900-01-01 00:00:00.0"
"San Carlos","Codigo del Trabajo","Sin Clasificación","Código del Trabajo","Ricardo Tomas Quezada Pavez","Asistente de La Educación"," ","Contratados Sin Planta","Afectos Al Código del Trabajo","2010-01-01 00:00:00.0","1900-01-01 00:00:00.0"
"San Carlos","Codigo del Trabajo","Sin Clasificación","Código del Trabajo","Carolina Pilar Toro Santander","Administrativo"," ","Contratados Sin Planta","Afectos Al Código del Trabajo","2014-01-01 00:00:00.0","1900-01-01 00:00:00.0"
"San Carlos","Codigo del Trabajo","Sin Clasificación","Código del Trabajo","Irene Idalba Gonzalez Jara","Auxiliar de Servicios"," ","Contratados Sin Planta","Afectos Al Código del Trabajo","2010-10-01 00:00:00.0","1900-01-01 00:00:00.0"
"San Carlos","Codigo del Trabajo","Sin Clasificación","Código del Trabajo","Cristian Esteban Echeverria Andrade","Asistente de La Educación"," ","Contratados Sin Planta","Afectos Al Código del Trabajo","2010-01-01 00:00:00.0","1900-01-01 00:00:00.0"
"San Carlos","Codigo del Trabajo","Sin Clasificación","Código del Trabajo","Maribel del Carmen Navarrete Belmar","Asistente Social"," ","Personal No Pertenece A Planta","Afectos Al Código del Trabajo","2013-03-01 00:00:00.0","1900-01-01 00:00:00.0"
"San Carlos","Codigo del Trabajo","Sin Clasificación","Código del Trabajo","Juana Arleti Lopez Gatica","Educadora Párvulos"," ","Contratados Sin Planta","Afectos Al Código del Trabajo","2010-04-01 00:00:00.0","1900-01-01 00:00:00.0"
"San Carlos","Codigo del Trabajo","Sin Clasificación","Código del Trabajo","Gladys Esther Ortiz Ortiz","Asistente de La Educación"," ","Contratados Sin Planta","Afectos Al Código del Trabajo","2010-01-01 00:00:00.0","1900-01-01 00:00:00.0"
"San Carlos","Codigo del Trabajo","Sin Clasificación","Código del Trabajo","Betsy Alejandra Lizana Soto","Auxiliar de Servicios Menores"," ","Contratados Sin Planta","Afectos Al Código del Trabajo","2013-01-01 00:00:00.0","1900-01-01 00:00:00.0"
"San Carlos","Codigo del Trabajo","Sin Clasificación","Código del Trabajo","Karen Macarena Torres Acuña","Técnico"," ","Contratados Sin Planta","Afectos Al Código del Trabajo","2010-10-01 00:00:00.0","1900-01-01 00:00:00.0"
"San Carlos","Codigo del Trabajo","Sin Clasificación","Código del Trabajo","Maria Angelica San Martin Díaz","Asistente de La Educación"," ","Contratados Sin Planta","Afectos Al Código del Trabajo","2010-01-01 00:00:00.0","1900-01-01 00:00:00.0"
"San Carlos","Codigo del Trabajo","Sin Clasificación","Código del Trabajo","Lorena Alicia Hernandez Jeldres","Auxiliar de Servicios Menores"," ","Contratados Sin Planta","Afectos Al Código del Trabajo","2010-10-01 00:00:00.0","1900-01-01 00:00:00.0"
"San Carlos","Codigo del Trabajo","Sin Clasificación","Código del Trabajo","Margarita Susana Hermosilla Olave","Educadora Párvulos"," ","Contratados Sin Planta","Afectos Al Código del Trabajo","2011-07-01 00:00:00.0","1900-01-01 00:00:00.0"
"San Carlos","Codigo del Trabajo","Sin Clasificación","Código del Trabajo","Marta Gloria Valenzuela Cerna","Psicólogo"," ","Contratados Sin Planta","Afectos Al Código del Trabajo","2010-01-01 00:00:00.0","1900-01-01 00:00:00.0"
"San Carlos","Codigo del Trabajo","Sin Clasificación","Código del Trabajo","Maria Eliana Fuentes Alegria","Educadora Párvulos"," ","Contratados Sin Planta","Afectos Al Código del Trabajo","2010-04-01 00:00:00.0","1900-01-01 00:00:00.0"
"San Carlos","Codigo del Trabajo","Sin Clasificación","Código del Trabajo","Anyelina de Lourdes Muñoz Soto","Inspector"," ","Personal No Pertenece A Planta","Afectos Al Código del Trabajo","2013-08-01 00:00:00.0","1900-01-01 00:00:00.0"
"San Carlos","Codigo del Trabajo","Sin Clasificación","Código del Trabajo","Victor Eduardo Morales Vera","Auxiliar de Servicios Menores"," ","Personal No Pertenece A Planta","Afectos Al Código del Trabajo","2013-04-15 00:00:00.0","1900-01-01 00:00:00.0"
"San Carlos","Codigo del Trabajo","Sin Clasificación","Código del Trabajo","Margot Lorena Urra Vasquez","Técnico"," ","Contratados Sin Planta","Afectos Al Código del Trabajo","2010-10-01 00:00:00.0","1900-01-01 00:00:00.0"
"San Carlos","Codigo del Trabajo","Sin Clasificación","Código del Trabajo","Carlos Alberto Andrades Vejar","Auxiliar de Servicios Menores"," ","Personal No Pertenece A Planta","Afectos Al Código del Trabajo","2013-07-01 00:00:00.0","1900-01-01 00:00:00.0"
"San Carlos","Codigo del Trabajo","Sin Clasificación","Código del Trabajo","Ever Felipe Villarroel Candia","Asistente de La Educación"," ","Contratados Sin Planta","Afectos Al Código del Trabajo","2011-05-07 00:00:00.0","1900-01-01 00:00:00.0"
"San Carlos","Codigo del Trabajo","Sin Clasificación","Código del Trabajo","Sonia del Carmen Acuña Ortiz","Técnico"," ","Contratados Sin Planta","Afectos Al Código del Trabajo","2011-07-01 00:00:00.0","1900-01-01 00:00:00.0"
"San Carlos","Codigo del Trabajo","Sin Clasificación","Código del Trabajo","Jessica Alejandra Rodriguez Rodriguez","Asistente de La Educación"," ","Contratados Sin Planta","Afectos Al Código del Trabajo","2010-03-01 00:00:00.0","1900-01-01 00:00:00.0"
"San Carlos","Codigo del Trabajo","Sin Clasificación","Código del Trabajo","Maria Jose Jeldres San Juan","Auxiliar de Servicios Menores"," ","Contratados Sin Planta","Afectos Al Código del Trabajo","2010-01-01 00:00:00.0","1900-01-01 00:00:00.0"
"San Carlos","Codigo del Trabajo","Sin Clasificación","Código del Trabajo","Alejandra Jacqueline Gonzalez Gonzalez","Auxiliar de Párvulos"," ","Personal No Pertenece A Planta","Afectos Al Código del Trabajo","2013-02-01 00:00:00.0","1900-01-01 00:00:00.0"
"San Carlos","Codigo del Trabajo","Sin Clasificación","Código del Trabajo","Violeta Ines  Sepulveda Parada","Auxiliar de Servicios Menores"," ","Personal No Pertenece A Planta","Afectos Al Código del Trabajo","2013-02-01 00:00:00.0","1900-01-01 00:00:00.0"
"San Carlos","Codigo del Trabajo","Sin Clasificación","Código del Trabajo","Rosa Pamela Claveria Guzman","Técnico"," ","Contratados Sin Planta","Escala Atención Primaria de Salud Municipal","2010-10-01 00:00:00.0","1900-01-01 00:00:00.0"
"San Carlos","Codigo del Trabajo","Sin Clasificación","Código del Trabajo","Teresa Solange Venegas Toro","Administrativo"," ","Contratados Sin Planta","Afectos Al Código del Trabajo","2010-01-01 00:00:00.0","1900-01-01 00:00:00.0"
"San Carlos","Codigo del Trabajo","Sin Clasificación","Código del Trabajo","Delfina Abigail Rubio Rubilar","Asistente de La Educación"," ","Contratados Sin Planta","Afectos Al Código del Trabajo","2011-06-01 00:00:00.0","1900-01-01 00:00:00.0"
"San Carlos","Codigo del Trabajo","Sin Clasificación","Código del Trabajo","Susana Rosa Fuentes Sánchez","Técnico"," ","Personal No Pertenece A Planta","Afectos Al Código del Trabajo","2014-04-23 00:00:00.0","1900-01-01 00:00:00.0"
"San Carlos","Codigo del Trabajo","Sin Clasificación","Código del Trabajo","Carolina Jesabel Acuña Navarro","Auxiliar de Servicios Menores"," ","Contratados Sin Planta","Afectos Al Código del Trabajo","2014-03-03 00:00:00.0","1900-01-01 00:00:00.0"
"San Carlos","Codigo del Trabajo","Sin Clasificación","Código del Trabajo","Michelle Priscilla Salazar Salazar","Asistente de La Educación"," ","Contratados Sin Planta","Afectos Al Código del Trabajo","2010-01-01 00:00:00.0","1900-01-01 00:00:00.0"
"San Carlos","Codigo del Trabajo","Sin Clasificación","Código del Trabajo","Carolina Enriqueta Muñoz Baeza","Técnico"," ","Sin Información","Afectos Al Código del Trabajo","2010-10-18 00:00:00.0","1900-01-01 00:00:00.0"
"San Carlos","Codigo del Trabajo","Sin Clasificación","Código del Trabajo","Hugo Alfonso Fuentealba Diaz","Psicólogo"," ","Personal No Pertenece A Planta","Afectos Al Código del Trabajo","2012-06-04 00:00:00.0","1900-01-01 00:00:00.0"
"San Carlos","Codigo del Trabajo","Sin Clasificación","Código del Trabajo","Millaray Jacqueline Rodriguez Sandoval","Técnico"," ","Personal No Pertenece A Planta","Afectos Al Código del Trabajo","2011-09-01 00:00:00.0","1900-01-01 00:00:00.0"
"San Carlos","Codigo del Trabajo","Sin Clasificación","Código del Trabajo","Luisa Elizabeth Senn Yañez","Educadora Párvulos"," ","Personal No Pertenece A Planta","Afectos Al Código del Trabajo","2011-07-01 00:00:00.0","1900-01-01 00:00:00.0"
"San Carlos","Codigo del Trabajo","Sin Clasificación","Código del Trabajo","Barbara Paz Montenegro Contreras","Asistente de La Educación"," ","Contratados Sin Planta","Afectos Al Código del Trabajo","2010-01-01 00:00:00.0","1900-01-01 00:00:00.0"
"San Carlos","Codigo del Trabajo","Sin Clasificación","Código del Trabajo","Ana Rosa Yañez Valenzuela","Asistente de La Educación"," ","Personal No Pertenece A Planta","Afectos Al Código del Trabajo","2011-03-01 00:00:00.0","1900-01-01 00:00:00.0"
"San Carlos","Codigo del Trabajo","Sin Clasificación","Código del Trabajo","Christian Enrique Hernandez Apablaza","Asistente de La Educación"," ","Contratados Sin Planta","Afectos Al Código del Trabajo","2010-01-01 00:00:00.0","1900-01-01 00:00:00.0"
"San Carlos","Codigo del Trabajo","Sin Clasificación","Código del Trabajo","Ximena Jeannett Peña Esnida","Asistente de La Educación"," ","Contratados Sin Planta","Afectos Al Código del Trabajo","2010-01-01 00:00:00.0","1900-01-01 00:00:00.0"
"San Carlos","Codigo del Trabajo","Sin Clasificación","Código del Trabajo","Monica Maria Gonzalez Mendez","Inspector"," ","Contratados Sin Planta","Afectos Al Código del Trabajo","2010-01-01 00:00:00.0","1900-01-01 00:00:00.0"
"San Carlos","Codigo del Trabajo","Sin Clasificación","Código del Trabajo","Genoveva Raquel Manterola Sepulveda","Administrativo"," ","Personal No Pertenece A Planta","Afectos Al Código del Trabajo","2012-05-09 00:00:00.0","1900-01-01 00:00:00.0"
"San Carlos","Codigo del Trabajo","Sin Clasificación","Código del Trabajo","Johanna del Pilar Moraga Landeros","Técnico"," ","Contratados Sin Planta","Afectos Al Código del Trabajo","2010-10-01 00:00:00.0","1900-01-01 00:00:00.0"
"San Carlos","Codigo del Trabajo","Sin Clasificación","Código del Trabajo","Angel Edgardo Quezada Carrasco","Administrativo"," ","Contratados Sin Planta","Afectos Al Código del Trabajo","2010-04-01 00:00:00.0","1900-01-01 00:00:00.0"
"San Carlos","Codigo del Trabajo","Sin Clasificación","Código del Trabajo","Cesar Antonio Lema Muñoz","Asistente de La Educación"," ","Contratados Sin Planta","Afectos Al Código del Trabajo","2009-03-02 00:00:00.0","1900-01-01 00:00:00.0"
"San Carlos","Codigo del Trabajo","Sin Clasificación","Código del Trabajo","Francisco Adrián Contreras Salinas","Coordinador"," ","Personal No Pertenece A Planta","Afectos Al Código del Trabajo","2014-03-01 00:00:00.0","1900-01-01 00:00:00.0"
"San Carlos","Codigo del Trabajo","Sin Clasificación","Código del Trabajo","Eliana del Carmen Torres Faundez","Asistente de La Educación"," ","Personal No Pertenece A Planta","Afectos Al Código del Trabajo","2011-06-20 00:00:00.0","1900-01-01 00:00:00.0"
"San Carlos","Codigo del Trabajo","Sin Clasificación","Código del Trabajo","Marco Antonio Sepulveda Fuentes","Jefe"," ","Personal No Pertenece A Planta","Afectos Al Código del Trabajo","2012-12-01 00:00:00.0","1900-01-01 00:00:00.0"
"San Carlos","Codigo del Trabajo","Sin Clasificación","Código del Trabajo","Sonia del Carmen Fuentes Flores","Auxiliar de Servicios Menores"," ","Personal No Pertenece A Planta","Afectos Al Código del Trabajo","2013-04-24 00:00:00.0","1900-01-01 00:00:00.0"
"San Carlos","Codigo del Trabajo","Sin Clasificación","Código del Trabajo","Bernarda Paola Santander Lagos","Auxiliar de Servicios Menores"," ","Personal No Pertenece A Planta","Afectos Al Código del Trabajo","2013-03-11 00:00:00.0","1900-01-01 00:00:00.0"
"San Carlos","Codigo del Trabajo","Sin Clasificación","Código del Trabajo","Luis Edgardo Mora Toro","Asistente de La Educación"," ","Personal No Pertenece A Planta","Afectos Al Código del Trabajo","2011-03-01 00:00:00.0","1900-01-01 00:00:00.0"
"San Carlos","Codigo del Trabajo","Sin Clasificación","Código del Trabajo","Sandra Isabel Zuñiga Cabrera","Jefe"," ","Contratados Sin Planta","Afectos Al Código del Trabajo","2014-01-01 00:00:00.0","1900-01-01 00:00:00.0"
"San Carlos","Codigo del Trabajo","Sin Clasificación","Código del Trabajo","Alejandro de La Cruz Orellana Mendez","Asistente de La Educación"," ","Contratados Sin Planta","Afectos Al Código del Trabajo","2014-04-01 00:00:00.0","1900-01-01 00:00:00.0"
"San Carlos","Codigo del Trabajo","Sin Clasificación","Código del Trabajo","Ariel Hernan Acevedo Saavedra","Auxiliar de Servicios Menores"," ","Contratados Sin Planta","Afectos Al Código del Trabajo","2010-01-01 00:00:00.0","1900-01-01 00:00:00.0"
"San Carlos","Codigo del Trabajo","Sin Clasificación","Código del Trabajo","Cristian Nelson Espinoza Landaeta","Jefatura"," ","Personal No Pertenece A Planta","Afectos Al Código del Trabajo","2012-07-01 00:00:00.0","1900-01-01 00:00:00.0"
"San Carlos","Codigo del Trabajo","Sin Clasificación","Código del Trabajo","Paula Viviana Arzola Henríquez","Asistente de La Educación"," ","Contratados Sin Planta","Afectos Al Código del Trabajo","2010-01-01 00:00:00.0","1900-01-01 00:00:00.0"
"San Carlos","Codigo del Trabajo","Sin Clasificación","Código del Trabajo","Virginia Alejandra Candia Llanos","Técnico"," ","Personal No Pertenece A Planta","Afectos Al Código del Trabajo","2012-07-01 00:00:00.0","1900-01-01 00:00:00.0"
"San Carlos","Codigo del Trabajo","Sin Clasificación","Código del Trabajo","Pabla Isabel Alfaro Mendez","Técnico"," ","Contratados Sin Planta","Afectos Al Código del Trabajo","2010-10-01 00:00:00.0","1900-01-01 00:00:00.0"
"San Carlos","Codigo del Trabajo","Sin Clasificación","Código del Trabajo","Erika Yanet Caceres Mendez","Técnico"," ","Contratados Sin Planta","Afectos Al Código del Trabajo","2010-10-01 00:00:00.0","1900-01-01 00:00:00.0"
"San Carlos","Codigo del Trabajo","Sin Clasificación","Código del Trabajo","Felipe Andres Mendez Rojas","Auxiliar"," ","Contratados Sin Planta","Afectos Al Código del Trabajo","2014-01-01 00:00:00.0","1900-01-01 00:00:00.0"
"San Carlos","Codigo del Trabajo","Sin Clasificación","Código del Trabajo","Claudia Loreto Cabrera Bustamante","Educadora Párvulos"," ","Contratados Sin Planta","Afectos Al Código del Trabajo","2010-10-01 00:00:00.0","1900-01-01 00:00:00.0"
"San Carlos","Codigo del Trabajo","Sin Clasificación","Código del Trabajo","Marcial Eduardo Zapata Torres","Asistente de La Educación"," ","Contratados Sin Planta","Afectos Al Código del Trabajo","2013-08-07 00:00:00.0","1900-01-01 00:00:00.0"
"San Carlos","Codigo del Trabajo","Sin Clasificación","Código del Trabajo","Isabel del Carmen Morales Arias","Asistente"," ","Contratados Sin Planta","Afectos Al Código del Trabajo","2013-03-01 00:00:00.0","1900-01-01 00:00:00.0"
"San Carlos","Codigo del Trabajo","Sin Clasificación","Código del Trabajo","Victor Andres Fuentes Aravena","Administrativo"," ","Contratados Sin Planta","Afectos Al Código del Trabajo","2009-03-09 00:00:00.0","1900-01-01 00:00:00.0"
"San Carlos","Codigo del Trabajo","Sin Clasificación","Código del Trabajo","Maria Cecilia Rojas Rojas","Técnico"," ","Contratados Sin Planta","Afectos Al Código del Trabajo","2010-05-17 00:00:00.0","1900-01-01 00:00:00.0"
"San Carlos","Codigo del Trabajo","Sin Clasificación","Código del Trabajo","Maria de Los Angeles Uribe Ortiz","Psicólogo"," ","Contratados Sin Planta","Afectos Al Código del Trabajo","2010-01-01 00:00:00.0","1900-01-01 00:00:00.0"
"San Carlos","Codigo del Trabajo","Sin Clasificación","Código del Trabajo","Ociel Alejandro Sepulveda Bravo","Psicólogo"," ","Contratados Sin Planta","Afectos Al Código del Trabajo","2010-11-22 00:00:00.0","1900-01-01 00:00:00.0"
"San Carlos","Codigo del Trabajo","Sin Clasificación","Código del Trabajo","Jovita del Carmen Jara Figueroa","Técnico"," ","Contratados Sin Planta","Afectos Al Código del Trabajo","2010-10-01 00:00:00.0","1900-01-01 00:00:00.0"
"San Carlos","Codigo del Trabajo","Sin Clasificación","Código del Trabajo","Katerin Andrea Cisterna Bravo","Asistente de La Educación"," ","Contratados Sin Planta","Afectos Al Código del Trabajo","2010-01-01 00:00:00.0","1900-01-01 00:00:00.0"
"San Carlos","Codigo del Trabajo","Sin Clasificación","Código del Trabajo","Alejandra Angelica Sanhueza Aguilar","Técnico"," ","Contratados Sin Planta","Afectos Al Código del Trabajo","2011-09-01 00:00:00.0","1900-01-01 00:00:00.0"
"San Carlos","Codigo del Trabajo","Sin Clasificación","Código del Trabajo","Yaquelin Alejandra Arzola Ortega","Asistente de La Educación"," ","Personal No Pertenece A Planta","Afectos Al Código del Trabajo","2011-03-01 00:00:00.0","1900-01-01 00:00:00.0"
"San Carlos","Codigo del Trabajo","Sin Clasificación","Código del Trabajo","Maria Hilda  Mansilla Inzunza","Psicólogo"," ","Personal No Pertenece A Planta","Afectos Al Código del Trabajo","2013-01-01 00:00:00.0","1900-01-01 00:00:00.0"
"San Carlos","Codigo del Trabajo","Sin Clasificación","Código del Trabajo","Francisca Cecilia Sepulveda Arriagada","Asistente de La Educación"," ","Contratados Sin Planta","Afectos Al Código del Trabajo","2010-01-01 00:00:00.0","1900-01-01 00:00:00.0"
"San Carlos","Codigo del Trabajo","Sin Clasificación","Código del Trabajo","Marcia Elianeth Gonzalez Maldonado","Profesional"," ","Personal No Pertenece A Planta","Afectos Al Código del Trabajo","2013-05-01 00:00:00.0","1900-01-01 00:00:00.0"
"San Carlos","Codigo del Trabajo","Sin Clasificación","Código del Trabajo","Marcelo Antonio Bastias Urrutia","Asistente de La Educación"," ","Contratados Sin Planta","Afectos Al Código del Trabajo","2010-01-01 00:00:00.0","1900-01-01 00:00:00.0"
"San Carlos","Codigo del Trabajo","Sin Clasificación","Código del Trabajo","Sergio Alejandro Figueroa Campos","Asistente de La Educación"," ","Contratados Sin Planta","Afectos Al Código del Trabajo","2011-05-24 00:00:00.0","1900-01-01 00:00:00.0"
"San Carlos","Codigo del Trabajo","Sin Clasificación","Código del Trabajo","Anita Rocio Valenzuela Cerna","Educadora Párvulos"," ","Contratados Sin Planta","Afectos Al Código del Trabajo","2012-10-01 00:00:00.0","1900-01-01 00:00:00.0"
"San Carlos","Codigo del Trabajo","Sin Clasificación","Código del Trabajo","Maria Fernanda Orrego Barrera","Psicólogo"," ","Contratados Sin Planta","Afectos Al Código del Trabajo","2010-03-01 00:00:00.0","1900-01-01 00:00:00.0"
"San Carlos","Codigo del Trabajo","Sin Clasificación","Código del Trabajo","Carolina Isabel Garrido Aparicio","Educadora Párvulos"," ","Contratados Sin Planta","Afectos Al Código del Trabajo","2010-10-01 00:00:00.0","1900-01-01 00:00:00.0"
"San Carlos","Codigo del Trabajo","Sin Clasificación","Código del Trabajo","Pilar Andrea Salinas Perez","Administrativo"," ","Contratados Sin Planta","Afectos Al Código del Trabajo","2010-03-01 00:00:00.0","1900-01-01 00:00:00.0"
"San Carlos","Codigo del Trabajo","Sin Clasificación","Código del Trabajo","Nataly Daniela Rodríguez Sepúlveda","Técnico"," ","Contratados Sin Planta","Afectos Al Código del Trabajo","2010-10-01 00:00:00.0","1900-01-01 00:00:00.0"
"San Carlos","Codigo del Trabajo","Sin Clasificación","Código del Trabajo","Pamela Elizabeth Salazar Zuñiga","Asistente"," ","Contratados Sin Planta","Afectos Al Código del Trabajo","2009-12-19 00:00:00.0","1900-01-01 00:00:00.0"
"San Carlos","Codigo del Trabajo","Sin Clasificación","Código del Trabajo","Paulina Andrea Rubilar Sepulveda","Educadora Párvulos"," ","Contratados Sin Planta","Afectos Al Código del Trabajo","2010-10-01 00:00:00.0","1900-01-01 00:00:00.0"
"San Carlos","Codigo del Trabajo","Sin Clasificación","Código del Trabajo","Matias Gaston Quezada Jara","Asistente de La Educación"," ","Permanente","Afectos Al Código del Trabajo","2009-12-19 00:00:00.0","1900-01-01 00:00:00.0"
"San Carlos","Codigo del Trabajo","Sin Clasificación","Código del Trabajo","Romina Andrea Teran Soto","Asistente de La Educación"," ","Contratados Sin Planta","Afectos Al Código del Trabajo","2010-03-01 00:00:00.0","1900-01-01 00:00:00.0"
"San Carlos","Codigo del Trabajo","Sin Clasificación","Código del Trabajo","Jaime Edgardo Salinas  Carrasco","Administrativo"," ","Contratados Sin Planta","Afectos Al Código del Trabajo","2014-01-01 00:00:00.0","1900-01-01 00:00:00.0"
"San Carlos","Codigo del Trabajo","Sin Clasificación","Código del Trabajo","Elena Andrea Burgos Caro","Asistente de La Educación"," ","Personal No Pertenece A Planta","Afectos Al Código del Trabajo","2012-04-04 00:00:00.0","1900-01-01 00:00:00.0"
"San Carlos","Codigo del Trabajo","Sin Clasificación","Código del Trabajo","Maria Olga Soto Zuñiga","Asistente de La Educación"," ","Personal No Pertenece A Planta","Afectos Al Código del Trabajo","2013-01-01 00:00:00.0","1900-01-01 00:00:00.0"
"San Carlos","Codigo del Trabajo","Sin Clasificación","Código del Trabajo","Tomas Francisco Elgueta Sandoval","Profesional"," ","Contratados Sin Planta","Afectos Al Código del Trabajo","2011-03-01 00:00:00.0","1900-01-01 00:00:00.0"
"San Carlos","Codigo del Trabajo","Sin Clasificación","Código del Trabajo","Corina Soledad Perez Aragon","Educadora Párvulos"," ","Personal No Pertenece A Planta","Afectos Al Código del Trabajo","2010-12-27 00:00:00.0","1900-01-01 00:00:00.0"
"San Carlos","Codigo del Trabajo","Sin Clasificación","Código del Trabajo","Paulina Andrea Castillo Toloza","Educadora Párvulos"," ","Personal No Pertenece A Planta","Afectos Al Código del Trabajo","2012-12-27 00:00:00.0","1900-01-01 00:00:00.0"
"San Carlos","Codigo del Trabajo","Sin Clasificación","Código del Trabajo","Ariela Andrea Mendoza Cheuque","Técnico"," ","Sin Información","Afectos Al Código del Trabajo","2010-10-01 00:00:00.0","1900-01-01 00:00:00.0"
"San Carlos","Codigo del Trabajo","Sin Clasificación","Código del Trabajo","Rosa Ines Romero Vasquez","Asistente Social"," ","Contratados Sin Planta","Afectos Al Código del Trabajo","2010-03-29 00:00:00.0","1900-01-01 00:00:00.0"
"San Carlos","Codigo del Trabajo","Sin Clasificación","Código del Trabajo","Erika Elizabeth Sepulveda Burgos","Educadora Párvulos"," ","Contratados Sin Planta","Afectos Al Código del Trabajo","2010-10-01 00:00:00.0","1900-01-01 00:00:00.0"
"San Carlos","Codigo del Trabajo","Sin Clasificación","Código del Trabajo","Paola Andrea Pincheira Valenzuela","Director"," ","Contratados Sin Planta","Afectos Al Código del Trabajo","2010-10-01 00:00:00.0","1900-01-01 00:00:00.0"
"San Carlos","Codigo del Trabajo","Sin Clasificación","Código del Trabajo","Beatriz Macarena Moore Siques","Educadora Párvulos"," ","Personal No Pertenece A Planta","Afectos Al Código del Trabajo","2011-07-01 00:00:00.0","1900-01-01 00:00:00.0"
"San Carlos","Codigo del Trabajo","Sin Clasificación","Código del Trabajo","Hector Ramon Zarate Carrasco","Administrativo"," ","Contratados Sin Planta","Afectos Al Código del Trabajo","2013-01-01 00:00:00.0","1900-01-01 00:00:00.0"
"San Carlos","Codigo del Trabajo","Sin Clasificación","Código del Trabajo","Leticia Eliana Caceres  Caceres","Técnico"," ","Personal No Pertenece A Planta","Afectos Al Código del Trabajo","2014-03-01 00:00:00.0","1900-01-01 00:00:00.0"
"San Carlos","Codigo del Trabajo","Sin Clasificación","Código del Trabajo","Hector Mauricio Beltran Fernandez","Asistente de La Educación"," ","Personal No Pertenece A Planta","Afectos Al Código del Trabajo","2013-03-01 00:00:00.0","1900-01-01 00:00:00.0"
"San Carlos","Codigo del Trabajo","Sin Clasificación","Código del Trabajo","Margarita Andrea Calquin Mendez","Administrativo"," ","Personal No Pertenece A Planta","Afectos Al Código del Trabajo","2014-05-01 00:00:00.0","1900-01-01 00:00:00.0"
"San Carlos","Codigo del Trabajo","Sin Clasificación","Código del Trabajo","Johanna Andrea Mella Rivero","Educadora Párvulos"," ","Personal No Pertenece A Planta","Afectos Al Código del Trabajo","2012-07-09 00:00:00.0","1900-01-01 00:00:00.0"
"San Carlos","Codigo del Trabajo","Sin Clasificación","Código del Trabajo","Nataly Alejandra Carrasco Rubilar","Secreto"," ","Contratados Sin Planta","Afectos Al Código del Trabajo","2010-03-01 00:00:00.0","1900-01-01 00:00:00.0"
"San Carlos","Codigo del Trabajo","Sin Clasificación","Código del Trabajo","Stephanie Nathaly Contreras Lorca","Asistente Social"," ","Contratados Sin Planta","Afectos Al Código del Trabajo","2010-10-01 00:00:00.0","1900-01-01 00:00:00.0"
"San Carlos","Codigo del Trabajo","Sin Clasificación","Código del Trabajo","Pablo Alarcon  Torres","Profesional"," ","Personal No Pertenece A Planta","Afectos Al Código del Trabajo","2013-01-01 00:00:00.0","1900-01-01 00:00:00.0"
"San Carlos","Codigo del Trabajo","Sin Clasificación","Código del Trabajo","Cristina Rosalia Retamal Aravena","Asistente de La Educación"," ","Contratados Sin Planta","Afectos Al Código del Trabajo","2010-01-01 00:00:00.0","1900-01-01 00:00:00.0"
"San Carlos","Codigo del Trabajo","Sin Clasificación","Código del Trabajo","Paulina Cecilia Vega Bustos","Asistente de La Educación"," ","Contratados Sin Planta","Afectos Al Código del Trabajo","2010-01-01 00:00:00.0","1900-01-01 00:00:00.0"
"San Carlos","Codigo del Trabajo","Sin Clasificación","Código del Trabajo","Jacob Isaias Lagos Fuentes","Auxiliar"," ","Contratados Sin Planta","Afectos Al Código del Trabajo","2012-04-01 00:00:00.0","1900-01-01 00:00:00.0"
"San Carlos","Codigo del Trabajo","Sin Clasificación","Código del Trabajo","Javier Alexander Flores Sandoval","Auxiliar de Servicios Menores"," ","Contratados Sin Planta","Afectos Al Código del Trabajo","2010-01-01 00:00:00.0","1900-01-01 00:00:00.0"
"San Carlos","Codigo del Trabajo","Sin Clasificación","Código del Trabajo","Carla Isabel Ortiz Flores","Auxiliar de Servicios Menores"," ","Personal No Pertenece A Planta","Afectos Al Código del Trabajo","2012-07-01 00:00:00.0","1900-01-01 00:00:00.0"
"San Carlos","Codigo del Trabajo","Sin Clasificación","Código del Trabajo","Francisco Javier Corvalan Andana","Auxiliar de Servicios Menores"," ","Contratados Sin Planta","Escala Profesionales de La Educación Llay 19.070)","2010-11-23 00:00:00.0","1900-01-01 00:00:00.0"
"San Carlos","Codigo del Trabajo","Sin Clasificación","Código del Trabajo","Norma Constanza Burgos Rodriguez","Asistente de La Educación"," ","Contratados Sin Planta","Afectos Al Código del Trabajo","2010-01-01 00:00:00.0","1900-01-01 00:00:00.0"
"San Carlos","Codigo del Trabajo","Sin Clasificación","Código del Trabajo","Raul Ignacio Teran Soto","Auxiliar"," ","Personal No Pertenece A Planta","Afectos Al Código del Trabajo","2012-07-01 00:00:00.0","1900-01-01 00:00:00.0"
"San Carlos","Codigo del Trabajo","Sin Clasificación","Código del Trabajo","Teresa del Pilar Labra Caceres","Asistente de La Educación"," ","Contratados Sin Planta","Afectos Al Código del Trabajo","2010-01-01 00:00:00.0","1900-01-01 00:00:00.0"
"San Carlos","Codigo del Trabajo","Sin Clasificación","Código del Trabajo","Carlos Alberto Rodriguez Contreras","Administrativo"," ","Contratados Sin Planta","Afectos Al Código del Trabajo","2012-01-01 00:00:00.0","1900-01-01 00:00:00.0"
"San Carlos","Codigo del Trabajo","Sin Clasificación","Código del Trabajo","Alex Antonio Mora Acuña","Asistente de La Educación"," ","Contratados Sin Planta","Afectos Al Código del Trabajo","2013-08-12 00:00:00.0","1900-01-01 00:00:00.0"
"San Carlos","Codigo del Trabajo","Sin Clasificación","Código del Trabajo","Oscarina Isabel Riquelme Muñoz","Auxiliar de Servicios Menores"," ","Contratados Sin Planta","Afectos Al Código del Trabajo","2010-06-08 00:00:00.0","1900-01-01 00:00:00.0"
"San Carlos","Codigo del Trabajo","Sin Clasificación","Código del Trabajo","Mary Luz Tapia Hernandez","Educadora Párvulos"," ","Personal No Pertenece A Planta","Afectos Al Código del Trabajo","2013-08-01 00:00:00.0","1900-01-01 00:00:00.0"
"San Carlos","Codigo del Trabajo","Sin Clasificación","Código del Trabajo","Andrea del Pilar Aparicio Hernandez","Educadora Párvulos"," ","Personal No Pertenece A Planta","Afectos Al Código del Trabajo","2013-02-01 00:00:00.0","1900-01-01 00:00:00.0"
"San Carlos","Codigo del Trabajo","Sin Clasificación","Código del Trabajo","Angela Alejandra Fuentes  Mendez","Educadora Párvulos"," ","Personal No Pertenece A Planta","Afectos Al Código del Trabajo","2012-04-20 00:00:00.0","1900-01-01 00:00:00.0"
"San Carlos","Codigo del Trabajo","Sin Clasificación","Código del Trabajo","Jose Luis Constanzo Meriño","Objeto"," ","Personal No Pertenece A Planta","Afectos Al Código del Trabajo","2012-07-01 00:00:00.0","1900-01-01 00:00:00.0"
"San Carlos","Codigo del Trabajo","Sin Clasificación","Código del Trabajo","Luis Alfredo Suazo Villa","Asistente de La Educación"," ","Personal No Pertenece A Planta","Afectos Al Código del Trabajo","2013-08-01 00:00:00.0","1900-01-01 00:00:00.0"
"San Carlos","Codigo del Trabajo","Sin Clasificación","Código del Trabajo","Rebeca Carolina del Carmen Saldaña Sandoval","Asistente Social"," ","Personal No Pertenece A Planta","Afectos Al Código del Trabajo","2014-03-01 00:00:00.0","1900-01-01 00:00:00.0"
"San Carlos","Codigo del Trabajo","Sin Clasificación","Código del Trabajo","Juan Alexis  Hernandez Gutierrez","Auxiliar"," ","Personal No Pertenece A Planta","Afectos Al Código del Trabajo","2012-12-01 00:00:00.0","1900-01-01 00:00:00.0"
"San Carlos","Codigo del Trabajo","Sin Clasificación","Código del Trabajo","Maria Jose Rodriguez Dominguez","Profesional"," ","Contratados Sin Planta","Afectos Al Código del Trabajo","2013-09-02 00:00:00.0","1900-01-01 00:00:00.0"
"San Carlos","Codigo del Trabajo","Sin Clasificación","Código del Trabajo","Ruben Alexis Morales Arias","Asistente de La Educación"," ","Personal No Pertenece A Planta","Afectos Al Código del Trabajo","2012-12-01 00:00:00.0","1900-01-01 00:00:00.0"
"San Carlos","Codigo del Trabajo","Sin Clasificación","Código del Trabajo","Fernando Augusto Romero Rodriguez","Administrativo"," ","Personal No Pertenece A Planta","Afectos Al Código del Trabajo","2013-01-01 00:00:00.0","1900-01-01 00:00:00.0"
"San Carlos","Codigo del Trabajo","Sin Clasificación","Código del Trabajo","Leslie Tamara Marquez Campos","Asistente de La Educación"," ","Contratados Sin Planta","Afectos Al Código del Trabajo","2010-01-01 00:00:00.0","1900-01-01 00:00:00.0"
"San Carlos","Codigo del Trabajo","Sin Clasificación","Código del Trabajo","Javier Antonio Soto  Villalobos","Auxiliar"," ","Personal No Pertenece A Planta","Afectos Al Código del Trabajo","2012-01-02 00:00:00.0","1900-01-01 00:00:00.0"
"San Carlos","Codigo del Trabajo","Sin Clasificación","Código del Trabajo","Katherine Mabel Caro Aparicio","Asistente de La Educación"," ","Contratados Sin Planta","Afectos Al Código del Trabajo","2014-03-13 00:00:00.0","1900-01-01 00:00:00.0"
"San Carlos","Codigo del Trabajo","Sin Clasificación","Código del Trabajo","Estivalia Romanet Bastias Candia","Asistente de La Educación"," ","Personal No Pertenece A Planta","Afectos Al Código del Trabajo","2013-04-07 00:00:00.0","1900-01-01 00:00:00.0"
"San Carlos","Codigo del Trabajo","Sin Clasificación","Código del Trabajo","Rodolfo Contreras Fuentes","Encargado de Mantención"," ","Personal No Pertenece A Planta","Afectos Al Código del Trabajo","2012-07-01 00:00:00.0","1900-01-01 00:00:00.0"
"San Carlos","Codigo del Trabajo","Sin Clasificación","Código del Trabajo","Rodrigo Aleis Hermosilla Muñoz","Auxiliar de Servicios Menores"," ","Personal No Pertenece A Planta","Afectos Al Código del Trabajo","2014-03-01 00:00:00.0","1900-01-01 00:00:00.0"
"San Carlos","Codigo del Trabajo","Sin Clasificación","Código del Trabajo","Hector Francisco Sepúlveda Zúñiga","Auxiliar de Servicios Menores"," ","Personal No Pertenece A Planta","Afectos Al Código del Trabajo","2014-03-01 00:00:00.0","1900-01-01 00:00:00.0"
"San Carlos","Codigo del Trabajo","Sin Clasificación","Código del Trabajo","Francisco Javier Soto Casanova","Administrativo"," ","Contratados Sin Planta","Afectos Al Código del Trabajo","2013-01-01 00:00:00.0","1900-01-01 00:00:00.0"
"San Carlos","Codigo del Trabajo","Sin Clasificación","Código del Trabajo","Yasna Alexandra Ortega Navarro","Auxiliar de Servicios Menores"," ","Personal No Pertenece A Planta","Afectos Al Código del Trabajo","2013-08-01 00:00:00.0","1900-01-01 00:00:00.0"
"San Carlos","Codigo del Trabajo","Sin Clasificación","Código del Trabajo","Emanuel Alejandro Arias Abarzua","Auxiliar de Servicios Menores"," ","Personal No Pertenece A Planta","Afectos Al Código del Trabajo","2013-08-12 00:00:00.0","1900-01-01 00:00:00.0"
"San Carlos","Codigo del Trabajo","Sin Clasificación","Código del Trabajo","Alfonsina Gabriela Torres Hernandez","Auxiliar de Servicios Menores"," ","Personal No Pertenece A Planta","Afectos Al Código del Trabajo","2014-03-01 00:00:00.0","1900-01-01 00:00:00.0"
"San Carlos","Codigo del Trabajo","Sin Clasificación","Código del Trabajo","Joaquin Ignacio  Burgos Zuñiga","Auxiliar de Servicios Menores"," ","Personal No Pertenece A Planta","Afectos Al Código del Trabajo","2012-01-11 00:00:00.0","1900-01-01 00:00:00.0"
"San Carlos","Codigo del Trabajo","Sin Clasificación","Código del Trabajo","Evaristo Navarro Fuentes","Administrativo"," ","Contratados Sin Planta","Afectos Al Código del Trabajo","2010-03-01 00:00:00.0","1900-01-01 00:00:00.0"
"San Carlos","Codigo del Trabajo","Sin Clasificación","Código del Trabajo","Juan Luis Parra Contreras","Chófer"," ","Contratados Sin Planta","Afectos Al Código del Trabajo","2014-01-01 00:00:00.0","1900-01-01 00:00:00.0"
"San Carlos","Codigo del Trabajo","Sin Clasificación","Código del Trabajo","Fernando Norambuena San Martín","Asistente de La Educación"," ","Contratados Sin Planta","Afectos Al Código del Trabajo","2010-01-01 00:00:00.0","1900-01-01 00:00:00.0"
"San Carlos","Codigo del Trabajo","Sin Clasificación","Código del Trabajo","Ruth Elvira Cifuentes Morales","Inspector"," ","Contratados Sin Planta","Afectos Al Código del Trabajo","2010-01-01 00:00:00.0","1900-01-01 00:00:00.0"
"San Carlos","Codigo del Trabajo","Sin Clasificación","Código del Trabajo","Moises Toro Contreras","Asistente de La Educación"," ","Contratados Sin Planta","Afectos Al Código del Trabajo","2010-01-01 00:00:00.0","1900-01-01 00:00:00.0"
"San Carlos","Codigo del Trabajo","Sin Clasificación","Código del Trabajo","Mario Hernan Acevedo Acu¿a","Auxiliar de Servicios Menores"," ","Contratados Sin Planta","Afectos Al Código del Trabajo","2014-01-01 00:00:00.0","1900-01-01 00:00:00.0"
"San Carlos","Codigo del Trabajo","Sin Clasificación","Código del Trabajo","Manuel Antonio Sanhueza Belmar","Asistente de La Educación"," ","Contratados Sin Planta","Afectos Al Código del Trabajo","2010-01-01 00:00:00.0","1900-01-01 00:00:00.0"
"San Carlos","Codigo del Trabajo","Sin Clasificación","Código del Trabajo","Pablo Petronio Manzo Sepulveda","Asistente de La Educación"," ","Contratados Sin Planta","Afectos Al Código del Trabajo","2010-01-01 00:00:00.0","1900-01-01 00:00:00.0"
"San Carlos","Codigo del Trabajo","Sin Clasificación","Código del Trabajo","Luis Alberto Mora Llanos","Auxiliar de Servicios Menores"," ","Contratados Sin Planta","Afectos Al Código del Trabajo","2010-01-01 00:00:00.0","1900-01-01 00:00:00.0"
"San Carlos","Codigo del Trabajo","Sin Clasificación","Código del Trabajo","Francisco Javier Gomez Ortiz","Asistente de La Educación"," ","Contratados Sin Planta","Afectos Al Código del Trabajo","2010-01-01 00:00:00.0","1900-01-01 00:00:00.0"
"San Carlos","Codigo del Trabajo","Sin Clasificación","Código del Trabajo","Hector Tiburcio Ortiz Duarte","Auxiliar de Servicios Menores"," ","Contratados Sin Planta","Afectos Al Código del Trabajo","2010-01-01 00:00:00.0","1900-01-01 00:00:00.0"
"San Carlos","Codigo del Trabajo","Sin Clasificación","Código del Trabajo","Blanca Ines San Martin Valenzuela","Asistente de La Educación"," ","Contratados Sin Planta","Afectos Al Código del Trabajo","2010-01-01 00:00:00.0","1900-01-01 00:00:00.0"
"San Carlos","Codigo del Trabajo","Sin Clasificación","Código del Trabajo","Jose Eleazar Martinez Olave","Auxiliar de Servicios Menores"," ","Contratados Sin Planta","Afectos Al Código del Trabajo","2010-01-01 00:00:00.0","1900-01-01 00:00:00.0"
"San Carlos","Codigo del Trabajo","Sin Clasificación","Código del Trabajo","Enox Erasmo Pincheira Urrutia","Asistente de La Educación"," ","Contratados Sin Planta","Afectos Al Código del Trabajo","2008-11-10 00:00:00.0","1900-01-01 00:00:00.0"
"San Carlos","Codigo del Trabajo","Sin Clasificación","Código del Trabajo","Gladys del Carmen Venegas Olave","Auxiliar de Servicios Menores"," ","Contratados Sin Planta","Afectos Al Código del Trabajo","2010-01-01 00:00:00.0","1900-01-01 00:00:00.0"
"San Carlos","Codigo del Trabajo","Sin Clasificación","Código del Trabajo","Hilda Rosa Carrasco Lillo","Inspector"," ","Contratados Sin Planta","Afectos Al Código del Trabajo","2010-01-01 00:00:00.0","1900-01-01 00:00:00.0"
"San Carlos","Codigo del Trabajo","Sin Clasificación","Código del Trabajo","Luis Manuel Gonzalez Cancino","Asistente de La Educación"," ","Contratados Sin Planta","Afectos Al Código del Trabajo","2010-01-01 00:00:00.0","1900-01-01 00:00:00.0"
"San Carlos","Codigo del Trabajo","Sin Clasificación","Código del Trabajo","Luis Alejandrino Salda¿a Ortega","Auxiliar de Servicios Menores"," ","Contratados Sin Planta","Afectos Al Código del Trabajo","2014-01-01 00:00:00.0","1900-01-01 00:00:00.0"
"San Carlos","Codigo del Trabajo","Sin Clasificación","Código del Trabajo","Jorge Enrique Jeldres Morales","Asistente de La Educación"," ","Contratados Sin Planta","Afectos Al Código del Trabajo","2009-03-02 00:00:00.0","1900-01-01 00:00:00.0"
"San Carlos","Codigo del Trabajo","Sin Clasificación","Código del Trabajo","Ruben Antonio Toro Cofre","Auxiliar de Servicios Menores"," ","Contratados Sin Planta","Afectos Al Código del Trabajo","2010-01-01 00:00:00.0","1900-01-01 00:00:00.0"
"San Carlos","Codigo del Trabajo","Sin Clasificación","Código del Trabajo","Carlos Antonio Nuñez Muñoz","Asistente de La Educación"," ","Contratados Sin Planta","Afectos Al Código del Trabajo","2010-01-01 00:00:00.0","1900-01-01 00:00:00.0"
"San Carlos","Codigo del Trabajo","Sin Clasificación","Código del Trabajo","David Orlando Gomez Ortiz","Kinesiologo"," ","Contratados Sin Planta","Afectos Al Código del Trabajo","2010-01-01 00:00:00.0","1900-01-01 00:00:00.0"
"San Carlos","Codigo del Trabajo","Sin Clasificación","Código del Trabajo","Rodolfo Antonio Ascencio Torres","Encargado"," ","Personal No Pertenece A Planta","Afectos Al Código del Trabajo","2012-09-01 00:00:00.0","1900-01-01 00:00:00.0"
"San Carlos","Codigo del Trabajo","Sin Clasificación","Código del Trabajo","Juan Manuel Aguilera Mendez","Auxiliar"," ","Contratados Sin Planta","Afectos Al Código del Trabajo","2010-03-01 00:00:00.0","1900-01-01 00:00:00.0"
"San Carlos","Codigo del Trabajo","Sin Clasificación","Código del Trabajo","Sergio Hernan Rodriguez Poblete","Auxiliar de Servicios Menores"," ","Contratados Sin Planta","Afectos Al Código del Trabajo","2010-01-01 00:00:00.0","1900-01-01 00:00:00.0"
"San Carlos","Codigo del Trabajo","Sin Clasificación","Código del Trabajo","Orlando Manuel Aedo Cuevas","Asistente de La Educación"," ","Contratados Sin Planta","Afectos Al Código del Trabajo","2010-01-01 00:00:00.0","1900-01-01 00:00:00.0"
"San Carlos","Codigo del Trabajo","Sin Clasificación","Código del Trabajo","Rosa del Carmen Muñoz Castillo","Auxiliar de Servicios Menores"," ","Contratados Sin Planta","Afectos Al Código del Trabajo","2010-01-01 00:00:00.0","1900-01-01 00:00:00.0"
"San Carlos","Codigo del Trabajo","Sin Clasificación","Código del Trabajo","Gloria Mireya Ordenes Cerda","Asistente de La Educación"," ","Personal No Pertenece A Planta","Afectos Al Código del Trabajo","2011-03-01 00:00:00.0","1900-01-01 00:00:00.0"
"San Carlos","Codigo del Trabajo","Sin Clasificación","Código del Trabajo","Andres Ladislao Monsalve Vivanco","Asistente de La Educación"," ","Contratados Sin Planta","Afectos Al Código del Trabajo","2010-01-01 00:00:00.0","1900-01-01 00:00:00.0"
"San Carlos","Codigo del Trabajo","Sin Clasificación","Código del Trabajo","Olga  Margarita  Palma  Pereira","Administrativo"," ","Contratados Sin Planta","Afectos Al Código del Trabajo","2011-12-01 00:00:00.0","1900-01-01 00:00:00.0"
"San Carlos","Codigo del Trabajo","Sin Clasificación","Código del Trabajo","Blas Orlando Cabrera Espinoza","Encargado"," ","Contratados Sin Planta","Afectos Al Código del Trabajo","2014-01-01 00:00:00.0","1900-01-01 00:00:00.0"
"San Carlos","Codigo del Trabajo","Sin Clasificación","Código del Trabajo","Julia de La Rosa Ibañez Salvo","Inspector"," ","Contratados Sin Planta","Afectos Al Código del Trabajo","2010-01-01 00:00:00.0","1900-01-01 00:00:00.0"
"San Carlos","Codigo del Trabajo","Sin Clasificación","Código del Trabajo","Veronica del Carmen Candia Candia","Asistente de La Educación"," ","Contratados Sin Planta","Afectos Al Código del Trabajo","2010-01-01 00:00:00.0","1900-01-01 00:00:00.0"
"San Carlos","Codigo del Trabajo","Sin Clasificación","Código del Trabajo","Ubaldina del Carmen Zuñiga Fuentes","Asistente de La Educación"," ","Contratados Sin Planta","Afectos Al Código del Trabajo","2010-01-01 00:00:00.0","1900-01-01 00:00:00.0"
"San Carlos","Codigo del Trabajo","Sin Clasificación","Código del Trabajo","Jose Daniel Opazo Martinez","Asistente de La Educación"," ","Contratados Sin Planta","Afectos Al Código del Trabajo","2010-01-01 00:00:00.0","1900-01-01 00:00:00.0"
"San Carlos","Codigo del Trabajo","Sin Clasificación","Código del Trabajo","Hector Alejandro Schwerdtfeger Vivanco","Asistente de La Educación"," ","Contratados Sin Planta","Afectos Al Código del Trabajo","2010-01-01 00:00:00.0","1900-01-01 00:00:00.0"
"San Carlos","Codigo del Trabajo","Sin Clasificación","Código del Trabajo","Blanca Eulogia Riquelme Valdes","Asistente de La Educación"," ","Contratados Sin Planta","Afectos Al Código del Trabajo","2010-01-01 00:00:00.0","1900-01-01 00:00:00.0"
"San Carlos","Codigo del Trabajo","Sin Clasificación","Código del Trabajo","Isabel Cortes Latorre","Asistente de La Educación"," ","Contratados Sin Planta","Afectos Al Código del Trabajo","2010-01-01 00:00:00.0","1900-01-01 00:00:00.0"
"San Carlos","Codigo del Trabajo","Sin Clasificación","Código del Trabajo","Gaston Ivan Carrere Ramirez","Administrador"," ","Contratados Sin Planta","Afectos Al Código del Trabajo","1989-04-01 00:00:00.0","1900-01-01 00:00:00.0"
"San Carlos","Codigo del Trabajo","Sin Clasificación","Código del Trabajo","Luis Alberto Monsalve Navarrete","Auxiliar de Servicios Menores"," ","Contratados Sin Planta","Afectos Al Código del Trabajo","2010-01-01 00:00:00.0","1900-01-01 00:00:00.0"
"San Carlos","Codigo del Trabajo","Sin Clasificación","Código del Trabajo","Augusto Hernan Saldaña Ortega","Asistente de La Educación"," ","Contratados Sin Planta","Afectos Al Código del Trabajo","2010-01-01 00:00:00.0","1900-01-01 00:00:00.0"
"San Carlos","Codigo del Trabajo","Sin Clasificación","Código del Trabajo","Lucia Angelica Parra Castillo","Inspector"," ","Contratados Sin Planta","Afectos Al Código del Trabajo","2010-01-01 00:00:00.0","1900-01-01 00:00:00.0"
"San Carlos","Codigo del Trabajo","Sin Clasificación","Código del Trabajo","Antonio Lorenzo Ramon Leiva Ortiz","Asistente de La Educación"," ","Contratados Sin Planta","Afectos Al Código del Trabajo","2010-01-01 00:00:00.0","1900-01-01 00:00:00.0"
"San Carlos","Codigo del Trabajo","Sin Clasificación","Código del Trabajo","Aridais del Carmen Parra Navarrete","Auxiliar de Servicios Menores"," ","Personal No Pertenece A Planta","Afectos Al Código del Trabajo","2011-07-01 00:00:00.0","1900-01-01 00:00:00.0"
"San Carlos","Codigo del Trabajo","Sin Clasificación","Código del Trabajo","Maria Eugenia Vega Cisternas","Asistente de La Educación"," ","Contratados Sin Planta","Afectos Al Código del Trabajo","2010-01-01 00:00:00.0","1900-01-01 00:00:00.0"
"San Carlos","Codigo del Trabajo","Sin Clasificación","Código del Trabajo","Enrique  Alfonso Alarcon Silva","Asistente de La Educación"," ","Personal No Pertenece A Planta","Afectos Al Código del Trabajo","2013-01-01 00:00:00.0","1900-01-01 00:00:00.0"
"San Carlos","Codigo del Trabajo","Sin Clasificación","Código del Trabajo","Sergio Enrique Bahamondez Albornoz","Asistente de La Educación"," ","Contratados Sin Planta","Afectos Al Código del Trabajo","2010-01-01 00:00:00.0","1900-01-01 00:00:00.0"
"San Carlos","Codigo del Trabajo","Sin Clasificación","Código del Trabajo","Fresia Liliana Cerro Espinosa","Asistente de La Educación"," ","Contratados Sin Planta","Afectos Al Código del Trabajo","2010-01-01 00:00:00.0","1900-01-01 00:00:00.0"
"San Carlos","Codigo del Trabajo","Sin Clasificación","Código del Trabajo","Francisco Rolando Nuñez Muñoz","Inspector"," ","Contratados Sin Planta","Afectos Al Código del Trabajo","2010-01-01 00:00:00.0","1900-01-01 00:00:00.0"
"San Carlos","Codigo del Trabajo","Sin Clasificación","Código del Trabajo","Marisol de Las Mercedes Parra Sepúlveda","Educadora Párvulos"," ","Personal No Pertenece A Planta","Afectos Al Código del Trabajo","2011-07-01 00:00:00.0","1900-01-01 00:00:00.0"
"San Carlos","Codigo del Trabajo","Sin Clasificación","Código del Trabajo","Marisol de Jesus Rodriguez Rodriguez","Auxiliar de Servicios Menores"," ","Contratados Sin Planta","Afectos Al Código del Trabajo","2010-01-01 00:00:00.0","1900-01-01 00:00:00.0"
"San Carlos","Codigo del Trabajo","Sin Clasificación","Código del Trabajo","Marta Lidia Ortega Ortega","Asistente de La Educación"," ","Contratados Sin Planta","Afectos Al Código del Trabajo","2010-01-01 00:00:00.0","1900-01-01 00:00:00.0"
"San Carlos","Codigo del Trabajo","Sin Clasificación","Código del Trabajo","Eugenia del Carmen Vasquez Alarcon","Auxiliar de Servicios Menores"," ","Personal No Pertenece A Planta","Afectos Al Código del Trabajo","2012-05-15 00:00:00.0","1900-01-01 00:00:00.0"
"San Carlos","Codigo del Trabajo","Sin Clasificación","Código del Trabajo","Pedro Antonio Lara Unzueta","Asistente de La Educación"," ","Contratados Sin Planta","Afectos Al Código del Trabajo","2010-01-01 00:00:00.0","1900-01-01 00:00:00.0"
"San Carlos","Codigo del Trabajo","Sin Clasificación","Código del Trabajo","Hilario Ivan Zapata Uribe","Asistente de La Educación"," ","Contratados Sin Planta","Afectos Al Código del Trabajo","2010-01-01 00:00:00.0","1900-01-01 00:00:00.0"
"San Carlos","Codigo del Trabajo","Sin Clasificación","Código del Trabajo","Juan Guillermo Lizana Salinas","Asistente de La Educación"," ","Contratados Sin Planta","Afectos Al Código del Trabajo","2010-01-01 00:00:00.0","1900-01-01 00:00:00.0"
"San Carlos","Codigo del Trabajo","Sin Clasificación","Código del Trabajo","Irene del Carmen de La Fuente Contreras","Auxiliar de Servicios Menores"," ","Contratados Sin Planta","Afectos Al Código del Trabajo","2010-03-01 00:00:00.0","1900-01-01 00:00:00.0"
"San Carlos","Codigo del Trabajo","Sin Clasificación","Código del Trabajo","Mario Patricio Acuña Castillo","Administrativo"," ","Contratados Sin Planta","Afectos Al Código del Trabajo","2012-08-01 00:00:00.0","1900-01-01 00:00:00.0"
"San Carlos","Codigo del Trabajo","Sin Clasificación","Código del Trabajo","Natividad Bucarey Herrera","Asistente de La Educación"," ","Contratados Sin Planta","Afectos Al Código del Trabajo","2010-01-01 00:00:00.0","1900-01-01 00:00:00.0"
"San Carlos","Codigo del Trabajo","Sin Clasificación","Código del Trabajo","Sonia del Pilar Inostroza Inostroza","Asistente de La Educación"," ","Contratados Sin Planta","Afectos Al Código del Trabajo","2010-03-01 00:00:00.0","1900-01-01 00:00:00.0"
"San Carlos","Codigo del Trabajo","Sin Clasificación","Código del Trabajo","Myriam Adela  Martinez  Sierra","Secreto"," ","Contratados Sin Planta","Afectos Al Código del Trabajo","2014-01-20 00:00:00.0","1900-01-01 00:00:00.0"
"San Carlos","Codigo del Trabajo","Sin Clasificación","Código del Trabajo","Bernarda del Carmen Figueroa Romero","Asistente de La Educación"," ","Contratados Sin Planta","Afectos Al Código del Trabajo","2010-01-01 00:00:00.0","1900-01-01 00:00:00.0"
"San Carlos","Codigo del Trabajo","Sin Clasificación","Código del Trabajo","Ines Gabriela Aguilera Villalobos","Administrativo"," ","Contratados Sin Planta","Afectos Al Código del Trabajo","2012-03-31 00:00:00.0","1900-01-01 00:00:00.0"
"San Carlos","Codigo del Trabajo","Sin Clasificación","Código del Trabajo","Moises de La Rosa Labra Arteaga","Asistente de La Educación"," ","Contratados Sin Planta","Afectos Al Código del Trabajo","2010-01-01 00:00:00.0","1900-01-01 00:00:00.0"
"San Carlos","Codigo del Trabajo","Sin Clasificación","Código del Trabajo","Amina del Carmen Ortega Torres","Administrativo"," ","Contratados Sin Planta","Afectos Al Código del Trabajo","2010-01-01 00:00:00.0","1900-01-01 00:00:00.0"
"San Carlos","Codigo del Trabajo","Sin Clasificación","Código del Trabajo","Ivan Mauricio Andrade Cerda","Asistente de La Educación"," ","Contratados Sin Planta","Afectos Al Código del Trabajo","2010-01-01 00:00:00.0","1900-01-01 00:00:00.0"
"San Carlos","Codigo del Trabajo","Sin Clasificación","Código del Trabajo","Elizabeth de Lourdes Jeldres Arias","Asistente de La Educación"," ","Contratados Sin Planta","Afectos Al Código del Trabajo","2010-01-01 00:00:00.0","1900-01-01 00:00:00.0"
"San Carlos","Codigo del Trabajo","Sin Clasificación","Código del Trabajo","Margarita Bastias Flores","Asistente de La Educación"," ","Contratados Sin Planta","Afectos Al Código del Trabajo","2010-01-01 00:00:00.0","1900-01-01 00:00:00.0"
"San Carlos","Codigo del Trabajo","Sin Clasificación","Código del Trabajo","Luis Patricio Antonio Parada Berthet","Asistente de La Educación"," ","Contratados Sin Planta","Afectos Al Código del Trabajo","2010-01-01 00:00:00.0","1900-01-01 00:00:00.0"
"San Carlos","Codigo del Trabajo","Sin Clasificación","Código del Trabajo","Fidelina del Carmen Torres Saez","Auxiliar de Servicios Menores"," ","Contratados Sin Planta","Afectos Al Código del Trabajo","2010-10-01 00:00:00.0","1900-01-01 00:00:00.0"
"San Carlos","Codigo del Trabajo","Sin Clasificación","Código del Trabajo","Jorge Urbano Sepulveda Valenzuela","Asistente de La Educación"," ","Contratados Sin Planta","Afectos Al Código del Trabajo","2010-01-01 00:00:00.0","1900-01-01 00:00:00.0"
"San Carlos","Codigo del Trabajo","Sin Clasificación","Código del Trabajo","Miguel Angel Sepulveda Nuñez","Auxiliar de Servicios Menores"," ","Contratados Sin Planta","Afectos Al Código del Trabajo","2010-01-01 00:00:00.0","1900-01-01 00:00:00.0"
"San Carlos","Codigo del Trabajo","Sin Clasificación","Código del Trabajo","Margarita del Carmen Contreras Contreras","Asistente de La Educación"," ","Contratados Sin Planta","Afectos Al Código del Trabajo","2010-01-01 00:00:00.0","1900-01-01 00:00:00.0"
"San Carlos","Codigo del Trabajo","Sin Clasificación","Código del Trabajo","Nelson Ricardo Olave Uribe","Inspector"," ","Contratados Sin Planta","Afectos Al Código del Trabajo","2010-01-01 00:00:00.0","1900-01-01 00:00:00.0"
"San Carlos","Codigo del Trabajo","Sin Clasificación","Código del Trabajo","Domingo Esteban Quezada Sepulveda","Asistente de La Educación"," ","Contratados Sin Planta","Afectos Al Código del Trabajo","2010-01-01 00:00:00.0","1900-01-01 00:00:00.0"
"San Carlos","Codigo del Trabajo","Sin Clasificación","Código del Trabajo","Luis Fernando Arriagada Parra","Auxiliar de Servicios Menores"," ","Contratados Sin Planta","Afectos Al Código del Trabajo","2010-01-01 00:00:00.0","1900-01-01 00:00:00.0"
"San Carlos","Codigo del Trabajo","Sin Clasificación","Código del Trabajo","Maria Eugenia Vera Cortes","Jefe de Finanzas"," ","Contratados Sin Planta","Afectos Al Código del Trabajo","2013-11-12 00:00:00.0","1900-01-01 00:00:00.0"
"San Carlos","Codigo del Trabajo","Sin Clasificación","Código del Trabajo","Elsa Orieta Bustamante Badilla","Asistente de La Educación"," ","Contratados Sin Planta","Afectos Al Código del Trabajo","2010-01-01 00:00:00.0","1900-01-01 00:00:00.0"
"San Carlos","Codigo del Trabajo","Sin Clasificación","Código del Trabajo","Ricardo Enrique Espinoza Soto","Asistente de La Educación"," ","Contratados Sin Planta","Afectos Al Código del Trabajo","2010-01-01 00:00:00.0","1900-01-01 00:00:00.0"
"San Carlos","Codigo del Trabajo","Sin Clasificación","Código del Trabajo","Elvis Marcelo Fuentes Vasquez","Asistente de La Educación"," ","Contratados Sin Planta","Afectos Al Código del Trabajo","2010-01-01 00:00:00.0","1900-01-01 00:00:00.0"
"San Carlos","Codigo del Trabajo","Sin Clasificación","Código del Trabajo","Maria Luz Parra Sanhueza","Asistente de La Educación"," ","Contratados Sin Planta","Afectos Al Código del Trabajo","2010-01-01 00:00:00.0","1900-01-01 00:00:00.0"
"San Carlos","Codigo del Trabajo","Sin Clasificación","Código del Trabajo","Maria Cecilia Palma Pereira","Asistente de La Educación"," ","Contratados Sin Planta","Afectos Al Código del Trabajo","2010-01-01 00:00:00.0","1900-01-01 00:00:00.0"
"San Carlos","Codigo del Trabajo","Sin Clasificación","Código del Trabajo","Victor Samuel Petersen Davies","Asistente de La Educación"," ","Contratados Sin Planta","Afectos Al Código del Trabajo","2010-01-01 00:00:00.0","1900-01-01 00:00:00.0"
"San Carlos","Codigo del Trabajo","Sin Clasificación","Código del Trabajo","Maria de Las Mercedes Rebolledo Morales","Asistente de La Educación"," ","Contratados Sin Planta","Afectos Al Código del Trabajo","2010-01-01 00:00:00.0","1900-01-01 00:00:00.0"
"San Carlos","Codigo del Trabajo","Sin Clasificación","Código del Trabajo","Eduardo Crisostomo Acuña","Asistente de La Educación"," ","Contratados Sin Planta","Afectos Al Código del Trabajo","2010-01-01 00:00:00.0","1900-01-01 00:00:00.0"
"San Carlos","Codigo del Trabajo","Sin Clasificación","Código del Trabajo","Myrian Teresa Campos Meriño","Asistente de La Educación"," ","Contratados Sin Planta","Afectos Al Código del Trabajo","2010-01-01 00:00:00.0","1900-01-01 00:00:00.0"
"San Carlos","Codigo del Trabajo","Sin Clasificación","Código del Trabajo","Maria Antonieta Dominguez Aguilera","Asistente de La Educación"," ","Contratados Sin Planta","Afectos Al Código del Trabajo","2010-01-01 00:00:00.0","1900-01-01 00:00:00.0"
"San Carlos","Codigo del Trabajo","Sin Clasificación","Código del Trabajo","Jovina Haydee Aldana Contreras","Asistente de La Educación"," ","Contratados Sin Planta","Afectos Al Código del Trabajo","2010-01-01 00:00:00.0","1900-01-01 00:00:00.0"
"San Carlos","Codigo del Trabajo","Sin Clasificación","Código del Trabajo","Marianela del Carmen Marchant Ramirez","Secreto"," ","Contratados Sin Planta","Afectos Al Código del Trabajo","2010-11-01 00:00:00.0","1900-01-01 00:00:00.0"
"San Carlos","Codigo del Trabajo","Sin Clasificación","Código del Trabajo","Sandra Jeannette del Carmen Gaete Silva","Técnico"," ","Contratados Sin Planta","Afectos Al Código del Trabajo","2010-10-01 00:00:00.0","1900-01-01 00:00:00.0"
"San Carlos","Codigo del Trabajo","Sin Clasificación","Código del Trabajo","Maria Patricia del Carmen Contreras Ponce","Asistente de La Educación"," ","Contratados Sin Planta","Afectos Al Código del Trabajo","2010-01-01 00:00:00.0","1900-01-01 00:00:00.0"
"San Carlos","Codigo del Trabajo","Sin Clasificación","Código del Trabajo","Jose Cecilio Palma Saavedra","Asistente de La Educación"," ","Contratados Sin Planta","Afectos Al Código del Trabajo","2010-01-01 00:00:00.0","1900-01-01 00:00:00.0"
"San Carlos","Codigo del Trabajo","Sin Clasificación","Código del Trabajo","Rodolfo Antonio Collados Ortega","Asistente de La Educación"," ","Contratados Sin Planta","Afectos Al Código del Trabajo","2010-01-01 00:00:00.0","1900-01-01 00:00:00.0"
"San Carlos","Codigo del Trabajo","Sin Clasificación","Código del Trabajo","Mirtha Veronica Ortega Martinez","Asistente de La Educación"," ","Personal No Pertenece A Planta","Afectos Al Código del Trabajo","2013-03-01 00:00:00.0","1900-01-01 00:00:00.0"
"San Carlos","Codigo del Trabajo","Sin Clasificación","Código del Trabajo","Jose Enrique Saez Muñoz","Chófer"," ","Personal No Pertenece A Planta","Afectos Al Código del Trabajo","2014-03-01 00:00:00.0","1900-01-01 00:00:00.0"
"San Carlos","Codigo del Trabajo","Sin Clasificación","Código del Trabajo","Marisol de Las Rosas Espinoza Aravena","Asistente de La Educación"," ","Contratados Sin Planta","Afectos Al Código del Trabajo","2010-01-01 00:00:00.0","1900-01-01 00:00:00.0"
"San Carlos","Codigo del Trabajo","Sin Clasificación","Código del Trabajo","Yuri Jose Brito Solar","Asistente de La Educación"," ","Contratados Sin Planta","Afectos Al Código del Trabajo","2010-01-01 00:00:00.0","1900-01-01 00:00:00.0"
"San Carlos","Codigo del Trabajo","Sin Clasificación","Código del Trabajo","Jeanet Angelica Gajardo Hernandez","Asistente de La Educación"," ","Contratados Sin Planta","Afectos Al Código del Trabajo","2010-01-01 00:00:00.0","1900-01-01 00:00:00.0"
"San Carlos","Codigo del Trabajo","Sin Clasificación","Código del Trabajo","Maria Doralisa de La Fuente Sepulveda","Auxiliar de Párvulos"," ","Contratados Sin Planta","Afectos Al Código del Trabajo","2010-01-01 00:00:00.0","1900-01-01 00:00:00.0"
"San Carlos","Codigo del Trabajo","Sin Clasificación","Código del Trabajo","Luz Maris Saavedra Bahamondez","Asistente de La Educación"," ","Contratados Sin Planta","Afectos Al Código del Trabajo","2010-01-01 00:00:00.0","1900-01-01 00:00:00.0"
"San Carlos","Codigo del Trabajo","Sin Clasificación","Código del Trabajo","Gladys Alicia Quiroz Vivanco","Administrativo"," ","Contratados Sin Planta","Afectos Al Código del Trabajo","2011-12-01 00:00:00.0","1900-01-01 00:00:00.0"
"San Carlos","Codigo del Trabajo","Sin Clasificación","Código del Trabajo","Gladys Margarita Palma Lagos","Asistente de La Educación"," ","Contratados Sin Planta","Afectos Al Código del Trabajo","2010-01-01 00:00:00.0","1900-01-01 00:00:00.0"
"San Carlos","Codigo del Trabajo","Sin Clasificación","Código del Trabajo","Marcela Paz Fernandez Valenzuela","Asistente de La Educación"," ","Contratados Sin Planta","Afectos Al Código del Trabajo","2010-01-01 00:00:00.0","1900-01-01 00:00:00.0"
"San Carlos","Codigo del Trabajo","Sin Clasificación","Código del Trabajo","Veronica Yanett Arias Espinoza","Técnico"," ","Personal No Pertenece A Planta","Afectos Al Código del Trabajo","2011-09-01 00:00:00.0","1900-01-01 00:00:00.0"
"San Carlos","Codigo del Trabajo","Sin Clasificación","Código del Trabajo","Bella Luz Cerna Toledo","Asistente de La Educación"," ","Personal No Pertenece A Planta","Afectos Al Código del Trabajo","2011-02-23 00:00:00.0","1900-01-01 00:00:00.0"
"San Carlos","Codigo del Trabajo","Sin Clasificación","Código del Trabajo","Isavina del Carmen Marquez San Martin","Asistente de La Educación"," ","Contratados Sin Planta","Afectos Al Código del Trabajo","2010-01-01 00:00:00.0","1900-01-01 00:00:00.0"
"San Carlos","Codigo del Trabajo","Sin Clasificación","Código del Trabajo","Violeta del Carmen Urra Romero","Asistente"," ","Permanente","Afectos Al Código del Trabajo","2009-12-19 00:00:00.0","1900-01-01 00:00:00.0"
"San Carlos","Codigo del Trabajo","Sin Clasificación","Código del Trabajo","Margarita Veronica Sepulveda Zuñiga","Asistente de La Educación"," ","Contratados Sin Planta","Afectos Al Código del Trabajo","2008-09-01 00:00:00.0","1900-01-01 00:00:00.0"
"San Carlos","Codigo del Trabajo","Sin Clasificación","Código del Trabajo","Rosa Elvira Bustamante Lara","Asistente de La Educación"," ","Personal No Pertenece A Planta","Afectos Al Código del Trabajo","2013-01-01 00:00:00.0","1900-01-01 00:00:00.0"
"San Carlos","Codigo del Trabajo","Sin Clasificación","Código del Trabajo","Myriam Liliana Aguayo Muñoz","Auxiliar de Servicios Menores"," ","Contratados Sin Planta","Afectos Al Código del Trabajo","2010-01-01 00:00:00.0","1900-01-01 00:00:00.0"
"San Carlos","Codigo del Trabajo","Sin Clasificación","Código del Trabajo","Daniel Avelino Contreras Cuevas","Asistente de La Educación"," ","Contratados Sin Planta","Afectos Al Código del Trabajo","2010-01-01 00:00:00.0","1900-01-01 00:00:00.0"
"San Carlos","Codigo del Trabajo","Sin Clasificación","Código del Trabajo","Raul Santiago Jimenez Bonhomme","Asistente de La Educación"," ","Contratados Sin Planta","Afectos Al Código del Trabajo","2009-12-16 00:00:00.0","1900-01-01 00:00:00.0"
"San Carlos","Codigo del Trabajo","Sin Clasificación","Código del Trabajo","Hilda Carina Carrasco Cuevas","Asistente Social"," ","Contratados Sin Planta","Afectos Al Código del Trabajo","2002-06-13 00:00:00.0","1900-01-01 00:00:00.0"
"San Carlos","Codigo del Trabajo","Sin Clasificación","Código del Trabajo","Antonia del Trnasito Castro Figueroa","Técnico"," ","Contratados Sin Planta","Afectos Al Código del Trabajo","2010-04-01 00:00:00.0","1900-01-01 00:00:00.0"
