"Comuna","Tipo de Contratación","Área","Calidad","Nombre","Cargo","Grado","Planta","Remuneración","Fecha desde","Fecha hasta"
"Lago Ranco","Honorarios","Programa Comunitario","Programa Comunitario","Violena Flor Huequelef  Velasquez","","SIN INFORMACION","","","2019-05-01 00:00:00.0","2019-08-01 00:00:00.0"
"Lago Ranco","Honorarios","Programa Comunitario","Programa Comunitario","Maria Luisa Calfupan  Collihuinca","","SIN INFORMACION","","","2019-10-01 00:00:00.0","2019-12-27 00:00:00.0"
"Lago Ranco","Honorarios","Programa Comunitario","Programa Comunitario","Rosa Eugenia Provoste Solis","","SIN INFORMACION","","","2019-05-06 00:00:00.0","2019-08-06 00:00:00.0"
"Lago Ranco","Honorarios","Programa Comunitario","Programa Comunitario","Sergio Antonio Solis  Molina","","SIN INFORMACION","","","2019-05-06 00:00:00.0","2019-08-06 00:00:00.0"
"Lago Ranco","Honorarios","Programa Comunitario","Programa Comunitario","Eduardo Andrés Melián Ubilla","","SIN INFORMACION","","","2019-07-01 00:00:00.0","2019-08-31 00:00:00.0"
"Lago Ranco","Honorarios","Programa Comunitario","Programa Comunitario","Ivonne Annalia Yaeger Zapata","","SIN INFORMACION","","","2019-01-17 00:00:00.0","2019-02-28 00:00:00.0"
"Lago Ranco","Honorarios","Programa Comunitario","Programa Comunitario","Angelo Antonio Reyes Jara","","SIN INFORMACION","","","2019-06-15 00:00:00.0","2019-12-31 00:00:00.0"
"Lago Ranco","Honorarios","Programa Comunitario","Programa Comunitario","Víctor José Yefi Cárcamo","","SIN INFORMACION","","","2019-06-16 00:00:00.0","2019-10-31 00:00:00.0"
"Lago Ranco","Honorarios","Programa Comunitario","Programa Comunitario","Ignacio Daniel Fernández Garcés","","SIN INFORMACION","","","2019-07-01 00:00:00.0","2019-12-31 00:00:00.0"
"Lago Ranco","Honorarios","Programa Comunitario","Programa Comunitario","Carlos Andrés Oyarzún Jiménez","","SIN INFORMACION","","","2019-07-15 00:00:00.0","2019-12-31 00:00:00.0"
"Lago Ranco","Honorarios","Programa Comunitario","Programa Comunitario","Patricia del Rosario Quichel Abarca","","SIN INFORMACION","","","2019-05-06 00:00:00.0","2019-08-06 00:00:00.0"
"Lago Ranco","Honorarios","Programa Comunitario","Programa Comunitario","Patricio Alfonso Cancino  Aravena","","SIN INFORMACION","","","2019-03-01 00:00:00.0","2019-12-31 00:00:00.0"
