"Comuna","Tipo de Contratación","Área","Calidad","Nombre","Cargo","Grado","Planta","Remuneración","Fecha desde","Fecha hasta"
"Lago Ranco","Contrata","Salud","Contrata","Fredy Daladiher Velasquez Duran","Auxiliar de Servicio de Salud","SIN INFORMACION","Contratados Sin Planta","Estatuto Atención Primaria de Salud Municipal  Ley N°19.378","2019-01-01 00:00:00.0","2019-12-31 00:00:00.0"
"Lago Ranco","Contrata","Salud","Contrata","Loreto Alejandra Diaz Gallardo","Profesional","SIN INFORMACION","Contratados Sin Planta","Estatuto Atención Primaria de Salud Municipal  Ley N°19.378","2019-01-01 00:00:00.0","2019-12-31 00:00:00.0"
"Lago Ranco","Contrata","Salud","Contrata","Edgardo Alexis Arriagada Vergara","Auxiliar de Servicio de Salud","SIN INFORMACION","Contratados Sin Planta","Estatuto Atención Primaria de Salud Municipal  Ley N°19.378","2019-01-01 00:00:00.0","2019-12-31 00:00:00.0"
"Lago Ranco","Contrata","Salud","Contrata","Mauricio Andres Huenchul Flores","Técnico de Nivel Superior","SIN INFORMACION","Contratados Sin Planta","Estatuto Atención Primaria de Salud Municipal  Ley N°19.378","2019-01-01 00:00:00.0","2019-12-31 00:00:00.0"
"Lago Ranco","Contrata","Salud","Contrata","German Benito Zu¿iga Campos","Profesional","SIN INFORMACION","Contratados Sin Planta","Estatuto Atención Primaria de Salud Municipal  Ley N°19.378","2019-01-01 00:00:00.0","2019-12-31 00:00:00.0"
"Lago Ranco","Contrata","Salud","Contrata","Isabel Carolina Guzmán Poblete","Profesional","SIN INFORMACION","Contratados Sin Planta","Estatuto Atención Primaria de Salud Municipal  Ley N°19.378","2019-01-01 00:00:00.0","2019-12-31 00:00:00.0"
"Lago Ranco","Contrata","Salud","Contrata","Miguel Angel Estrada Carrillo","Auxiliar de Servicio de Salud","SIN INFORMACION","Contratados Sin Planta","Estatuto Atención Primaria de Salud Municipal  Ley N°19.378","2019-01-01 00:00:00.0","2019-12-31 00:00:00.0"
"Lago Ranco","Contrata","Salud","Contrata","Guillermo Jonathan Salas Montenegro","Administrativo Crea de Salud","SIN INFORMACION","Contratados Sin Planta","Estatuto Atención Primaria de Salud Municipal  Ley N°19.378","2019-01-01 00:00:00.0","2019-12-31 00:00:00.0"
"Lago Ranco","Contrata","Salud","Contrata","Haydee Liliana Uribe Prieto","Técnico de Nivel Superior","SIN INFORMACION","Contratados Sin Planta","Estatuto Atención Primaria de Salud Municipal  Ley N°19.378","2019-01-01 00:00:00.0","2019-12-31 00:00:00.0"
"Lago Ranco","Contrata","Salud","Contrata","Carolina del Carmen Sanhueza Navarro","Técnico de Nivel Superior","SIN INFORMACION","Contratados Sin Planta","Estatuto Atención Primaria de Salud Municipal  Ley N°19.378","2019-06-01 00:00:00.0","2019-09-30 00:00:00.0"
"Lago Ranco","Contrata","Salud","Contrata","Daisy Andrea Delgado Martin","Técnico de Nivel Superior","SIN INFORMACION","Contratados Sin Planta","Estatuto Atención Primaria de Salud Municipal  Ley N°19.378","2019-01-01 00:00:00.0","2019-12-31 00:00:00.0"
"Lago Ranco","Contrata","Salud","Contrata","Cristian Alejandro Yañez Sanhueza","Profesional","SIN INFORMACION","Contratados Sin Planta","Estatuto Atención Primaria de Salud Municipal  Ley N°19.378","2019-01-01 00:00:00.0","2019-12-31 00:00:00.0"
"Lago Ranco","Contrata","Salud","Contrata","Esteban Raul Hott Medina","Profesional","SIN INFORMACION","Contratados Sin Planta","Estatuto Atención Primaria de Salud Municipal  Ley N°19.378","2019-01-01 00:00:00.0","2019-12-31 00:00:00.0"
"Lago Ranco","Contrata","Salud","Contrata","Francisco Javier Martinez Doepking","Profesional","SIN INFORMACION","Contratados Sin Planta","Estatuto Atención Primaria de Salud Municipal  Ley N°19.378","2019-01-01 00:00:00.0","2019-12-31 00:00:00.0"
"Lago Ranco","Contrata","Salud","Contrata","Marlys Yesenia Lobos Maldonado","Técnico de Nivel Superior","SIN INFORMACION","Contratados Sin Planta","Estatuto Atención Primaria de Salud Municipal  Ley N°19.378","2019-01-01 00:00:00.0","2019-12-31 00:00:00.0"
"Lago Ranco","Contrata","Salud","Contrata","Carlos Alberto Cifuentes Tapia","Auxiliar de Servicio de Salud","SIN INFORMACION","Contratados Sin Planta","Estatuto Atención Primaria de Salud Municipal  Ley N°19.378","2019-01-01 00:00:00.0","2019-12-31 00:00:00.0"
"Lago Ranco","Contrata","Salud","Contrata","Jessica Ines Aguila Llanquilef","Profesional","SIN INFORMACION","Contratados Sin Planta","Estatuto Atención Primaria de Salud Municipal  Ley N°19.378","2019-01-01 00:00:00.0","2019-12-31 00:00:00.0"
"Lago Ranco","Contrata","Salud","Contrata","Daniela Priscila  Gonzalez  Tapia","Profesional","SIN INFORMACION","Contratados Sin Planta","Estatuto Atención Primaria de Salud Municipal  Ley N°19.378","2019-01-01 00:00:00.0","2019-12-31 00:00:00.0"
"Lago Ranco","Contrata","Salud","Contrata","Maria Daniela Velasquez Oporto","Profesional","SIN INFORMACION","Contratados Sin Planta","Estatuto Atención Primaria de Salud Municipal  Ley N°19.378","2019-01-01 00:00:00.0","2019-12-31 00:00:00.0"
"Lago Ranco","Contrata","Salud","Contrata","Carlos Andres Gonzalez  Moreira","Profesional","SIN INFORMACION","Contratados Sin Planta","Estatuto Atención Primaria de Salud Municipal  Ley N°19.378","2019-01-01 00:00:00.0","2019-12-31 00:00:00.0"
"Lago Ranco","Contrata","Salud","Contrata","Veronica Alejandra Pugin Carrasco","Profesional","SIN INFORMACION","Contratados Sin Planta","Estatuto Atención Primaria de Salud Municipal  Ley N°19.378","2019-01-01 00:00:00.0","2019-12-31 00:00:00.0"
"Lago Ranco","Contrata","Salud","Contrata","Alvaro Daniel Sandoval Vallejos","Profesional","SIN INFORMACION","Contratados Sin Planta","Estatuto Atención Primaria de Salud Municipal  Ley N°19.378","2019-03-11 00:00:00.0","2019-04-30 00:00:00.0"
"Lago Ranco","Contrata","Salud","Contrata","Esteban Daniel Rojas  Ancacura","Administrativo Crea de Salud","SIN INFORMACION","Contratados Sin Planta","Estatuto Atención Primaria de Salud Municipal  Ley N°19.378","2019-01-01 00:00:00.0","2019-12-31 00:00:00.0"
"Lago Ranco","Contrata","Salud","Contrata","Jessica Ivonne Millahuanque Calcumil","Técnico de Nivel Superior","SIN INFORMACION","Contratados Sin Planta","Estatuto Atención Primaria de Salud Municipal  Ley N°19.378","2019-01-01 00:00:00.0","2019-12-31 00:00:00.0"
"Lago Ranco","Contrata","Salud","Contrata","Catalina Beatriz Hott Leal","Técnico de Nivel Superior","SIN INFORMACION","Contratados Sin Planta","Estatuto Atención Primaria de Salud Municipal  Ley N°19.378","2019-01-01 00:00:00.0","2019-12-31 00:00:00.0"
"Lago Ranco","Contrata","Salud","Contrata","Francisco Uribe Carrillo","Profesional","SIN INFORMACION","Contratados Sin Planta","Estatuto Atención Primaria de Salud Municipal  Ley N°19.378","2019-09-01 00:00:00.0","2019-12-31 00:00:00.0"
"Lago Ranco","Contrata","Salud","Contrata","Katherine Elizabeth Maldonado Olivares","Técnico de Nivel Superior","SIN INFORMACION","Contratados Sin Planta","Estatuto Atención Primaria de Salud Municipal  Ley N°19.378","2019-01-01 00:00:00.0","2019-12-31 00:00:00.0"
"Lago Ranco","Contrata","Salud","Contrata","Fiorella Victoria Molina Casciola","Profesional","SIN INFORMACION","Contratados Sin Planta","Estatuto Atención Primaria de Salud Municipal  Ley N°19.378","2019-01-01 00:00:00.0","2019-12-31 00:00:00.0"
"Lago Ranco","Contrata","Salud","Contrata","Jennifer Andrea Hernandez Quintana","Profesional","SIN INFORMACION","Contratados Sin Planta","Estatuto Atención Primaria de Salud Municipal  Ley N°19.378","2019-01-01 00:00:00.0","2019-12-31 00:00:00.0"
"Lago Ranco","Contrata","Salud","Contrata","Brigitte Araceli Castillo Quezada","Técnico de Nivel Superior","SIN INFORMACION","Contratados Sin Planta","Estatuto Atención Primaria de Salud Municipal  Ley N°19.378","2019-01-01 00:00:00.0","2019-12-31 00:00:00.0"
"Lago Ranco","Contrata","Salud","Contrata","Priscila Eunice Martin Gomez","Técnico de Nivel Superior","SIN INFORMACION","Contratados Sin Planta","Estatuto Atención Primaria de Salud Municipal  Ley N°19.378","2019-01-01 00:00:00.0","2019-12-31 00:00:00.0"
"Lago Ranco","Contrata","Salud","Contrata","Gabriel Irenio Jesus Cardenas Silva","Auxiliar de Servicio de Salud","SIN INFORMACION","Contratados Sin Planta","Estatuto Atención Primaria de Salud Municipal  Ley N°19.378","2019-01-01 00:00:00.0","2019-02-28 00:00:00.0"
"Lago Ranco","Contrata","Salud","Contrata","Barbara Araceli Torres Arriagada","Técnico de Nivel Superior","SIN INFORMACION","Contratados Sin Planta","Estatuto Atención Primaria de Salud Municipal  Ley N°19.378","2019-01-01 00:00:00.0","2019-12-31 00:00:00.0"
"Lago Ranco","Contrata","Salud","Contrata","Clara Ines Burgos  Carrasco","Técnico de Nivel Superior","SIN INFORMACION","Contratados Sin Planta","Estatuto Atención Primaria de Salud Municipal  Ley N°19.378","2019-03-01 00:00:00.0","2019-12-31 00:00:00.0"
"Lago Ranco","Contrata","Salud","Contrata","Hilario Alfonso  Huaiqui  Paredes","Auxiliar de Servicio de Salud","SIN INFORMACION","Contratados Sin Planta","Estatuto Atención Primaria de Salud Municipal  Ley N°19.378","2019-01-01 00:00:00.0","2019-12-31 00:00:00.0"
"Lago Ranco","Contrata","Salud","Contrata","Vania Odette Duarte Pardo","Técnico de Nivel Superior","SIN INFORMACION","Contratados Sin Planta","Estatuto Atención Primaria de Salud Municipal  Ley N°19.378","2019-01-01 00:00:00.0","2019-12-31 00:00:00.0"
"Lago Ranco","Contrata","Salud","Contrata","Carolina Julio de La Rosa","Profesional","SIN INFORMACION","Contratados Sin Planta","Estatuto Atención Primaria de Salud Municipal  Ley N°19.378","2019-02-18 00:00:00.0","2019-12-31 00:00:00.0"
