"Comuna","Tipo de Contratación","Área","Calidad","Nombre","Cargo","Grado","Planta","Remuneración","Fecha desde","Fecha hasta"
"Lago Ranco","Planta Titular","Salud","Titular","Alfonso Patricio Brandt Vergara","Conductor"," ","Auxiliares de Servicios de Salud Categoría F","Estatuto Atención Primaria de Salud Municipal  Ley N°19.378","2014-01-01 00:00:00.0","1900-01-01 00:00:00.0"
"Lago Ranco","Planta Titular","Salud","Titular","Marcia de Las Mercedes Chavez Astroza","Tecnologo Medico"," ","Profesionales Categoría B","Estatuto Atención Primaria de Salud Municipal  Ley N°19.378","2014-01-01 00:00:00.0","1900-01-01 00:00:00.0"
"Lago Ranco","Planta Titular","Salud","Titular","Silvia Irene Avila Zuñiga","Técnico de Nivel Superior","SIN INFORMACION","Técnicos de Nivel Superior Categoría C","Estatuto Atención Primaria de Salud Municipal  Ley N°19.378","2015-01-01 00:00:00.0","1900-01-01 00:00:00.0"
"Lago Ranco","Planta Titular","Salud","Titular","Ana Maria Silva Solis","Administrativo Crea de Salud","SIN INFORMACION","Administrativos de Salud Categoría E","Estatuto Atención Primaria de Salud Municipal  Ley N°19.378","2015-01-01 00:00:00.0","1900-01-01 00:00:00.0"
"Lago Ranco","Planta Titular","Salud","Titular","Marcelo Alberto Contreras Lleufo","Conductor de Vehículos","SIN INFORMACION","Auxiliares de Servicios de Salud Categoría F","Sin Información","2016-01-01 00:00:00.0","1900-01-01 00:00:00.0"
"Lago Ranco","Planta Titular","Salud","Titular","Arnoldo Dagoberto Carcamo Marquez","Conductor de Vehículos","SIN INFORMACION","Auxiliares de Servicios de Salud Categoría F","Sin Información","2016-01-01 00:00:00.0","1900-01-01 00:00:00.0"
"Lago Ranco","Planta Titular","Salud","Titular","Claudia Irene Nuñez Navarro","Administrativo Crea de Salud","SIN INFORMACION","Administrativos de Salud Categoría E","Estatuto Atención Primaria de Salud Municipal  Ley N°19.378","2015-01-01 00:00:00.0","1900-01-01 00:00:00.0"
"Lago Ranco","Planta Titular","Salud","Titular","Mirta Ivonn Concha Oporto","Técnico En Enfermeras","SIN INFORMACION","Técnicos de Nivel Superior Categoría C","Sin Información","2016-01-01 00:00:00.0","1900-01-01 00:00:00.0"
"Lago Ranco","Planta Titular","Salud","Titular","Javier Evaristo  San Martin  Ramirez","Auxiliar de Servicio de Salud","SIN INFORMACION","Auxiliares de Servicios de Salud Categoría F","Estatuto Atención Primaria de Salud Municipal  Ley N°19.378","2016-01-01 00:00:00.0","1900-01-01 00:00:00.0"
"Lago Ranco","Planta Titular","Salud","Titular","Guissela Esther Casanova Leon","Administrativo"," ","Administrativos de Salud Categoría E","Estatuto Atención Primaria de Salud Municipal  Ley N°19.378","2014-01-01 00:00:00.0","1900-01-01 00:00:00.0"
"Lago Ranco","Planta Titular","Salud","Titular","Paola Sofía Tutt Toledo","Profesional","SIN INFORMACION","Profesionales Categoría B","Estatuto Atención Primaria de Salud Municipal  Ley N°19.378","2015-01-01 00:00:00.0","1900-01-01 00:00:00.0"
"Lago Ranco","Planta Titular","Salud","Titular","Sandra Soledad Lleufo Catrihual","Técnico de Nivel Superior"," ","Técnicos de Nivel Superior Categoría C","Estatuto Atención Primaria de Salud Municipal  Ley N°19.378","2014-01-01 00:00:00.0","1900-01-01 00:00:00.0"
"Lago Ranco","Planta Titular","Salud","Titular","Marlene Catalina Ulloa Velastin","Matrona","SIN INFORMACION","Profesionales Categoría B","Sin Información","2016-01-01 00:00:00.0","1900-01-01 00:00:00.0"
"Lago Ranco","Planta Titular","Salud","Titular","Pamela Beatriz Vera Huaituyao","Técnico de Nivel Superior"," ","Técnicos de Nivel Superior Categoría C","Estatuto Atención Primaria de Salud Municipal  Ley N°19.378","2014-01-01 00:00:00.0","1900-01-01 00:00:00.0"
"Lago Ranco","Planta Titular","Salud","Titular","Cristina Soledad Manzano Vejar","Psicopedagogo","SIN INFORMACION","Profesionales Categoría B","Sin Información","2015-01-01 00:00:00.0","1900-01-01 00:00:00.0"
"Lago Ranco","Planta Titular","Salud","Titular","Aldo Enrique Paredes Gatica","Conductor de Vehículos","SIN INFORMACION","Auxiliares de Servicios de Salud Categoría F","Sin Información","2015-01-01 00:00:00.0","1900-01-01 00:00:00.0"
"Lago Ranco","Planta Titular","Salud","Titular","Cesar Andres  Medina  Barriga","Técnico de Nivel Superior","SIN INFORMACION","Técnicos de Nivel Superior Categoría C","Estatuto Atención Primaria de Salud Municipal  Ley N°19.378","2015-01-01 00:00:00.0","1900-01-01 00:00:00.0"
"Lago Ranco","Planta Titular","Salud","Titular","Gloria Jeanette Ojeda Gonzalez","Técnico de Nivel Superior"," ","Técnicos de Nivel Superior Categoría C","Estatuto Atención Primaria de Salud Municipal  Ley N°19.378","2014-01-01 00:00:00.0","1900-01-01 00:00:00.0"
"Lago Ranco","Planta Titular","Salud","Titular","Marcela Alejandra Monsalve Corona","Técnico de Nivel Superior","SIN INFORMACION","Técnicos de Nivel Superior Categoría C","Estatuto Atención Primaria de Salud Municipal  Ley N°19.378","2015-01-01 00:00:00.0","1900-01-01 00:00:00.0"
"Lago Ranco","Planta Titular","Salud","Titular","Jacqueline Ivonne Peralta Arismendi","Técnico de Nivel Superior","SIN INFORMACION","Técnicos de Nivel Superior Categoría C","Sin Información","2016-01-01 00:00:00.0","1900-01-01 00:00:00.0"
"Lago Ranco","Planta Titular","Salud","Titular","Carla Sabina Muñoz Jabalquinto","Profesional","SIN INFORMACION","Profesionales Categoría B","Estatuto Atención Primaria de Salud Municipal  Ley N°19.378","2015-01-01 00:00:00.0","1900-01-01 00:00:00.0"
"Lago Ranco","Planta Titular","Salud","Titular","Marjorie Paulina Flores Lagos","Kinesiologo","SIN INFORMACION","Profesionales Categoría B","Sin Información","2016-01-01 00:00:00.0","1900-01-01 00:00:00.0"
"Lago Ranco","Planta Titular","Salud","Titular","Aura Dina Muñoz Gomez","Nutricionista"," ","Profesionales Categoría B","Estatuto Atención Primaria de Salud Municipal  Ley N°19.378","2014-01-01 00:00:00.0","1900-01-01 00:00:00.0"
"Lago Ranco","Planta Titular","Salud","Titular","Victor Javier Catalan Moll","Auxiliar de Servicio de Salud"," ","Auxiliares de Servicios de Salud Categoría F","Estatuto Atención Primaria de Salud Municipal  Ley N°19.378","2014-01-01 00:00:00.0","1900-01-01 00:00:00.0"
"Lago Ranco","Planta Titular","Salud","Titular","Oriana Andrea Molina Calcumil","Técnico En Enfermeras","SIN INFORMACION","Técnicos de Nivel Superior Categoría C","Sin Información","2016-01-01 00:00:00.0","1900-01-01 00:00:00.0"
"Lago Ranco","Planta Titular","Salud","Titular","Francisco Orlando Quinillao Santibañez","Técnico de Nivel Superior","SIN INFORMACION","Técnicos de Nivel Superior Categoría C","Estatuto Atención Primaria de Salud Municipal  Ley N°19.378","2015-01-01 00:00:00.0","1900-01-01 00:00:00.0"
"Lago Ranco","Planta Titular","Salud","Titular","Dennis Bernarda Monsalve Fuentes","Técnico de Nivel Superior"," ","Técnicos de Nivel Superior Categoría C","Estatuto Atención Primaria de Salud Municipal  Ley N°19.378","2014-01-01 00:00:00.0","1900-01-01 00:00:00.0"
"Lago Ranco","Planta Titular","Salud","Titular","Paola Isolina Aguila Guenupan","Técnico En Enfermeras","SIN INFORMACION","Técnicos de Nivel Superior Categoría C","Sin Información","2016-01-01 00:00:00.0","1900-01-01 00:00:00.0"
"Lago Ranco","Planta Titular","Salud","Titular","Paulina Irene Alvarez Arteaga","Administrativo"," ","Administrativos de Salud Categoría E","Estatuto Atención Primaria de Salud Municipal  Ley N°19.378","2014-01-01 00:00:00.0","1900-01-01 00:00:00.0"
"Lago Ranco","Planta Titular","Salud","Titular","Carlos Humberto  Leal  Huequelef","Técnico Administrativo","SIN INFORMACION","Técnicos de Nivel Superior Categoría C","Sin Información","2015-01-01 00:00:00.0","1900-01-01 00:00:00.0"
"Lago Ranco","Planta Titular","Salud","Titular","Viviana Mabel Vicuña Fernandez","Administrativo Crea de Salud","SIN INFORMACION","Administrativos de Salud Categoría E","Estatuto Atención Primaria de Salud Municipal  Ley N°19.378","2016-01-01 00:00:00.0","1900-01-01 00:00:00.0"
"Lago Ranco","Planta Titular","Salud","Titular","Andrea Yaneth Catrinahuel Santana","Asistente Social","SIN INFORMACION","Profesionales Categoría B","Sin Información","2016-01-01 00:00:00.0","1900-01-01 00:00:00.0"
"Lago Ranco","Planta Titular","Salud","Titular","Debora Elizabeth  Carcamo Reyes","Técnico En Enfermeras","SIN INFORMACION","Técnicos de Nivel Superior Categoría C","Sin Información","2016-01-01 00:00:00.0","1900-01-01 00:00:00.0"
"Lago Ranco","Planta Titular","Salud","Titular","Carolina Isabel Riquelme Rudolph","Administrativo"," ","Administrativos de Salud Categoría E","Estatuto Atención Primaria de Salud Municipal  Ley N°19.378","2014-01-01 00:00:00.0","1900-01-01 00:00:00.0"
"Lago Ranco","Planta Titular","Salud","Titular","Daniela Alejandra Lagos Vidal","Matrona","SIN INFORMACION","Profesionales Categoría B","Sin Información","2016-01-01 00:00:00.0","1900-01-01 00:00:00.0"
"Lago Ranco","Planta Titular","Salud","Titular","Paola Cristina Cumian Vergara","Técnico de Nivel Superior","SIN INFORMACION","Técnicos de Nivel Superior Categoría C","Estatuto Atención Primaria de Salud Municipal  Ley N°19.378","2016-01-01 00:00:00.0","1900-01-01 00:00:00.0"
"Lago Ranco","Planta Titular","Salud","Titular","Osvaldo Antonio Merino Medina","Técnico de Nivel Superior","SIN INFORMACION","Técnicos de Nivel Superior Categoría C","Estatuto Atención Primaria de Salud Municipal  Ley N°19.378","2016-01-01 00:00:00.0","1900-01-01 00:00:00.0"
"Lago Ranco","Planta Titular","Salud","Titular","Monica Liliana Sarmiento Roncancio","Director de Establecimiento de Salud Municipal","SIN INFORMACION","Profesionales Categoría A","Estatuto Atención Primaria de Salud Municipal  Ley N°19.378","2017-07-03 00:00:00.0","2020-07-03 00:00:00.0"
"Lago Ranco","Planta Titular","Salud","Titular","Janeth Patricia Sarmiento Roncancio","Cirujano Dentista","SIN INFORMACION","Profesionales Categoría A","Sin Información","2016-01-01 00:00:00.0","1900-01-01 00:00:00.0"
"Lago Ranco","Planta Titular","Salud","Titular","Hilario Alberto Vera Cardenas","Técnico"," ","Empleados","Escala Atención Primaria de Salud Municipal","2009-01-01 00:00:00.0","1900-01-01 00:00:00.0"
"Lago Ranco","Planta Titular","Salud","Titular","Victor Manuel Machmar Habert","Conductor de Vehículos","SIN INFORMACION","Auxiliares de Servicios de Salud Categoría F","Sin Información","2016-01-01 00:00:00.0","1900-01-01 00:00:00.0"
"Lago Ranco","Planta Titular","Salud","Titular","Hugo Roberto  Peña Vega","Auxiliar de Servicio de Salud","SIN INFORMACION","Auxiliares de Servicios de Salud Categoría F","Estatuto Atención Primaria de Salud Municipal  Ley N°19.378","2015-01-01 00:00:00.0","1900-01-01 00:00:00.0"
"Lago Ranco","Planta Titular","Salud","Titular","Veronica Eliana Benitez Salas","Directivo"," ","Directivos","Estatuto Atención Primaria de Salud Municipal  Ley N°19.378","2014-01-01 00:00:00.0","1900-01-01 00:00:00.0"
"Lago Ranco","Planta Titular","Salud","Titular","Victor Hugo Jara Leal","Auxiliar de Servicio de Salud","SIN INFORMACION","Auxiliares de Servicios de Salud Categoría F","Estatuto Atención Primaria de Salud Municipal  Ley N°19.378","2016-01-01 00:00:00.0","1900-01-01 00:00:00.0"
"Lago Ranco","Planta Titular","Salud","Titular","Millaray Adira Catalan Fuentes","Administrativo Crea de Salud","SIN INFORMACION","Administrativos de Salud Categoría E","Sin Información","2016-01-01 00:00:00.0","1900-01-01 00:00:00.0"
