"Comuna","Tipo de Contratación","Área","Calidad","Nombre","Cargo","Grado","Planta","Remuneración","Fecha desde","Fecha hasta"
"Corral","Contrata","Municipal","Contrata","Carlos Alejandro Nuñez Nuñez","Profesional","11°","Profesionales","Escala Municipal","2019-01-01 00:00:00.0","2019-12-31 00:00:00.0"
"Corral","Contrata","Municipal","Contrata","Ivan Ruperto Gutierrez Araneda","Auxiliar","17°","Auxiliares","Escala Municipal","2019-01-01 00:00:00.0","2019-12-31 00:00:00.0"
"Corral","Contrata","Municipal","Contrata","Yessica del Carmen Perez Macaya","Administrativo","15°","Administrativos","Escala Municipal","2019-01-01 00:00:00.0","2019-12-31 00:00:00.0"
"Corral","Contrata","Municipal","Contrata","Luis Ivan Molina Aguila","Auxiliar","17°","Auxiliares","Escala Municipal","2019-01-01 00:00:00.0","2019-12-31 00:00:00.0"
"Corral","Contrata","Municipal","Contrata","Iris Soledad Vera Soto","Técnico","13°","Técnicos","Escala Municipal","2019-01-01 00:00:00.0","2019-12-31 00:00:00.0"
"Corral","Contrata","Municipal","Contrata","Claudio Andres Berrocal Sepulveda","Técnico","15°","Técnicos","Escala Municipal","2019-01-01 00:00:00.0","2019-12-31 00:00:00.0"
"Corral","Contrata","Municipal","Contrata","Pablo Andrés Gaete Molina","Salvavidas","SIN INFORMACION","Contratados Sin Planta","Afectos Al Código del Trabajo","2019-01-21 00:00:00.0","2019-03-15 00:00:00.0"
"Corral","Contrata","Municipal","Contrata","Alexia Camila Diaz Rivas","Administrativo","15°","Administrativos","Escala Municipal","2019-01-01 00:00:00.0","2019-12-31 00:00:00.0"
"Corral","Contrata","Municipal","Contrata","Eduardo Ignacio Railaf Vidal","Salvavidas","SIN INFORMACION","Contratados Sin Planta","Afectos Al Código del Trabajo","2019-01-21 00:00:00.0","2019-03-15 00:00:00.0"
"Corral","Contrata","Municipal","Contrata","Cristian Marcelo Hernandez Trivi¿os","Salvavidas","SIN INFORMACION","Contratados Sin Planta","Afectos Al Código del Trabajo","2019-01-21 00:00:00.0","2019-03-15 00:00:00.0"
"Corral","Contrata","Municipal","Contrata","Carlos Rafael Olivares Salazar","Auxiliar","17°","Auxiliares","Escala Municipal","2019-01-01 00:00:00.0","2019-12-31 00:00:00.0"
