"Comuna","Tipo de Contratación","Área","Calidad","Nombre","Cargo","Grado","Planta","Remuneración","Fecha desde","Fecha hasta"
"Paillaco","Planta Titular","Sin Clasificación","Titular","Victor Hugo Barria Burgos","Auxiliar","16°","Sin Información","Escala Municipal de Remuneraciones(ley 18.883)","2019-06-18 00:00:00.0","1900-01-01 00:00:00.0"
"Paillaco","Planta Titular","Sin Clasificación","Titular","Veronica Ivonne Fierro Bustos","Profesional","11°","Sin Información","Escala Municipal de Remuneraciones(ley 18.883)","2019-06-18 00:00:00.0","1900-01-01 00:00:00.0"
"Paillaco","Planta Titular","Sin Clasificación","Titular","Jacquelinne del Carmen Beltran Bahamondes","Administrativo","13°","Sin Información","Escala Municipal de Remuneraciones(ley 18.883)","2019-06-18 00:00:00.0","1900-01-01 00:00:00.0"
"Paillaco","Planta Titular","Sin Clasificación","Titular","Roxana Cristina Gubelin Perez","Administrativo","15°","Sin Información","Escala Municipal de Remuneraciones(ley 18.883)","2019-06-18 00:00:00.0","1900-01-01 00:00:00.0"
"Paillaco","Planta Titular","Sin Clasificación","Titular","Mario Alfonso Barria Burgos","Auxiliar","13°","Sin Información","Escala Municipal de Remuneraciones(ley 18.883)","2019-06-18 00:00:00.0","1900-01-01 00:00:00.0"
"Paillaco","Planta Titular","Sin Clasificación","Titular","Ricardo Alfonso Becerra Tamarin","Profesional","8°","Sin Información","Escala Municipal de Remuneraciones(ley 18.883)","2019-06-18 00:00:00.0","1900-01-01 00:00:00.0"
"Paillaco","Planta Titular","Sin Clasificación","Titular","Maria Ramona Reyes Painequeo","Alcalde"," ","Sin Información","Sin Información","2008-12-06 00:00:00.0","1900-01-01 00:00:00.0"
"Paillaco","Planta Titular","Sin Clasificación","Titular","Victor Hernan Carvallo Aguila","Auxiliar","17°","Sin Información","Escala Municipal de Remuneraciones(ley 18.883)","2019-06-18 00:00:00.0","1900-01-01 00:00:00.0"
"Paillaco","Planta Titular","Sin Clasificación","Titular","Luis Alberto Eduardo Benavides Delgado","Administrativo","18°","Auxiliares","Escala Municipal","2011-07-21 00:00:00.0","1900-01-01 00:00:00.0"
"Paillaco","Planta Titular","Sin Clasificación","Titular","Marisol del Pilar Parra Fontanilla","Administrativo","14°","Administrativos","Escala Municipal","2010-11-01 00:00:00.0","1900-01-01 00:00:00.0"
"Paillaco","Planta Titular","Sin Clasificación","Titular","Cesar Antonio Yaeger Villanueva","Auxiliar","13°","Sin Información","Escala Municipal de Remuneraciones(ley 18.883)","2019-06-18 00:00:00.0","1900-01-01 00:00:00.0"
"Paillaco","Planta Titular","Sin Clasificación","Titular","Patricia Nimia Barriga Kunstmann","Jefatura","9°","Sin Información","Escala Municipal de Remuneraciones(ley 18.883)","2019-06-18 00:00:00.0","1900-01-01 00:00:00.0"
"Paillaco","Planta Titular","Sin Clasificación","Titular","Carola de Lourdes Medel Veloso","Secretario","7°","Sin Información","Escala Municipal de Remuneraciones(ley 18.883)","2019-06-18 00:00:00.0","1900-01-01 00:00:00.0"
"Paillaco","Planta Titular","Sin Clasificación","Titular","Armando Francisco Molina Sandoval","Administrativo","16°","Sin Información","Escala Municipal de Remuneraciones(ley 18.883)","2019-06-18 00:00:00.0","1900-01-01 00:00:00.0"
"Paillaco","Planta Titular","Sin Clasificación","Titular","Maria Yessica Alarcon Aviles","Técnico","13°","Sin Información","Escala Municipal de Remuneraciones(ley 18.883)","2019-06-18 00:00:00.0","1900-01-01 00:00:00.0"
"Paillaco","Planta Titular","Sin Clasificación","Titular","Luz Marina Vásquez Rebolledo","Paradocente"," ","Paradocente","Escala Municipal","2007-03-01 00:00:00.0","1900-01-01 00:00:00.0"
"Paillaco","Planta Titular","Sin Clasificación","Titular","Patricio Antonio Burgos Valdivia","Auxiliar","16°","Auxiliares","Escala Municipal","2011-03-01 00:00:00.0","1900-01-01 00:00:00.0"
"Paillaco","Planta Titular","Sin Clasificación","Titular","Luis Alejandro Navarrete Figueroa","Auxiliar","15°","Auxiliares","Escala Municipal","2011-03-01 00:00:00.0","1900-01-01 00:00:00.0"
"Paillaco","Planta Titular","Sin Clasificación","Titular","Eugenia Desiree Martinez Fernandez","Administrador","7°","Sin Información","Escala Municipal de Remuneraciones(ley 18.883)","2019-06-18 00:00:00.0","1900-01-01 00:00:00.0"
"Paillaco","Planta Titular","Sin Clasificación","Titular","Victor Manuel Paredes Rosas","Profesional","10°","Sin Información","Escala Municipal de Remuneraciones(ley 18.883)","2019-06-18 00:00:00.0","1900-01-01 00:00:00.0"
"Paillaco","Planta Titular","Sin Clasificación","Titular","Alberto Antonio Sanzana Gallardo","Auxiliar","15°","Sin Información","Escala Municipal de Remuneraciones(ley 18.883)","2019-06-18 00:00:00.0","1900-01-01 00:00:00.0"
"Paillaco","Planta Titular","Sin Clasificación","Titular","Emelina del Carmen Quintana Delgado","Administrativo","18°","Administrativos","Escala Municipal","2011-07-21 00:00:00.0","1900-01-01 00:00:00.0"
"Paillaco","Planta Titular","Sin Clasificación","Titular","Cristian Hernan Pinuer Valverde","Técnico","10°","Sin Información","Escala Municipal de Remuneraciones(ley 18.883)","2019-06-18 00:00:00.0","1900-01-01 00:00:00.0"
"Paillaco","Planta Titular","Sin Clasificación","Titular","Victor Rodrigo Asenjo Gutierrez","Auxiliar","17°","Auxiliares","Escala Municipal","2010-07-01 00:00:00.0","1900-01-01 00:00:00.0"
"Paillaco","Planta Titular","Sin Clasificación","Titular","Claudia del Pilar Hernandez Calderon","Administrativo","15°","Sin Información","Escala Municipal de Remuneraciones(ley 18.883)","2019-06-18 00:00:00.0","1900-01-01 00:00:00.0"
"Paillaco","Planta Titular","Sin Clasificación","Titular","Rosa Adela Montecinos Montecinos","Administrativo","17°","Sin Información","Escala Municipal de Remuneraciones(ley 18.883)","2019-06-18 00:00:00.0","1900-01-01 00:00:00.0"
"Paillaco","Planta Titular","Sin Clasificación","Titular","Nelson Rodemil Vera Delgado","Auxiliar","18°","Auxiliares","Escala Municipal","2011-05-19 00:00:00.0","1900-01-01 00:00:00.0"
"Paillaco","Planta Titular","Sin Clasificación","Titular","Jorge Alejandro Alvarez Bahamondes","Auxiliar","18°","Auxiliares","Escala Municipal","2011-05-19 00:00:00.0","1900-01-01 00:00:00.0"
"Paillaco","Planta Titular","Sin Clasificación","Titular","David Moises Flores Escalona","Administrativo","17°","Sin Información","Escala Municipal de Remuneraciones(ley 18.883)","2019-06-18 00:00:00.0","1900-01-01 00:00:00.0"
"Paillaco","Planta Titular","Sin Clasificación","Titular","Sebastián Andrés Espinosa Pérez","Profesional"," ","Sin Información","Escala Municipal de Remuneraciones(ley 18.883)","2019-06-18 00:00:00.0","1900-01-01 00:00:00.0"
"Paillaco","Planta Titular","Sin Clasificación","Titular","Maria Soledad Rosas Ordoñez","Profesional","9°","Sin Información","Escala Municipal de Remuneraciones(ley 18.883)","2019-06-18 00:00:00.0","1900-01-01 00:00:00.0"
"Paillaco","Planta Titular","Sin Clasificación","Titular","Maria Natalia Olivares Duvauchelle","Director","7°","Sin Información","Escala Municipal de Remuneraciones(ley 18.883)","2019-06-18 00:00:00.0","1900-01-01 00:00:00.0"
"Paillaco","Planta Titular","Sin Clasificación","Titular","Olga del Carmen Carrasco Carrasco","Profesional","11°","Profesionales","Escala Municipal","2011-05-19 00:00:00.0","1900-01-01 00:00:00.0"
"Paillaco","Planta Titular","Sin Clasificación","Titular","Cecilia Andrea Rojas Guerrero","Asistente Social"," ","Contratados Sin Planta","Escala Atención Primaria de Salud Municipal","2011-01-10 00:00:00.0","1900-01-01 00:00:00.0"
"Paillaco","Planta Titular","Sin Clasificación","Titular","Walter Mauricio Rodrigo Gebhard Vasquez","Secretario","7°","Sin Información","Escala Municipal de Remuneraciones(ley 18.883)","2019-06-18 00:00:00.0","1900-01-01 00:00:00.0"
"Paillaco","Planta Titular","Sin Clasificación","Titular","Daisy Marioly Vasquez Vega","Profesional","10°","Sin Información","Escala Municipal de Remuneraciones(ley 18.883)","2019-06-18 00:00:00.0","1900-01-01 00:00:00.0"
"Paillaco","Planta Titular","Sin Clasificación","Titular","Fernando Sepulveda Guajardo","Administrativo","13°","Sin Información","Escala Municipal de Remuneraciones(ley 18.883)","2019-06-18 00:00:00.0","1900-01-01 00:00:00.0"
"Paillaco","Planta Titular","Sin Clasificación","Titular","Rosa Olivia Molina Bustos","Administrativo","13°","Administrativos","Escala Municipal","2010-11-01 00:00:00.0","1900-01-01 00:00:00.0"
"Paillaco","Planta Titular","Sin Clasificación","Titular","Ricardo Alfonso Morales Herrera","Administrativo","15°","Administrativos","Escala Municipal","2010-11-01 00:00:00.0","1900-01-01 00:00:00.0"
"Paillaco","Planta Titular","Sin Clasificación","Titular","Raul Fernando Morales Correa","Director","7°","Sin Información","Escala Municipal de Remuneraciones(ley 18.883)","2019-06-18 00:00:00.0","1900-01-01 00:00:00.0"
"Paillaco","Planta Titular","Sin Clasificación","Titular","Raul Reinaldo Arias Pozas","Técnico","10°","Sin Información","Escala Municipal de Remuneraciones(ley 18.883)","2019-06-18 00:00:00.0","1900-01-01 00:00:00.0"
"Paillaco","Planta Titular","Sin Clasificación","Titular","Ricardo Alberto Diaz Oliva","Profesional"," ","Empleados","","2006-11-01 00:00:00.0","1900-01-01 00:00:00.0"
"Paillaco","Planta Titular","Sin Clasificación","Titular","Alfred Edouard Bonvallet Rivera","Juez","7°","Sin Información","Escala Municipal de Remuneraciones(ley 18.883)","2019-06-18 00:00:00.0","1900-01-01 00:00:00.0"
"Paillaco","Planta Titular","Sin Clasificación","Titular","Jorge Sabas Villanueva Schnettler","Auxiliar","17°","Auxiliares","Escala Municipal","2011-03-01 00:00:00.0","1900-01-01 00:00:00.0"
"Paillaco","Planta Titular","Sin Clasificación","Titular","Nircia del Carmen Guzman Fuentes","Administrativo","12°","Sin Información","Escala Municipal de Remuneraciones(ley 18.883)","2019-06-18 00:00:00.0","1900-01-01 00:00:00.0"
"Paillaco","Planta Titular","Sin Clasificación","Titular","Francisca Minerva Silva Gallardo","Director","7°","Sin Información","Escala Municipal de Remuneraciones(ley 18.883)","2019-06-18 00:00:00.0","1900-01-01 00:00:00.0"
"Paillaco","Planta Titular","Sin Clasificación","Titular","Veronica Leonora Carter Correa","Chófer"," ","Contratados Sin Planta","Afectos Al Código del Trabajo","2011-03-01 00:00:00.0","1900-01-01 00:00:00.0"
"Paillaco","Planta Titular","Sin Clasificación","Titular","Myriam del Carmen Garces Saldivia","Administrativo","14°","Sin Información","Escala Municipal de Remuneraciones(ley 18.883)","2019-06-18 00:00:00.0","1900-01-01 00:00:00.0"
"Paillaco","Planta Titular","Sin Clasificación","Titular","Hugo Osvaldo Müller Vargas","Auxiliar","17°","Auxiliares","Escala Municipal","2010-07-01 00:00:00.0","1900-01-01 00:00:00.0"
"Paillaco","Planta Titular","Sin Clasificación","Titular","Walter Jaime Montecinos Gormaz","Auxiliar","17°","Auxiliares","Escala Única de Sueldos","2008-03-07 00:00:00.0","1900-01-01 00:00:00.0"
"Paillaco","Planta Titular","Sin Clasificación","Titular","Mario Ruben Gomez Hueitra","Director"," ","Directivos","Escala Profesionales de La Educación Llay 19.070)","2010-08-23 00:00:00.0","1900-01-01 00:00:00.0"
"Paillaco","Planta Titular","Sin Clasificación","Titular","Maria Sandra Ulloa Nuñez","Director","7°","Sin Información","Escala Municipal de Remuneraciones(ley 18.883)","2019-06-18 00:00:00.0","1900-01-01 00:00:00.0"
"Paillaco","Planta Titular","Sin Clasificación","Titular","Hernán Carlos Low Gómez","Directivo","7°","Directivos","Escala Municipal","2011-04-01 00:00:00.0","1900-01-01 00:00:00.0"
"Paillaco","Planta Titular","Sin Clasificación","Titular","Rosa Ester Hermosilla Fuentes","Auxiliar de Servicios"," ","Contratados Sin Planta","Afectos Al Código del Trabajo","2011-03-01 00:00:00.0","1900-01-01 00:00:00.0"
"Paillaco","Planta Titular","Sin Clasificación","Titular","Evelyn Solange Vado Provost","Administrativo","15°","Sin Información","Escala Municipal de Remuneraciones(ley 18.883)","2019-06-18 00:00:00.0","1900-01-01 00:00:00.0"
"Paillaco","Planta Titular","Sin Clasificación","Titular","Graciela Isabel Arroyo Oyarce","Jefe"," ","Planta Escuela","Escala Profesionales de La Educación Llay 19.070)","2011-05-16 00:00:00.0","1900-01-01 00:00:00.0"
"Paillaco","Planta Titular","Sin Clasificación","Titular","Silvana Minerva Vasquez Delgado","Administrativo","12°","Administrativos","Escala Municipal","2010-11-01 00:00:00.0","1900-01-01 00:00:00.0"
"Paillaco","Planta Titular","Sin Clasificación","Titular","Patricio Aroldo Vargas Volunta","Auxiliar","15°","Sin Información","Escala Municipal de Remuneraciones(ley 18.883)","2019-06-18 00:00:00.0","1900-01-01 00:00:00.0"
"Paillaco","Planta Titular","Sin Clasificación","Titular","Trancita del Carmen Santana Himio","Administrativo","17°","Administrativos","Escala Municipal","2010-11-01 00:00:00.0","1900-01-01 00:00:00.0"
"Paillaco","Planta Titular","Sin Clasificación","Titular","Elsa del Carmen Rivas Briones","Administrativo","11°","Sin Información","Escala Municipal de Remuneraciones(ley 18.883)","2019-06-18 00:00:00.0","1900-01-01 00:00:00.0"
"Paillaco","Planta Titular","Sin Clasificación","Titular","Lorena Maribel Villanueva Rodriguez","Técnico","11°","Sin Información","Escala Municipal de Remuneraciones(ley 18.883)","2019-06-18 00:00:00.0","1900-01-01 00:00:00.0"
