"Comuna","Tipo de Contratación","Área","Calidad","Nombre","Cargo","Grado","Planta","Remuneración","Fecha desde","Fecha hasta"
"Paillaco","Planta Titular","Municipal","Titular","Mario Alfonso Barria Burgos","Auxiliar","16°","Auxiliares","Escala Única de Sueldos","2013-08-01 00:00:00.0","1900-01-01 00:00:00.0"
"Paillaco","Planta Titular","Municipal","Titular","Ricardo Alfonso Becerra Tamarin","Profesional","9°","Profesionales","Escala Municipal","2014-08-13 00:00:00.0","1900-01-01 00:00:00.0"
"Paillaco","Planta Titular","Municipal","Titular","Patricia Nimia Barriga Kunstmann","Técnico","11°","Técnicos","Escala Municipal","2016-01-01 00:00:00.0","1900-01-01 00:00:00.0"
"Paillaco","Planta Titular","Municipal","Titular","Carola de Lourdes Medel Veloso","Secreto Municipal","8°","Jefaturas","Escala Municipal","2014-10-23 00:00:00.0","1900-01-01 00:00:00.0"
"Paillaco","Planta Titular","Municipal","Titular","Maria Yessica Alarcon Aviles","Técnico","13°","Técnicos","Escala Municipal","2017-09-11 00:00:00.0","1900-01-01 00:00:00.0"
"Paillaco","Planta Titular","Municipal","Titular","Patricio Antonio Burgos Valdivia","Auxiliar","15°","Auxiliares","Escala Única de Sueldos","2013-08-01 00:00:00.0","1900-01-01 00:00:00.0"
"Paillaco","Planta Titular","Municipal","Titular","Luis Alejandro Navarrete Figueroa","Auxiliar","14°","Auxiliares","Escala Única de Sueldos","2013-08-01 00:00:00.0","1900-01-01 00:00:00.0"
"Paillaco","Planta Titular","Municipal","Titular","Eugenia Desiree Martinez Fernandez","Administrador Municipal","7°","Directivos","Escala Municipal","2016-04-14 00:00:00.0","1900-01-01 00:00:00.0"
"Paillaco","Planta Titular","Municipal","Titular","Alberto Antonio Sanzana Gallardo","Auxiliar","18°","Auxiliares","Escala Municipal de Remuneraciones(ley 18.883)","2014-02-04 00:00:00.0","1900-01-01 00:00:00.0"
"Paillaco","Planta Titular","Municipal","Titular","Emelina del Carmen Quintana Delgado","Administrativo","15°","Administrativos","Escala Municipal","2017-09-11 00:00:00.0","1900-01-01 00:00:00.0"
"Paillaco","Planta Titular","Municipal","Titular","Cristian Hernan Pinuer Valverde","Técnico","10°","Técnicos","Escala Municipal","2016-01-01 00:00:00.0","1900-01-01 00:00:00.0"
"Paillaco","Planta Titular","Municipal","Titular","Claudia del Pilar Hernandez Calderon","Administrativo","15°","Administrativos","Escala Municipal","2017-12-11 00:00:00.0","1900-01-01 00:00:00.0"
"Paillaco","Planta Titular","Municipal","Titular","Miguel Angel Bustos Farias","Auxiliar","18°","Auxiliares","Escala Municipal","2015-03-05 00:00:00.0","1900-01-01 00:00:00.0"
"Paillaco","Planta Titular","Municipal","Titular","Rosa Adela Montecinos Montecinos","Administrativo","17°","Administrativos","Escala Municipal","2017-12-11 00:00:00.0","1900-01-01 00:00:00.0"
"Paillaco","Planta Titular","Municipal","Titular","Nelson Rodemil Vera Delgado","Auxiliar","17°","Auxiliares","Escala Municipal","2017-09-28 00:00:00.0","1900-01-01 00:00:00.0"
"Paillaco","Planta Titular","Municipal","Titular","Maria Soledad Rosas Ordoñez","Secretario Abogado de Juzgado de Policía Local","9°","Profesionales","Escala Municipal","2016-12-05 00:00:00.0","1900-01-01 00:00:00.0"
"Paillaco","Planta Titular","Municipal","Titular","Maria Natalia Olivares Duvauchelle","Director de Control","8°","Directivos","Escala Municipal","2016-10-06 00:00:00.0","1900-01-01 00:00:00.0"
"Paillaco","Planta Titular","Municipal","Titular","Olga del Carmen Carrasco Carrasco","Profesional","10°","Profesionales","Escala Municipal","2014-08-13 00:00:00.0","1900-01-01 00:00:00.0"
"Paillaco","Planta Titular","Municipal","Titular","Walter Mauricio Rodrigo Gebhard Vasquez","Directivo","8°","Directivos","Escala Municipal de Remuneraciones(ley 18.883)","2014-08-18 00:00:00.0","1900-01-01 00:00:00.0"
"Paillaco","Planta Titular","Municipal","Titular","Daisy Marioly Vasquez Vega","Profesional","10°","Profesionales","Escala Municipal","2016-01-01 00:00:00.0","1900-01-01 00:00:00.0"
"Paillaco","Planta Titular","Municipal","Titular","Hendrik Edward Van Driel Romero","Medico","SIN INFORMACION","Contratados Sin Planta","Afectos Al Código del Trabajo","2015-05-26 00:00:00.0","1900-01-01 00:00:00.0"
"Paillaco","Planta Titular","Municipal","Titular","Ricardo Alfonso Morales Herrera","Técnico","12°","Técnicos","Escala Municipal","2017-09-11 00:00:00.0","1900-01-01 00:00:00.0"
"Paillaco","Planta Titular","Municipal","Titular","Raul Reinaldo Arias Pozas","Técnico","10°","Técnicos","Escala Municipal","2016-01-01 00:00:00.0","1900-01-01 00:00:00.0"
"Paillaco","Planta Titular","Municipal","Titular","Nircia del Carmen Guzman Fuentes","Administrativo","13°","Administrativos","Escala Municipal","2017-09-11 00:00:00.0","1900-01-01 00:00:00.0"
"Paillaco","Planta Titular","Municipal","Titular","Francisca Minerva Silva Gallardo","Director de Desarrollo Comunitario","8°","Directivos","Escala Municipal","2014-10-23 00:00:00.0","1900-01-01 00:00:00.0"
"Paillaco","Planta Titular","Municipal","Titular","Maria Sandra Ulloa Nuñez","Director de Administración Y Finanzas","8°","Directivos","Escala Municipal","2014-08-13 00:00:00.0","1900-01-01 00:00:00.0"
"Paillaco","Planta Titular","Municipal","Titular","Evelyn Solange Vado Provost","Administrativo","16°","Administrativos","Escala Municipal","2017-12-11 00:00:00.0","1900-01-01 00:00:00.0"
"Paillaco","Planta Titular","Municipal","Titular","Patricio Aroldo Vargas Volunta","Auxiliar","17°","Auxiliares","Escala Única de Sueldos","2013-08-01 00:00:00.0","1900-01-01 00:00:00.0"
"Paillaco","Planta Titular","Municipal","Titular","Trancita del Carmen Santana Himio","Administrativo","14°","Administrativos","Escala Municipal","2017-09-11 00:00:00.0","1900-01-01 00:00:00.0"
"Paillaco","Planta Titular","Municipal","Titular","Lorena Maribel Villanueva Rodriguez","Técnico","12°","Técnicos","Escala Municipal","2016-01-01 00:00:00.0","1900-01-01 00:00:00.0"
