"Comuna","Tipo de Contratación","Área","Calidad","Nombre","Cargo","Grado","Planta","Remuneración","Fecha desde","Fecha hasta"
"Paillaco","Codigo del Trabajo","Educación","Código del Trabajo","Mario Gerardo Catalan Pontigo","Chófer"," ","Contratados Sin Planta","Afectos Al Código del Trabajo","2012-03-01 00:00:00.0","1900-01-01 00:00:00.0"
"Paillaco","Codigo del Trabajo","Educación","Código del Trabajo","Ana Maria  Vargas  Angulo","Asistente de La Educación"," ","Funcionarios","Afectos Al Código del Trabajo","2013-09-02 00:00:00.0","1900-01-01 00:00:00.0"
"Paillaco","Codigo del Trabajo","Educación","Código del Trabajo","Jessica Loreto Paredes Santana","Encargado"," ","Contratados Sin Planta","Afectos Al Código del Trabajo","2011-08-01 00:00:00.0","1900-01-01 00:00:00.0"
"Paillaco","Codigo del Trabajo","Educación","Código del Trabajo","Hernan Eladio Cuevas Rodriguez","Paradocente"," ","Contratados Sin Planta","Afectos Al Código del Trabajo","2011-03-01 00:00:00.0","1900-01-01 00:00:00.0"
"Paillaco","Codigo del Trabajo","Educación","Código del Trabajo","Carolina Alejandra Catalan  Hernandez","Auxiliar de Servicios"," ","Contratados Sin Planta","Afectos Al Código del Trabajo","2014-01-01 00:00:00.0","1900-01-01 00:00:00.0"
"Paillaco","Codigo del Trabajo","Educación","Código del Trabajo","Rosa Mercedes Almonacid Rebolledo","Auxiliar de Servicios"," ","Contratados Sin Planta","Afectos Al Código del Trabajo","2012-03-01 00:00:00.0","1900-01-01 00:00:00.0"
"Paillaco","Codigo del Trabajo","Educación","Código del Trabajo","Osvaldo Andres Aviles Jaramillo","Auxiliar de Servicios"," ","Funcionarios","Afectos Al Código del Trabajo","2014-09-01 00:00:00.0","1900-01-01 00:00:00.0"
"Paillaco","Codigo del Trabajo","Educación","Código del Trabajo","Jaime Andres Rivera Leiva","Administrativo"," ","Funcionarios","Afectos Al Código del Trabajo","2014-01-01 00:00:00.0","1900-01-01 00:00:00.0"
"Paillaco","Codigo del Trabajo","Educación","Código del Trabajo","Lindor Ariel Yañez Ramirez","Administrativo"," ","Contratados Sin Planta","Afectos Al Código del Trabajo","2013-01-01 00:00:00.0","1900-01-01 00:00:00.0"
"Paillaco","Codigo del Trabajo","Educación","Código del Trabajo","Maria Cristina Coronado Marin","Asistente Parvularia"," ","Funcionarios","Afectos Al Código del Trabajo","2014-03-03 00:00:00.0","1900-01-01 00:00:00.0"
"Paillaco","Codigo del Trabajo","Educación","Código del Trabajo","Rosa Jeannette Catrihual Neguiman","Asistente Parvularia"," ","Contratados Sin Planta","Afectos Al Código del Trabajo","2011-03-01 00:00:00.0","1900-01-01 00:00:00.0"
"Paillaco","Codigo del Trabajo","Educación","Código del Trabajo","Pamela Jacqueline Pino Contreras","Educadora Párvulos"," ","Contratados Sin Planta","Afectos Al Código del Trabajo","2012-03-01 00:00:00.0","1900-01-01 00:00:00.0"
"Paillaco","Codigo del Trabajo","Educación","Código del Trabajo","Alejandra Jacqueline Gonzalez Jaramillo","Asistente Parvularia"," ","Contratados Sin Planta","Afectos Al Código del Trabajo","2012-03-01 00:00:00.0","1900-01-01 00:00:00.0"
"Paillaco","Codigo del Trabajo","Educación","Código del Trabajo","Cisnahy del Pilar Jara Mira","Técnico"," ","Funcionarios","Afectos Al Código del Trabajo","2014-01-01 00:00:00.0","1900-01-01 00:00:00.0"
"Paillaco","Codigo del Trabajo","Educación","Código del Trabajo","Johana Virginia Alvarez Caman","Técnico"," ","Contratados Sin Planta","Afectos Al Código del Trabajo","2012-03-01 00:00:00.0","1900-01-01 00:00:00.0"
"Paillaco","Codigo del Trabajo","Educación","Código del Trabajo","Maria Bernardita Villanueva Pinuer","Técnico"," ","Contratados Sin Planta","Afectos Al Código del Trabajo","2012-03-01 00:00:00.0","1900-01-01 00:00:00.0"
"Paillaco","Codigo del Trabajo","Educación","Código del Trabajo","Yeni Arodi Villalobos Vásquez","Asistente de La Educación"," ","Funcionarios","Afectos Al Código del Trabajo","2014-03-03 00:00:00.0","1900-01-01 00:00:00.0"
"Paillaco","Codigo del Trabajo","Educación","Código del Trabajo","Maria Teresa Santana Delpino","Técnico"," ","Contratados Sin Planta","Asistentes de La Educación Ley N°19.464","2011-03-01 00:00:00.0","1900-01-01 00:00:00.0"
"Paillaco","Codigo del Trabajo","Educación","Código del Trabajo","Nicole Alexandra Torres Pastén","Auxiliar"," ","Contratados Sin Planta","Afectos Al Código del Trabajo","2012-03-01 00:00:00.0","1900-01-01 00:00:00.0"
"Paillaco","Codigo del Trabajo","Educación","Código del Trabajo","Marta Lidia Delgado Mora","Secretaria"," ","Contratados Sin Planta","Afectos Al Código del Trabajo","1989-03-01 00:00:00.0","1900-01-01 00:00:00.0"
"Paillaco","Codigo del Trabajo","Educación","Código del Trabajo","Ricardo Humberto Ortiz Mera","Auxiliar de Servicios"," ","Funcionarios","Afectos Al Código del Trabajo","2014-01-01 00:00:00.0","1900-01-01 00:00:00.0"
