"Comuna","Tipo de Contratación","Área","Calidad","Nombre","Cargo","Grado","Planta","Remuneración","Fecha desde","Fecha hasta"
"Paillaco","Planta Titular","Salud","Titular","Eduardo Joel Vasquez Cid","Auxiliar de Servicio de Salud","SIN INFORMACION","Auxiliares de Servicios de Salud Categoría F","Estatuto Atención Primaria de Salud Municipal  Ley N°19.378","2015-11-01 00:00:00.0","1900-01-01 00:00:00.0"
"Paillaco","Planta Titular","Salud","Titular","Victor Juan Carlos Chacon Reiman","Auxiliar de Servicio de Salud","SIN INFORMACION","Auxiliares de Servicios de Salud Categoría F","Estatuto Atención Primaria de Salud Municipal  Ley N°19.378","2015-11-01 00:00:00.0","1900-01-01 00:00:00.0"
"Paillaco","Planta Titular","Salud","Titular","Irene Yanett Almonacid Riquelme","Auxiliar de Servicio de Salud","SIN INFORMACION","Profesionales Categoría A","Estatuto Atención Primaria de Salud Municipal  Ley N°19.378","2015-11-01 00:00:00.0","1900-01-01 00:00:00.0"
"Paillaco","Planta Titular","Salud","Titular","Patricio Adrian  Ojeda Foitzich","Técnico de Nivel Superior","SIN INFORMACION","Técnicos de Nivel Superior Categoría C","Estatuto Atención Primaria de Salud Municipal  Ley N°19.378","2015-11-01 00:00:00.0","1900-01-01 00:00:00.0"
"Paillaco","Planta Titular","Salud","Titular","Ulises Saul Ruiz Flores","Profesional","SIN INFORMACION","Profesionales Categoría B","Estatuto Atención Primaria de Salud Municipal  Ley N°19.378","2015-11-01 00:00:00.0","1900-01-01 00:00:00.0"
"Paillaco","Planta Titular","Salud","Titular","Daniel Marcelo Rosas Barrientos","Administrativo Crea de Salud","SIN INFORMACION","Administrativos de Salud Categoría E","Estatuto Atención Primaria de Salud Municipal  Ley N°19.378","2015-11-01 00:00:00.0","1900-01-01 00:00:00.0"
"Paillaco","Planta Titular","Salud","Titular","Olaya Morelia Jaramillo Jaramillo","Administrativo Crea de Salud","SIN INFORMACION","Administrativos de Salud Categoría E","Estatuto Atención Primaria de Salud Municipal  Ley N°19.378","2015-11-01 00:00:00.0","1900-01-01 00:00:00.0"
"Paillaco","Planta Titular","Salud","Titular","Marisol Andrea Uribe  Barria","Técnico de Nivel Superior","SIN INFORMACION","Técnicos de Nivel Superior Categoría C","Estatuto Atención Primaria de Salud Municipal  Ley N°19.378","2015-11-01 00:00:00.0","1900-01-01 00:00:00.0"
"Paillaco","Planta Titular","Salud","Titular","Cristina Isabel Medel Rapiman","Director de Establecimiento de Salud Municipal","SIN INFORMACION","Profesionales Categoría B","Estatuto Atención Primaria de Salud Municipal  Ley N°19.378","2015-08-01 00:00:00.0","2019-07-31 00:00:00.0"
"Paillaco","Planta Titular","Salud","Titular","Cristhian Marcelo Briones Briones","Psicólogo"," ","Profesionales","Escala Atención Primaria de Salud Municipal","2012-08-01 00:00:00.0","1900-01-01 00:00:00.0"
"Paillaco","Planta Titular","Salud","Titular","Vanessa Melissa Uribe Douglas","Administrativo Crea de Salud","SIN INFORMACION","Administrativos de Salud Categoría E","Estatuto Atención Primaria de Salud Municipal  Ley N°19.378","2015-11-01 00:00:00.0","1900-01-01 00:00:00.0"
"Paillaco","Planta Titular","Salud","Titular","Paola Araceli Neguiman Delgado","Técnico de Nivel Superior","SIN INFORMACION","Técnicos de Nivel Superior Categoría C","Estatuto Atención Primaria de Salud Municipal  Ley N°19.378","2015-11-01 00:00:00.0","1900-01-01 00:00:00.0"
"Paillaco","Planta Titular","Salud","Titular","Karin Elizabeth Navarrete Quezada","Técnico de Nivel Superior","SIN INFORMACION","Técnicos de Nivel Superior Categoría C","Estatuto Atención Primaria de Salud Municipal  Ley N°19.378","2015-11-01 00:00:00.0","1900-01-01 00:00:00.0"
"Paillaco","Planta Titular","Salud","Titular","Elisa del Carmen Guzman Vidal","Administrativo Crea de Salud","SIN INFORMACION","Administrativos de Salud Categoría E","Estatuto Atención Primaria de Salud Municipal  Ley N°19.378","2015-11-01 00:00:00.0","1900-01-01 00:00:00.0"
"Paillaco","Planta Titular","Salud","Titular","María Consuelo Saavedra Azócar","Medico"," ","Profesionales","Escala Atención Primaria de Salud Municipal","2012-08-01 00:00:00.0","1900-01-01 00:00:00.0"
"Paillaco","Planta Titular","Salud","Titular","Claudia Marcela Silva Berrocal","Auxiliar de Servicio de Salud","SIN INFORMACION","Auxiliares de Servicios de Salud Categoría F","Estatuto Atención Primaria de Salud Municipal  Ley N°19.378","2015-11-01 00:00:00.0","1900-01-01 00:00:00.0"
"Paillaco","Planta Titular","Salud","Titular","Alejandro Hernan Escalona Villanueva","Administrativo Crea de Salud","SIN INFORMACION","Administrativos de Salud Categoría E","Estatuto Atención Primaria de Salud Municipal  Ley N°19.378","2015-11-01 00:00:00.0","1900-01-01 00:00:00.0"
"Paillaco","Planta Titular","Salud","Titular","Viviana Andrea Asenjo Carrasco","Administrativo Crea de Salud","SIN INFORMACION","Administrativos de Salud Categoría E","Estatuto Atención Primaria de Salud Municipal  Ley N°19.378","2015-11-01 00:00:00.0","1900-01-01 00:00:00.0"
"Paillaco","Planta Titular","Salud","Titular","Maria Jose Flores Azocar","Técnico de Nivel Superior","SIN INFORMACION","Técnicos de Nivel Superior Categoría C","Estatuto Atención Primaria de Salud Municipal  Ley N°19.378","2015-11-01 00:00:00.0","1900-01-01 00:00:00.0"
"Paillaco","Planta Titular","Salud","Titular","Alicia Yeanette Castro Valverde","Profesional","SIN INFORMACION","Profesionales Categoría B","Estatuto Atención Primaria de Salud Municipal  Ley N°19.378","2015-11-01 00:00:00.0","1900-01-01 00:00:00.0"
"Paillaco","Planta Titular","Salud","Titular","Maria Natalia Olivares Duvauchelle","Jefe"," ","Profesionales","Escala Atención Primaria de Salud Municipal","2012-08-01 00:00:00.0","1900-01-01 00:00:00.0"
"Paillaco","Planta Titular","Salud","Titular","Maribel Andrea Epuyao Molina","Administrativo Crea de Salud","SIN INFORMACION","Administrativos de Salud Categoría E","Estatuto Atención Primaria de Salud Municipal  Ley N°19.378","2015-11-01 00:00:00.0","1900-01-01 00:00:00.0"
"Paillaco","Planta Titular","Salud","Titular","Winston Alexander Zevallos Santana","Profesional","SIN INFORMACION","Profesionales Categoría A","Estatuto Atención Primaria de Salud Municipal  Ley N°19.378","2015-11-01 00:00:00.0","1900-01-01 00:00:00.0"
"Paillaco","Planta Titular","Salud","Titular","Gladys Elizabeth Zuñiga Bachman","Nutricionista"," ","Profesionales","Escala Atención Primaria de Salud Municipal","2012-08-01 00:00:00.0","1900-01-01 00:00:00.0"
"Paillaco","Planta Titular","Salud","Titular","Evelyn Roxana Herrera Sepulveda","Técnico de Nivel Superior","SIN INFORMACION","Técnicos de Nivel Superior Categoría C","Estatuto Atención Primaria de Salud Municipal  Ley N°19.378","2015-11-01 00:00:00.0","1900-01-01 00:00:00.0"
"Paillaco","Planta Titular","Salud","Titular","Evelyn Rubi Llancamil Vargas","Técnico de Nivel Superior","SIN INFORMACION","Técnicos de Nivel Superior Categoría C","Estatuto Atención Primaria de Salud Municipal  Ley N°19.378","2015-11-01 00:00:00.0","1900-01-01 00:00:00.0"
"Paillaco","Planta Titular","Salud","Titular","Modehimi Ambar Molina Fuentes","Técnico de Nivel Superior","SIN INFORMACION","Técnicos de Nivel Superior Categoría C","Estatuto Atención Primaria de Salud Municipal  Ley N°19.378","2015-11-12 00:00:00.0","1900-01-01 00:00:00.0"
"Paillaco","Planta Titular","Salud","Titular","Evelyn del Carmen Uribe Gatica","Auxiliar de Servicio de Salud","SIN INFORMACION","Auxiliares de Servicios de Salud Categoría F","Estatuto Atención Primaria de Salud Municipal  Ley N°19.378","2015-11-01 00:00:00.0","1900-01-01 00:00:00.0"
"Paillaco","Planta Titular","Salud","Titular","Felipe Alejandro Ojeda Arismendi","Profesional","SIN INFORMACION","Profesionales Categoría A","Estatuto Atención Primaria de Salud Municipal  Ley N°19.378","2015-11-01 00:00:00.0","1900-01-01 00:00:00.0"
"Paillaco","Planta Titular","Salud","Titular","Leonardo Rodrigo Villarroel Soto","Medico"," ","Profesionales","Escala Atención Primaria de Salud Municipal","2012-08-01 00:00:00.0","1900-01-01 00:00:00.0"
"Paillaco","Planta Titular","Salud","Titular","Macarena  Ibarra Ojeda","Profesional","SIN INFORMACION","Profesionales Categoría B","Estatuto Atención Primaria de Salud Municipal  Ley N°19.378","2015-11-01 00:00:00.0","1900-01-01 00:00:00.0"
"Paillaco","Planta Titular","Salud","Titular","Johana Luisa Leal  Leal","Técnico de Nivel Superior","SIN INFORMACION","Profesionales Categoría A","Estatuto Atención Primaria de Salud Municipal  Ley N°19.378","2015-11-01 00:00:00.0","1900-01-01 00:00:00.0"
"Paillaco","Planta Titular","Salud","Titular","Tamara Obreque Henriquez","Administrativo Crea de Salud","SIN INFORMACION","Administrativos de Salud Categoría E","Estatuto Atención Primaria de Salud Municipal  Ley N°19.378","2015-11-01 00:00:00.0","1900-01-01 00:00:00.0"
"Paillaco","Planta Titular","Salud","Titular","Ana Maria Angulo Carrasco","Matrona"," ","Profesionales","Escala Atención Primaria de Salud Municipal","2012-08-01 00:00:00.0","1900-01-01 00:00:00.0"
"Paillaco","Planta Titular","Salud","Titular","Luis Alejandro Pontigo Burgos","Técnico de Nivel Superior","SIN INFORMACION","Técnicos de Nivel Superior Categoría C","Estatuto Atención Primaria de Salud Municipal  Ley N°19.378","2015-11-01 00:00:00.0","1900-01-01 00:00:00.0"
"Paillaco","Planta Titular","Salud","Titular","Barbara Grace Sanchez Sanchez","Enfermero(a)"," ","Profesionales","Escala Atención Primaria de Salud Municipal","2012-08-01 00:00:00.0","1900-01-01 00:00:00.0"
"Paillaco","Planta Titular","Salud","Titular","Maria Jose Navarro Venegas","Administrativo Crea de Salud","SIN INFORMACION","Administrativos de Salud Categoría E","Estatuto Atención Primaria de Salud Municipal  Ley N°19.378","2015-11-01 00:00:00.0","1900-01-01 00:00:00.0"
"Paillaco","Planta Titular","Salud","Titular","Grace Alexandra Fuentes Vargas","Profesional","SIN INFORMACION","Profesionales Categoría A","Estatuto Atención Primaria de Salud Municipal  Ley N°19.378","2015-11-01 00:00:00.0","1900-01-01 00:00:00.0"
"Paillaco","Planta Titular","Salud","Titular","Gina Dibet Arraño Aravena","Auxiliar de Servicio de Salud","SIN INFORMACION","Auxiliares de Servicios de Salud Categoría F","Estatuto Atención Primaria de Salud Municipal  Ley N°19.378","2015-11-01 00:00:00.0","1900-01-01 00:00:00.0"
"Paillaco","Planta Titular","Salud","Titular","Jessica Cristina Olabe Ojeda","Técnico de Nivel Superior","SIN INFORMACION","Técnicos de Nivel Superior Categoría C","Estatuto Atención Primaria de Salud Municipal  Ley N°19.378","2015-11-01 00:00:00.0","1900-01-01 00:00:00.0"
"Paillaco","Planta Titular","Salud","Titular","Christopher Kurt Haase Lorca","Técnico de Nivel Superior","SIN INFORMACION","Técnicos de Nivel Superior Categoría C","Estatuto Atención Primaria de Salud Municipal  Ley N°19.378","2015-11-01 00:00:00.0","1900-01-01 00:00:00.0"
"Paillaco","Planta Titular","Salud","Titular","Ana Natali Grandon Huaiquin","Nutricionista"," ","Profesionales","Escala Atención Primaria de Salud Municipal","2012-08-01 00:00:00.0","1900-01-01 00:00:00.0"
"Paillaco","Planta Titular","Salud","Titular","Fabiola Alejandra Llancamil Vargas","Técnico de Nivel Superior","SIN INFORMACION","Técnicos de Nivel Superior Categoría C","Estatuto Atención Primaria de Salud Municipal  Ley N°19.378","2015-11-01 00:00:00.0","1900-01-01 00:00:00.0"
"Paillaco","Planta Titular","Salud","Titular","Viviana Veronica Cardenas Ordenes","Profesional","SIN INFORMACION","Profesionales Categoría B","Estatuto Atención Primaria de Salud Municipal  Ley N°19.378","2015-11-01 00:00:00.0","1900-01-01 00:00:00.0"
"Paillaco","Planta Titular","Salud","Titular","Nicole Andrea Vera Carrasco","Técnico de Nivel Superior","SIN INFORMACION","Técnicos de Nivel Superior Categoría C","Estatuto Atención Primaria de Salud Municipal  Ley N°19.378","2015-11-01 00:00:00.0","1900-01-01 00:00:00.0"
"Paillaco","Planta Titular","Salud","Titular","Valesca del Pilar Matus Alvarez","Técnico de Nivel Superior","SIN INFORMACION","Técnicos de Nivel Superior Categoría C","Estatuto Atención Primaria de Salud Municipal  Ley N°19.378","2015-11-01 00:00:00.0","1900-01-01 00:00:00.0"
"Paillaco","Planta Titular","Salud","Titular","Monica Juana Peralta Carrasco","Técnico de Nivel Superior","SIN INFORMACION","Técnicos de Nivel Superior Categoría C","Estatuto Atención Primaria de Salud Municipal  Ley N°19.378","2015-11-01 00:00:00.0","1900-01-01 00:00:00.0"
"Paillaco","Planta Titular","Salud","Titular","Paola Andrea Jara Leal","Técnico de Nivel Superior","SIN INFORMACION","Técnicos de Nivel Superior Categoría C","Estatuto Atención Primaria de Salud Municipal  Ley N°19.378","2015-11-01 00:00:00.0","1900-01-01 00:00:00.0"
"Paillaco","Planta Titular","Salud","Titular","Cristopher Alejandro Delgado Rosas","Técnico de Nivel Superior","SIN INFORMACION","Técnicos de Nivel Superior Categoría C","Estatuto Atención Primaria de Salud Municipal  Ley N°19.378","2015-11-01 00:00:00.0","1900-01-01 00:00:00.0"
"Paillaco","Planta Titular","Salud","Titular","Silvia Haydée Colil  Vera","Auxiliar de Servicio de Salud","SIN INFORMACION","Auxiliares de Servicios de Salud Categoría F","Estatuto Atención Primaria de Salud Municipal  Ley N°19.378","2015-11-01 00:00:00.0","1900-01-01 00:00:00.0"
"Paillaco","Planta Titular","Salud","Titular","Ana Maria Gonzalez Martinez","Auxiliar de Servicio de Salud","SIN INFORMACION","Auxiliares de Servicios de Salud Categoría F","Estatuto Atención Primaria de Salud Municipal  Ley N°19.378","2015-11-01 00:00:00.0","1900-01-01 00:00:00.0"
"Paillaco","Planta Titular","Salud","Titular","Angelica Ivonne Rojas Silva","Administrativo Crea de Salud","SIN INFORMACION","Administrativos de Salud Categoría E","Estatuto Atención Primaria de Salud Municipal  Ley N°19.378","2015-11-01 00:00:00.0","1900-01-01 00:00:00.0"
