"Comuna","Tipo de Contratación","Área","Calidad","Nombre","Cargo","Grado","Planta","Remuneración","Fecha desde","Fecha hasta"
"Rio Bueno","Planta Titular","Municipal","Titular","Luis Fernando Prieto Brule","Auxiliar","15°","Auxiliares","Escala Municipal","2017-01-01 00:00:00.0","1900-01-01 00:00:00.0"
"Rio Bueno","Planta Titular","Municipal","Titular","Carlos Alberto Pradine Reyes","Auxiliar","15°","Auxiliares","Escala Municipal","2017-01-01 00:00:00.0","1900-01-01 00:00:00.0"
"Rio Bueno","Planta Titular","Municipal","Titular","Eladio Alejandro Sobarzo Leiva","Docente"," ","Docente","Escala Profesionales de La Educación Llay 19.070)","2015-03-01 00:00:00.0","1900-01-01 00:00:00.0"
"Rio Bueno","Planta Titular","Municipal","Titular","Carlos Alberto Merino San Cristobal","Docente"," ","Docente","Escala Profesionales de La Educación Llay 19.070)","2015-03-01 00:00:00.0","1900-01-01 00:00:00.0"
"Rio Bueno","Planta Titular","Municipal","Titular","Luis Enrique Alderete Lopez","Auxiliar","13°","Auxiliares","Escala Municipal","2017-01-01 00:00:00.0","1900-01-01 00:00:00.0"
"Rio Bueno","Planta Titular","Municipal","Titular","Javier Luciano Martin Lienlaf","Docente"," ","Docente","Escala Profesionales de La Educación Llay 19.070)","2015-03-01 00:00:00.0","1900-01-01 00:00:00.0"
"Rio Bueno","Planta Titular","Municipal","Titular","Ana Maria Barriga Quezada","Docente"," ","Docente","Escala Profesionales de La Educación Llay 19.070)","2015-03-01 00:00:00.0","1900-01-01 00:00:00.0"
"Rio Bueno","Planta Titular","Municipal","Titular","Victor Hugo Martinez Corona","Auxiliar","14°","Auxiliares","Escala Municipal","2017-01-01 00:00:00.0","1900-01-01 00:00:00.0"
"Rio Bueno","Planta Titular","Municipal","Titular","Hector Rociel Castro Vera","Docente"," ","Docente","Escala Profesionales de La Educación Llay 19.070)","2015-03-01 00:00:00.0","1900-01-01 00:00:00.0"
"Rio Bueno","Planta Titular","Municipal","Titular","Miguel Angel Huentequeo Cares","Auxiliar","17°","Auxiliares","Escala Municipal","2019-08-13 00:00:00.0","1900-01-01 00:00:00.0"
"Rio Bueno","Planta Titular","Municipal","Titular","Alicia Aramita Barrientos  Fuentealba","Docente"," ","Docente","Escala Profesionales de La Educación Llay 19.070)","2015-03-01 00:00:00.0","1900-01-01 00:00:00.0"
"Rio Bueno","Planta Titular","Municipal","Titular","Hector Eugenio Mayorga Villanueva","Auxiliar","14°","Auxiliares","Escala Municipal","2017-01-01 00:00:00.0","1900-01-01 00:00:00.0"
"Rio Bueno","Planta Titular","Municipal","Titular","Angelica Lorena Noriega Fuentes","Docente"," ","Docente","Escala Profesionales de La Educación Llay 19.070)","2015-03-01 00:00:00.0","1900-01-01 00:00:00.0"
"Rio Bueno","Planta Titular","Municipal","Titular","Rene David Borquez Rosas","Directivo","8°","Directivos","Escala Municipal","2011-11-18 00:00:00.0","1900-01-01 00:00:00.0"
"Rio Bueno","Planta Titular","Municipal","Titular","Sandra Margoth Ramirez Duhalde","Técnico","13°","Técnicos","Escala Municipal","2019-10-01 00:00:00.0","1900-01-01 00:00:00.0"
"Rio Bueno","Planta Titular","Municipal","Titular","Ana Veronica Albarran Mariman","Docente"," ","Docente","Escala Profesionales de La Educación Llay 19.070)","2015-03-01 00:00:00.0","1900-01-01 00:00:00.0"
"Rio Bueno","Planta Titular","Municipal","Titular","Jose Luis Rodriguez Cañoles","Docente"," ","Docente","Escala Profesionales de La Educación Llay 19.070)","2015-03-01 00:00:00.0","1900-01-01 00:00:00.0"
"Rio Bueno","Planta Titular","Municipal","Titular","Fermin Eugenio Burgos Perez","Administrativo","13°","Administrativos","Escala Municipal","2016-01-01 00:00:00.0","1900-01-01 00:00:00.0"
"Rio Bueno","Planta Titular","Municipal","Titular","Nestor Sebastian Mena Garrido","Medico","SIN INFORMACION","Contratados Sin Planta","Afectos Al Código del Trabajo","2015-01-01 00:00:00.0","1900-01-01 00:00:00.0"
"Rio Bueno","Planta Titular","Municipal","Titular","Gladys Elena Aviles Bahamonde","Administrativo","13°","Administrativos","Escala Municipal","2017-01-01 00:00:00.0","1900-01-01 00:00:00.0"
"Rio Bueno","Planta Titular","Municipal","Titular","Wilson Mauricio Monzón Riquelme","Secretario Comunal de Planificación Y Coordinación","6°","Directivos","Escala Municipal","2014-10-30 00:00:00.0","1900-01-01 00:00:00.0"
"Rio Bueno","Planta Titular","Municipal","Titular","Jessica Pilar Ramirez Munzenmayer","Docente"," ","Docente","Escala Profesionales de La Educación Llay 19.070)","2015-03-01 00:00:00.0","1900-01-01 00:00:00.0"
"Rio Bueno","Planta Titular","Municipal","Titular","Merary Ruben Flores Villanueva","Profesional","9°","Profesionales","Escala Municipal","2011-08-01 00:00:00.0","1900-01-01 00:00:00.0"
"Rio Bueno","Planta Titular","Municipal","Titular","Sandra Karina Yaeger Aguila","Docente"," ","Docente","Escala Profesionales de La Educación Llay 19.070)","2015-03-01 00:00:00.0","1900-01-01 00:00:00.0"
"Rio Bueno","Planta Titular","Municipal","Titular","Juan Luis Martinez Bahamondes","Docente"," ","Docente","Escala Profesionales de La Educación Llay 19.070)","2015-03-01 00:00:00.0","1900-01-01 00:00:00.0"
"Rio Bueno","Planta Titular","Municipal","Titular","Victor David Santana Mesa","Auxiliar","17°","Auxiliares","Escala Municipal","2019-08-13 00:00:00.0","1900-01-01 00:00:00.0"
"Rio Bueno","Planta Titular","Municipal","Titular","Cristian Orlando Soto Leal","Jefatura","10°","Jefaturas","Escala Municipal de Remuneraciones(ley 18.883)","2014-01-01 00:00:00.0","1900-01-01 00:00:00.0"
"Rio Bueno","Planta Titular","Municipal","Titular","Carla Eugenia Villagran Silva","Docente"," ","Docente","Escala Profesionales de La Educación Llay 19.070)","2015-03-01 00:00:00.0","1900-01-01 00:00:00.0"
"Rio Bueno","Planta Titular","Municipal","Titular","Andrea Soledad Soto Ojeda","Director de Desarrollo Comunitario","6°","Directivos","Escala Municipal","2014-10-30 00:00:00.0","1900-01-01 00:00:00.0"
"Rio Bueno","Planta Titular","Municipal","Titular","Ximena Dianeth Alvarez Barria","Docente"," ","Docente","Escala Profesionales de La Educación Llay 19.070)","2015-03-01 00:00:00.0","1900-01-01 00:00:00.0"
"Rio Bueno","Planta Titular","Municipal","Titular","Elsa Ximena Jofre Hernandez","Docente"," ","Docente","Escala Profesionales de La Educación Llay 19.070)","2015-03-01 00:00:00.0","1900-01-01 00:00:00.0"
"Rio Bueno","Planta Titular","Municipal","Titular","Jose Emilio Aguilar Reyes","Auxiliar","14°","Auxiliares","Escala Municipal","2017-01-01 00:00:00.0","1900-01-01 00:00:00.0"
"Rio Bueno","Planta Titular","Municipal","Titular","Paula Andrea Hinojosa Mora","Director de Desarrollo Comunitario","6°","Directivos","Escala Municipal","2016-11-02 00:00:00.0","1900-01-01 00:00:00.0"
"Rio Bueno","Planta Titular","Municipal","Titular","Virginia Raquel Estrada Huenuman","Docente"," ","Docente","Escala Profesionales de La Educación Llay 19.070)","2015-03-01 00:00:00.0","1900-01-01 00:00:00.0"
"Rio Bueno","Planta Titular","Municipal","Titular","Cecilia Yanira Bobadilla Molina","Docente"," ","Docente","Escala Profesionales de La Educación Llay 19.070)","2015-03-01 00:00:00.0","1900-01-01 00:00:00.0"
"Rio Bueno","Planta Titular","Municipal","Titular","Danilo Ariel Opitz Tapia","Docente"," ","Docente","Escala Profesionales de La Educación Llay 19.070)","2015-03-01 00:00:00.0","1900-01-01 00:00:00.0"
"Rio Bueno","Planta Titular","Municipal","Titular","Juan Manuel Caldichoury Becerra","Docente"," ","Docente","Escala Profesionales de La Educación Llay 19.070)","2015-03-01 00:00:00.0","1900-01-01 00:00:00.0"
"Rio Bueno","Planta Titular","Municipal","Titular","Cristian Alejandro Cano Morales","Docente"," ","Docente","Escala Profesionales de La Educación Llay 19.070)","2015-03-01 00:00:00.0","1900-01-01 00:00:00.0"
"Rio Bueno","Planta Titular","Municipal","Titular","Armin Andres Ortiz Herrera","Docente"," ","Docente","Escala Profesionales de La Educación Llay 19.070)","2015-03-01 00:00:00.0","1900-01-01 00:00:00.0"
"Rio Bueno","Planta Titular","Municipal","Titular","Jaime Andres Octavio Rios Alday","Docente"," ","Docente","Escala Profesionales de La Educación Llay 19.070)","2015-03-01 00:00:00.0","1900-01-01 00:00:00.0"
"Rio Bueno","Planta Titular","Municipal","Titular","Cristian Javier Barriga Vega","Auxiliar","16°","Auxiliares","Escala Municipal","2019-08-13 00:00:00.0","1900-01-01 00:00:00.0"
"Rio Bueno","Planta Titular","Municipal","Titular","Jorge Andres Hidalgo Barriga","Auxiliar","16°","Auxiliares","Escala Municipal","2019-08-13 00:00:00.0","1900-01-01 00:00:00.0"
"Rio Bueno","Planta Titular","Municipal","Titular","Abel Natanael Delgado Queulo","Docente"," ","Docente","Escala Profesionales de La Educación Llay 19.070)","2015-03-01 00:00:00.0","1900-01-01 00:00:00.0"
"Rio Bueno","Planta Titular","Municipal","Titular","Millaray Leandra Catrihual Salinas","Asistente de La Educación","SIN INFORMACION","Contratados Sin Planta","Asistentes de La Educación Ley N°19.464","2019-03-01 00:00:00.0","1900-01-01 00:00:00.0"
"Rio Bueno","Planta Titular","Municipal","Titular","Joselyn Valeska Villarroel Rivera","Profesional","12°","Profesionales","Escala Municipal","2019-10-01 00:00:00.0","1900-01-01 00:00:00.0"
"Rio Bueno","Planta Titular","Municipal","Titular","Vilenka Zu¿iga Brito","Secretario Comunal de Planificación Y Coordinación","6°","Directivos","Escala Municipal","2018-04-01 00:00:00.0","1900-01-01 00:00:00.0"
"Rio Bueno","Planta Titular","Municipal","Titular","Erwin Abraham Uribe Obando","Asistente Social","SIN INFORMACION","Contratados Sin Planta","Afectos Al Código del Trabajo","2017-03-01 00:00:00.0","1900-01-01 00:00:00.0"
"Rio Bueno","Planta Titular","Municipal","Titular","Karla  Saenz Acuna","Psicólogo","SIN INFORMACION","Contratados Sin Planta","Afectos Al Código del Trabajo","2017-03-01 00:00:00.0","1900-01-01 00:00:00.0"
"Rio Bueno","Planta Titular","Municipal","Titular","Ariel Eduardo Carrasco Delgado","Profesional"," ","Profesionales","Escala Municipal","2019-10-01 00:00:00.0","1900-01-01 00:00:00.0"
"Rio Bueno","Planta Titular","Municipal","Titular","Victoria Isabel Martinez Valdovino","Asesor","SIN INFORMACION","Contratados Sin Planta","Afectos Al Código del Trabajo","2018-08-01 00:00:00.0","1900-01-01 00:00:00.0"
"Rio Bueno","Planta Titular","Municipal","Titular","Erick Oswaldo Leyva Villegas","Medico","SIN INFORMACION","Contratados Sin Planta","Afectos Al Código del Trabajo","2018-08-16 00:00:00.0","1900-01-01 00:00:00.0"
"Rio Bueno","Planta Titular","Municipal","Titular","Hernan Aurelio Guevara Garcia","Administrativo","9°","Técnicos","Escala Municipal","2016-01-01 00:00:00.0","1900-01-01 00:00:00.0"
"Rio Bueno","Planta Titular","Municipal","Titular","Ana Marlene Lopez Montecinos","Directivo","7°","Directivos","Escala Municipal","2011-05-18 00:00:00.0","1900-01-01 00:00:00.0"
"Rio Bueno","Planta Titular","Municipal","Titular","Sergio Edmundo Martinez Martinez","Auxiliar","13°","Auxiliares","Escala Municipal","2017-01-01 00:00:00.0","1900-01-01 00:00:00.0"
"Rio Bueno","Planta Titular","Municipal","Titular","Erwin del Carmen Rios Zuñiga","Auxiliar","13°","Auxiliares","Escala Municipal","2017-01-01 00:00:00.0","1900-01-01 00:00:00.0"
"Rio Bueno","Planta Titular","Municipal","Titular","Hector Juan Muñoz Ovando","Administrativo","12°","Administrativos","Escala Municipal","2016-01-01 00:00:00.0","1900-01-01 00:00:00.0"
"Rio Bueno","Planta Titular","Municipal","Titular","Wildo Uribe Adamas","Auxiliar","14°","Auxiliares","Escala Municipal","2017-01-01 00:00:00.0","1900-01-01 00:00:00.0"
"Rio Bueno","Planta Titular","Municipal","Titular","Luis Aurelio Faundez Smitt","Auxiliar","13°","Auxiliares","Escala Municipal","2017-01-01 00:00:00.0","1900-01-01 00:00:00.0"
"Rio Bueno","Planta Titular","Municipal","Titular","Julio Antonio Molina Quijada","Técnico","9°","Técnicos","Escala Municipal","2016-01-01 00:00:00.0","1900-01-01 00:00:00.0"
"Rio Bueno","Planta Titular","Municipal","Titular","Patricia Gonzalez Rios","Administrativo","14°","Administrativos","Escala Municipal","2017-01-01 00:00:00.0","1900-01-01 00:00:00.0"
"Rio Bueno","Planta Titular","Municipal","Titular","Angela Henriquez Vejar","Administrativo","11°","Administrativos","Escala Municipal","2016-01-01 00:00:00.0","1900-01-01 00:00:00.0"
"Rio Bueno","Planta Titular","Municipal","Titular","Lupercio Toledo Molina","Auxiliar","14°","Auxiliares","Escala Municipal","2017-01-01 00:00:00.0","1900-01-01 00:00:00.0"
"Rio Bueno","Planta Titular","Municipal","Titular","Raul Martinez Mora","Auxiliar","14°","Auxiliares","Escala Municipal","2017-01-01 00:00:00.0","1900-01-01 00:00:00.0"
"Rio Bueno","Planta Titular","Municipal","Titular","Jose Adolfo Solis Delgado","Auxiliar","14°","Auxiliares","Escala Municipal","2017-01-01 00:00:00.0","1900-01-01 00:00:00.0"
"Rio Bueno","Planta Titular","Municipal","Titular","Maria Valentina Jessica Ulloa Buholzer","Administrativo","14°","Administrativos","Escala Municipal","2017-01-01 00:00:00.0","1900-01-01 00:00:00.0"
"Rio Bueno","Planta Titular","Municipal","Titular","Maria Elena Ocampo Labbe","Administrativo","12°","Administrativos","Escala Municipal","2016-01-01 00:00:00.0","1900-01-01 00:00:00.0"
"Rio Bueno","Planta Titular","Municipal","Titular","Raul David Vera Fuentealba","Auxiliar","14°","Auxiliares","Escala Municipal","2017-01-01 00:00:00.0","1900-01-01 00:00:00.0"
"Rio Bueno","Planta Titular","Municipal","Titular","Ariel Edmundo Delgado Alvarez","Directivo","8°","Directivos","Escala Municipal","2011-05-18 00:00:00.0","1900-01-01 00:00:00.0"
"Rio Bueno","Planta Titular","Municipal","Titular","Maria Angelica Alarcon del Rio","Técnico","12°","Técnicos","Escala Municipal","2017-01-01 00:00:00.0","1900-01-01 00:00:00.0"
"Rio Bueno","Planta Titular","Municipal","Titular","Mario Armando Perez Leal","Administrativo","13°","Administrativos","Escala Municipal","2016-01-01 00:00:00.0","1900-01-01 00:00:00.0"
"Rio Bueno","Planta Titular","Municipal","Titular","Andres Enrique Uribe Rudolph","Auxiliar","14°","Auxiliares","Escala Municipal","2017-01-01 00:00:00.0","1900-01-01 00:00:00.0"
"Rio Bueno","Planta Titular","Municipal","Titular","Maria Miguelina Solis Acencio","Técnico","11°","Técnicos","Escala Municipal","2016-01-01 00:00:00.0","1900-01-01 00:00:00.0"
"Rio Bueno","Planta Titular","Municipal","Titular","Denice Cecilia del Carmen Barria Lopez","Administrativo","11°","Administrativos","Escala Municipal","2016-01-01 00:00:00.0","1900-01-01 00:00:00.0"
"Rio Bueno","Planta Titular","Municipal","Titular","Alejandro Dagoberto Soto Delgado","Auxiliar","17°","Auxiliares","Escala Municipal","2019-08-13 00:00:00.0","1900-01-01 00:00:00.0"
"Rio Bueno","Planta Titular","Municipal","Titular","Luis Manuel Zumelzu Peña Y Lillo","Administrativo","13°","Administrativos","Escala Municipal","2016-01-01 00:00:00.0","1900-01-01 00:00:00.0"
"Rio Bueno","Planta Titular","Municipal","Titular","Guido Alejandro Gutierrez Salvo","Técnico","10°","Sin Información","Escala Municipal de Remuneraciones(ley 18.883)","2013-10-01 00:00:00.0","1900-01-01 00:00:00.0"
"Rio Bueno","Planta Titular","Municipal","Titular","Eligio Isaias Campos Traillanca","Auxiliar","13°","Auxiliares","Escala Municipal","2017-01-01 00:00:00.0","1900-01-01 00:00:00.0"
"Rio Bueno","Planta Titular","Municipal","Titular","Marlene Ivett Urrutia Blome","Docente"," ","Docente","Escala Profesionales de La Educación Llay 19.070)","2015-03-01 00:00:00.0","1900-01-01 00:00:00.0"
"Rio Bueno","Planta Titular","Municipal","Titular","Jaime Eugenio Vega Uribe","Administrativo","14°","Administrativos","Escala Municipal","2017-01-01 00:00:00.0","1900-01-01 00:00:00.0"
"Rio Bueno","Planta Titular","Municipal","Titular","Ximena del Carmen Rodriguez Cardenas","Administrativo","13°","Administrativos","Escala Municipal","2016-01-01 00:00:00.0","1900-01-01 00:00:00.0"
"Rio Bueno","Planta Titular","Municipal","Titular","Denise Zulema Baeza Fuentes","Administrativo","13°","Administrativos","Escala Municipal","2017-01-01 00:00:00.0","1900-01-01 00:00:00.0"
"Rio Bueno","Planta Titular","Municipal","Titular","Sandra Yessika Fernandez Pineda","Técnico","12°","Técnicos","Escala Municipal","2016-01-01 00:00:00.0","1900-01-01 00:00:00.0"
"Rio Bueno","Planta Titular","Municipal","Titular","Enrique Marcelo Oyarzun Angulo","Administrativo","13°","Administrativos","Escala Municipal","2016-01-01 00:00:00.0","1900-01-01 00:00:00.0"
