"Comuna","Tipo de Contratación","Área","Calidad","Nombre","Cargo","Grado","Planta","Remuneración","Fecha desde","Fecha hasta"
"Rio Bueno","Planta Titular","Educación","Titular","Maria Antonieta Delgado Vergara","Docente"," ","Docente","Escala Profesionales de La Educación Llay 19.070)","2015-03-01 00:00:00.0","1900-01-01 00:00:00.0"
"Rio Bueno","Planta Titular","Educación","Titular","Raquel Monica Rios Vera","Docente"," ","Docente","Escala Profesionales de La Educación Llay 19.070)","2015-03-01 00:00:00.0","1900-01-01 00:00:00.0"
"Rio Bueno","Planta Titular","Educación","Titular","Eladio Alejandro Sobarzo Leiva","Docente","SIN INFORMACION","Docente","Profesionales de La Educación Ley N°19.070","2015-03-01 00:00:00.0","1900-01-01 00:00:00.0"
"Rio Bueno","Planta Titular","Educación","Titular","Guillermo Edgardo Soto Ojeda","Docente","SIN INFORMACION","Docente","Profesionales de La Educación Ley N°19.070","2018-03-05 00:00:00.0","1900-01-01 00:00:00.0"
"Rio Bueno","Planta Titular","Educación","Titular","Juan Edgardo Fernandez Vera","Auxiliar de Servicios Menores","SIN INFORMACION","Contratados Sin Planta","Asistentes de La Educación Ley N°19.464","2015-03-01 00:00:00.0","1900-01-01 00:00:00.0"
"Rio Bueno","Planta Titular","Educación","Titular","Valeska  Mutis  Garc¿a","Asistente de La Educación","SIN INFORMACION","Contratados Sin Planta","Asistentes de La Educación Ley N°19.464","2017-03-01 00:00:00.0","1900-01-01 00:00:00.0"
"Rio Bueno","Planta Titular","Educación","Titular","Angelica Adriana Vera Rivera","Asesor","SIN INFORMACION","Contratados Sin Planta","Afectos Al Código del Trabajo","2015-03-01 00:00:00.0","1900-01-01 00:00:00.0"
"Rio Bueno","Planta Titular","Educación","Titular","Sandra Ximena Vasquez Gomez","Docente","SIN INFORMACION","Docente","Profesionales de La Educación Ley N°19.070","2019-04-25 00:00:00.0","1900-01-01 00:00:00.0"
"Rio Bueno","Planta Titular","Educación","Titular","Silvia Gloria Vega Jara","Auxiliar de Servicios Menores","SIN INFORMACION","Contratados Sin Planta","Afectos Al Código del Trabajo","2011-03-01 00:00:00.0","1900-01-01 00:00:00.0"
"Rio Bueno","Planta Titular","Educación","Titular","Ludmila Ilsen Muñoz Leal","Docente","SIN INFORMACION","Docente","Profesionales de La Educación Ley N°19.070","2019-04-25 00:00:00.0","1900-01-01 00:00:00.0"
"Rio Bueno","Planta Titular","Educación","Titular","Milena Adriana Martinez Becker","Director","SIN INFORMACION","Contratados Sin Planta","Afectos Al Código del Trabajo","2012-03-01 00:00:00.0","1900-01-01 00:00:00.0"
"Rio Bueno","Planta Titular","Educación","Titular","Carlos Alberto Merino San Cristobal","Docente","SIN INFORMACION","Docente","Profesionales de La Educación Ley N°19.070","2015-03-01 00:00:00.0","1900-01-01 00:00:00.0"
"Rio Bueno","Planta Titular","Educación","Titular","Jessica del Carmen Noriega Vallejos","Docente"," ","Docente","Escala Profesionales de La Educación Llay 19.070)","2014-03-01 00:00:00.0","1900-01-01 00:00:00.0"
"Rio Bueno","Planta Titular","Educación","Titular","Ines Lorena Salamanca Valdovino","Docente"," ","Docente","Escala Profesionales de La Educación Llay 19.070)","2014-03-01 00:00:00.0","1900-01-01 00:00:00.0"
"Rio Bueno","Planta Titular","Educación","Titular","Silvia Amalia Quezada Leal","Director","SIN INFORMACION","Contratados Sin Planta","Afectos Al Código del Trabajo","2017-03-01 00:00:00.0","1900-01-01 00:00:00.0"
"Rio Bueno","Planta Titular","Educación","Titular","Rosemarie Jacqueline  Delgado Filcun","Auxiliar de Servicios Menores","SIN INFORMACION","Contratados Sin Planta","Afectos Al Código del Trabajo","2015-03-01 00:00:00.0","1900-01-01 00:00:00.0"
"Rio Bueno","Planta Titular","Educación","Titular","Maria Cecilia Saldaña Sandoval","Docente","SIN INFORMACION","Docente","Profesionales de La Educación Ley N°19.070","2018-03-05 00:00:00.0","1900-01-01 00:00:00.0"
"Rio Bueno","Planta Titular","Educación","Titular","Javier Luciano Martin Lienlaf","Docente","SIN INFORMACION","Docente","Profesionales de La Educación Ley N°19.070","2015-03-01 00:00:00.0","1900-01-01 00:00:00.0"
"Rio Bueno","Planta Titular","Educación","Titular","Jose Vicente Yañez Vejar","Asesor","SIN INFORMACION","Contratados Sin Planta","Afectos Al Código del Trabajo","2016-03-01 00:00:00.0","1900-01-01 00:00:00.0"
"Rio Bueno","Planta Titular","Educación","Titular","Belgica del Carmen Angulo Molina","Asistente de La Educación","SIN INFORMACION","Contratados Sin Planta","Asistentes de La Educación Ley N°19.464","2016-03-01 00:00:00.0","1900-01-01 00:00:00.0"
"Rio Bueno","Planta Titular","Educación","Titular","Myriam Luz Sepulveda Carrasco","Encargado Biblioteca","SIN INFORMACION","Contratados Sin Planta","Afectos Al Código del Trabajo","2017-03-01 00:00:00.0","1900-01-01 00:00:00.0"
"Rio Bueno","Planta Titular","Educación","Titular","Gloria Mireya  Casanova Padilla","Asesor","SIN INFORMACION","Contratados Sin Planta","Afectos Al Código del Trabajo","2015-03-12 00:00:00.0","1900-01-01 00:00:00.0"
"Rio Bueno","Planta Titular","Educación","Titular","Haydee Silvia Quisto Sierpe","Asistente de La Educación","SIN INFORMACION","Contratados Sin Planta","Asistentes de La Educación Ley N°19.464","2019-03-01 00:00:00.0","1900-01-01 00:00:00.0"
"Rio Bueno","Planta Titular","Educación","Titular","Ana Maria Barriga Quezada","Docente","SIN INFORMACION","Docente","Profesionales de La Educación Ley N°19.070","2015-03-01 00:00:00.0","1900-01-01 00:00:00.0"
"Rio Bueno","Planta Titular","Educación","Titular","Sandra Veronica Ruiz Alvarado","Asistentes de La Educación Ley N° 19.464","SIN INFORMACION","Contratados Sin Planta","Afectos Al Código del Trabajo","2015-03-01 00:00:00.0","1900-01-01 00:00:00.0"
"Rio Bueno","Planta Titular","Educación","Titular","German Esteban Maldonado Boskamp","Asistente de La Educación","SIN INFORMACION","Contratados Sin Planta","Asistentes de La Educación Ley N°19.464","2019-03-01 00:00:00.0","1900-01-01 00:00:00.0"
"Rio Bueno","Planta Titular","Educación","Titular","Vexy Evelyn Triviño Barrientos","Docente"," ","Docente","Escala Profesionales de La Educación Llay 19.070)","2015-03-01 00:00:00.0","1900-01-01 00:00:00.0"
"Rio Bueno","Planta Titular","Educación","Titular","Hector Rociel Castro Vera","Docente","SIN INFORMACION","Docente","Profesionales de La Educación Ley N°19.070","2015-03-01 00:00:00.0","1900-01-01 00:00:00.0"
"Rio Bueno","Planta Titular","Educación","Titular","Diego Alberto Donoso Perez","Asistente de La Educación","SIN INFORMACION","Contratados Sin Planta","Afectos Al Código del Trabajo","2015-03-01 00:00:00.0","1900-01-01 00:00:00.0"
"Rio Bueno","Planta Titular","Educación","Titular","Norma Eliana Aros  Gatica","Asistente de La Educación","SIN INFORMACION","Contratados Sin Planta","Asistentes de La Educación Ley N°19.464","2019-03-01 00:00:00.0","1900-01-01 00:00:00.0"
"Rio Bueno","Planta Titular","Educación","Titular","Maria Ines Rios Martinez","Docente"," ","Docente","Escala Profesionales de La Educación Llay 19.070)","2015-03-01 00:00:00.0","1900-01-01 00:00:00.0"
"Rio Bueno","Planta Titular","Educación","Titular","Jose Angel Cisterna Muñoz","Asistentes de La Educación Ley N° 19.464","SIN INFORMACION","Contratados Sin Planta","Asistentes de La Educación Ley N°19.464","2016-03-01 00:00:00.0","1900-01-01 00:00:00.0"
"Rio Bueno","Planta Titular","Educación","Titular","Alicia Aramita Barrientos  Fuentealba","Docente","SIN INFORMACION","Docente","Profesionales de La Educación Ley N°19.070","2015-03-01 00:00:00.0","1900-01-01 00:00:00.0"
"Rio Bueno","Planta Titular","Educación","Titular","Carmen del Pilar Quiñones Garrido","Asesor","SIN INFORMACION","Contratados Sin Planta","Afectos Al Código del Trabajo","2015-03-01 00:00:00.0","1900-01-01 00:00:00.0"
"Rio Bueno","Planta Titular","Educación","Titular","Luz Eliana Guichapani Alvarado","Asistente de La Educación","SIN INFORMACION","Contratados Sin Planta","Afectos Al Código del Trabajo","2015-05-01 00:00:00.0","1900-01-01 00:00:00.0"
"Rio Bueno","Planta Titular","Educación","Titular","Sonia Elsa Queulo Huenulaf","Docente"," ","Docente","Escala Profesionales de La Educación Llay 19.070)","2014-03-01 00:00:00.0","1900-01-01 00:00:00.0"
"Rio Bueno","Planta Titular","Educación","Titular","Jeannett Ines Garrido Silva","Docente","SIN INFORMACION","Docente","Profesionales de La Educación Ley N°19.070","2018-03-07 00:00:00.0","1900-01-01 00:00:00.0"
"Rio Bueno","Planta Titular","Educación","Titular","Angelica Lorena Noriega Fuentes","Docente","SIN INFORMACION","Docente","Profesionales de La Educación Ley N°19.070","2015-03-01 00:00:00.0","1900-01-01 00:00:00.0"
"Rio Bueno","Planta Titular","Educación","Titular","Walewska de Lourdes Matus Solis","Asistente de La Educación","SIN INFORMACION","Contratados Sin Planta","Asistentes de La Educación Ley N°19.464","2017-03-01 00:00:00.0","1900-01-01 00:00:00.0"
"Rio Bueno","Planta Titular","Educación","Titular","Marcia Veronica Henriquez Silva","Asesor","SIN INFORMACION","Contratados Sin Planta","Afectos Al Código del Trabajo","2018-03-01 00:00:00.0","1900-01-01 00:00:00.0"
"Rio Bueno","Planta Titular","Educación","Titular","Sonia Elda  Millar Toloza","Asistente de La Educación","SIN INFORMACION","Contratados Sin Planta","Asistentes de La Educación Ley N°19.464","2018-03-01 00:00:00.0","1900-01-01 00:00:00.0"
"Rio Bueno","Planta Titular","Educación","Titular","Aida Marlene Gatica Fuentealba","Asesor","SIN INFORMACION","Contratados Sin Planta","Afectos Al Código del Trabajo","2015-03-11 00:00:00.0","1900-01-01 00:00:00.0"
"Rio Bueno","Planta Titular","Educación","Titular","Hector Rafael Martinez Cotiart","Docente"," ","Docente","Escala Profesionales de La Educación Llay 19.070)","2014-03-01 00:00:00.0","1900-01-01 00:00:00.0"
"Rio Bueno","Planta Titular","Educación","Titular","Rodrigo Alberto Barria Mancilla","Docente","SIN INFORMACION","Docente","Profesionales de La Educación Ley N°19.070","2015-03-01 00:00:00.0","1900-01-01 00:00:00.0"
"Rio Bueno","Planta Titular","Educación","Titular","Elba Uberlinda Carabantes Catalan","Asesor","SIN INFORMACION","Contratados Sin Planta","Afectos Al Código del Trabajo","2018-03-01 00:00:00.0","1900-01-01 00:00:00.0"
"Rio Bueno","Planta Titular","Educación","Titular","Paola Liz Urzua Hurtado","Docente"," ","Profesional Docente","Escala Profesionales de La Educación Llay 19.070)","2010-03-01 00:00:00.0","1900-01-01 00:00:00.0"
"Rio Bueno","Planta Titular","Educación","Titular","Tatiana Veronica Cotiart Solis","Técnico En Párvulos","SIN INFORMACION","Contratados Sin Planta","Afectos Al Código del Trabajo","2005-01-01 00:00:00.0","1900-01-01 00:00:00.0"
"Rio Bueno","Planta Titular","Educación","Titular","Patricia Angelica Caro Cornejo","Técnico En Párvulos","SIN INFORMACION","Contratados Sin Planta","Afectos Al Código del Trabajo","2005-01-01 00:00:00.0","1900-01-01 00:00:00.0"
"Rio Bueno","Planta Titular","Educación","Titular","Carmen Gloria            Baldovino Alvarez","Asistente de La Educación","SIN INFORMACION","Contratados Sin Planta","Asistentes de La Educación Ley N°19.464","2019-03-01 00:00:00.0","1900-01-01 00:00:00.0"
"Rio Bueno","Planta Titular","Educación","Titular","Susana Beatriz Barrientos Salazar","Docente"," ","Docente","Escala Profesionales de La Educación Llay 19.070)","2014-03-01 00:00:00.0","1900-01-01 00:00:00.0"
"Rio Bueno","Planta Titular","Educación","Titular","Ximena Patricia Uribe Uribe","Docente"," ","Docente","Escala Profesionales de La Educación Llay 19.070)","2014-03-01 00:00:00.0","1900-01-01 00:00:00.0"
"Rio Bueno","Planta Titular","Educación","Titular","Flavio Alejandro Lagos Heufemann","Monitor Deportivo","SIN INFORMACION","Contratados Sin Planta","Afectos Al Código del Trabajo","2018-03-01 00:00:00.0","1900-01-01 00:00:00.0"
"Rio Bueno","Planta Titular","Educación","Titular","Jacqueline Leticia Catalan Villagran","Asistente de La Educación","SIN INFORMACION","Contratados Sin Planta","Asistentes de La Educación Ley N°19.464","2018-03-01 00:00:00.0","1900-01-01 00:00:00.0"
"Rio Bueno","Planta Titular","Educación","Titular","Lorena Edith Flandez Vidal","Docente"," ","Docente","Escala Profesionales de La Educación Llay 19.070)","2015-03-01 00:00:00.0","1900-01-01 00:00:00.0"
"Rio Bueno","Planta Titular","Educación","Titular","Gloria Veronica Guentrepan Gonzalez","Asistente de La Educación","SIN INFORMACION","Contratados Sin Planta","Asistentes de La Educación Ley N°19.464","2019-03-01 00:00:00.0","1900-01-01 00:00:00.0"
"Rio Bueno","Planta Titular","Educación","Titular","Maria Vidalita Rios Olivares","Técnico","SIN INFORMACION","Contratados Sin Planta","Afectos Al Código del Trabajo","2015-03-01 00:00:00.0","1900-01-01 00:00:00.0"
"Rio Bueno","Planta Titular","Educación","Titular","Ana Veronica Albarran Mariman","Docente","SIN INFORMACION","Docente","Profesionales de La Educación Ley N°19.070","2015-03-01 00:00:00.0","1900-01-01 00:00:00.0"
"Rio Bueno","Planta Titular","Educación","Titular","Gustavo Eduardo Veliz Concha","Docente"," ","Docente","Escala Profesionales de La Educación Llay 19.070)","2014-03-01 00:00:00.0","1900-01-01 00:00:00.0"
"Rio Bueno","Planta Titular","Educación","Titular","Marcos Antonio Fritz Aguayo","Docente"," ","Docente","Escala Profesionales de La Educación Llay 19.070)","2015-03-01 00:00:00.0","1900-01-01 00:00:00.0"
"Rio Bueno","Planta Titular","Educación","Titular","Paola Guadalupe Castillo Ortega","Docente"," ","Docente","Escala Profesionales de La Educación Llay 19.070)","2015-03-01 00:00:00.0","1900-01-01 00:00:00.0"
"Rio Bueno","Planta Titular","Educación","Titular","Rodrigo  Puchi Fuentes","Monitor","SIN INFORMACION","Contratados Sin Planta","Afectos Al Código del Trabajo","2018-03-01 00:00:00.0","1900-01-01 00:00:00.0"
"Rio Bueno","Planta Titular","Educación","Titular","Freddy Mauricio Rojas Chavez","Administrativo","SIN INFORMACION","Contratados Sin Planta","Afectos Al Código del Trabajo","2015-03-01 00:00:00.0","1900-01-01 00:00:00.0"
"Rio Bueno","Planta Titular","Educación","Titular","Jose Luis Rodriguez Cañoles","Docente","SIN INFORMACION","Docente","Profesionales de La Educación Ley N°19.070","2015-03-01 00:00:00.0","1900-01-01 00:00:00.0"
"Rio Bueno","Planta Titular","Educación","Titular","Jaqueline Yecenia Muñoz Miranda","Técnico En Párvulos","SIN INFORMACION","Contratados Sin Planta","Afectos Al Código del Trabajo","2005-01-01 00:00:00.0","1900-01-01 00:00:00.0"
"Rio Bueno","Planta Titular","Educación","Titular","Ana Sofia Henriquez Agüero","Docente"," ","Docente","Escala Profesionales de La Educación Llay 19.070)","2014-03-01 00:00:00.0","1900-01-01 00:00:00.0"
"Rio Bueno","Planta Titular","Educación","Titular","Jose Alvaro Barra Saez","Docente","SIN INFORMACION","Docente","Profesionales de La Educación Ley N°19.070","2018-03-05 00:00:00.0","1900-01-01 00:00:00.0"
"Rio Bueno","Planta Titular","Educación","Titular","Ximena Adriana Roa Saldivia","Asesor","SIN INFORMACION","Contratados Sin Planta","Afectos Al Código del Trabajo","2017-03-01 00:00:00.0","1900-01-01 00:00:00.0"
"Rio Bueno","Planta Titular","Educación","Titular","Juan Andres  Ovalle  Tereucan","Asistente de La Educación","SIN INFORMACION","Contratados Sin Planta","Asistentes de La Educación Ley N°19.464","2019-03-01 00:00:00.0","1900-01-01 00:00:00.0"
"Rio Bueno","Planta Titular","Educación","Titular","Miriam Yanette Delgado Yañez","Docente"," ","Docente","Escala Profesionales de La Educación Llay 19.070)","2015-03-01 00:00:00.0","1900-01-01 00:00:00.0"
"Rio Bueno","Planta Titular","Educación","Titular","Patricia Isabel Vidal Viveros","Administrativo","SIN INFORMACION","Contratados Sin Planta","Afectos Al Código del Trabajo","2018-03-01 00:00:00.0","1900-01-01 00:00:00.0"
"Rio Bueno","Planta Titular","Educación","Titular","Mariane Soledad Gallardo Aburto","Asistente de La Educación","SIN INFORMACION","Contratados Sin Planta","Afectos Al Código del Trabajo","2015-03-01 00:00:00.0","1900-01-01 00:00:00.0"
"Rio Bueno","Planta Titular","Educación","Titular","Claudio Marcelo Bahamondes Delgado","Asistente de La Educación","SIN INFORMACION","Contratados Sin Planta","Asistentes de La Educación Ley N°19.464","2019-03-01 00:00:00.0","1900-01-01 00:00:00.0"
"Rio Bueno","Planta Titular","Educación","Titular","Andrea de Lourdes Cañoles Cañoles","Director","SIN INFORMACION","Contratados Sin Planta","Afectos Al Código del Trabajo","2016-03-01 00:00:00.0","1900-01-01 00:00:00.0"
"Rio Bueno","Planta Titular","Educación","Titular","Nelida Marlene Gomez Guzman","Directivo"," ","Docente Directivo","Escala Profesionales de La Educación Llay 19.070)","2014-10-01 00:00:00.0","1900-01-01 00:00:00.0"
"Rio Bueno","Planta Titular","Educación","Titular","Carmen Gloria Ojeda Hernandez","Administrativo","SIN INFORMACION","Contratados Sin Planta","Afectos Al Código del Trabajo","2016-03-01 00:00:00.0","1900-01-01 00:00:00.0"
"Rio Bueno","Planta Titular","Educación","Titular","Marlene Carola Muñoz Valdes","Asesor","SIN INFORMACION","Contratados Sin Planta","Afectos Al Código del Trabajo","2015-03-01 00:00:00.0","1900-01-01 00:00:00.0"
"Rio Bueno","Planta Titular","Educación","Titular","Nadia Ivette Ramirez Martinez","Docente"," ","Docente","Escala Profesionales de La Educación Llay 19.070)","2015-03-01 00:00:00.0","1900-01-01 00:00:00.0"
"Rio Bueno","Planta Titular","Educación","Titular","Maria Fabiola Vergara  Velasquez","Asesor","SIN INFORMACION","Contratados Sin Planta","Afectos Al Código del Trabajo","2015-03-01 00:00:00.0","1900-01-01 00:00:00.0"
"Rio Bueno","Planta Titular","Educación","Titular","Jessica Pilar Ramirez Munzenmayer","Docente","SIN INFORMACION","Docente","Profesionales de La Educación Ley N°19.070","2015-03-01 00:00:00.0","1900-01-01 00:00:00.0"
"Rio Bueno","Planta Titular","Educación","Titular","Gladys Eugenia Silva Martinez","Asistente de La Educación","SIN INFORMACION","Contratados Sin Planta","Afectos Al Código del Trabajo","2016-03-01 00:00:00.0","1900-01-01 00:00:00.0"
"Rio Bueno","Planta Titular","Educación","Titular","Maria Angelica Corona Rios","Administrativo","SIN INFORMACION","Contratados Sin Planta","Afectos Al Código del Trabajo","2018-03-01 00:00:00.0","1900-01-01 00:00:00.0"
"Rio Bueno","Planta Titular","Educación","Titular","Iris Verena Toloza Monsalve","Asistente de La Educación","SIN INFORMACION","Contratados Sin Planta","Asistentes de La Educación Ley N°19.464","2017-03-01 00:00:00.0","1900-01-01 00:00:00.0"
"Rio Bueno","Planta Titular","Educación","Titular","Sandra Karina Yaeger Aguila","Docente","SIN INFORMACION","Docente","Profesionales de La Educación Ley N°19.070","2015-03-01 00:00:00.0","1900-01-01 00:00:00.0"
"Rio Bueno","Planta Titular","Educación","Titular","Juan Luis Martinez Bahamondes","Docente","SIN INFORMACION","Docente","Profesionales de La Educación Ley N°19.070","2015-03-01 00:00:00.0","1900-01-01 00:00:00.0"
"Rio Bueno","Planta Titular","Educación","Titular","Oscar Francisco Mu¿oz Villegas","Periodista","SIN INFORMACION","Contratados Sin Planta","Afectos Al Código del Trabajo","2019-01-01 00:00:00.0","1900-01-01 00:00:00.0"
"Rio Bueno","Planta Titular","Educación","Titular","Doris del Carmen Reyes Rosas","Asistentes de La Educación Ley N° 19.464","SIN INFORMACION","Contratados Sin Planta","Afectos Al Código del Trabajo","2015-03-01 00:00:00.0","1900-01-01 00:00:00.0"
"Rio Bueno","Planta Titular","Educación","Titular","Carla Eugenia Villagran Silva","Docente","SIN INFORMACION","Docente","Profesionales de La Educación Ley N°19.070","2015-03-01 00:00:00.0","1900-01-01 00:00:00.0"
"Rio Bueno","Planta Titular","Educación","Titular","Rosa Ermelinda Alvarado Catalan","Auxiliar de Servicios Menores","SIN INFORMACION","Contratados Sin Planta","Afectos Al Código del Trabajo","2017-03-01 00:00:00.0","1900-01-01 00:00:00.0"
"Rio Bueno","Planta Titular","Educación","Titular","Maria Cristina Marquez  Espolman","Asesor","SIN INFORMACION","Contratados Sin Planta","Afectos Al Código del Trabajo","2017-03-01 00:00:00.0","1900-01-01 00:00:00.0"
"Rio Bueno","Planta Titular","Educación","Titular","Patricia Evelyn Karol Rios Munoz","Técnico En Párvulos","SIN INFORMACION","Contratados Sin Planta","Afectos Al Código del Trabajo","2012-03-01 00:00:00.0","1900-01-01 00:00:00.0"
"Rio Bueno","Planta Titular","Educación","Titular","Mariela Teresa Muñoz Provoste","Docente"," ","Docente","Escala Profesionales de La Educación Llay 19.070)","2014-04-01 00:00:00.0","1900-01-01 00:00:00.0"
"Rio Bueno","Planta Titular","Educación","Titular","Jeremias Daniel Maichil Huaique","Asistente de La Educación","SIN INFORMACION","Contratados Sin Planta","Asistentes de La Educación Ley N°19.464","2017-03-01 00:00:00.0","1900-01-01 00:00:00.0"
"Rio Bueno","Planta Titular","Educación","Titular","Karin Jovita Campos Carrasco","Asistente de La Educación","SIN INFORMACION","Contratados Sin Planta","Afectos Al Código del Trabajo","2015-03-01 00:00:00.0","1900-01-01 00:00:00.0"
"Rio Bueno","Planta Titular","Educación","Titular","Edith Filomena Jaramillo Jaramillo","Técnico En Párvulos","SIN INFORMACION","Contratados Sin Planta","Afectos Al Código del Trabajo","2011-03-01 00:00:00.0","1900-01-01 00:00:00.0"
"Rio Bueno","Planta Titular","Educación","Titular","Lilian Marianne Proboste Vera","Asistente Social","SIN INFORMACION","Contratados Sin Planta","Afectos Al Código del Trabajo","2015-03-01 00:00:00.0","1900-01-01 00:00:00.0"
"Rio Bueno","Planta Titular","Educación","Titular","Rodrigo Yampier Roa Railef","Ingeniero","SIN INFORMACION","Contratados Sin Planta","Afectos Al Código del Trabajo","2015-03-01 00:00:00.0","1900-01-01 00:00:00.0"
"Rio Bueno","Planta Titular","Educación","Titular","Ximena Dianeth Alvarez Barria","Docente","SIN INFORMACION","Docente","Profesionales de La Educación Ley N°19.070","2015-03-01 00:00:00.0","1900-01-01 00:00:00.0"
"Rio Bueno","Planta Titular","Educación","Titular","Luis Andres Stuardo Rubilar","Docente","SIN INFORMACION","Docente","Profesionales de La Educación Ley N°19.070","2019-04-25 00:00:00.0","1900-01-01 00:00:00.0"
"Rio Bueno","Planta Titular","Educación","Titular","Paola del Carmen Diaz Aguilar","Docente"," ","Docente","Escala Profesionales de La Educación Llay 19.070)","2015-03-01 00:00:00.0","1900-01-01 00:00:00.0"
"Rio Bueno","Planta Titular","Educación","Titular","Elsa Ximena Jofre Hernandez","Docente","SIN INFORMACION","Docente","Profesionales de La Educación Ley N°19.070","2015-03-01 00:00:00.0","1900-01-01 00:00:00.0"
"Rio Bueno","Planta Titular","Educación","Titular","Sergio Luis Rodrigo Saldivia Delgado","Docente"," ","Docente","Escala Profesionales de La Educación Llay 19.070)","2015-03-01 00:00:00.0","1900-01-01 00:00:00.0"
"Rio Bueno","Planta Titular","Educación","Titular","Lorena del Carmen Ortega Candia","Docente","SIN INFORMACION","Docente","Profesionales de La Educación Ley N°19.070","2018-03-05 00:00:00.0","1900-01-01 00:00:00.0"
"Rio Bueno","Planta Titular","Educación","Titular","Katharina Andrea Wimmer Ramírez","Docente"," ","Docente","Escala Profesionales de La Educación Llay 19.070)","2015-03-01 00:00:00.0","1900-01-01 00:00:00.0"
"Rio Bueno","Planta Titular","Educación","Titular","Berta Jenniffer Perez Alarcon","Asesor","SIN INFORMACION","Contratados Sin Planta","Afectos Al Código del Trabajo","2015-03-01 00:00:00.0","1900-01-01 00:00:00.0"
"Rio Bueno","Planta Titular","Educación","Titular","Katherine del Carmen Cardenas Jerez","Asesor","SIN INFORMACION","Contratados Sin Planta","Afectos Al Código del Trabajo","2017-03-01 00:00:00.0","1900-01-01 00:00:00.0"
"Rio Bueno","Planta Titular","Educación","Titular","Marcia Monica Martinez Arias","Docente","SIN INFORMACION","Docente","Profesionales de La Educación Ley N°19.070","2018-03-05 00:00:00.0","1900-01-01 00:00:00.0"
"Rio Bueno","Planta Titular","Educación","Titular","Maria Roxana Pitripan Cardenas","Asistente de La Educación","SIN INFORMACION","Contratados Sin Planta","Afectos Al Código del Trabajo","2015-03-01 00:00:00.0","1900-01-01 00:00:00.0"
"Rio Bueno","Planta Titular","Educación","Titular","Sandra del Pilar Castro Paredes","Asistente de La Educación","SIN INFORMACION","Contratados Sin Planta","Afectos Al Código del Trabajo","2015-03-01 00:00:00.0","1900-01-01 00:00:00.0"
"Rio Bueno","Planta Titular","Educación","Titular","Ximena Margarita Villanueva Toledo","Asistentes de La Educación Ley N° 19.464","SIN INFORMACION","Contratados Sin Planta","Asistentes de La Educación Ley N°19.464","2015-03-01 00:00:00.0","1900-01-01 00:00:00.0"
"Rio Bueno","Planta Titular","Educación","Titular","Yesenia Patricia Kramm Carcamo","Asistentes de La Educación Ley N° 19.464","SIN INFORMACION","Contratados Sin Planta","Afectos Al Código del Trabajo","2015-03-01 00:00:00.0","1900-01-01 00:00:00.0"
"Rio Bueno","Planta Titular","Educación","Titular","Gloria Susana Antillanca Saez","Docente","SIN INFORMACION","Docente","Profesionales de La Educación Ley N°19.070","2019-04-25 00:00:00.0","1900-01-01 00:00:00.0"
"Rio Bueno","Planta Titular","Educación","Titular","Gladys del Carmen Lorca Pardo","Técnico En Párvulos","SIN INFORMACION","Contratados Sin Planta","Asistentes de La Educación Ley N°19.464","2017-03-01 00:00:00.0","1900-01-01 00:00:00.0"
"Rio Bueno","Planta Titular","Educación","Titular","Andrea Kremilda Cadegan Vargas","Asesor","SIN INFORMACION","Contratados Sin Planta","Afectos Al Código del Trabajo","2015-03-01 00:00:00.0","1900-01-01 00:00:00.0"
"Rio Bueno","Planta Titular","Educación","Titular","Elena del Pilar Foitzick Foitzick","Asesor","SIN INFORMACION","Contratados Sin Planta","Afectos Al Código del Trabajo","2017-03-01 00:00:00.0","1900-01-01 00:00:00.0"
"Rio Bueno","Planta Titular","Educación","Titular","Ana del Carmen  Flores Belmar","Asistente de La Educación","SIN INFORMACION","Contratados Sin Planta","Asistentes de La Educación Ley N°19.464","2019-03-01 00:00:00.0","1900-01-01 00:00:00.0"
"Rio Bueno","Planta Titular","Educación","Titular","Maria Loreto Vergara Cid","Docente"," ","Docente","Escala Profesionales de La Educación Llay 19.070)","2014-03-01 00:00:00.0","1900-01-01 00:00:00.0"
"Rio Bueno","Planta Titular","Educación","Titular","Johana Soledad Toledo Jaramillo","Docente"," ","Docente","Escala Profesionales de La Educación Llay 19.070)","2014-03-01 00:00:00.0","1900-01-01 00:00:00.0"
"Rio Bueno","Planta Titular","Educación","Titular","Raquel Elena Garay Ñancus","Asistente de La Educación","SIN INFORMACION","Contratados Sin Planta","Asistentes de La Educación Ley N°19.464","2019-03-01 00:00:00.0","1900-01-01 00:00:00.0"
"Rio Bueno","Planta Titular","Educación","Titular","Lorena Lastenia Avila  Pozas","Técnico En Párvulos","SIN INFORMACION","Contratados Sin Planta","Afectos Al Código del Trabajo","2012-01-02 00:00:00.0","1900-01-01 00:00:00.0"
"Rio Bueno","Planta Titular","Educación","Titular","Graciela Mirta Martínez Delgado","Técnico","SIN INFORMACION","Contratados Sin Planta","Afectos Al Código del Trabajo","2015-08-01 00:00:00.0","1900-01-01 00:00:00.0"
"Rio Bueno","Planta Titular","Educación","Titular","Virginia Raquel Estrada Huenuman","Docente","SIN INFORMACION","Docente","Profesionales de La Educación Ley N°19.070","2015-03-01 00:00:00.0","1900-01-01 00:00:00.0"
"Rio Bueno","Planta Titular","Educación","Titular","Claudia Roxana Ruminot Salas","Asistente de La Educación","SIN INFORMACION","Contratados Sin Planta","Asistentes de La Educación Ley N°19.464","2016-03-01 00:00:00.0","1900-01-01 00:00:00.0"
"Rio Bueno","Planta Titular","Educación","Titular","Cecilia Yanira Bobadilla Molina","Docente","SIN INFORMACION","Docente","Profesionales de La Educación Ley N°19.070","2015-03-01 00:00:00.0","1900-01-01 00:00:00.0"
"Rio Bueno","Planta Titular","Educación","Titular","Claudio Ernesto Vargas Hott","Administrativo","SIN INFORMACION","Contratados Sin Planta","Asistentes de La Educación Ley N°19.464","2018-03-01 00:00:00.0","1900-01-01 00:00:00.0"
"Rio Bueno","Planta Titular","Educación","Titular","Jeannette del Carmen Solis Barria","Docente"," ","Docente","Escala Profesionales de La Educación Llay 19.070)","2014-03-01 00:00:00.0","1900-01-01 00:00:00.0"
"Rio Bueno","Planta Titular","Educación","Titular","Nilza Olaya Vargas Quintupurrai","Ayudante","SIN INFORMACION","Contratados Sin Planta","Afectos Al Código del Trabajo","2018-03-01 00:00:00.0","1900-01-01 00:00:00.0"
"Rio Bueno","Planta Titular","Educación","Titular","Javier Alejandro Lorca Lorca","Asistente de La Educación","SIN INFORMACION","Contratados Sin Planta","Asistentes de La Educación Ley N°19.464","2019-03-01 00:00:00.0","1900-01-01 00:00:00.0"
"Rio Bueno","Planta Titular","Educación","Titular","Antonieta Consuelo Diaz Aguilar","Asistente de La Educación","SIN INFORMACION","Contratados Sin Planta","Asistentes de La Educación Ley N°19.464","2016-03-01 00:00:00.0","1900-01-01 00:00:00.0"
"Rio Bueno","Planta Titular","Educación","Titular","Danilo Ariel Opitz Tapia","Docente","SIN INFORMACION","Docente","Profesionales de La Educación Ley N°19.070","2015-03-01 00:00:00.0","1900-01-01 00:00:00.0"
"Rio Bueno","Planta Titular","Educación","Titular","Joyse del Pilar Ross Carrasco","Técnico En Párvulos","SIN INFORMACION","Contratados Sin Planta","Afectos Al Código del Trabajo","2014-03-01 00:00:00.0","1900-01-01 00:00:00.0"
"Rio Bueno","Planta Titular","Educación","Titular","Marta Carolina Caceres Solis","Docente"," ","Docente","Escala Profesionales de La Educación Llay 19.070)","2015-03-01 00:00:00.0","1900-01-01 00:00:00.0"
"Rio Bueno","Planta Titular","Educación","Titular","Carmen Victoria Rios Fernandez","Técnico","SIN INFORMACION","Contratados Sin Planta","Afectos Al Código del Trabajo","2016-03-01 00:00:00.0","1900-01-01 00:00:00.0"
"Rio Bueno","Planta Titular","Educación","Titular","Ana Luisa Santana Jaramillo","Asesor","SIN INFORMACION","Contratados Sin Planta","Afectos Al Código del Trabajo","2015-03-01 00:00:00.0","1900-01-01 00:00:00.0"
"Rio Bueno","Planta Titular","Educación","Titular","Luis Erwin Rosas Arriagada","Docente"," ","Docente","Escala Profesionales de La Educación Llay 19.070)","2015-03-01 00:00:00.0","1900-01-01 00:00:00.0"
"Rio Bueno","Planta Titular","Educación","Titular","Juan Manuel Caldichoury Becerra","Docente","SIN INFORMACION","Docente","Profesionales de La Educación Ley N°19.070","2015-03-01 00:00:00.0","1900-01-01 00:00:00.0"
"Rio Bueno","Planta Titular","Educación","Titular","Viviana Andrea Labbe Cano","Asistente Social","SIN INFORMACION","Contratados Sin Planta","Afectos Al Código del Trabajo","2015-03-01 00:00:00.0","1900-01-01 00:00:00.0"
"Rio Bueno","Planta Titular","Educación","Titular","Karin Viviana Arriagada Vargas","Asesor","SIN INFORMACION","Contratados Sin Planta","Afectos Al Código del Trabajo","2017-03-01 00:00:00.0","1900-01-01 00:00:00.0"
"Rio Bueno","Planta Titular","Educación","Titular","Karin Fernanda del Rio Mansilla","Docente"," ","Docente","Escala Profesionales de La Educación Llay 19.070)","2015-03-01 00:00:00.0","1900-01-01 00:00:00.0"
"Rio Bueno","Planta Titular","Educación","Titular","Ingrid Maribel Catalan Proboste","Asesor","SIN INFORMACION","Contratados Sin Planta","Afectos Al Código del Trabajo","2018-03-01 00:00:00.0","1900-01-01 00:00:00.0"
"Rio Bueno","Planta Titular","Educación","Titular","Viviana Lorena Reyes Oporto","Asesor","SIN INFORMACION","Contratados Sin Planta","Afectos Al Código del Trabajo","2015-03-01 00:00:00.0","1900-01-01 00:00:00.0"
"Rio Bueno","Planta Titular","Educación","Titular","Yerlehin Nicole Oporto Aguilar","Técnico","SIN INFORMACION","Contratados Sin Planta","Afectos Al Código del Trabajo","2018-03-01 00:00:00.0","1900-01-01 00:00:00.0"
"Rio Bueno","Planta Titular","Educación","Titular","Amelia Grob Alvarez","Psicólogo","SIN INFORMACION","Contratados Sin Planta","Afectos Al Código del Trabajo","2015-03-01 00:00:00.0","1900-01-01 00:00:00.0"
"Rio Bueno","Planta Titular","Educación","Titular","Paulina Alicia Cardenas Monsalvez","Docente"," ","Docente","Escala Profesionales de La Educación Llay 19.070)","2014-03-01 00:00:00.0","1900-01-01 00:00:00.0"
"Rio Bueno","Planta Titular","Educación","Titular","Cristian Alejandro Cano Morales","Docente","SIN INFORMACION","Docente","Profesionales de La Educación Ley N°19.070","2015-03-01 00:00:00.0","1900-01-01 00:00:00.0"
"Rio Bueno","Planta Titular","Educación","Titular","Miguel Angel Tejeda Tejeda","Asistentes de La Educación Ley N° 19.464","SIN INFORMACION","Contratados Sin Planta","Afectos Al Código del Trabajo","2015-03-01 00:00:00.0","1900-01-01 00:00:00.0"
"Rio Bueno","Planta Titular","Educación","Titular","Lissette Waleska Vera Guzman","Docente"," ","Docente","Escala Profesionales de La Educación Llay 19.070)","2015-03-01 00:00:00.0","1900-01-01 00:00:00.0"
"Rio Bueno","Planta Titular","Educación","Titular","Armin Andres Ortiz Herrera","Docente","SIN INFORMACION","Docente","Profesionales de La Educación Ley N°19.070","2015-03-01 00:00:00.0","1900-01-01 00:00:00.0"
"Rio Bueno","Planta Titular","Educación","Titular","Carla Sofia Lillo Fuentes","Docente"," ","Docente","Escala Profesionales de La Educación Llay 19.070)","2014-03-01 00:00:00.0","1900-01-01 00:00:00.0"
"Rio Bueno","Planta Titular","Educación","Titular","Cristian Alexis Garreton Fernandez","Administrativo","SIN INFORMACION","Contratados Sin Planta","Afectos Al Código del Trabajo","2018-03-01 00:00:00.0","1900-01-01 00:00:00.0"
"Rio Bueno","Planta Titular","Educación","Titular","Karenn Olinda Aviles Opitz","Docente"," ","Docente","Escala Profesionales de La Educación Llay 19.070)","2014-03-01 00:00:00.0","1900-01-01 00:00:00.0"
"Rio Bueno","Planta Titular","Educación","Titular","Cecilia del Carmen Vargas Azocar","Técnico","SIN INFORMACION","Contratados Sin Planta","Afectos Al Código del Trabajo","2015-03-01 00:00:00.0","1900-01-01 00:00:00.0"
"Rio Bueno","Planta Titular","Educación","Titular","Marisol Fernanda Negron Ortega","Asistente de La Educación","SIN INFORMACION","Contratados Sin Planta","Asistentes de La Educación Ley N°19.464","2019-03-01 00:00:00.0","1900-01-01 00:00:00.0"
"Rio Bueno","Planta Titular","Educación","Titular","Cynthia Jeanette Martinez Ruiz","Asistente de La Educación","SIN INFORMACION","Contratados Sin Planta","Asistentes de La Educación Ley N°19.464","2017-03-01 00:00:00.0","1900-01-01 00:00:00.0"
"Rio Bueno","Planta Titular","Educación","Titular","Jaime Andres Octavio Rios Alday","Docente","SIN INFORMACION","Docente","Profesionales de La Educación Ley N°19.070","2015-03-01 00:00:00.0","1900-01-01 00:00:00.0"
"Rio Bueno","Planta Titular","Educación","Titular","Maria Marlene Fuentes Andrade","Técnico En Párvulos","SIN INFORMACION","Contratados Sin Planta","Afectos Al Código del Trabajo","2018-08-05 00:00:00.0","1900-01-01 00:00:00.0"
"Rio Bueno","Planta Titular","Educación","Titular","Luis Eduardo Sanhueza Matus","Docente"," ","Docente","Escala Profesionales de La Educación Llay 19.070)","2015-03-01 00:00:00.0","1900-01-01 00:00:00.0"
"Rio Bueno","Planta Titular","Educación","Titular","Cristian Jeremias Mellado Navarro","Monitor","SIN INFORMACION","Contratados Sin Planta","Afectos Al Código del Trabajo","2016-03-01 00:00:00.0","1900-01-01 00:00:00.0"
"Rio Bueno","Planta Titular","Educación","Titular","Natali Alejandra Vejar Molina","Educadora Párvulos","SIN INFORMACION","Contratados Sin Planta","Afectos Al Código del Trabajo","2012-03-01 00:00:00.0","1900-01-01 00:00:00.0"
"Rio Bueno","Planta Titular","Educación","Titular","Daniela Fernanda Guerrero Hernandez","Psicólogo","SIN INFORMACION","Contratados Sin Planta","Afectos Al Código del Trabajo","2015-03-01 00:00:00.0","1900-01-01 00:00:00.0"
"Rio Bueno","Planta Titular","Educación","Titular","Carla Solange Irarrazabal Cordova","Asistente Social","SIN INFORMACION","Contratados Sin Planta","Afectos Al Código del Trabajo","2017-01-01 00:00:00.0","1900-01-01 00:00:00.0"
"Rio Bueno","Planta Titular","Educación","Titular","Karla Andrea Fonfach Fonfach","Psicólogo","SIN INFORMACION","Contratados Sin Planta","Afectos Al Código del Trabajo","2017-03-01 00:00:00.0","1900-01-01 00:00:00.0"
"Rio Bueno","Planta Titular","Educación","Titular","Jorge Andres Aguero Zumelzu","Administrativo","SIN INFORMACION","Contratados Sin Planta","Afectos Al Código del Trabajo","2015-03-01 00:00:00.0","1900-01-01 00:00:00.0"
"Rio Bueno","Planta Titular","Educación","Titular","Ingrid Nataly del Rio Vargas","Asesor","SIN INFORMACION","Contratados Sin Planta","Afectos Al Código del Trabajo","2015-03-01 00:00:00.0","1900-01-01 00:00:00.0"
"Rio Bueno","Planta Titular","Educación","Titular","Boris Fernando Becker Fuentealba","Asistente Social","SIN INFORMACION","Contratados Sin Planta","Afectos Al Código del Trabajo","2017-03-01 00:00:00.0","1900-01-01 00:00:00.0"
"Rio Bueno","Planta Titular","Educación","Titular","Juan Andres Colipai Garces","Auxiliar de Servicios Menores","SIN INFORMACION","Contratados Sin Planta","Asistentes de La Educación Ley N°19.464","2015-03-01 00:00:00.0","1900-01-01 00:00:00.0"
"Rio Bueno","Planta Titular","Educación","Titular","Natalia Edith Morales Vilches","Docente","SIN INFORMACION","Docente","Profesionales de La Educación Ley N°19.070","2018-03-05 00:00:00.0","1900-01-01 00:00:00.0"
"Rio Bueno","Planta Titular","Educación","Titular","Minerva Waleska Martinez Delgado","Asistentes de La Educación Ley N° 19.464","SIN INFORMACION","Contratados Sin Planta","Afectos Al Código del Trabajo","2015-03-01 00:00:00.0","1900-01-01 00:00:00.0"
"Rio Bueno","Planta Titular","Educación","Titular","Carolina Alejandra Coronado Jara","Contratado","SIN INFORMACION","Contratados Sin Planta","Afectos Al Código del Trabajo","2016-03-01 00:00:00.0","1900-01-01 00:00:00.0"
"Rio Bueno","Planta Titular","Educación","Titular","Susan Elena Alarc¿n Y¿¿ez","Ayudante","SIN INFORMACION","Contratados Sin Planta","Afectos Al Código del Trabajo","2018-03-01 00:00:00.0","1900-01-01 00:00:00.0"
"Rio Bueno","Planta Titular","Educación","Titular","Abel Natanael Delgado Queulo","Docente","SIN INFORMACION","Docente","Profesionales de La Educación Ley N°19.070","2015-03-01 00:00:00.0","1900-01-01 00:00:00.0"
"Rio Bueno","Planta Titular","Educación","Titular","Paola Marisel Gonzalez Martel","Asistente de La Educación","SIN INFORMACION","Contratados Sin Planta","Afectos Al Código del Trabajo","2015-09-01 00:00:00.0","1900-01-01 00:00:00.0"
"Rio Bueno","Planta Titular","Educación","Titular","Maria Ester Ovando Vega","Asesor","SIN INFORMACION","Contratados Sin Planta","Afectos Al Código del Trabajo","2015-03-01 00:00:00.0","1900-01-01 00:00:00.0"
"Rio Bueno","Planta Titular","Educación","Titular","Yohana Jacqueline Fuentealba Vasquez","Auxiliar de Servicios Menores","SIN INFORMACION","Contratados Sin Planta","Afectos Al Código del Trabajo","2018-03-01 00:00:00.0","1900-01-01 00:00:00.0"
"Rio Bueno","Planta Titular","Educación","Titular","Daniela Belen  Gonzalez Gonzalez","Docente","SIN INFORMACION","Docente","Profesionales de La Educación Ley N°19.070","2019-04-25 00:00:00.0","1900-01-01 00:00:00.0"
"Rio Bueno","Planta Titular","Educación","Titular","Natalia Ana Lobos Silva","Docente"," ","Docente","Escala Profesionales de La Educación Llay 19.070)","2014-03-01 00:00:00.0","1900-01-01 00:00:00.0"
"Rio Bueno","Planta Titular","Educación","Titular","Marcela Alejandra Coronado  Alvarez","Técnico En Párvulos","SIN INFORMACION","Contratados Sin Planta","Afectos Al Código del Trabajo","2018-03-01 00:00:00.0","1900-01-01 00:00:00.0"
"Rio Bueno","Planta Titular","Educación","Titular","Camila Denisse  Cabezas Meza","Asistente de La Educación","SIN INFORMACION","Contratados Sin Planta","Asistentes de La Educación Ley N°19.464","2018-03-01 00:00:00.0","1900-01-01 00:00:00.0"
"Rio Bueno","Planta Titular","Educación","Titular","Luis Armando Asenjo Saldivia","Asistentes de La Educación Ley N° 19.464","SIN INFORMACION","Contratados Sin Planta","Asistentes de La Educación Ley N°19.464","2016-03-01 00:00:00.0","1900-01-01 00:00:00.0"
"Rio Bueno","Planta Titular","Educación","Titular","Camila Andrea Faundez Quichel","Asesor","SIN INFORMACION","Contratados Sin Planta","Afectos Al Código del Trabajo","2015-03-01 00:00:00.0","1900-01-01 00:00:00.0"
"Rio Bueno","Planta Titular","Educación","Titular","Marco Antonio Diaz del Rio","Asesor","SIN INFORMACION","Contratados Sin Planta","Afectos Al Código del Trabajo","2015-03-01 00:00:00.0","1900-01-01 00:00:00.0"
"Rio Bueno","Planta Titular","Educación","Titular","Fernanda Lisbeth Fernández Araneda","Técnico En Párvulos","SIN INFORMACION","Contratados Sin Planta","Afectos Al Código del Trabajo","2012-03-01 00:00:00.0","1900-01-01 00:00:00.0"
"Rio Bueno","Planta Titular","Educación","Titular","Edgardo Andres Rettig  Ricouz","Asistente de La Educación","SIN INFORMACION","Contratados Sin Planta","Asistentes de La Educación Ley N°19.464","2019-03-01 00:00:00.0","1900-01-01 00:00:00.0"
"Rio Bueno","Planta Titular","Educación","Titular","Pamela Savina Roman Sepulveda","Docente","SIN INFORMACION","Docente","Profesionales de La Educación Ley N°19.070","2018-03-05 00:00:00.0","1900-01-01 00:00:00.0"
"Rio Bueno","Planta Titular","Educación","Titular","Micaela Eugenia  Verdejo Escobar","Psicólogo","SIN INFORMACION","Contratados Sin Planta","Afectos Al Código del Trabajo","2015-03-01 00:00:00.0","1900-01-01 00:00:00.0"
"Rio Bueno","Planta Titular","Educación","Titular","Viviana Carolina Loaiza Azocar","Docente","SIN INFORMACION","Docente","Profesionales de La Educación Ley N°19.070","2018-03-05 00:00:00.0","1900-01-01 00:00:00.0"
"Rio Bueno","Planta Titular","Educación","Titular","Alejandra del Carmen Soto Pezo","Asistente de La Educación","SIN INFORMACION","Contratados Sin Planta","Asistentes de La Educación Ley N°19.464","2019-03-01 00:00:00.0","1900-01-01 00:00:00.0"
"Rio Bueno","Planta Titular","Educación","Titular","Daniella Alejandra Muñoz Gallegos","Asistente de La Educación","SIN INFORMACION","Contratados Sin Planta","Afectos Al Código del Trabajo","2016-03-01 00:00:00.0","1900-01-01 00:00:00.0"
"Rio Bueno","Planta Titular","Educación","Titular","Claudia Marcela Villanueva Quintana","Director","SIN INFORMACION","Contratados Sin Planta","Afectos Al Código del Trabajo","2015-03-01 00:00:00.0","1900-01-01 00:00:00.0"
"Rio Bueno","Planta Titular","Educación","Titular","Pamela Alejandra Chavez Soto","Técnico En Atención de Párvulos","SIN INFORMACION","Contratados Sin Planta","Afectos Al Código del Trabajo","2012-03-01 00:00:00.0","1900-01-01 00:00:00.0"
"Rio Bueno","Planta Titular","Educación","Titular","Gerson Fabian Lopez Diaz","Docente","SIN INFORMACION","Docente","Profesionales de La Educación Ley N°19.070","2019-04-25 00:00:00.0","1900-01-01 00:00:00.0"
"Rio Bueno","Planta Titular","Educación","Titular","Natalia Alejandra Huenchuguala Asenjo","Docente","SIN INFORMACION","Docente","Profesionales de La Educación Ley N°19.070","2018-03-06 00:00:00.0","1900-01-01 00:00:00.0"
"Rio Bueno","Planta Titular","Educación","Titular","Katherine Vanessa Fuentes Schwager","Asistente de La Educación","SIN INFORMACION","Contratados Sin Planta","Afectos Al Código del Trabajo","2016-03-01 00:00:00.0","1900-01-01 00:00:00.0"
"Rio Bueno","Planta Titular","Educación","Titular","Daniela del Carmen  Toledo Castro","Asistente de La Educación","SIN INFORMACION","Contratados Sin Planta","Asistentes de La Educación Ley N°19.464","2019-03-01 00:00:00.0","1900-01-01 00:00:00.0"
"Rio Bueno","Planta Titular","Educación","Titular","Maria Orsolinda Mohr Perez","Asesor","SIN INFORMACION","Contratados Sin Planta","Afectos Al Código del Trabajo","2016-03-02 00:00:00.0","1900-01-01 00:00:00.0"
"Rio Bueno","Planta Titular","Educación","Titular","Marcela Macarena Mansilla  Estrada","Asesor","SIN INFORMACION","Contratados Sin Planta","Afectos Al Código del Trabajo","2018-03-01 00:00:00.0","1900-01-01 00:00:00.0"
"Rio Bueno","Planta Titular","Educación","Titular","Viviana Ines Diaz Diaz","Asesor","SIN INFORMACION","Contratados Sin Planta","Afectos Al Código del Trabajo","2015-03-01 00:00:00.0","1900-01-01 00:00:00.0"
"Rio Bueno","Planta Titular","Educación","Titular","Tania Edith del Carmen Salda¿a Navarro","Asesor","SIN INFORMACION","Contratados Sin Planta","Afectos Al Código del Trabajo","2017-03-01 00:00:00.0","1900-01-01 00:00:00.0"
"Rio Bueno","Planta Titular","Educación","Titular","Erwin Abraham Uribe Obando","Asistente Social","SIN INFORMACION","Contratados Sin Planta","Afectos Al Código del Trabajo","2017-03-01 00:00:00.0","1900-01-01 00:00:00.0"
"Rio Bueno","Planta Titular","Educación","Titular","Camila Paz Jara Cadiz","Psicólogo","SIN INFORMACION","Contratados Sin Planta","Afectos Al Código del Trabajo","2017-03-01 00:00:00.0","1900-01-01 00:00:00.0"
"Rio Bueno","Planta Titular","Educación","Titular","Ana del Carmen Silva  Vega","Asistentes de La Educación Ley N° 19.464","SIN INFORMACION","Contratados Sin Planta","Afectos Al Código del Trabajo","2015-03-01 00:00:00.0","1900-01-01 00:00:00.0"
"Rio Bueno","Planta Titular","Educación","Titular","Loreto Alejandra Henriquez Perez","Asesor","SIN INFORMACION","Contratados Sin Planta","Afectos Al Código del Trabajo","2015-03-01 00:00:00.0","1900-01-01 00:00:00.0"
"Rio Bueno","Planta Titular","Educación","Titular","Pablo Andres Coronado Segura","Encargado","SIN INFORMACION","Contratados Sin Planta","Asistentes de La Educación Ley N°19.464","2018-03-01 00:00:00.0","1900-01-01 00:00:00.0"
"Rio Bueno","Planta Titular","Educación","Titular","Nicol Alejandra Iñil Vejar","Técnico","SIN INFORMACION","Contratados Sin Planta","Afectos Al Código del Trabajo","2016-03-01 00:00:00.0","1900-01-01 00:00:00.0"
"Rio Bueno","Planta Titular","Educación","Titular","Loreto Elizabeth Fuentes Palma","Asistente de La Educación","SIN INFORMACION","Contratados Sin Planta","Asistentes de La Educación Ley N°19.464","2019-03-01 00:00:00.0","1900-01-01 00:00:00.0"
"Rio Bueno","Planta Titular","Educación","Titular","Daniel Abednego Barrera Leal","Monitor","SIN INFORMACION","Contratados Sin Planta","Afectos Al Código del Trabajo","2018-03-01 00:00:00.0","1900-01-01 00:00:00.0"
"Rio Bueno","Planta Titular","Educación","Titular","Stefani Guillermina Cisterna Nuñez","Técnico En Párvulos","SIN INFORMACION","Contratados Sin Planta","Afectos Al Código del Trabajo","2016-03-01 00:00:00.0","1900-01-01 00:00:00.0"
"Rio Bueno","Planta Titular","Educación","Titular","Daniela Beatriz Lagos  Cardenas","Asistente de La Educación","SIN INFORMACION","Contratados Sin Planta","Asistentes de La Educación Ley N°19.464","2019-03-01 00:00:00.0","1900-01-01 00:00:00.0"
"Rio Bueno","Planta Titular","Educación","Titular","Viviana Andrea  Bahamonde  Munoz","Asistente de La Educación","SIN INFORMACION","Contratados Sin Planta","Asistentes de La Educación Ley N°19.464","2019-03-01 00:00:00.0","1900-01-01 00:00:00.0"
"Rio Bueno","Planta Titular","Educación","Titular","Karla  Saenz Acuna","Psicólogo","SIN INFORMACION","Contratados Sin Planta","Afectos Al Código del Trabajo","2017-03-01 00:00:00.0","1900-01-01 00:00:00.0"
"Rio Bueno","Planta Titular","Educación","Titular","Sonia Alejandra Arriagada L¿pez","Asistente de La Educación","SIN INFORMACION","Contratados Sin Planta","Asistentes de La Educación Ley N°19.464","2019-03-01 00:00:00.0","1900-01-01 00:00:00.0"
"Rio Bueno","Planta Titular","Educación","Titular","Vanesa Nicole Mansilla Chacon","Ayudante","SIN INFORMACION","Contratados Sin Planta","Afectos Al Código del Trabajo","2015-03-01 00:00:00.0","1900-01-01 00:00:00.0"
"Rio Bueno","Planta Titular","Educación","Titular","Sofia Mirella Ailef  Corona","Asistente de La Educación","SIN INFORMACION","Contratados Sin Planta","Asistentes de La Educación Ley N°19.464","2019-03-01 00:00:00.0","1900-01-01 00:00:00.0"
"Rio Bueno","Planta Titular","Educación","Titular","Camila Mariela Calisto  Delgado","Psicólogo","SIN INFORMACION","Contratados Sin Planta","Afectos Al Código del Trabajo","2017-03-01 00:00:00.0","1900-01-01 00:00:00.0"
"Rio Bueno","Planta Titular","Educación","Titular","Javier Eduardo Vargas Barra","Monitor","SIN INFORMACION","Contratados Sin Planta","Afectos Al Código del Trabajo","2017-03-01 00:00:00.0","1900-01-01 00:00:00.0"
"Rio Bueno","Planta Titular","Educación","Titular","Carlos Patricio Catalan Tapia","Psicólogo","SIN INFORMACION","Contratados Sin Planta","Afectos Al Código del Trabajo","2016-08-05 00:00:00.0","1900-01-01 00:00:00.0"
"Rio Bueno","Planta Titular","Educación","Titular","Belen Ignacia Martinez Navarro","Fonoaudiologo","SIN INFORMACION","Contratados Sin Planta","Afectos Al Código del Trabajo","2018-03-01 00:00:00.0","1900-01-01 00:00:00.0"
"Rio Bueno","Planta Titular","Educación","Titular","Anggie Katering Bahamondes Vega","Asesor","SIN INFORMACION","Contratados Sin Planta","Afectos Al Código del Trabajo","2018-08-01 00:00:00.0","1900-01-01 00:00:00.0"
"Rio Bueno","Planta Titular","Educación","Titular","Mariana del Solar Delgado Balboa","Docente","SIN INFORMACION","Docente","Profesionales de La Educación Ley N°19.070","2018-03-05 00:00:00.0","1900-01-01 00:00:00.0"
"Rio Bueno","Planta Titular","Educación","Titular","Alvaro Gabriel Atero Atero","Profesional","SIN INFORMACION","Contratados Sin Planta","Afectos Al Código del Trabajo","2019-03-01 00:00:00.0","1900-01-01 00:00:00.0"
"Rio Bueno","Planta Titular","Educación","Titular","Joana Elisabet Roa Reyes","Educadora Párvulos","SIN INFORMACION","Contratados Sin Planta","Afectos Al Código del Trabajo","2017-03-01 00:00:00.0","1900-01-01 00:00:00.0"
"Rio Bueno","Planta Titular","Educación","Titular","Maria Paz Castro  Salamanca","Docente","SIN INFORMACION","Docente","Profesionales de La Educación Ley N°19.070","2018-03-06 00:00:00.0","1900-01-01 00:00:00.0"
"Rio Bueno","Planta Titular","Educación","Titular","Robinson Gonzalo Cardenas Pineda","Administrativo","SIN INFORMACION","Contratados Sin Planta","Afectos Al Código del Trabajo","2016-03-01 00:00:00.0","1900-01-01 00:00:00.0"
"Rio Bueno","Planta Titular","Educación","Titular","Veronica Alejandra Silva Figueroa","Asesor","SIN INFORMACION","Contratados Sin Planta","Afectos Al Código del Trabajo","2015-03-01 00:00:00.0","1900-01-01 00:00:00.0"
"Rio Bueno","Planta Titular","Educación","Titular","Alejandra Teresita Leontina Ojeda Rios","Docente","SIN INFORMACION","Docente","Profesionales de La Educación Ley N°19.070","2018-03-05 00:00:00.0","1900-01-01 00:00:00.0"
"Rio Bueno","Planta Titular","Educación","Titular","Loredana Alejandra  Andaur Ulloa","Asistente de La Educación","SIN INFORMACION","Contratados Sin Planta","Afectos Al Código del Trabajo","2019-03-01 00:00:00.0","1900-01-01 00:00:00.0"
"Rio Bueno","Planta Titular","Educación","Titular","Victoria Isabel Martinez Valdovino","Asesor","SIN INFORMACION","Contratados Sin Planta","Afectos Al Código del Trabajo","2018-03-01 00:00:00.0","1900-01-01 00:00:00.0"
"Rio Bueno","Planta Titular","Educación","Titular","Paulina Andrea Estrada  Fernandez","Técnico","SIN INFORMACION","Contratados Sin Planta","Afectos Al Código del Trabajo","2016-08-01 00:00:00.0","1900-01-01 00:00:00.0"
"Rio Bueno","Planta Titular","Educación","Titular","Jesica Andrea Lespai Sepulveda","Asistente de La Educación","SIN INFORMACION","Contratados Sin Planta","Asistentes de La Educación Ley N°19.464","2019-03-01 00:00:00.0","1900-01-01 00:00:00.0"
"Rio Bueno","Planta Titular","Educación","Titular","Jorge Eduardo Solis Fernandez","Administrativo","SIN INFORMACION","Contratados Sin Planta","Afectos Al Código del Trabajo","2019-01-01 00:00:00.0","1900-01-01 00:00:00.0"
"Rio Bueno","Planta Titular","Educación","Titular","Hector Felipe Mayorga  Provoste","Asistente de La Educación","SIN INFORMACION","Contratados Sin Planta","Asistentes de La Educación Ley N°19.464","2019-03-01 00:00:00.0","1900-01-01 00:00:00.0"
"Rio Bueno","Planta Titular","Educación","Titular","Camila Andrea Cea Millagual","Asistente de La Educación","SIN INFORMACION","Contratados Sin Planta","Asistentes de La Educación Ley N°19.464","2019-03-01 00:00:00.0","1900-01-01 00:00:00.0"
"Rio Bueno","Planta Titular","Educación","Titular","Claudia Albertina  Estrada Vera","Técnico En Párvulos","SIN INFORMACION","Contratados Sin Planta","Afectos Al Código del Trabajo","2012-03-01 00:00:00.0","1900-01-01 00:00:00.0"
"Rio Bueno","Planta Titular","Educación","Titular","Marlys Andrea Carvallo Uribe","Secretaria","SIN INFORMACION","Contratados Sin Planta","Afectos Al Código del Trabajo","1982-06-01 00:00:00.0","1900-01-01 00:00:00.0"
"Rio Bueno","Planta Titular","Educación","Titular","Carlos Hernan Fontanez Pineda","Docente","SIN INFORMACION","Docente","Profesionales de La Educación Ley N°19.070","2018-04-01 00:00:00.0","1900-01-01 00:00:00.0"
"Rio Bueno","Planta Titular","Educación","Titular","Eduardo Americo Araneda Pradenas","Docente","SIN INFORMACION","Docente","Profesionales de La Educación Ley N°19.070","1983-06-01 00:00:00.0","1900-01-01 00:00:00.0"
"Rio Bueno","Planta Titular","Educación","Titular","Jorge Alejandro Solis Cordones","Asistentes de La Educación Ley N° 19.464","SIN INFORMACION","Contratados Sin Planta","Asistentes de La Educación Ley N°19.464","2016-03-01 00:00:00.0","1900-01-01 00:00:00.0"
"Rio Bueno","Planta Titular","Educación","Titular","Fernando Neira Modinger","Docente","SIN INFORMACION","Docente Directivo","Profesionales de La Educación Ley N°19.070","2015-03-01 00:00:00.0","1900-01-01 00:00:00.0"
"Rio Bueno","Planta Titular","Educación","Titular","Raul Armando Loaiza Oyarzun","Administrativo","SIN INFORMACION","Contratados Sin Planta","Afectos Al Código del Trabajo","2015-03-01 00:00:00.0","1900-01-01 00:00:00.0"
"Rio Bueno","Planta Titular","Educación","Titular","Nelson Ernesto Gajardo Silva","Docente"," ","Docente","Escala Profesionales de La Educación Llay 19.070)","2015-03-01 00:00:00.0","1900-01-01 00:00:00.0"
"Rio Bueno","Planta Titular","Educación","Titular","Ariel Eugenio Opitz Fernandez","Director"," ","Docente Directivo","Escala Profesionales de La Educación Llay 19.070)","2014-10-01 00:00:00.0","1900-01-01 00:00:00.0"
"Rio Bueno","Planta Titular","Educación","Titular","Victor Hugo Soto Soto","Director"," ","Docente Directivo","Escala Profesionales de La Educación Llay 19.070)","2014-10-01 00:00:00.0","1900-01-01 00:00:00.0"
"Rio Bueno","Planta Titular","Educación","Titular","Carlos Victor Tribiño Huenchuguala","Director","SIN INFORMACION","Docente Directivo","Profesionales de La Educación Ley N°19.070","2015-03-01 00:00:00.0","1900-01-01 00:00:00.0"
"Rio Bueno","Planta Titular","Educación","Titular","Blanca Karina Solis Bello","Secretaria","SIN INFORMACION","Contratados Sin Planta","Afectos Al Código del Trabajo","1981-07-01 00:00:00.0","1900-01-01 00:00:00.0"
"Rio Bueno","Planta Titular","Educación","Titular","Gabriela Margarita Bustos Cuevas","Asistentes de La Educación Ley N° 19.464","SIN INFORMACION","Contratados Sin Planta","Afectos Al Código del Trabajo","2015-03-01 00:00:00.0","1900-01-01 00:00:00.0"
"Rio Bueno","Planta Titular","Educación","Titular","Rosalba Delfina Castillo Elizondo","Asesor","SIN INFORMACION","Contratados Sin Planta","Afectos Al Código del Trabajo","2015-03-01 00:00:00.0","1900-01-01 00:00:00.0"
"Rio Bueno","Planta Titular","Educación","Titular","Monica Beatriz Rios  Diaz","Secretaria","SIN INFORMACION","Contratados Sin Planta","Afectos Al Código del Trabajo","1981-07-01 00:00:00.0","1900-01-01 00:00:00.0"
"Rio Bueno","Planta Titular","Educación","Titular","Edith del Carmen Paredes Vera","Auxiliar de Servicios Menores","SIN INFORMACION","Contratados Sin Planta","Afectos Al Código del Trabajo","2018-03-01 00:00:00.0","1900-01-01 00:00:00.0"
"Rio Bueno","Planta Titular","Educación","Titular","Luis Alberto Reyes Farias","Jefe del Departamento de Administración de Educación Municipal","SIN INFORMACION","Docente Directivo","Profesionales de La Educación Ley N°19.070","2017-07-26 00:00:00.0","1900-01-01 00:00:00.0"
"Rio Bueno","Planta Titular","Educación","Titular","Jose Eduardo Abarza Veliz","Auxiliar de Servicios Menores","SIN INFORMACION","Contratados Sin Planta","Asistentes de La Educación Ley N°19.464","2016-03-01 00:00:00.0","1900-01-01 00:00:00.0"
"Rio Bueno","Planta Titular","Educación","Titular","Miriam Cristina Martinez Martinez","Docente"," ","Docente","Escala Profesionales de La Educación Llay 19.070)","2015-03-01 00:00:00.0","1900-01-01 00:00:00.0"
"Rio Bueno","Planta Titular","Educación","Titular","Jose Reinaldo del Rio Medina","Docente","SIN INFORMACION","Docente","Profesionales de La Educación Ley N°19.070","2018-04-01 00:00:00.0","1900-01-01 00:00:00.0"
"Rio Bueno","Planta Titular","Educación","Titular","Mauricio Armando Vera Urra","Docente","SIN INFORMACION","Docente","Profesionales de La Educación Ley N°19.070","2015-03-01 00:00:00.0","1900-01-01 00:00:00.0"
"Rio Bueno","Planta Titular","Educación","Titular","Maria Rosa Leal  Martinez","Asistente de La Educación","SIN INFORMACION","Contratados Sin Planta","Asistentes de La Educación Ley N°19.464","2019-03-01 00:00:00.0","1900-01-01 00:00:00.0"
"Rio Bueno","Planta Titular","Educación","Titular","Noemi Teresa Riquelme Soto","Docente"," ","Docente","Escala Profesionales de La Educación Llay 19.070)","2015-03-01 00:00:00.0","1900-01-01 00:00:00.0"
"Rio Bueno","Planta Titular","Educación","Titular","Maria Luisa Soto Solis","Auxiliar de Servicios Menores","SIN INFORMACION","Contratados Sin Planta","Afectos Al Código del Trabajo","2005-01-01 00:00:00.0","1900-01-01 00:00:00.0"
"Rio Bueno","Planta Titular","Educación","Titular","Angela Edita Pezo Velasquez","Asistente de La Educación","SIN INFORMACION","Contratados Sin Planta","Afectos Al Código del Trabajo","2015-03-01 00:00:00.0","1900-01-01 00:00:00.0"
"Rio Bueno","Planta Titular","Educación","Titular","Raul Miguel Merino Carcamo","Docente","SIN INFORMACION","Docente Directivo","Profesionales de La Educación Ley N°19.070","2018-07-03 00:00:00.0","2023-07-02 00:00:00.0"
"Rio Bueno","Planta Titular","Educación","Titular","Maria Monica Valderas Sanchez","Auxiliar de Servicios Menores","SIN INFORMACION","Contratados Sin Planta","Afectos Al Código del Trabajo","2016-03-01 00:00:00.0","1900-01-01 00:00:00.0"
"Rio Bueno","Planta Titular","Educación","Titular","Sergio Daniel Perez Vera","Docente","SIN INFORMACION","Docente","Profesionales de La Educación Ley N°19.070","2018-03-05 00:00:00.0","1900-01-01 00:00:00.0"
"Rio Bueno","Planta Titular","Educación","Titular","Maria Liliana Fernandez Millar","Asesor","SIN INFORMACION","Contratados Sin Planta","Afectos Al Código del Trabajo","2015-03-01 00:00:00.0","1900-01-01 00:00:00.0"
"Rio Bueno","Planta Titular","Educación","Titular","Marlene Ivett Urrutia Blome","Docente","SIN INFORMACION","Docente","Profesionales de La Educación Ley N°19.070","2015-03-01 00:00:00.0","1900-01-01 00:00:00.0"
"Rio Bueno","Planta Titular","Educación","Titular","Juan Luis Oyarzun Marcos","Docente","SIN INFORMACION","Docente","Profesionales de La Educación Ley N°19.070","2018-03-05 00:00:00.0","1900-01-01 00:00:00.0"
"Rio Bueno","Planta Titular","Educación","Titular","Blanca Delfina Bobadilla Barriga","Docente","SIN INFORMACION","Docente Directivo","Profesionales de La Educación Ley N°19.070","2017-03-01 00:00:00.0","2022-02-28 00:00:00.0"
"Rio Bueno","Planta Titular","Educación","Titular","Victor Alberto Galaz Campos","Docente","SIN INFORMACION","Docente","Profesionales de La Educación Ley N°19.070","2014-10-01 00:00:00.0","1900-01-01 00:00:00.0"
"Rio Bueno","Planta Titular","Educación","Titular","Hardy Luis  Leal Aguila","Administrativo","SIN INFORMACION","Contratados Sin Planta","Afectos Al Código del Trabajo","2017-03-01 00:00:00.0","1900-01-01 00:00:00.0"
"Rio Bueno","Planta Titular","Educación","Titular","Ricardo Rosamel Carrillo Zumelzo","Docente"," ","Docente","Escala Profesionales de La Educación Llay 19.070)","2014-03-01 00:00:00.0","1900-01-01 00:00:00.0"
"Rio Bueno","Planta Titular","Educación","Titular","Teresa Yanett Martinez Gaete","Asistente de La Educación","SIN INFORMACION","Contratados Sin Planta","Afectos Al Código del Trabajo","2016-01-01 00:00:00.0","1900-01-01 00:00:00.0"
"Rio Bueno","Planta Titular","Educación","Titular","Maria Elena  Chacon Soto","Asistente de La Educación","SIN INFORMACION","Contratados Sin Planta","Afectos Al Código del Trabajo","2015-03-01 00:00:00.0","1900-01-01 00:00:00.0"
"Rio Bueno","Planta Titular","Educación","Titular","Lorena Paz Aviles Carrasco","Docente"," ","Docente","Escala Profesionales de La Educación Llay 19.070)","2014-03-01 00:00:00.0","1900-01-01 00:00:00.0"
"Rio Bueno","Planta Titular","Educación","Titular","Veronica Olga Daniel Wulf","Docente","SIN INFORMACION","Docente","Profesionales de La Educación Ley N°19.070","2019-04-25 00:00:00.0","1900-01-01 00:00:00.0"
"Rio Bueno","Planta Titular","Educación","Titular","Ana Maria Sagredo Ortiz","Director","SIN INFORMACION","Contratados Sin Planta","Afectos Al Código del Trabajo","2012-03-01 00:00:00.0","1900-01-01 00:00:00.0"
"Rio Bueno","Planta Titular","Educación","Titular","Rodolfo Andres Heinsohn Figueroa","Administrativo","SIN INFORMACION","Contratados Sin Planta","Afectos Al Código del Trabajo","2017-08-01 00:00:00.0","1900-01-01 00:00:00.0"
