"Comuna","Tipo de Contratación","Área","Calidad","Nombre","Cargo","Grado","Planta","Remuneración","Fecha desde","Fecha hasta"
"Rio Bueno","Codigo del Trabajo","Sin Clasificación","Código del Trabajo","Eduardo Alfredo Solis Huili","Paradocente"," ","Contratados Sin Planta","Afectos Al Código del Trabajo","2009-03-02 00:00:00.0","1900-01-01 00:00:00.0"
"Rio Bueno","Codigo del Trabajo","Sin Clasificación","Código del Trabajo","Juana Teresa Delgado Pichicoy","Asistente de La Educación"," ","Sin Información","Afectos Al Código del Trabajo","2011-03-01 00:00:00.0","1900-01-01 00:00:00.0"
"Rio Bueno","Codigo del Trabajo","Sin Clasificación","Código del Trabajo","Jaime Enrique Borquez Zuñiga","Administrativo"," ","Contratados Sin Planta","Afectos Al Código del Trabajo","2011-03-01 00:00:00.0","1900-01-01 00:00:00.0"
"Rio Bueno","Codigo del Trabajo","Sin Clasificación","Código del Trabajo","Sandra Jeannette Provoste Ovando","Administrativo"," ","Sin Información","Afectos Al Código del Trabajo","2013-03-01 00:00:00.0","1900-01-01 00:00:00.0"
"Rio Bueno","Codigo del Trabajo","Sin Clasificación","Código del Trabajo","Maria Angelica Carmona Campos","Auxiliar de Párvulos"," ","Contratados Sin Planta","Afectos Al Código del Trabajo","2011-03-01 00:00:00.0","1900-01-01 00:00:00.0"
"Rio Bueno","Codigo del Trabajo","Sin Clasificación","Código del Trabajo","Hilda Oriana Guaiquillanca Labbe","Asistente de La Educación"," ","Contratados Sin Planta","Afectos Al Código del Trabajo","2012-03-01 00:00:00.0","1900-01-01 00:00:00.0"
"Rio Bueno","Codigo del Trabajo","Sin Clasificación","Código del Trabajo","Isabel Margarita Perez Fuentealba","Asistente de La Educación"," ","Contratados Sin Planta","Afectos Al Código del Trabajo","2011-03-01 00:00:00.0","1900-01-01 00:00:00.0"
"Rio Bueno","Codigo del Trabajo","Sin Clasificación","Código del Trabajo","Robert Eduardo Burgos Ferrada","Auxiliar de Servicios Menores"," ","Contratados Sin Planta","Afectos Al Código del Trabajo","2011-03-01 00:00:00.0","1900-01-01 00:00:00.0"
"Rio Bueno","Codigo del Trabajo","Sin Clasificación","Código del Trabajo","Carlos Rodrigo Hott Burgos","Auxiliar de Servicios Menores"," ","Contratados Sin Planta","Afectos Al Código del Trabajo","2011-03-01 00:00:00.0","1900-01-01 00:00:00.0"
"Rio Bueno","Codigo del Trabajo","Sin Clasificación","Código del Trabajo","Alejandra Marcela Ruiz Fernandez","Asistente de La Educación"," ","Contratados Sin Planta","Afectos Al Código del Trabajo","2011-03-01 00:00:00.0","1900-01-01 00:00:00.0"
"Rio Bueno","Codigo del Trabajo","Sin Clasificación","Código del Trabajo","Ana Maria Blanc Carrera","Asistente de La Educación"," ","Contratados Sin Planta","Afectos Al Código del Trabajo","2011-03-01 00:00:00.0","1900-01-01 00:00:00.0"
"Rio Bueno","Codigo del Trabajo","Sin Clasificación","Código del Trabajo","Damaris Patricia Rios Solis","Contratado"," ","Contratados Sin Planta","Afectos Al Código del Trabajo","2011-03-01 00:00:00.0","1900-01-01 00:00:00.0"
"Rio Bueno","Codigo del Trabajo","Sin Clasificación","Código del Trabajo","Laura Ximena Asenjo Barria","Asistente de La Educación"," ","Contratados Sin Planta","Afectos Al Código del Trabajo","2011-03-01 00:00:00.0","1900-01-01 00:00:00.0"
"Rio Bueno","Codigo del Trabajo","Sin Clasificación","Código del Trabajo","Monica Lisette Vergara Acuña","Contratado"," ","Contratados Sin Planta","Afectos Al Código del Trabajo","2011-03-01 00:00:00.0","1900-01-01 00:00:00.0"
"Rio Bueno","Codigo del Trabajo","Sin Clasificación","Código del Trabajo","Paula Tamara Ojeda Beascoechea","Auxiliar de Servicios Menores"," ","Contratados Sin Planta","Afectos Al Código del Trabajo","2011-03-01 00:00:00.0","1900-01-01 00:00:00.0"
"Rio Bueno","Codigo del Trabajo","Sin Clasificación","Código del Trabajo","Carlos Antonio Navarro Burgos","Administrativo"," ","Contratados Sin Planta","Afectos Al Código del Trabajo","2011-03-01 00:00:00.0","1900-01-01 00:00:00.0"
"Rio Bueno","Codigo del Trabajo","Sin Clasificación","Código del Trabajo","Jaime Andres Navarro Burgos","Paradocente"," ","Contratados Sin Planta","Afectos Al Código del Trabajo","2011-03-01 00:00:00.0","1900-01-01 00:00:00.0"
"Rio Bueno","Codigo del Trabajo","Sin Clasificación","Código del Trabajo","Marcela Beatriz Solis Ojeda","Asistente Parvularia"," ","Contratados Sin Planta","Afectos Al Código del Trabajo","2011-03-01 00:00:00.0","1900-01-01 00:00:00.0"
"Rio Bueno","Codigo del Trabajo","Sin Clasificación","Código del Trabajo","Fresia Salamanca Molina","Administrativo"," ","Contratados Sin Planta","Afectos Al Código del Trabajo","1993-02-01 00:00:00.0","1900-01-01 00:00:00.0"
"Rio Bueno","Codigo del Trabajo","Sin Clasificación","Código del Trabajo","Carlos Segundo Miranda Lingay","Auxiliar de Servicios Menores"," ","Contratados Sin Planta","Afectos Al Código del Trabajo","2008-03-10 00:00:00.0","1900-01-01 00:00:00.0"
"Rio Bueno","Codigo del Trabajo","Sin Clasificación","Código del Trabajo","María Angélica Medina Vera","Auxiliar"," ","Contratados Sin Planta","Afectos Al Código del Trabajo","1986-10-01 00:00:00.0","1900-01-01 00:00:00.0"
"Rio Bueno","Codigo del Trabajo","Sin Clasificación","Código del Trabajo","Luis Alfonso Miranda Lingay","Chófer"," ","Contratados Sin Planta","Afectos Al Código del Trabajo","2011-03-01 00:00:00.0","1900-01-01 00:00:00.0"
"Rio Bueno","Codigo del Trabajo","Sin Clasificación","Código del Trabajo","María Ruth Delgado Canio","Auxiliar"," ","Contratados Sin Planta","Afectos Al Código del Trabajo","2009-04-01 00:00:00.0","1900-01-01 00:00:00.0"
"Rio Bueno","Codigo del Trabajo","Sin Clasificación","Código del Trabajo","Jose Hernan Cid Fernandez","Asistente de La Educación"," ","Contratados Sin Planta","Afectos Al Código del Trabajo","2011-03-01 00:00:00.0","1900-01-01 00:00:00.0"
"Rio Bueno","Codigo del Trabajo","Sin Clasificación","Código del Trabajo","Irma Judith Castro Silva","Asistente de La Educación"," ","Contratados Sin Planta","Afectos Al Código del Trabajo","2011-03-01 00:00:00.0","1900-01-01 00:00:00.0"
