"Comuna","Tipo de Contratación","Área","Calidad","Nombre","Cargo","Grado","Planta","Remuneración","Fecha desde","Fecha hasta"
"San Nicolas","Planta Titular","Salud","Titular","Florentino Antonio Parada Parra","Auxiliar de Servicio de Salud","SIN INFORMACION","Auxiliares de Servicios de Salud Categoría F","Estatuto Atención Primaria de Salud Municipal  Ley N°19.378","2015-10-01 00:00:00.0","2050-12-31 00:00:00.0"
"San Nicolas","Planta Titular","Salud","Titular","Carmen Gloria Palavecino Montecino","Administrativo Crea de Salud","SIN INFORMACION","Técnicos de Nivel Superior Categoría C","Estatuto Atención Primaria de Salud Municipal  Ley N°19.378","2015-10-01 00:00:00.0","2050-12-31 00:00:00.0"
"San Nicolas","Planta Titular","Salud","Titular","Rosa Elena Gacitua Jeldres","Administrativo Crea de Salud","SIN INFORMACION","Administrativos de Salud Categoría E","Estatuto Atención Primaria de Salud Municipal  Ley N°19.378","2015-10-01 00:00:00.0","2050-12-31 00:00:00.0"
"San Nicolas","Planta Titular","Salud","Titular","Murie Ercilia Urra Yañez","Técnico de Nivel Superior","SIN INFORMACION","Técnicos de Nivel Superior Categoría C","Estatuto Atención Primaria de Salud Municipal  Ley N°19.378","2015-10-01 00:00:00.0","2050-12-31 00:00:00.0"
"San Nicolas","Planta Titular","Salud","Titular","Nieves de Las Mercedes Gutierres Utreras","Técnico de Nivel Superior","SIN INFORMACION","Técnicos de Nivel Superior Categoría C","Estatuto Atención Primaria de Salud Municipal  Ley N°19.378","2015-10-01 00:00:00.0","2050-12-31 00:00:00.0"
"San Nicolas","Planta Titular","Salud","Titular","Victoria Andrea Lepeley Stuardo","Profesional","SIN INFORMACION","Profesionales Categoría B","Estatuto Atención Primaria de Salud Municipal  Ley N°19.378","2015-10-01 00:00:00.0","2050-12-31 00:00:00.0"
"San Nicolas","Planta Titular","Salud","Titular","Mario Alexis Gallardo Godoy","Técnico de Nivel Superior","SIN INFORMACION","Técnicos de Nivel Superior Categoría C","Estatuto Atención Primaria de Salud Municipal  Ley N°19.378","2015-10-01 00:00:00.0","2050-12-31 00:00:00.0"
"San Nicolas","Planta Titular","Salud","Titular","Yesica del Rosario Padilla Quezada","Técnico de Nivel Superior","SIN INFORMACION","Técnicos de Nivel Superior Categoría C","Estatuto Atención Primaria de Salud Municipal  Ley N°19.378","2015-10-01 00:00:00.0","2050-12-31 00:00:00.0"
"San Nicolas","Planta Titular","Salud","Titular","Neris de Lourdes Lagos Ruiz","Profesional","SIN INFORMACION","Profesionales Categoría B","Estatuto Atención Primaria de Salud Municipal  Ley N°19.378","2015-10-01 00:00:00.0","2050-12-31 00:00:00.0"
"San Nicolas","Planta Titular","Salud","Titular","Miriam Formocina Bravo Jarpa","Técnico de Nivel Superior","SIN INFORMACION","Técnicos de Nivel Superior Categoría C","Estatuto Atención Primaria de Salud Municipal  Ley N°19.378","2015-10-01 00:00:00.0","2050-12-31 00:00:00.0"
"San Nicolas","Planta Titular","Salud","Titular","Roxana Loreto Otarola Cruz","Técnico de Nivel Superior","SIN INFORMACION","Técnicos de Nivel Superior Categoría C","Estatuto Atención Primaria de Salud Municipal  Ley N°19.378","2015-10-01 00:00:00.0","2050-12-31 00:00:00.0"
"San Nicolas","Planta Titular","Salud","Titular","Cecilia Elizabeth Rivas Canales","Técnico de Nivel Superior","SIN INFORMACION","Técnicos de Nivel Superior Categoría C","Estatuto Atención Primaria de Salud Municipal  Ley N°19.378","2015-10-01 00:00:00.0","2050-12-31 00:00:00.0"
"San Nicolas","Planta Titular","Salud","Titular","Katherine Melissa Muñoz Yañez","Técnico de Nivel Superior","SIN INFORMACION","Técnicos de Nivel Superior Categoría C","Estatuto Atención Primaria de Salud Municipal  Ley N°19.378","2015-10-01 00:00:00.0","2050-12-31 00:00:00.0"
"San Nicolas","Planta Titular","Salud","Titular","Angela Pamela Chandia Palavecino","Técnico de Nivel Superior","SIN INFORMACION","Técnicos de Nivel Superior Categoría C","Estatuto Atención Primaria de Salud Municipal  Ley N°19.378","2015-10-01 00:00:00.0","2050-12-31 00:00:00.0"
"San Nicolas","Planta Titular","Salud","Titular","Victoria Soledad Fernandez Tello","Técnico de Nivel Superior","SIN INFORMACION","Técnicos de Nivel Superior Categoría C","Estatuto Atención Primaria de Salud Municipal  Ley N°19.378","2015-10-01 00:00:00.0","2050-12-31 00:00:00.0"
"San Nicolas","Planta Titular","Salud","Titular","Horacio Alberto Cofre Almendras","Profesional","SIN INFORMACION","Profesionales Categoría A","Estatuto Atención Primaria de Salud Municipal  Ley N°19.378","2015-10-01 00:00:00.0","2050-12-31 00:00:00.0"
"San Nicolas","Planta Titular","Salud","Titular","Estefani del Rosario Zamorano Quezada","Técnico de Nivel Superior","SIN INFORMACION","Técnicos de Nivel Superior Categoría C","Estatuto Atención Primaria de Salud Municipal  Ley N°19.378","2015-10-01 00:00:00.0","2050-12-31 00:00:00.0"
"San Nicolas","Planta Titular","Salud","Titular","Katherina Rocio Rivas Duran","Técnico de Nivel Superior","SIN INFORMACION","Técnicos de Nivel Superior Categoría C","Estatuto Atención Primaria de Salud Municipal  Ley N°19.378","2015-10-01 00:00:00.0","2050-12-31 00:00:00.0"
