"Comuna","Tipo de Contratación","Área","Calidad","Nombre","Cargo","Grado","Planta","Remuneración","Fecha desde","Fecha hasta"
"San Nicolas","Planta Titular","Sin Clasificación","Titular","Luis Nolberto Gacitua Gatica","Auxiliar de Servicios"," ","Auxiliares","Escala Atención Primaria de Salud Municipal","2008-12-01 00:00:00.0","1900-01-01 00:00:00.0"
"San Nicolas","Planta Titular","Sin Clasificación","Titular","Irene de Lourdes Toro Andana","Administrativo"," ","Administrativos","Escala Atención Primaria de Salud Municipal","2008-12-01 00:00:00.0","1900-01-01 00:00:00.0"
"San Nicolas","Planta Titular","Sin Clasificación","Titular","Jose Eduardo Ulloa Garrido","Auxiliar","17°","Auxiliares","Escala Municipal","2009-09-24 00:00:00.0","1900-01-01 00:00:00.0"
"San Nicolas","Planta Titular","Sin Clasificación","Titular","Evelyn Pamela Flores Zamorano","Auxiliar"," ","Auxiliares","Escala Atención Primaria de Salud Municipal","2008-12-01 00:00:00.0","1900-01-01 00:00:00.0"
"San Nicolas","Planta Titular","Sin Clasificación","Titular","Angela Idilia Nova Carrasco","Administrativo"," ","Administrativos","Escala Atención Primaria de Salud Municipal","2008-12-01 00:00:00.0","1900-01-01 00:00:00.0"
"San Nicolas","Planta Titular","Sin Clasificación","Titular","Daniel Antonio Flores Silva","Directivo","9°","Directivos","Escala Municipal","2008-04-29 00:00:00.0","1900-01-01 00:00:00.0"
"San Nicolas","Planta Titular","Sin Clasificación","Titular","Jessica Victoria Garrido Toledo","Administrativo"," ","Administrativos","Escala Atención Primaria de Salud Municipal","2008-12-01 00:00:00.0","1900-01-01 00:00:00.0"
"San Nicolas","Planta Titular","Sin Clasificación","Titular","Elias Andres Plaza Salinas","Auxiliar"," ","Auxiliares","Escala Atención Primaria de Salud Municipal","2008-12-01 00:00:00.0","1900-01-01 00:00:00.0"
"San Nicolas","Planta Titular","Sin Clasificación","Titular","Maria Enedina Torres Herrera","Administrativo"," ","Administrativos","Escala Atención Primaria de Salud Municipal","2008-12-01 00:00:00.0","1900-01-01 00:00:00.0"
"San Nicolas","Planta Titular","Sin Clasificación","Titular","Manuel Ricardo Quintana Moreno","Administrativo"," ","Administrativos","Escala Atención Primaria de Salud Municipal","2008-12-01 00:00:00.0","1900-01-01 00:00:00.0"
"San Nicolas","Planta Titular","Sin Clasificación","Titular","Jose Eduardo de Huanca Herrera Riveros","Jefatura","11°","Jefaturas","","1994-01-01 00:00:00.0","1900-01-01 00:00:00.0"
"San Nicolas","Planta Titular","Sin Clasificación","Titular","Hernan de Jesus Cordero Vargas","Directivo","10°","Directivos","Escala Municipal","2010-07-19 00:00:00.0","1900-01-01 00:00:00.0"
"San Nicolas","Planta Titular","Sin Clasificación","Titular","Sandra del Carmen Araneda Maldonado","Profesional","11°","Profesionales","","1994-01-01 00:00:00.0","1900-01-01 00:00:00.0"
"San Nicolas","Planta Titular","Sin Clasificación","Titular","Maria Ester Carrasco Carrasco","Auxiliar"," ","Auxiliares","Escala Atención Primaria de Salud Municipal","2008-12-01 00:00:00.0","1900-01-01 00:00:00.0"
"San Nicolas","Planta Titular","Sin Clasificación","Titular","Eduardo Andres Garay Millar","Auxiliar"," ","Auxiliares","Escala Atención Primaria de Salud Municipal","2008-12-01 00:00:00.0","1900-01-01 00:00:00.0"
"San Nicolas","Planta Titular","Sin Clasificación","Titular","Ramon Jose Martinez Hernandez","Auxiliar"," ","Auxiliares","Escala Atención Primaria de Salud Municipal","2008-12-01 00:00:00.0","1900-01-01 00:00:00.0"
"San Nicolas","Planta Titular","Sin Clasificación","Titular","Angelica Ines Alvarez Veloz","Jefe Técnico Pedagógico"," ","Docente","Escala Profesionales de La Educación Llay 19.070)","2014-02-27 00:00:00.0","1900-01-01 00:00:00.0"
"San Nicolas","Planta Titular","Sin Clasificación","Titular","Nancy del Carmen Llanos Silva","Jefe Técnico Pedagógico"," ","Docente","Escala Profesionales de La Educación Llay 19.070)","2014-02-27 00:00:00.0","1900-01-01 00:00:00.0"
"San Nicolas","Planta Titular","Sin Clasificación","Titular","Victor Ramon Toro Leiva","Alcalde"," ","Sin Información","Escala Municipal de Remuneraciones(ley 18.883)","2016-12-06 00:00:00.0","1900-01-01 00:00:00.0"
