"Comuna","Tipo de Contratación","Área","Calidad","Nombre","Cargo","Grado","Planta","Remuneración","Fecha desde","Fecha hasta"
"San Nicolas","Honorarios","Contrato A Honorarios","A Suma Alzada","Alejandra del Carmen Flores Silva","","SIN INFORMACION","","","2019-05-06 00:00:00.0","2019-12-31 00:00:00.0"
"San Nicolas","Honorarios","Contrato A Honorarios","A Suma Alzada","Viviana Beatriz Guzman Leiva","","SIN INFORMACION","","","2019-02-04 00:00:00.0","2019-03-03 00:00:00.0"
"San Nicolas","Honorarios","Contrato A Honorarios","A Suma Alzada","Gloria del Pilar Andrade Sepulveda","","SIN INFORMACION","","","2019-01-01 00:00:00.0","2019-12-31 00:00:00.0"
"San Nicolas","Honorarios","Contrato A Honorarios","A Suma Alzada","Yennifer Soledad Castillo Medina","","SIN INFORMACION","","","2019-05-06 00:00:00.0","2019-12-31 00:00:00.0"
"San Nicolas","Honorarios","Contrato A Honorarios","A Suma Alzada","Blanca Isabel  Cerda  Torres","","SIN INFORMACION","","","2019-01-01 00:00:00.0","2019-12-31 00:00:00.0"
"San Nicolas","Honorarios","Contrato A Honorarios","A Suma Alzada","Priscila Johana Acuña Garrido","","SIN INFORMACION","","","2019-06-03 00:00:00.0","2019-11-30 00:00:00.0"
"San Nicolas","Honorarios","Contrato A Honorarios","A Suma Alzada","Jacob Andres Hermosilla Rojel","","SIN INFORMACION","","","2019-05-09 00:00:00.0","2019-07-31 00:00:00.0"
"San Nicolas","Honorarios","Contrato A Honorarios","A Suma Alzada","Milena Fernanda Yáñez Jara","","SIN INFORMACION","","","2019-07-08 00:00:00.0","2019-10-08 00:00:00.0"
"San Nicolas","Honorarios","Contrato A Honorarios","A Suma Alzada","Yanara Angelica Ortiz Navarrete","","SIN INFORMACION","","","2019-01-01 00:00:00.0","2019-12-31 00:00:00.0"
"San Nicolas","Honorarios","Contrato A Honorarios","A Suma Alzada","Fernando Javier Paiva  Mu¿oz","","SIN INFORMACION","","","2019-01-01 00:00:00.0","2019-12-31 00:00:00.0"
"San Nicolas","Honorarios","Contrato A Honorarios","A Suma Alzada","Carolina Andrea Herrera Zenteno","","SIN INFORMACION","","","2019-06-03 00:00:00.0","2019-12-31 00:00:00.0"
"San Nicolas","Honorarios","Contrato A Honorarios","A Suma Alzada","Daniela Estefania Santos Pedreros","","SIN INFORMACION","","","2019-06-03 00:00:00.0","2019-08-31 00:00:00.0"
"San Nicolas","Honorarios","Contrato A Honorarios","A Suma Alzada","Josseline Daniela Ortiz Fuentes","","SIN INFORMACION","","","2019-01-01 00:00:00.0","2019-12-31 00:00:00.0"
"San Nicolas","Honorarios","Contrato A Honorarios","A Suma Alzada","Francisco Andres Echeverria  Curilemu","","SIN INFORMACION","","","2019-10-09 00:00:00.0","2019-12-31 00:00:00.0"
"San Nicolas","Honorarios","Contrato A Honorarios","A Suma Alzada","Maria Jose  Espinoza Ortega","","SIN INFORMACION","","","2019-08-19 00:00:00.0","2019-12-31 00:00:00.0"
"San Nicolas","Honorarios","Contrato A Honorarios","A Suma Alzada","Nicole Belen Ballesteros Martinez","","SIN INFORMACION","","","2019-03-01 00:00:00.0","2019-12-31 00:00:00.0"
"San Nicolas","Honorarios","Contrato A Honorarios","A Suma Alzada","Luisa Nicole Flores Hermosilla","","SIN INFORMACION","","","2019-07-01 00:00:00.0","2019-09-30 00:00:00.0"
"San Nicolas","Honorarios","Contrato A Honorarios","A Suma Alzada","Joaquin Eduardo Franco Campos","","SIN INFORMACION","","","2019-01-01 00:00:00.0","2019-12-31 00:00:00.0"
"San Nicolas","Honorarios","Contrato A Honorarios","A Suma Alzada","Catherine Moncada Norambuena","","SIN INFORMACION","","","2019-01-01 00:00:00.0","2019-12-31 00:00:00.0"
"San Nicolas","Honorarios","Contrato A Honorarios","A Suma Alzada","Angela Maria Ramirez Co¿oeman","","SIN INFORMACION","","","2019-01-07 00:00:00.0","2019-03-15 00:00:00.0"
"San Nicolas","Honorarios","Contrato A Honorarios","A Suma Alzada","Ivan Ignacio Herrera Sepulveda","","SIN INFORMACION","","","2019-05-02 00:00:00.0","2019-07-31 00:00:00.0"
"San Nicolas","Honorarios","Contrato A Honorarios","A Suma Alzada","David Eduardo Alarcon Monteros","","SIN INFORMACION","","","2019-06-03 00:00:00.0","2019-10-31 00:00:00.0"
"San Nicolas","Honorarios","Contrato A Honorarios","A Suma Alzada","Macarena Estefania Baeza Jara","","SIN INFORMACION","","","2019-08-20 00:00:00.0","2019-09-17 00:00:00.0"
"San Nicolas","Honorarios","Contrato A Honorarios","A Suma Alzada","Alexandra Antonella Muena Muñoz","","SIN INFORMACION","","","2019-01-07 00:00:00.0","2019-03-31 00:00:00.0"
"San Nicolas","Honorarios","Contrato A Honorarios","A Suma Alzada","Miguel Angel Perotti Bravo","","SIN INFORMACION","","","2019-03-01 00:00:00.0","2019-12-31 00:00:00.0"
"San Nicolas","Honorarios","Contrato A Honorarios","A Suma Alzada","María Alejandra Henríquez Villegas","","SIN INFORMACION","","","2019-11-04 00:00:00.0","2019-12-31 00:00:00.0"
"San Nicolas","Honorarios","Contrato A Honorarios","A Suma Alzada","Mackarena Alexa Toledo Valdebenito","","SIN INFORMACION","","","2019-05-06 00:00:00.0","2019-12-31 00:00:00.0"
"San Nicolas","Honorarios","Contrato A Honorarios","A Suma Alzada","Katherine Alexandra Rocio Osses Marin","","SIN INFORMACION","","","2019-06-14 00:00:00.0","2019-09-30 00:00:00.0"
"San Nicolas","Honorarios","Contrato A Honorarios","A Suma Alzada","Belen Aracelli Yevenes  Ocares","","SIN INFORMACION","","","2019-11-04 00:00:00.0","2019-12-31 00:00:00.0"
