"Comuna","Tipo de Contratación","Área","Calidad","Nombre","Cargo","Grado","Planta","Remuneración","Fecha desde","Fecha hasta"
"San Nicolas","Codigo del Trabajo","Educación","Código del Trabajo","Miguel Antonio Gallegos Martinez","Docente"," ","Personal No Pertenece A Planta","Afectos Al Código del Trabajo","2012-03-01 00:00:00.0","1900-01-01 00:00:00.0"
"San Nicolas","Codigo del Trabajo","Educación","Código del Trabajo","Javier Enrique Leiva Herrera","Inspector"," ","Personal No Pertenece A Planta","Afectos Al Código del Trabajo","2012-03-01 00:00:00.0","1900-01-01 00:00:00.0"
"San Nicolas","Codigo del Trabajo","Educación","Código del Trabajo","Maria Mabel Ortiz Orellana","Inspector"," ","Personal No Pertenece A Planta","Afectos Al Código del Trabajo","2012-03-01 00:00:00.0","1900-01-01 00:00:00.0"
"San Nicolas","Codigo del Trabajo","Educación","Código del Trabajo","Juan Manuel Castro  Figueroa","Chófer"," ","Personal No Pertenece A Planta","Afectos Al Código del Trabajo","2014-04-01 00:00:00.0","1900-01-01 00:00:00.0"
"San Nicolas","Codigo del Trabajo","Educación","Código del Trabajo","Jeanette del Pilar Silva Andrades","Inspector"," ","Sin Información","Afectos Al Código del Trabajo","2007-11-02 00:00:00.0","1900-01-01 00:00:00.0"
"San Nicolas","Codigo del Trabajo","Educación","Código del Trabajo","Maria Angelica Alarcon Torres","Asistente Parvularia"," ","Personal No Pertenece A Planta","Afectos Al Código del Trabajo","2013-03-01 00:00:00.0","1900-01-01 00:00:00.0"
"San Nicolas","Codigo del Trabajo","Educación","Código del Trabajo","Juan Carlos Herrera Fuentes","Chófer"," ","Personal No Pertenece A Planta","Afectos Al Código del Trabajo","2008-04-01 00:00:00.0","1900-01-01 00:00:00.0"
"San Nicolas","Codigo del Trabajo","Educación","Código del Trabajo","Ximena Antonieta Ponce Espinoza","Inspector"," ","Personal No Pertenece A Planta","Afectos Al Código del Trabajo","2013-03-01 00:00:00.0","1900-01-01 00:00:00.0"
"San Nicolas","Codigo del Trabajo","Educación","Código del Trabajo","Maribel del Carmen Valenzuela Aravena","Docente"," ","Personal No Pertenece A Planta","Afectos Al Código del Trabajo","2013-03-01 00:00:00.0","1900-01-01 00:00:00.0"
"San Nicolas","Codigo del Trabajo","Educación","Código del Trabajo","Nancy  Moreno Toro","Inspector"," ","Personal No Pertenece A Planta","Afectos Al Código del Trabajo","2013-11-18 00:00:00.0","1900-01-01 00:00:00.0"
"San Nicolas","Codigo del Trabajo","Educación","Código del Trabajo","German Eduardo Placencia Gonzalez","Técnico"," ","Personal No Pertenece A Planta","Afectos Al Código del Trabajo","2010-03-01 00:00:00.0","1900-01-01 00:00:00.0"
"San Nicolas","Codigo del Trabajo","Educación","Código del Trabajo","Elizabeth del Carmen Caceres Valenzuela","Asistente Parvularia"," ","Personal No Pertenece A Planta","Afectos Al Código del Trabajo","2012-09-04 00:00:00.0","1900-01-01 00:00:00.0"
"San Nicolas","Codigo del Trabajo","Educación","Código del Trabajo","Jorge del Rosario Bastias Sepulveda","Chófer"," ","Personal No Pertenece A Planta","Afectos Al Código del Trabajo","2013-07-01 00:00:00.0","1900-01-01 00:00:00.0"
"San Nicolas","Codigo del Trabajo","Educación","Código del Trabajo","Carla Andrea Oñate Muñoz","Inspector"," ","Personal No Pertenece A Planta","Afectos Al Código del Trabajo","2011-03-01 00:00:00.0","1900-01-01 00:00:00.0"
"San Nicolas","Codigo del Trabajo","Educación","Código del Trabajo","Susana del Carmen Aravena Muñoz","Asistente Social"," ","Personal No Pertenece A Planta","Afectos Al Código del Trabajo","2013-07-01 00:00:00.0","1900-01-01 00:00:00.0"
"San Nicolas","Codigo del Trabajo","Educación","Código del Trabajo","Julia Ester Gallegos Eriza","Auxiliar de Servicios"," ","Personal No Pertenece A Planta","Afectos Al Código del Trabajo","2012-03-01 00:00:00.0","1900-01-01 00:00:00.0"
"San Nicolas","Codigo del Trabajo","Educación","Código del Trabajo","Marta Lorena Parra Bello","Asistente Social"," ","Contratados Sin Planta","Afectos Al Código del Trabajo","2015-02-15 00:00:00.0","1900-01-01 00:00:00.0"
"San Nicolas","Codigo del Trabajo","Educación","Código del Trabajo","Macarena Jesus Muñoz Muñoz","Secreto"," ","Personal No Pertenece A Planta","Afectos Al Código del Trabajo","2008-03-01 00:00:00.0","1900-01-01 00:00:00.0"
"San Nicolas","Codigo del Trabajo","Educación","Código del Trabajo","Lizbeth Jeannette Barra  Sagredo","Kinesiologo"," ","Personal No Pertenece A Planta","Afectos Al Código del Trabajo","2014-03-01 00:00:00.0","1900-01-01 00:00:00.0"
"San Nicolas","Codigo del Trabajo","Educación","Código del Trabajo","Victoria Alejandra Rodriguez Torres","Profesional"," ","Personal No Pertenece A Planta","Afectos Al Código del Trabajo","2014-03-01 00:00:00.0","1900-01-01 00:00:00.0"
"San Nicolas","Codigo del Trabajo","Educación","Código del Trabajo","Maria Paz Rosas  Molina","Asistente de La Educación"," ","Personal No Pertenece A Planta","Afectos Al Código del Trabajo","2014-03-01 00:00:00.0","1900-01-01 00:00:00.0"
"San Nicolas","Codigo del Trabajo","Educación","Código del Trabajo","Elizabeth Nicol Arias Arias","Docente"," ","Personal No Pertenece A Planta","Afectos Al Código del Trabajo","2014-03-01 00:00:00.0","1900-01-01 00:00:00.0"
"San Nicolas","Codigo del Trabajo","Educación","Código del Trabajo","Estefania Constanza Penroz Aguayo","Asistente Parvularia"," ","Personal No Pertenece A Planta","Afectos Al Código del Trabajo","2012-03-01 00:00:00.0","1900-01-01 00:00:00.0"
"San Nicolas","Codigo del Trabajo","Educación","Código del Trabajo","Domingo Antonio Contreras Soto","Inspector"," ","Personal No Pertenece A Planta","Afectos Al Código del Trabajo","2014-03-01 00:00:00.0","1900-01-01 00:00:00.0"
"San Nicolas","Codigo del Trabajo","Educación","Código del Trabajo","Victor Ramon Toro Leiva","Ayudante"," ","Contratados Sin Planta","Escala Profesionales de La Educación Llay 19.070)","2012-03-01 00:00:00.0","1900-01-01 00:00:00.0"
