"Comuna","Tipo de Contratación","Área","Calidad","Nombre","Cargo","Grado","Planta","Remuneración","Fecha desde","Fecha hasta"
"San Nicolas","Contrata","Sin Clasificación","Contrata","Salvador Marcelo Lavagnino Humeres","Jefe"," ","Contratados Sin Planta","Escala Profesionales de La Educación Llay 19.070)","2012-06-04 00:00:00.0","1900-01-01 00:00:00.0"
"San Nicolas","Contrata","Sin Clasificación","Contrata","Noelia Elizabeth Vargas Gonzalez","Docente"," ","Contratados Sin Planta","Escala Municipal","2008-10-08 00:00:00.0","1900-01-01 00:00:00.0"
"San Nicolas","Contrata","Sin Clasificación","Contrata","Richard Antonio Gallegos Guajardo","Administrativo","15°","Contratados Sin Planta","Escala Municipal","2010-07-02 00:00:00.0","1900-01-01 00:00:00.0"
"San Nicolas","Contrata","Sin Clasificación","Contrata","Nancy Andrea Contreras Acuña","Docente"," ","Personal No Pertenece A Planta","Escala Profesionales de La Educación Llay 19.070)","2014-08-08 00:00:00.0","1900-01-01 00:00:00.0"
"San Nicolas","Contrata","Sin Clasificación","Contrata","Evelyn Beatriz Cea Bizama","Docente"," ","Personal No Pertenece A Planta","Escala Profesionales de La Educación Llay 19.070)","2014-05-20 00:00:00.0","1900-01-01 00:00:00.0"
