"Comuna","Tipo de Contratación","Área","Calidad","Nombre","Cargo","Grado","Planta","Remuneración","Fecha desde","Fecha hasta"
"Chillan","Contrata","Municipal","Contrata","Sara Eufemia Jara Zapata","Administrativo","17°","Administrativos","Escala Municipal","2019-01-01 00:00:00.0","2019-01-31 00:00:00.0"
"Chillan","Contrata","Municipal","Contrata","Christian Alberto Vega Bustos","Auxiliar","17°","Auxiliares","Escala Municipal","2019-03-01 00:00:00.0","2019-03-31 00:00:00.0"
"Chillan","Contrata","Municipal","Contrata","Marcelo Georgui Fernandez Caro","Auxiliar","15°","Auxiliares","Escala Municipal","2019-01-01 00:00:00.0","2019-01-31 00:00:00.0"
"Chillan","Contrata","Municipal","Contrata","Juan Patricio Irribarra Utreras","Auxiliar","17°","Auxiliares","Escala Municipal","2019-01-01 00:00:00.0","2019-01-31 00:00:00.0"
"Chillan","Contrata","Municipal","Contrata","Pablo Andres Garrido Rodriguez","Técnico","10°","Técnicos","Escala Municipal","2019-01-01 00:00:00.0","2019-01-31 00:00:00.0"
"Chillan","Contrata","Municipal","Contrata","Eduardo Arturo Ortiz Rodriguez","Auxiliar","16°","Auxiliares","Escala Municipal","2019-11-01 00:00:00.0","2019-12-31 00:00:00.0"
"Chillan","Contrata","Municipal","Contrata","Leopoldo Rubilar Campos","Administrativo","15°","Administrativos","Escala Municipal","2019-01-01 00:00:00.0","2019-01-31 00:00:00.0"
"Chillan","Contrata","Municipal","Contrata","Ricardo Eugenio Rodríguez Penrroz","Técnico","17°","Técnicos","Escala Municipal","2019-01-01 00:00:00.0","2019-01-31 00:00:00.0"
"Chillan","Contrata","Municipal","Contrata","Aaron Jeremias Esparza Llanos","Administrativo","17°","Administrativos","Escala Municipal","2019-01-01 00:00:00.0","2019-01-31 00:00:00.0"
"Chillan","Contrata","Municipal","Contrata","Hector Ricardo Esparza Llanos","Auxiliar","14°","Auxiliares","Escala Municipal","2019-06-01 00:00:00.0","2019-06-30 00:00:00.0"
"Chillan","Contrata","Municipal","Contrata","Maria Graciela Millaray Gutierrez Gonzalez","Administrativo","15°","Administrativos","Escala Municipal","2019-01-01 00:00:00.0","2019-01-31 00:00:00.0"
"Chillan","Contrata","Municipal","Contrata","Valeria Alejandra Cocio Sepulveda","Administrativo","15°","Administrativos","Escala Municipal","2019-01-01 00:00:00.0","2019-01-31 00:00:00.0"
"Chillan","Contrata","Municipal","Contrata","Mario Alberto Martinez Parada","Administrativo","15°","Administrativos","Escala Municipal","2019-01-01 00:00:00.0","2019-01-31 00:00:00.0"
"Chillan","Contrata","Municipal","Contrata","Francisco Guillermo Utreras Utreras","Técnico","17°","Técnicos","Escala Municipal","2019-01-01 00:00:00.0","2019-01-31 00:00:00.0"
"Chillan","Contrata","Municipal","Contrata","Patricia Alejandra  Fuentes Paredes","Técnico","17°","Técnicos","Escala Municipal","2019-03-01 00:00:00.0","2019-03-31 00:00:00.0"
"Chillan","Contrata","Municipal","Contrata","Sonia del Carmen Montecino Aguilera","Profesional","9°","Profesionales","Escala Municipal","2019-01-01 00:00:00.0","2019-01-31 00:00:00.0"
"Chillan","Contrata","Municipal","Contrata","Eduardo Daniel  Lagos Gatica","Auxiliar","17°","Auxiliares","Escala Municipal","2019-07-08 00:00:00.0","2019-07-31 00:00:00.0"
"Chillan","Contrata","Municipal","Contrata","Paulina Alejandra Peña Fonseca","Técnico","15°","Técnicos","Escala Municipal","2019-01-01 00:00:00.0","2019-01-31 00:00:00.0"
"Chillan","Contrata","Municipal","Contrata","Paz del Carmen Villegas Arenas","Administrativo","15°","Administrativos","Escala Municipal","2019-01-01 00:00:00.0","2019-01-31 00:00:00.0"
"Chillan","Contrata","Municipal","Contrata","Nelson Escobar Ulloa","Administrativo","12°","Administrativos","Escala Municipal","2019-07-01 00:00:00.0","2019-07-31 00:00:00.0"
"Chillan","Contrata","Municipal","Contrata","Rolando Sergio Laubrie Monsalve","Administrativo","17°","Administrativos","Escala Municipal","2019-01-01 00:00:00.0","2019-01-31 00:00:00.0"
"Chillan","Contrata","Municipal","Contrata","Gabriel Belford Toro Salinas","Auxiliar","17°","Auxiliares","Escala Municipal","2019-11-01 00:00:00.0","2019-12-31 00:00:00.0"
"Chillan","Contrata","Municipal","Contrata","Sebastiana del Carmen Avila San Martin","Técnico","17°","Técnicos","Escala Municipal","2019-01-01 00:00:00.0","2019-01-31 00:00:00.0"
"Chillan","Contrata","Municipal","Contrata","Raul Alexi Lagos Valenzuela","Auxiliar","14°","Auxiliares","Escala Municipal","2019-01-01 00:00:00.0","2019-01-31 00:00:00.0"
"Chillan","Contrata","Municipal","Contrata","Jose Patricio Valenzuela Matamala","Auxiliar","17°","Auxiliares","Escala Municipal","2019-01-01 00:00:00.0","2019-01-31 00:00:00.0"
"Chillan","Contrata","Municipal","Contrata","Julio Esteban Rivera Nuñez","Administrativo","16°","Administrativos","Escala Municipal","2019-01-01 00:00:00.0","2019-01-31 00:00:00.0"
"Chillan","Contrata","Municipal","Contrata","Solange Farina Riveaux Silva","Administrativo","14°","Administrativos","Escala Municipal","2019-01-01 00:00:00.0","2019-01-31 00:00:00.0"
"Chillan","Contrata","Municipal","Contrata","Paola Lizzette Correa Vergara","Profesional","11°","Profesionales","Escala Municipal","2019-01-01 00:00:00.0","2019-01-31 00:00:00.0"
"Chillan","Contrata","Municipal","Contrata","Hernan Cesar Calderon Solis","Profesional","12°","Profesionales","Escala Municipal","2019-12-01 00:00:00.0","2019-12-31 00:00:00.0"
"Chillan","Contrata","Municipal","Contrata","Angelica Maria Jara Guajardo","Administrativo","17°","Administrativos","Escala Municipal","2019-01-01 00:00:00.0","2019-01-31 00:00:00.0"
"Chillan","Contrata","Municipal","Contrata","Jose Domingo Montecino Escalona","Administrativo","14°","Administrativos","Escala Municipal","2019-01-01 00:00:00.0","2019-01-31 00:00:00.0"
"Chillan","Contrata","Municipal","Contrata","Fernando Rene Carrasco Araneda","Administrativo","14°","Administrativos","Escala Municipal","2019-01-01 00:00:00.0","2019-01-31 00:00:00.0"
"Chillan","Contrata","Municipal","Contrata","Alex Armando Cartes Jara","Técnico","12°","Técnicos","Escala Municipal","2019-01-01 00:00:00.0","2019-01-31 00:00:00.0"
"Chillan","Contrata","Municipal","Contrata","Ana del Carmen Contreras Becerra","Técnico","12°","Técnicos","Escala Municipal","2019-01-01 00:00:00.0","2019-01-31 00:00:00.0"
"Chillan","Contrata","Municipal","Contrata","Mario Roberto Parra Contreras","Administrativo","12°","Administrativos","Escala Municipal","2019-01-01 00:00:00.0","2019-01-31 00:00:00.0"
"Chillan","Contrata","Municipal","Contrata","Edgardo Arturo Diaz Diaz","Administrativo","12°","Administrativos","Escala Municipal","2019-01-01 00:00:00.0","2019-01-31 00:00:00.0"
"Chillan","Contrata","Municipal","Contrata","Omar Shariff Mattar  Novoa","Técnico","16°","Técnicos","Escala Municipal","2019-01-01 00:00:00.0","2019-01-31 00:00:00.0"
"Chillan","Contrata","Municipal","Contrata","Victor Alejandro Fernandez Urbina","Profesional","8°","Profesionales","Escala Municipal","2019-01-01 00:00:00.0","2019-01-31 00:00:00.0"
"Chillan","Contrata","Municipal","Contrata","Pedro Ernesto Alejandro Concha Sandoval","Auxiliar","17°","Auxiliares","Escala Municipal","2019-01-01 00:00:00.0","2019-01-31 00:00:00.0"
"Chillan","Contrata","Municipal","Contrata","Sergio Augusto Torres Poblete","Profesional","8°","Profesionales","Escala Municipal","2019-01-01 00:00:00.0","2019-01-31 00:00:00.0"
"Chillan","Contrata","Municipal","Contrata","Fernando Floran Osorio Betancur","Técnico","15°","Técnicos","Escala Municipal","2019-06-01 00:00:00.0","2019-06-30 00:00:00.0"
"Chillan","Contrata","Municipal","Contrata","Raul Fernando Peña Salazar","Auxiliar","17°","Auxiliares","Escala Municipal","2019-04-01 00:00:00.0","2019-05-31 00:00:00.0"
"Chillan","Contrata","Municipal","Contrata","Esteban Adolfo Ortega Zapata","Auxiliar","15°","Auxiliares","Escala Municipal","2019-03-01 00:00:00.0","2019-03-31 00:00:00.0"
"Chillan","Contrata","Municipal","Contrata","Cesar Alejandro Gonzalez Gonzalez","Administrativo","14°","Administrativos","Escala Municipal","2019-01-01 00:00:00.0","2019-01-31 00:00:00.0"
"Chillan","Contrata","Municipal","Contrata","Julius Ricardo Montolivo Bravo","Profesional","8°","Profesionales","Escala Municipal","2019-01-01 00:00:00.0","2019-01-31 00:00:00.0"
"Chillan","Contrata","Municipal","Contrata","Jose Alfonso Rebolledo Escobar","Auxiliar","17°","Auxiliares","Escala Municipal","2019-01-01 00:00:00.0","2019-01-31 00:00:00.0"
"Chillan","Contrata","Municipal","Contrata","Francisco Javier Flores Sandoval","Administrativo","17°","Administrativos","Escala Municipal","2019-01-01 00:00:00.0","2019-01-31 00:00:00.0"
"Chillan","Contrata","Municipal","Contrata","Juan Pablo Venegas Beltran","Auxiliar","17°","Auxiliares","Escala Municipal","2019-04-01 00:00:00.0","2019-05-31 00:00:00.0"
"Chillan","Contrata","Municipal","Contrata","Patricio Manuel Concha Toro","Técnico","17°","Técnicos","Escala Municipal","2019-01-01 00:00:00.0","2019-01-31 00:00:00.0"
"Chillan","Contrata","Municipal","Contrata","Carol Angelica Victoriano Sanchez","Técnico","12°","Técnicos","Escala Municipal","2019-01-01 00:00:00.0","2019-01-31 00:00:00.0"
"Chillan","Contrata","Municipal","Contrata","Adalicia Romanet Varela Salazar","Técnico","15°","Técnicos","Escala Municipal","2019-01-01 00:00:00.0","2019-01-31 00:00:00.0"
"Chillan","Contrata","Municipal","Contrata","Juan Eduardo Opazo Luna","Técnico","17°","Técnicos","Escala Municipal","2019-01-01 00:00:00.0","2019-01-31 00:00:00.0"
"Chillan","Contrata","Municipal","Contrata","Roberto Alfredo Herrera Aedo","Administrativo","17°","Administrativos","Escala Municipal","2019-01-01 00:00:00.0","2019-01-31 00:00:00.0"
"Chillan","Contrata","Municipal","Contrata","Christian Ernesto Hansen Richter","Profesional","6°","Profesionales","Escala Municipal","2019-01-01 00:00:00.0","2019-01-31 00:00:00.0"
"Chillan","Contrata","Municipal","Contrata","Tamara Sepulveda Maldonado","Técnico","14°","Técnicos","Escala Municipal","2019-01-01 00:00:00.0","2019-01-31 00:00:00.0"
"Chillan","Contrata","Municipal","Contrata","Cristian Mauricio Jara Daza","Administrativo","17°","Administrativos","Escala Municipal","2019-01-01 00:00:00.0","2019-01-31 00:00:00.0"
"Chillan","Contrata","Municipal","Contrata","Juan Roberto Cerda Torres","Auxiliar","17°","Auxiliares","Escala Municipal","2019-01-01 00:00:00.0","2019-01-31 00:00:00.0"
"Chillan","Contrata","Municipal","Contrata","Marcos Eduardo Gonzalez Lopez","Profesional","10°","Profesionales","Escala Municipal","2019-04-01 00:00:00.0","2019-05-31 00:00:00.0"
"Chillan","Contrata","Municipal","Contrata","Luz Elena Olate Sepulveda","Técnico","14°","Técnicos","Escala Municipal","2019-01-01 00:00:00.0","2019-01-31 00:00:00.0"
"Chillan","Contrata","Municipal","Contrata","Claudio Andres Pasten Parada","Técnico","14°","Técnicos","Escala Municipal","2019-01-01 00:00:00.0","2019-01-31 00:00:00.0"
"Chillan","Contrata","Municipal","Contrata","Angeline del Carmen Castro Espinoza","Profesional","8°","Profesionales","Escala Municipal","2019-01-01 00:00:00.0","2019-01-31 00:00:00.0"
"Chillan","Contrata","Municipal","Contrata","Ricardo Andres Velasquez Medina","Auxiliar","17°","Auxiliares","Escala Municipal","2019-01-01 00:00:00.0","2019-01-31 00:00:00.0"
"Chillan","Contrata","Municipal","Contrata","Cristian Harry Manosalva Mundaca","Técnico","17°","Técnicos","Escala Municipal","2019-01-01 00:00:00.0","2019-01-31 00:00:00.0"
"Chillan","Contrata","Municipal","Contrata","Patricio Eduardo Rojas Valenzuela","Profesional","9°","Profesionales","Escala Municipal","2019-01-01 00:00:00.0","2019-01-31 00:00:00.0"
"Chillan","Contrata","Municipal","Contrata","Soledad Alejandra Cuitiño Rodriguez","Técnico","14°","Técnicos","Escala Municipal","2019-01-01 00:00:00.0","2019-01-31 00:00:00.0"
"Chillan","Contrata","Municipal","Contrata","Henri Fernando Ojeda Diaz","Técnico","9°","Técnicos","Escala Municipal","2019-01-01 00:00:00.0","2019-01-31 00:00:00.0"
"Chillan","Contrata","Municipal","Contrata","Orlando Armando Ocares Gallardo","Técnico","17°","Técnicos","Escala Municipal","2019-01-01 00:00:00.0","2019-01-31 00:00:00.0"
"Chillan","Contrata","Municipal","Contrata","Marcela Alvarado  Mora","Técnico","17°","Técnicos","Escala Municipal","2019-01-01 00:00:00.0","2019-01-31 00:00:00.0"
"Chillan","Contrata","Municipal","Contrata","Fabian Eduardo Arriagada Muñoz","Técnico","17°","Técnicos","Escala Municipal","2019-05-01 00:00:00.0","2019-05-31 00:00:00.0"
"Chillan","Contrata","Municipal","Contrata","Rodrigo Ulises Castro Muñoz","Técnico","13°","Técnicos","Escala Municipal","2019-01-01 00:00:00.0","2019-01-31 00:00:00.0"
"Chillan","Contrata","Municipal","Contrata","Alex Mauricio Vargas Badilla","Administrativo","13°","Administrativos","Escala Municipal","2019-01-01 00:00:00.0","2019-01-31 00:00:00.0"
"Chillan","Contrata","Municipal","Contrata","Paola de Las Mercedes Vargas Ulloa","Técnico","14°","Técnicos","Escala Municipal","2019-01-01 00:00:00.0","2019-01-31 00:00:00.0"
"Chillan","Contrata","Municipal","Contrata","Cristian Antonio Daza Jara","Vigilante Privado","SIN INFORMACION","Contratados Sin Planta","Afectos Al Código del Trabajo","2019-10-21 00:00:00.0","2019-12-31 00:00:00.0"
"Chillan","Contrata","Municipal","Contrata","Rene Omar Inzunza Valdivia","Profesional","7°","Profesionales","Escala Municipal","2019-01-01 00:00:00.0","2019-01-31 00:00:00.0"
"Chillan","Contrata","Municipal","Contrata","Daniela del Pilar Maldonado Didier","Profesional","11°","Profesionales","Escala Municipal","2019-01-01 00:00:00.0","2019-01-31 00:00:00.0"
"Chillan","Contrata","Municipal","Contrata","Yamil Gustavo Mardonez Bastias","Administrativo","13°","Administrativos","Escala Municipal","2019-01-01 00:00:00.0","2019-01-31 00:00:00.0"
"Chillan","Contrata","Municipal","Contrata","Paula Jimena Cifuentes Contreras","Profesional","10°","Profesionales","Escala Municipal","2019-01-01 00:00:00.0","2019-01-31 00:00:00.0"
"Chillan","Contrata","Municipal","Contrata","Pamela Ines de La Fuente Sarabia","Técnico","14°","Técnicos","Escala Municipal","2019-11-01 00:00:00.0","2019-12-31 00:00:00.0"
"Chillan","Contrata","Municipal","Contrata","Ociel Felizmer Gutierrez Guajardo","Técnico","16°","Técnicos","Escala Municipal","2019-01-01 00:00:00.0","2019-01-31 00:00:00.0"
"Chillan","Contrata","Municipal","Contrata","Carolina Cecilia Valdebenito  Orellana","Profesional","12°","Profesionales","Escala Municipal","2019-01-01 00:00:00.0","2019-01-31 00:00:00.0"
"Chillan","Contrata","Municipal","Contrata","Tamara Edith Abedrapo Gavilan","Técnico","14°","Técnicos","Escala Municipal","2019-01-01 00:00:00.0","2019-01-31 00:00:00.0"
"Chillan","Contrata","Municipal","Contrata","Francisco Rene Mora de La Maza","Administrativo","14°","Administrativos","Escala Municipal","2019-01-01 00:00:00.0","2019-01-31 00:00:00.0"
"Chillan","Contrata","Municipal","Contrata","Carmen Luz Gatica Jimenez","Técnico","17°","Técnicos","Escala Municipal","2019-01-01 00:00:00.0","2019-01-31 00:00:00.0"
"Chillan","Contrata","Municipal","Contrata","Marcela Alejandra Monsalve Monsalve","Profesional","12°","Profesionales","Escala Municipal","2019-01-01 00:00:00.0","2019-01-31 00:00:00.0"
"Chillan","Contrata","Municipal","Contrata","Paola Jara Contreras","Administrativo","17°","Administrativos","Escala Municipal","2019-01-01 00:00:00.0","2019-01-31 00:00:00.0"
"Chillan","Contrata","Municipal","Contrata","Cristian Andres Gonzalez Gonzalez","Auxiliar","17°","Auxiliares","Escala Municipal","2019-01-01 00:00:00.0","2019-01-31 00:00:00.0"
"Chillan","Contrata","Municipal","Contrata","David Adolfo Bonhomme Arias","Técnico","16°","Técnicos","Escala Municipal","2019-01-01 00:00:00.0","2019-01-31 00:00:00.0"
"Chillan","Contrata","Municipal","Contrata","Eduardo Esteban Ponce Ponce","Vigilante Privado","SIN INFORMACION","Contratados Sin Planta","Afectos Al Código del Trabajo","2019-01-01 00:00:00.0","2019-07-31 00:00:00.0"
"Chillan","Contrata","Municipal","Contrata","Jessica Katerina Daza Salazar","Profesional","8°","Profesionales","Escala Municipal","2019-04-01 00:00:00.0","2019-05-31 00:00:00.0"
"Chillan","Contrata","Municipal","Contrata","Katherine Katty Bermudez Gatica","Administrativo","15°","Administrativos","Escala Municipal","2019-01-01 00:00:00.0","2019-01-31 00:00:00.0"
"Chillan","Contrata","Municipal","Contrata","Giannina Stephanie Martinez Contreras","Profesional","9°","Profesionales","Escala Municipal","2019-01-01 00:00:00.0","2019-01-31 00:00:00.0"
"Chillan","Contrata","Municipal","Contrata","Gonzalo de La Cruz Castillo Cadiz","Vigilante Privado","SIN INFORMACION","Contratados Sin Planta","Afectos Al Código del Trabajo","2019-01-01 00:00:00.0","2019-07-31 00:00:00.0"
"Chillan","Contrata","Municipal","Contrata","Barbara Andrea Zamorano Cifuentes","Técnico","13°","Técnicos","Escala Municipal","2019-01-01 00:00:00.0","2019-01-31 00:00:00.0"
"Chillan","Contrata","Municipal","Contrata","Beatriz del Carmen Zambrano Ceballos","Profesional","10°","Profesionales","Escala Municipal","2019-03-01 00:00:00.0","2019-03-31 00:00:00.0"
"Chillan","Contrata","Municipal","Contrata","Magaly Andrea Carrasco Espinoza","Técnico","15°","Técnicos","Escala Municipal","2019-03-01 00:00:00.0","2019-03-31 00:00:00.0"
"Chillan","Contrata","Municipal","Contrata","Gabriela Alejandra Villagran Agurto","Administrativo","15°","Administrativos","Escala Municipal","2019-01-01 00:00:00.0","2019-01-31 00:00:00.0"
"Chillan","Contrata","Municipal","Contrata","Macarena de La Paz Villalobos Saavedra","Técnico","14°","Técnicos","Escala Municipal","2019-01-01 00:00:00.0","2019-01-31 00:00:00.0"
"Chillan","Contrata","Municipal","Contrata","Diego Andres Lagos Lamas","Técnico","14°","Técnicos","Escala Municipal","2019-01-01 00:00:00.0","2019-01-31 00:00:00.0"
"Chillan","Contrata","Municipal","Contrata","Juan Pablo Poblete Villegas","Administrativo","16°","Administrativos","Escala Municipal","2019-01-01 00:00:00.0","2019-01-31 00:00:00.0"
"Chillan","Contrata","Municipal","Contrata","Narciso Aquiles Pino Rodriguez","Profesional","8°","Profesionales","Escala Municipal","2019-01-01 00:00:00.0","2019-01-31 00:00:00.0"
"Chillan","Contrata","Municipal","Contrata","Paulina Francisca Gonzalez Molina","Técnico","12°","Técnicos","Escala Municipal","2019-01-01 00:00:00.0","2019-01-31 00:00:00.0"
"Chillan","Contrata","Municipal","Contrata","Cristian Leonardo Pasten Parada","Técnico","17°","Técnicos","Escala Municipal","2019-04-01 00:00:00.0","2019-05-31 00:00:00.0"
"Chillan","Contrata","Municipal","Contrata","Miguel Angel Vergara Monsalve","Profesional","11°","Profesionales","Escala Municipal","2019-01-01 00:00:00.0","2019-01-31 00:00:00.0"
"Chillan","Contrata","Municipal","Contrata","Carlos Gonzalo Sepulveda  Cid","Auxiliar","17°","Auxiliares","Escala Municipal","2019-01-01 00:00:00.0","2019-01-31 00:00:00.0"
"Chillan","Contrata","Municipal","Contrata","Alexis Javier Eugenio Amestica  Arellano","Auxiliar","17°","Auxiliares","Escala Municipal","2019-01-01 00:00:00.0","2019-01-31 00:00:00.0"
"Chillan","Contrata","Municipal","Contrata","Jonathan Fonseca Vega","Técnico","14°","Técnicos","Escala Municipal","2019-01-01 00:00:00.0","2019-01-31 00:00:00.0"
"Chillan","Contrata","Municipal","Contrata","Yirlene Valeria del Carmen Mora Godoy","Profesional","11°","Profesionales","Escala Municipal","2019-01-01 00:00:00.0","2019-01-31 00:00:00.0"
"Chillan","Contrata","Municipal","Contrata","Jose Miguel Candia Gonzalez","Técnico","17°","Técnicos","Escala Municipal","2019-01-01 00:00:00.0","2019-01-31 00:00:00.0"
"Chillan","Contrata","Municipal","Contrata","Angelo Felipe Gallardo Urrutia","Administrativo","17°","Administrativos","Escala Municipal","2019-01-01 00:00:00.0","2019-01-31 00:00:00.0"
"Chillan","Contrata","Municipal","Contrata","Felipe Alejandro Osorio Arriagada","Vigilante Privado","SIN INFORMACION","Contratados Sin Planta","Afectos Al Código del Trabajo","2019-01-01 00:00:00.0","2019-07-31 00:00:00.0"
"Chillan","Contrata","Municipal","Contrata","Angelica Maria Nu¿ez Arias","Administrativo","16°","Administrativos","Escala Municipal","2019-01-01 00:00:00.0","2019-01-31 00:00:00.0"
"Chillan","Contrata","Municipal","Contrata","Evelyn Angelica Otarola Cruz","Profesional","10°","Profesionales","Escala Municipal","2019-01-01 00:00:00.0","2019-01-31 00:00:00.0"
"Chillan","Contrata","Municipal","Contrata","Rosa Herminia Gacitua Vallejos","Técnico","17°","Técnicos","Escala Municipal","2019-01-01 00:00:00.0","2019-01-31 00:00:00.0"
"Chillan","Contrata","Municipal","Contrata","Barbara Vasquez Guzman","Profesional","10°","Profesionales","Escala Municipal","2019-01-01 00:00:00.0","2019-01-31 00:00:00.0"
"Chillan","Contrata","Municipal","Contrata","Carola Solanch Millar Navarrete","Administrativo","17°","Administrativos","Escala Municipal","2019-01-01 00:00:00.0","2019-01-31 00:00:00.0"
"Chillan","Contrata","Municipal","Contrata","Daniela Ester Retamal  Gutierrez","Técnico","14°","Técnicos","Escala Municipal","2019-01-01 00:00:00.0","2019-01-31 00:00:00.0"
"Chillan","Contrata","Municipal","Contrata","Victor Benjamin Sanhueza Mardones","Administrativo","15°","Administrativos","Escala Municipal","2019-11-01 00:00:00.0","2019-12-31 00:00:00.0"
"Chillan","Contrata","Municipal","Contrata","Jos¿ Oscar Lagos Sandoval","Auxiliar","17°","Auxiliares","Escala Municipal","2019-01-01 00:00:00.0","2019-01-31 00:00:00.0"
"Chillan","Contrata","Municipal","Contrata","Francisco Neftali Mu¿oz  Vasquez","Técnico","14°","Técnicos","Escala Municipal","2019-11-01 00:00:00.0","2019-12-31 00:00:00.0"
"Chillan","Contrata","Municipal","Contrata","Felipe Alexis Irribarra Irribarra","Auxiliar","17°","Auxiliares","Escala Municipal","2019-01-01 00:00:00.0","2019-01-31 00:00:00.0"
"Chillan","Contrata","Municipal","Contrata","Patricio Enrique Palacios Venegas","Técnico","17°","Técnicos","Escala Municipal","2019-01-01 00:00:00.0","2019-01-31 00:00:00.0"
"Chillan","Contrata","Municipal","Contrata","Cristian Andres Arroyo Romero","Auxiliar","17°","Auxiliares","Escala Municipal","2019-01-01 00:00:00.0","2019-01-31 00:00:00.0"
"Chillan","Contrata","Municipal","Contrata","Melany Margarita Correa Jara","Administrativo","17°","Administrativos","Escala Municipal","2019-10-01 00:00:00.0","2019-10-31 00:00:00.0"
"Chillan","Contrata","Municipal","Contrata","Carlos Brayan  Jeger Sepulveda","Técnico","17°","Técnicos","Escala Municipal","2019-01-01 00:00:00.0","2019-01-31 00:00:00.0"
"Chillan","Contrata","Municipal","Contrata","Francisco Javier Ibarra Fuentes","Profesional","10°","Profesionales","Escala Municipal","2019-04-01 00:00:00.0","2019-05-31 00:00:00.0"
"Chillan","Contrata","Municipal","Contrata","Ruby Evelyn Herminda Muñoz Jara","Técnico","14°","Técnicos","Escala Municipal","2019-01-01 00:00:00.0","2019-01-31 00:00:00.0"
"Chillan","Contrata","Municipal","Contrata","Alberto Matias Valenzuela Valenzuela","Administrativo","17°","Administrativos","Escala Municipal","2019-01-01 00:00:00.0","2019-01-31 00:00:00.0"
"Chillan","Contrata","Municipal","Contrata","Fernando Esteban Mendoza Mardones","Administrativo","16°","Administrativos","Escala Municipal","2019-01-01 00:00:00.0","2019-01-31 00:00:00.0"
"Chillan","Contrata","Municipal","Contrata","Marisela del Carmen Esparza Aedo","Medico","SIN INFORMACION","Contratados Sin Planta","Afectos Al Código del Trabajo","2019-01-07 00:00:00.0","2019-01-30 00:00:00.0"
"Chillan","Contrata","Municipal","Contrata","Paulina Eliana Vejar Vasquez","Técnico","15°","Técnicos","Escala Municipal","2019-01-01 00:00:00.0","2019-01-31 00:00:00.0"
"Chillan","Contrata","Municipal","Contrata","Fabiola Solange Iba¿ez Ponce","Administrativo","17°","Administrativos","Escala Municipal","2019-01-01 00:00:00.0","2019-01-31 00:00:00.0"
"Chillan","Contrata","Municipal","Contrata","Evelyn  Gómez Barriga","Técnico","14°","Técnicos","Escala Municipal","2019-01-01 00:00:00.0","2019-01-31 00:00:00.0"
"Chillan","Contrata","Municipal","Contrata","Daniela Andrea Rubilar Aviles","Técnico","14°","Técnicos","Escala Municipal","2019-01-01 00:00:00.0","2019-01-31 00:00:00.0"
"Chillan","Contrata","Municipal","Contrata","Ignacio Esteban Aravena Cort¿s","Técnico","17°","Técnicos","Escala Municipal","2019-03-01 00:00:00.0","2019-03-31 00:00:00.0"
"Chillan","Contrata","Municipal","Contrata","Sergio Ignacio Jarpa Navarrete","Técnico","17°","Técnicos","Escala Municipal","2019-11-01 00:00:00.0","2019-12-31 00:00:00.0"
"Chillan","Contrata","Municipal","Contrata","Roberto Alejandro Bustamante  Guajardo","Técnico","17°","Técnicos","Escala Municipal","2019-01-01 00:00:00.0","2019-01-31 00:00:00.0"
"Chillan","Contrata","Municipal","Contrata","Maria Fernanda Abarzua Ibañez","Profesional","10°","Profesionales","Escala Municipal","2019-01-01 00:00:00.0","2019-01-31 00:00:00.0"
"Chillan","Contrata","Municipal","Contrata","Tamara Antonella Maurelia Soto","Técnico","17°","Técnicos","Escala Municipal","2019-01-01 00:00:00.0","2019-01-31 00:00:00.0"
"Chillan","Contrata","Municipal","Contrata","Carlos Enrique Goudet Avila","Administrativo","13°","Administrativos","Escala Municipal","2019-01-01 00:00:00.0","2019-01-31 00:00:00.0"
"Chillan","Contrata","Municipal","Contrata","Domingo Eduardo Diaz Retamal","Profesional","8°","Profesionales","Escala Municipal","2019-01-01 00:00:00.0","2019-01-31 00:00:00.0"
"Chillan","Contrata","Municipal","Contrata","Arturo Eduardo Antonio Sepulveda Concha","Administrativo","11°","Administrativos","Escala Municipal","2019-01-01 00:00:00.0","2019-01-31 00:00:00.0"
"Chillan","Contrata","Municipal","Contrata","Fernando Alfredo Gutierrez Gutierrez","Técnico","16°","Técnicos","Escala Municipal","2019-01-01 00:00:00.0","2019-01-31 00:00:00.0"
"Chillan","Contrata","Municipal","Contrata","Luis Rolando Fernandez Caro","Auxiliar","15°","Auxiliares","Escala Municipal","2019-01-01 00:00:00.0","2019-01-31 00:00:00.0"
"Chillan","Contrata","Municipal","Contrata","H¿ctor Segundo Leiva Saavedra","Técnico","17°","Técnicos","Escala Municipal","2019-02-11 00:00:00.0","2019-03-31 00:00:00.0"
"Chillan","Contrata","Municipal","Contrata","Luis Roberto Donoso Cofre","Técnico","17°","Técnicos","Escala Municipal","2019-01-01 00:00:00.0","2019-01-31 00:00:00.0"
"Chillan","Contrata","Municipal","Contrata","Santiago Nabor Merino Vidal","Administrativo","17°","Administrativos","Escala Municipal","2019-01-01 00:00:00.0","2019-01-31 00:00:00.0"
"Chillan","Contrata","Municipal","Contrata","Maria Soledad del Carmen Estay Contreras","Administrativo","17°","Administrativos","Escala Municipal","2019-01-01 00:00:00.0","2019-01-31 00:00:00.0"
"Chillan","Contrata","Municipal","Contrata","Juan Agustin Aguayo Valdes","Administrativo","17°","Administrativos","Escala Municipal","2019-01-01 00:00:00.0","2019-01-31 00:00:00.0"
"Chillan","Contrata","Municipal","Contrata","Bernarda de Lourdes Villega Hernandez","Auxiliar","17°","Auxiliares","Escala Municipal","2019-01-01 00:00:00.0","2019-01-31 00:00:00.0"
"Chillan","Contrata","Municipal","Contrata","Hector Orlando Sepulveda Arangua","Administrativo","12°","Administrativos","Escala Municipal","2019-01-01 00:00:00.0","2019-01-31 00:00:00.0"
"Chillan","Contrata","Municipal","Contrata","Rodrigo Alfredo Perez Belmar","Vigilante Privado","SIN INFORMACION","Contratados Sin Planta","Afectos Al Código del Trabajo","2019-08-12 00:00:00.0","2019-12-31 00:00:00.0"
"Chillan","Contrata","Municipal","Contrata","Miguel Antonio Godoy Varela","Vigilante Privado","SIN INFORMACION","Contratados Sin Planta","Afectos Al Código del Trabajo","2019-08-12 00:00:00.0","2019-12-31 00:00:00.0"
"Chillan","Contrata","Municipal","Contrata","Ana de Lourdes Jarpa Leiva","Administrativo","15°","Administrativos","Escala Municipal","2019-01-01 00:00:00.0","2019-01-31 00:00:00.0"
"Chillan","Contrata","Municipal","Contrata","Susana Maribel Parra Carrasco","Administrativo","13°","Administrativos","Escala Municipal","2019-01-01 00:00:00.0","2019-01-31 00:00:00.0"
"Chillan","Contrata","Municipal","Contrata","Paz Beatriz Ibañez Villavicencio","Administrativo","12°","Administrativos","Escala Municipal","2019-01-01 00:00:00.0","2019-01-31 00:00:00.0"
"Chillan","Contrata","Municipal","Contrata","Reinier Rodrigo Rodriguez Riveras","Administrativo","17°","Administrativos","Escala Municipal","2019-07-01 00:00:00.0","2019-07-31 00:00:00.0"
"Chillan","Contrata","Municipal","Contrata","Juan Israel Quiñones Manriquez","Administrativo","16°","Administrativos","Escala Municipal","2019-01-01 00:00:00.0","2019-01-31 00:00:00.0"
"Chillan","Contrata","Municipal","Contrata","Manuel Segundo Arias Arias","Auxiliar","17°","Auxiliares","Escala Municipal","2019-01-01 00:00:00.0","2019-01-31 00:00:00.0"
"Chillan","Contrata","Municipal","Contrata","Jorge Andres Marin Velasquez","Auxiliar","17°","Auxiliares","Escala Municipal","2019-01-01 00:00:00.0","2019-01-31 00:00:00.0"
"Chillan","Contrata","Municipal","Contrata","Jaime Antonio Sepulveda Hernandez","Administrativo","17°","Administrativos","Escala Municipal","2019-07-01 00:00:00.0","2019-07-31 00:00:00.0"
"Chillan","Contrata","Municipal","Contrata","Santiago Eliseo San Martin Valenzuela","Profesional","11°","Profesionales","Escala Municipal","2019-01-01 00:00:00.0","2019-01-31 00:00:00.0"
