"Comuna","Tipo de Contratación","Área","Calidad","Nombre","Cargo","Grado","Planta","Remuneración","Fecha desde","Fecha hasta"
"Chillan","Planta Titular","Municipal","Titular","Ana Piedad Figueroa Saez","Administrador Municipal","16°","Administrativos","Escala Municipal","2014-03-31 00:00:00.0","1900-01-01 00:00:00.0"
"Chillan","Planta Titular","Municipal","Titular","Graciano Idilio Sanhueza Orellana","Auxiliar","13°","Auxiliares","Escala Municipal","2017-01-01 00:00:00.0","1900-01-01 00:00:00.0"
"Chillan","Planta Titular","Municipal","Titular","Christian Alberto Vega Bustos","Auxiliar","17°","Auxiliares","Escala Municipal","2019-01-01 00:00:00.0","2019-01-31 00:00:00.0"
"Chillan","Planta Titular","Municipal","Titular","Raul Andres Carriel Muñoz","Jefe","SIN INFORMACION","Contratados Sin Planta","Afectos Al Código del Trabajo","2018-04-01 00:00:00.0","1900-01-01 00:00:00.0"
"Chillan","Planta Titular","Municipal","Titular","Hugo Gabriel Llanos Canales","Auxiliar","13°","Auxiliares","Escala Municipal","2017-01-01 00:00:00.0","1900-01-01 00:00:00.0"
"Chillan","Planta Titular","Municipal","Titular","Maria Mabel Medina Cares","Administrativo","13°","Administrativos","Escala Municipal","2017-01-01 00:00:00.0","1900-01-01 00:00:00.0"
"Chillan","Planta Titular","Municipal","Titular","Jose Wladimir Pastene Navarrete","Administrativo","11°","Administrativos","Escala Municipal","2016-01-01 00:00:00.0","1900-01-01 00:00:00.0"
"Chillan","Planta Titular","Municipal","Titular","Rodrigo Juvenal Provoste Soto","Técnico","15°","Técnicos","Escala Municipal","2016-01-01 00:00:00.0","1900-01-01 00:00:00.0"
"Chillan","Planta Titular","Municipal","Titular","Ramiro Andres Bonilla San Martin","Profesional","8°","Profesionales","Escala Municipal","2011-12-01 00:00:00.0","1900-01-01 00:00:00.0"
"Chillan","Planta Titular","Municipal","Titular","Sergio Enrique Fuentes Romero","Auxiliar","13°","Auxiliares","Escala Municipal","2017-01-01 00:00:00.0","1900-01-01 00:00:00.0"
"Chillan","Planta Titular","Municipal","Titular","Eliana Angelica Muñoz Betancourt","Técnico","13°","Técnicos","Escala Municipal","2017-01-01 00:00:00.0","1900-01-01 00:00:00.0"
"Chillan","Planta Titular","Municipal","Titular","Hector Ricardo Esparza Llanos","Auxiliar","14°","Auxiliares","Escala Municipal","2019-01-01 00:00:00.0","2019-01-31 00:00:00.0"
"Chillan","Planta Titular","Municipal","Titular","Segundo Manuel Molina Gatica","Auxiliar","14°","Auxiliares","Escala Municipal","2017-01-01 00:00:00.0","1900-01-01 00:00:00.0"
"Chillan","Planta Titular","Municipal","Titular","Francisco Andrés López Castillo","Secretario Comunal de Planificación Y Coordinación","4°","Directivos","Escala Municipal","2018-03-06 00:00:00.0","1900-01-01 00:00:00.0"
"Chillan","Planta Titular","Municipal","Titular","Juan Aurelio Castillo Rivas","Auxiliar","15°","Auxiliares","Escala Municipal","2017-01-01 00:00:00.0","1900-01-01 00:00:00.0"
"Chillan","Planta Titular","Municipal","Titular","Patricia Alejandra  Fuentes Paredes","Técnico","17°","Técnicos","Escala Municipal","2019-01-01 00:00:00.0","2019-01-31 00:00:00.0"
"Chillan","Planta Titular","Municipal","Titular","Oscar Alejandro Jara Serrano","Administrativo","14°","Administrativos","Escala Municipal","2013-08-01 00:00:00.0","1900-01-01 00:00:00.0"
"Chillan","Planta Titular","Municipal","Titular","Sonia del Carmen Montecino Aguilera","Profesional","9°","Profesionales","Escala Municipal","2019-07-01 00:00:00.0","1900-01-01 00:00:00.0"
"Chillan","Planta Titular","Municipal","Titular","Paz del Carmen Villegas Arenas","Administrativo","15°","Administrativos","Escala Municipal","2019-07-01 00:00:00.0","2019-07-31 00:00:00.0"
"Chillan","Planta Titular","Municipal","Titular","Nelson Escobar Ulloa","Auxiliar","17°","Auxiliares","Escala Municipal","2015-01-01 00:00:00.0","1900-01-01 00:00:00.0"
"Chillan","Planta Titular","Municipal","Titular","Maria Mercedes Zañartu Correa","Administrativo","14°","Administrativos","Escala Municipal","2019-05-20 00:00:00.0","1900-01-01 00:00:00.0"
"Chillan","Planta Titular","Municipal","Titular","Juan Mauricio  Navarrete Hernandez","Auxiliar","17°","Auxiliares","Escala Municipal","2019-07-08 00:00:00.0","2019-07-31 00:00:00.0"
"Chillan","Planta Titular","Municipal","Titular","Victoria del Pilar Mora Navarrete","Técnico","12°","Técnicos","Escala Municipal","2016-01-01 00:00:00.0","1900-01-01 00:00:00.0"
"Chillan","Planta Titular","Municipal","Titular","Maria Teresa Rubio Sandoval","Técnico","13°","Técnicos","Escala Municipal","2017-01-01 00:00:00.0","1900-01-01 00:00:00.0"
"Chillan","Planta Titular","Municipal","Titular","Gloria Ester Salinas Sandoval","Técnico","13°","Técnicos","Escala Municipal","2017-01-01 00:00:00.0","1900-01-01 00:00:00.0"
"Chillan","Planta Titular","Municipal","Titular","Nelson Gabriel Orellana Gazmuri","Profesional","12°","Profesionales","Escala Municipal","2014-11-01 00:00:00.0","1900-01-01 00:00:00.0"
"Chillan","Planta Titular","Municipal","Titular","Arturo Eduardo Vargas Badilla","Profesional","11°","Profesionales","Escala Municipal","2014-11-01 00:00:00.0","1900-01-01 00:00:00.0"
"Chillan","Planta Titular","Municipal","Titular","Jose Manuel Olivares Bello","Profesional","8°","Profesionales","Escala Municipal","2011-11-01 00:00:00.0","1900-01-01 00:00:00.0"
"Chillan","Planta Titular","Municipal","Titular","María Inés Acevedo Cifuentes","Técnico","15°","Técnicos","Escala Municipal","2010-05-28 00:00:00.0","1900-01-01 00:00:00.0"
"Chillan","Planta Titular","Municipal","Titular","Monica del Rosario de La Torre Torres","Administrativo","14°","Administrativos","Escala Municipal","2017-01-01 00:00:00.0","1900-01-01 00:00:00.0"
"Chillan","Planta Titular","Municipal","Titular","Roxana de Lourdes Munoz  Leiva","Asistente Parvularia","SIN INFORMACION","Contratados Sin Planta","Asistentes de La Educación Ley N°19.464","1996-03-04 00:00:00.0","1900-01-01 00:00:00.0"
"Chillan","Planta Titular","Municipal","Titular","Mauricio Octavio Jeldres Fuentes","Administrador Municipal","15°","Técnicos","Escala Municipal","2011-08-09 00:00:00.0","1900-01-01 00:00:00.0"
"Chillan","Planta Titular","Municipal","Titular","Patricia del Pilar Sepulveda Musalem","Técnico","16°","Técnicos","Escala Municipal","2010-05-28 00:00:00.0","1900-01-01 00:00:00.0"
"Chillan","Planta Titular","Municipal","Titular","Susana del Rosario Baeza Lagos","Director de Administración Y Finanzas","4°","Directivos","Escala Municipal","2015-01-01 00:00:00.0","1900-01-01 00:00:00.0"
"Chillan","Planta Titular","Municipal","Titular","Valeria Sofia Fuenzalida Llanos","Administrativo","14°","Administrativos","Escala Municipal","2017-01-01 00:00:00.0","1900-01-01 00:00:00.0"
"Chillan","Planta Titular","Municipal","Titular","Rodrigo Eduardo Guerrero Vasquez","Auxiliar","14°","Auxiliares","Escala Municipal","2017-01-01 00:00:00.0","1900-01-01 00:00:00.0"
"Chillan","Planta Titular","Municipal","Titular","Ricardo Andres Vallejos Palacios","Administrador Municipal","3º","Directivos","Escala Municipal","2015-06-01 00:00:00.0","1900-01-01 00:00:00.0"
"Chillan","Planta Titular","Municipal","Titular","Rosy Edith Molina San Martin","Jefatura","9°","Jefaturas","Escala Municipal","2015-03-31 00:00:00.0","1900-01-01 00:00:00.0"
"Chillan","Planta Titular","Municipal","Titular","Jose Luis Lagno Nuñez","Administrativo","15°","Administrativos","Escala Municipal","2017-01-01 00:00:00.0","1900-01-01 00:00:00.0"
"Chillan","Planta Titular","Municipal","Titular","Victor Eduardo Riquelme Romero","Técnico","14°","Técnicos","Escala Municipal","2017-01-01 00:00:00.0","1900-01-01 00:00:00.0"
"Chillan","Planta Titular","Municipal","Titular","Paola Andrea Higuera Fuentes","Profesional","8°","Profesionales","Escala Municipal","2012-01-29 00:00:00.0","1900-01-01 00:00:00.0"
"Chillan","Planta Titular","Municipal","Titular","Alejandra Paz Godoy Rivas","Profesional","8°","Profesionales","Escala Municipal","2011-11-01 00:00:00.0","1900-01-01 00:00:00.0"
"Chillan","Planta Titular","Municipal","Titular","Esteban Adolfo Ortega Zapata","Auxiliar","15°","Auxiliares","Escala Municipal","2019-01-01 00:00:00.0","2019-01-31 00:00:00.0"
"Chillan","Planta Titular","Municipal","Titular","Cesar Ulises Castillo Rivas","Auxiliar","14°","Auxiliares","Escala Municipal","2017-01-01 00:00:00.0","1900-01-01 00:00:00.0"
"Chillan","Planta Titular","Municipal","Titular","Pamela Beatriz Subiabre Faundez","Asistente Social","SIN INFORMACION","Contratados Sin Planta","Afectos Al Código del Trabajo","2010-03-01 00:00:00.0","1900-01-01 00:00:00.0"
"Chillan","Planta Titular","Municipal","Titular","Maria Catalina Brancoli Soto","Profesional","10°","Profesionales","Escala Municipal","2014-11-01 00:00:00.0","1900-01-01 00:00:00.0"
"Chillan","Planta Titular","Municipal","Titular","Viviana Carolina Erratchou Burgos","Profesional","10°","Profesionales","Escala Municipal","2014-11-01 00:00:00.0","1900-01-01 00:00:00.0"
"Chillan","Planta Titular","Municipal","Titular","Marcela Miriam Goudet Canales","Técnico","15°","Técnicos","Escala Municipal","2017-01-01 00:00:00.0","1900-01-01 00:00:00.0"
"Chillan","Planta Titular","Municipal","Titular","Carolina Elizabeth Vejar Lema","Director de Desarrollo Comunitario","4°","Directivos","Escala Municipal","2015-06-01 00:00:00.0","1900-01-01 00:00:00.0"
"Chillan","Planta Titular","Municipal","Titular","Marcos Eduardo Gonzalez Lopez","Jefatura","10°","Jefaturas","Escala Municipal","2019-01-01 00:00:00.0","2019-01-31 00:00:00.0"
"Chillan","Planta Titular","Municipal","Titular","Patricia Alejandra Cortez Peña","Profesional","9°","Profesionales","Escala Municipal","2015-01-25 00:00:00.0","1900-01-01 00:00:00.0"
"Chillan","Planta Titular","Municipal","Titular","Jorge Eduardo Briones Flores","Administrativo","16°","Administrativos","Escala Municipal","2016-01-01 00:00:00.0","1900-01-01 00:00:00.0"
"Chillan","Planta Titular","Municipal","Titular","Claudio Andres Pasten Parada","Técnico","17°","Técnicos","Escala Municipal","2015-01-01 00:00:00.0","1900-01-01 00:00:00.0"
"Chillan","Planta Titular","Municipal","Titular","Angeline del Carmen Castro Espinoza","Profesional","8°","Profesionales","Escala Municipal","2019-07-01 00:00:00.0","1900-01-01 00:00:00.0"
"Chillan","Planta Titular","Municipal","Titular","Macarena Alejandra Espinoza Sandoval","Profesional","10°","Profesionales","Escala Municipal","2014-11-01 00:00:00.0","1900-01-01 00:00:00.0"
"Chillan","Planta Titular","Municipal","Titular","Álvaro Edison Mardones Cabezas","Directivo","4°","Directivos","Escala Municipal","2015-02-04 00:00:00.0","1900-01-01 00:00:00.0"
"Chillan","Planta Titular","Municipal","Titular","Benito Octaviano Martinez Solis","Auxiliar","14°","Auxiliares","Escala Municipal","2017-01-01 00:00:00.0","1900-01-01 00:00:00.0"
"Chillan","Planta Titular","Municipal","Titular","Fabian Eduardo Arriagada Muñoz","Técnico","17°","Técnicos","Escala Municipal","2019-01-01 00:00:00.0","2019-01-31 00:00:00.0"
"Chillan","Planta Titular","Municipal","Titular","Jacqueline Marlene Sepulveda Parra","Técnico","13°","Técnicos","Escala Municipal","2017-01-01 00:00:00.0","1900-01-01 00:00:00.0"
"Chillan","Planta Titular","Municipal","Titular","Maria Andrea Becerra Altamirano","Técnico","14°","Técnicos","Escala Municipal","2017-01-01 00:00:00.0","1900-01-01 00:00:00.0"
"Chillan","Planta Titular","Municipal","Titular","Alex Mauricio Vargas Badilla","Profesional","11°","Profesionales","Escala Municipal","2019-07-01 00:00:00.0","1900-01-01 00:00:00.0"
"Chillan","Planta Titular","Municipal","Titular","Yamil Gustavo Mardonez Bastias","Administrativo","13°","Administrativos","Escala Municipal","2019-07-01 00:00:00.0","2019-07-31 00:00:00.0"
"Chillan","Planta Titular","Municipal","Titular","Monica Cecilia Lillo Sanhueza","Profesional","10°","Profesionales","Escala Municipal","2019-07-01 00:00:00.0","1900-01-01 00:00:00.0"
"Chillan","Planta Titular","Municipal","Titular","Jose Rodrigo Chamorro Ortiz","Profesional","6°","Profesionales","Escala Municipal","2012-01-09 00:00:00.0","1900-01-01 00:00:00.0"
"Chillan","Planta Titular","Municipal","Titular","Marcela Alejandra Monsalve Monsalve","Profesional","10°","Profesionales","Escala Municipal","2019-07-01 00:00:00.0","1900-01-01 00:00:00.0"
"Chillan","Planta Titular","Municipal","Titular","Eduardo Esteban Ponce Ponce","Vigilante Privado","SIN INFORMACION","Contratados Sin Planta","Afectos Al Código del Trabajo","2019-08-01 00:00:00.0","1900-01-01 00:00:00.0"
"Chillan","Planta Titular","Municipal","Titular","Cynthia Alejandra Vega Arroyo","Administrativo","13°","Administrativos","Escala Municipal","2016-01-01 00:00:00.0","1900-01-01 00:00:00.0"
"Chillan","Planta Titular","Municipal","Titular","Gonzalo de La Cruz Castillo Cadiz","Vigilante Privado","SIN INFORMACION","Contratados Sin Planta","Afectos Al Código del Trabajo","2019-08-01 00:00:00.0","1900-01-01 00:00:00.0"
"Chillan","Planta Titular","Municipal","Titular","Carolina Andrea Chavez Echeverria","Director de Desarrollo Comunitario","4°","Directivos","Escala Municipal","2016-05-16 00:00:00.0","1900-01-01 00:00:00.0"
"Chillan","Planta Titular","Municipal","Titular","David Eduardo Garrido Figueroa","Profesional","9°","Profesionales","Escala Municipal","2014-11-01 00:00:00.0","1900-01-01 00:00:00.0"
"Chillan","Planta Titular","Municipal","Titular","Beatriz del Carmen Zambrano Ceballos","Profesional","10°","Profesionales","Escala Municipal","2019-02-01 00:00:00.0","2019-02-28 00:00:00.0"
"Chillan","Planta Titular","Municipal","Titular","Magaly Andrea Carrasco Espinoza","Administrativo","15°","Administrativos","Escala Municipal","2019-01-01 00:00:00.0","2019-01-31 00:00:00.0"
"Chillan","Planta Titular","Municipal","Titular","Jesus  Carlos  Enrique Pizarro  Martinez","Medico Cirujano","SIN INFORMACION","Contratados Sin Planta","Afectos Al Código del Trabajo","2014-07-01 00:00:00.0","1900-01-01 00:00:00.0"
"Chillan","Planta Titular","Municipal","Titular","Carmen Luisa Palavecino  Quinones","Asistente de La Educación","SIN INFORMACION","Contratados Sin Planta","Asistentes de La Educación Ley N°19.464","2010-06-21 00:00:00.0","1900-01-01 00:00:00.0"
"Chillan","Planta Titular","Municipal","Titular","Debora Joy Farias Fritz","Directivo","4°","Directivos","Escala Municipal","2019-01-01 00:00:00.0","2019-01-31 00:00:00.0"
"Chillan","Planta Titular","Municipal","Titular","Narciso Aquiles Pino Rodriguez","Profesional","8°","Profesionales","Escala Municipal","2019-07-01 00:00:00.0","1900-01-01 00:00:00.0"
"Chillan","Planta Titular","Municipal","Titular","Felipe Alejandro Osorio Arriagada","Vigilante Privado","SIN INFORMACION","Contratados Sin Planta","Afectos Al Código del Trabajo","2019-08-01 00:00:00.0","1900-01-01 00:00:00.0"
"Chillan","Planta Titular","Municipal","Titular","Carolina Yanova Zuleta Torres","Asesor Juridico","5°","Directivos","Escala Municipal","2016-12-01 00:00:00.0","1900-01-01 00:00:00.0"
"Chillan","Planta Titular","Municipal","Titular","Wladimir Andres Cruces Duran","Medico","SIN INFORMACION","Contratados Sin Planta","Afectos Al Código del Trabajo","2019-11-04 00:00:00.0","1900-01-01 00:00:00.0"
"Chillan","Planta Titular","Municipal","Titular","Ignacio Esteban Aravena Cort¿s","Administrativo","17°","Administrativos","Escala Municipal","2019-01-01 00:00:00.0","2019-01-31 00:00:00.0"
"Chillan","Planta Titular","Municipal","Titular","Juan Eduardo Basualdo","Monitor","SIN INFORMACION","Contratados Sin Planta","Asistentes de La Educación Ley N°19.464","2014-04-01 00:00:00.0","1900-01-01 00:00:00.0"
"Chillan","Planta Titular","Municipal","Titular","Amalio Gustavo Sotomayor Valenzuela","Técnico","12°","Técnicos","Escala Municipal","2016-01-01 00:00:00.0","1900-01-01 00:00:00.0"
"Chillan","Planta Titular","Municipal","Titular","Gabriel Segundo Gonzalez Gallegos","Administrativo","11°","Administrativos","Escala Municipal","2016-01-01 00:00:00.0","1900-01-01 00:00:00.0"
"Chillan","Planta Titular","Municipal","Titular","Jose Rosario Alegria Gomez","Auxiliar","13°","Auxiliares","Escala Municipal","2017-01-01 00:00:00.0","1900-01-01 00:00:00.0"
"Chillan","Planta Titular","Municipal","Titular","Jose Gustavo Concha Poblete","Técnico","11°","Técnicos","Escala Municipal","2016-01-01 00:00:00.0","1900-01-01 00:00:00.0"
"Chillan","Planta Titular","Municipal","Titular","Edgardo Gary Fuentes Barriga","Auxiliar","13°","Auxiliares","Escala Municipal","2017-01-01 00:00:00.0","1900-01-01 00:00:00.0"
"Chillan","Planta Titular","Municipal","Titular","Sandra Virginia Mundaca Moreno","Administrativo","11°","Administrativos","Escala Municipal","2016-01-01 00:00:00.0","1900-01-01 00:00:00.0"
"Chillan","Planta Titular","Municipal","Titular","Juana Rosa Arias Saldias","Técnico","12°","Técnicos","Escala Municipal","2016-01-01 00:00:00.0","1900-01-01 00:00:00.0"
"Chillan","Planta Titular","Municipal","Titular","Armando Enrique Avendaño Vasquez","Administrativo","13°","Administrativos","Escala Municipal","2016-01-01 00:00:00.0","1900-01-01 00:00:00.0"
"Chillan","Planta Titular","Municipal","Titular","Fredy Andres Bastias Fuentes","Técnico","11°","Técnicos","Escala Municipal","2016-01-01 00:00:00.0","1900-01-01 00:00:00.0"
"Chillan","Planta Titular","Municipal","Titular","Maria Alicia Arriagada Figueroa","Profesional","9°","Profesionales","Escala Municipal","2011-11-01 00:00:00.0","1900-01-01 00:00:00.0"
"Chillan","Planta Titular","Municipal","Titular","Aurora Angelica Sepulveda Navarrete","Profesional","7°","Profesionales","Escala Municipal","2014-12-31 00:00:00.0","1900-01-01 00:00:00.0"
"Chillan","Planta Titular","Municipal","Titular","Leonel Antonio Quintana Zapata","Auxiliar","14°","Auxiliares","Escala Municipal","2017-01-01 00:00:00.0","1900-01-01 00:00:00.0"
"Chillan","Planta Titular","Municipal","Titular","Luis Alfredo Casanova Luna","Administrativo","15°","Administrativos","Escala Municipal","2017-01-01 00:00:00.0","1900-01-01 00:00:00.0"
"Chillan","Planta Titular","Municipal","Titular","Manuel Jesus Duran Salinas","Auxiliar","13°","Auxiliares","Escala Municipal","2017-01-01 00:00:00.0","1900-01-01 00:00:00.0"
"Chillan","Planta Titular","Municipal","Titular","Francisco Antonio Cea Gomez","Administrativo","13°","Administrativos","Escala Municipal","2017-01-01 00:00:00.0","1900-01-01 00:00:00.0"
"Chillan","Planta Titular","Municipal","Titular","Hernan Edgardo Guillermo Hardie Gutierrez","Auxiliar","13°","Auxiliares","Escala Municipal","2017-01-01 00:00:00.0","1900-01-01 00:00:00.0"
"Chillan","Planta Titular","Municipal","Titular","Marta Alicia Villablanca Olivares","Técnico","12°","Técnicos","Escala Municipal","2016-01-01 00:00:00.0","1900-01-01 00:00:00.0"
"Chillan","Planta Titular","Municipal","Titular","Rolando Alfredo Uribe Moncada","Auxiliar","14°","Auxiliares","Escala Municipal","2017-01-01 00:00:00.0","1900-01-01 00:00:00.0"
"Chillan","Planta Titular","Municipal","Titular","Jorge Eduardo Arregui Gonzalez","Administrativo","11°","Administrativos","Escala Municipal","2016-01-01 00:00:00.0","1900-01-01 00:00:00.0"
"Chillan","Planta Titular","Municipal","Titular","Orlando Enrique Galdames Retamal","Auxiliar","15°","Auxiliares","Escala Municipal","2017-01-01 00:00:00.0","1900-01-01 00:00:00.0"
"Chillan","Planta Titular","Municipal","Titular","Luis Alfredo Sepulveda Chavez","Auxiliar","15°","Auxiliares","Escala Municipal","2017-01-01 00:00:00.0","1900-01-01 00:00:00.0"
"Chillan","Planta Titular","Municipal","Titular","Jose Bladimir Sandoval Salazar","Técnico","10°","Técnicos","Escala Municipal","2016-01-01 00:00:00.0","1900-01-01 00:00:00.0"
"Chillan","Planta Titular","Municipal","Titular","Juan de La Cruz Salazar Morales","Auxiliar","13°","Auxiliares","Escala Municipal","2016-01-01 00:00:00.0","1900-01-01 00:00:00.0"
"Chillan","Planta Titular","Municipal","Titular","Dionila del Carmen Castro Gajardo","Administrativo","13°","Administrativos","Escala Municipal","2016-01-01 00:00:00.0","1900-01-01 00:00:00.0"
"Chillan","Planta Titular","Municipal","Titular","Jose Antonio Muñoz Bustamante","Auxiliar","14°","Auxiliares","Escala Municipal","2017-01-01 00:00:00.0","1900-01-01 00:00:00.0"
"Chillan","Planta Titular","Municipal","Titular","Maria Eugenia Novoa Figueroa","Administrativo","12°","Administrativos","Escala Municipal","2016-01-01 00:00:00.0","1900-01-01 00:00:00.0"
"Chillan","Planta Titular","Municipal","Titular","Rosa Magdalena Ramirez Candia","Técnico","10°","Técnicos","Escala Municipal","2016-01-01 00:00:00.0","1900-01-01 00:00:00.0"
"Chillan","Planta Titular","Municipal","Titular","Eduardo del Carmen Venegas Venegas","Técnico","16°","Técnicos","Escala Municipal","2017-01-01 00:00:00.0","1900-01-01 00:00:00.0"
"Chillan","Planta Titular","Municipal","Titular","Maria Ernestina Alarcon Cea","Técnico","10°","Técnicos","Escala Municipal","2014-03-31 00:00:00.0","1900-01-01 00:00:00.0"
"Chillan","Planta Titular","Municipal","Titular","Nicodemus Aristides Herrera Fuentealba","Técnico","12°","Técnicos","Escala Municipal","2016-01-01 00:00:00.0","1900-01-01 00:00:00.0"
"Chillan","Planta Titular","Municipal","Titular","Wilson Herminio Carrasco Lillo","Auxiliar","16°","Auxiliares","Escala Municipal","2017-01-01 00:00:00.0","1900-01-01 00:00:00.0"
"Chillan","Planta Titular","Municipal","Titular","Waldo Hermen Rios Iturra","Jefe","SIN INFORMACION","Contratados Sin Planta","Afectos Al Código del Trabajo","2014-11-01 00:00:00.0","1900-01-01 00:00:00.0"
"Chillan","Planta Titular","Municipal","Titular","Monica Patricia Arriagada Leal","Técnico","13°","Técnicos","Escala Municipal","2016-01-01 00:00:00.0","1900-01-01 00:00:00.0"
"Chillan","Planta Titular","Municipal","Titular","Gladys Atala Mora Valenzuela","Técnico","12°","Técnicos","Escala Municipal","2016-01-01 00:00:00.0","1900-01-01 00:00:00.0"
"Chillan","Planta Titular","Municipal","Titular","Mirta Lastenia Plaza Riquelme","Administrativo","11°","Administrativos","Escala Municipal","2016-01-01 00:00:00.0","1900-01-01 00:00:00.0"
"Chillan","Planta Titular","Municipal","Titular","Maria Gabriela Ulloa Romero","Técnico","12°","Técnicos","Escala Municipal","2016-01-01 00:00:00.0","1900-01-01 00:00:00.0"
"Chillan","Planta Titular","Municipal","Titular","Elena del Carmen Suazo Saez","Administrativo","13°","Administrativos","Escala Municipal","2017-01-01 00:00:00.0","1900-01-01 00:00:00.0"
"Chillan","Planta Titular","Municipal","Titular","Bernardo Antonio Parra Inostroza","Auxiliar","13°","Auxiliares","Escala Municipal","2018-08-01 00:00:00.0","1900-01-01 00:00:00.0"
"Chillan","Planta Titular","Municipal","Titular","Erika Veronica Orellana Diaz","Técnico","10°","Técnicos","Escala Municipal","2016-01-01 00:00:00.0","1900-01-01 00:00:00.0"
"Chillan","Planta Titular","Municipal","Titular","Juan Edgardo Mendez Medina","Auxiliar","14°","Auxiliares","Escala Municipal","2017-01-01 00:00:00.0","1900-01-01 00:00:00.0"
"Chillan","Planta Titular","Municipal","Titular","Oscar Hernan Novoa Figueroa","Técnico","13°","Técnicos","Escala Municipal","2016-01-01 00:00:00.0","1900-01-01 00:00:00.0"
"Chillan","Planta Titular","Municipal","Titular","Elba Nelida Muñoz Roman","Jefatura","8°","Jefaturas","Escala Municipal","2015-03-31 00:00:00.0","1900-01-01 00:00:00.0"
"Chillan","Planta Titular","Municipal","Titular","Luis Humberto Uribe Muñoz","Auxiliar","13°","Auxiliares","Escala Municipal","2017-01-01 00:00:00.0","1900-01-01 00:00:00.0"
"Chillan","Planta Titular","Municipal","Titular","Helia del Carmen Marchant Garrido","Técnico","13°","Técnicos","Escala Municipal","2016-01-01 00:00:00.0","1900-01-01 00:00:00.0"
"Chillan","Planta Titular","Municipal","Titular","Pilar Amaya Adelaida Perez de Peralta","Administrativo","11°","Administrativos","Escala Municipal","2016-01-01 00:00:00.0","1900-01-01 00:00:00.0"
"Chillan","Planta Titular","Municipal","Titular","Luis Alfredo Zuleta Diaz","Auxiliar","13°","Auxiliares","Escala Municipal","2016-01-01 00:00:00.0","1900-01-01 00:00:00.0"
"Chillan","Planta Titular","Municipal","Titular","Susana del Transito Mercado Rojas","Técnico","13°","Técnicos","Escala Municipal","2016-01-01 00:00:00.0","1900-01-01 00:00:00.0"
"Chillan","Planta Titular","Municipal","Titular","Marissa Cristina Macalusso Navarrete","Profesional","11°","Profesionales","Escala Municipal","2019-07-08 00:00:00.0","1900-01-01 00:00:00.0"
"Chillan","Planta Titular","Municipal","Titular","Ana Maria Sanchez Paredes","Administrativo","12°","Administrativos","Escala Municipal","2016-01-01 00:00:00.0","1900-01-01 00:00:00.0"
"Chillan","Planta Titular","Municipal","Titular","María Gloria Jarpa Sepúlveda","Secretario Comunal de Planificación Y Coordinación","4°","Directivos","Escala Municipal","2017-03-06 00:00:00.0","1900-01-01 00:00:00.0"
"Chillan","Planta Titular","Municipal","Titular","Hector German Quezada Blanco","Administrativo","13°","Administrativos","Escala Municipal","2019-05-20 00:00:00.0","1900-01-01 00:00:00.0"
"Chillan","Planta Titular","Municipal","Titular","Patricio Jorge Contreras Fuentes","Administrativo","13°","Administrativos","Escala Municipal","2017-01-01 00:00:00.0","1900-01-01 00:00:00.0"
"Chillan","Planta Titular","Municipal","Titular","Victor Alex Rubilar Troncoso","Administrativo","13°","Administrativos","Escala Municipal","2016-01-01 00:00:00.0","1900-01-01 00:00:00.0"
"Chillan","Planta Titular","Municipal","Titular","Herminda Evangelina Castro Alarcon","Técnico","12°","Técnicos","Escala Municipal","2016-01-01 00:00:00.0","1900-01-01 00:00:00.0"
"Chillan","Planta Titular","Municipal","Titular","Victor Hugo Contreras Canales","Auxiliar","14°","Auxiliares","Escala Municipal","2017-01-01 00:00:00.0","1900-01-01 00:00:00.0"
"Chillan","Planta Titular","Municipal","Titular","Claudio Enrique Flores Iturra","Auxiliar","15°","Auxiliares","Escala Municipal","2017-01-01 00:00:00.0","1900-01-01 00:00:00.0"
"Chillan","Planta Titular","Municipal","Titular","Luis Humberto Castillo Jara","Administrativo","13°","Administrativos","Escala Municipal","2017-01-01 00:00:00.0","1900-01-01 00:00:00.0"
"Chillan","Planta Titular","Municipal","Titular","Carlos Alejandro Alarcon Molina","Auxiliar","14°","Auxiliares","Escala Municipal","2017-01-01 00:00:00.0","1900-01-01 00:00:00.0"
"Chillan","Planta Titular","Municipal","Titular","Jaime Daniel Andrades Vasquez","Nochero","SIN INFORMACION","Contratados Sin Planta","Asistentes de La Educación Ley N°19.464","2010-05-11 00:00:00.0","1900-01-01 00:00:00.0"
"Chillan","Planta Titular","Municipal","Titular","Ruth Maria Espinoza Gatica","Administrativo","15°","Administrativos","Escala Municipal","2016-01-01 00:00:00.0","1900-01-01 00:00:00.0"
"Chillan","Planta Titular","Municipal","Titular","Melania Ruth Guajardo Meza","Administrativo","13°","Administrativos","Escala Municipal","2017-01-01 00:00:00.0","1900-01-01 00:00:00.0"
"Chillan","Planta Titular","Municipal","Titular","Miguel Angel Pantoja Cabrera","Técnico","12°","Técnicos","Escala Municipal","2016-01-01 00:00:00.0","1900-01-01 00:00:00.0"
"Chillan","Planta Titular","Municipal","Titular","Ana Maria Martinez Zambrano","Administrativo","12°","Administrativos","Escala Municipal","2016-01-01 00:00:00.0","1900-01-01 00:00:00.0"
"Chillan","Planta Titular","Municipal","Titular","Jorge Claudio Carmona  Diaz","Auxiliar de Servicios","SIN INFORMACION","Contratados Sin Planta","Asistentes de La Educación Ley N°19.464","1998-08-04 00:00:00.0","1900-01-01 00:00:00.0"
"Chillan","Planta Titular","Municipal","Titular","Carmen Agueda Olguin Pino","Administrativo","15°","Administrativos","Escala Municipal","2017-01-01 00:00:00.0","1900-01-01 00:00:00.0"
"Chillan","Planta Titular","Municipal","Titular","Humberto Antonio Garay Arriagada","Auxiliar","14°","Auxiliares","Escala Municipal","2017-01-01 00:00:00.0","1900-01-01 00:00:00.0"
"Chillan","Planta Titular","Municipal","Titular","Carmen Gloria Villablanca Pacheco","Administrativo","14°","Administrativos","Escala Municipal","2019-07-01 00:00:00.0","1900-01-01 00:00:00.0"
"Chillan","Planta Titular","Municipal","Titular","Bernarda de Las Mercedes Quiñones Manriquez","Administrativo","13°","Administrativos","Escala Municipal","2016-01-01 00:00:00.0","1900-01-01 00:00:00.0"
"Chillan","Planta Titular","Municipal","Titular","Nilsa Delia Fernandez Sepulveda","Técnico","10°","Técnicos","Escala Municipal","2016-01-01 00:00:00.0","1900-01-01 00:00:00.0"
"Chillan","Planta Titular","Municipal","Titular","Nelson Enrique Aqueveque Briones","Administrativo","15°","Administrativos","Escala Municipal","2017-01-01 00:00:00.0","1900-01-01 00:00:00.0"
"Chillan","Planta Titular","Municipal","Titular","Nelson Efrain Ceballos Almendra","Auxiliar","13°","Auxiliares","Escala Municipal","2016-01-01 00:00:00.0","1900-01-01 00:00:00.0"
"Chillan","Planta Titular","Municipal","Titular","Eliezer Enrique Barrera Aravena","Administrativo","14°","Administrativos","Escala Municipal","2017-01-01 00:00:00.0","1900-01-01 00:00:00.0"
"Chillan","Planta Titular","Municipal","Titular","Cecilia Ludgarda Rivera Hierro","Administrativo","12°","Administrativos","Escala Municipal","2016-01-01 00:00:00.0","1900-01-01 00:00:00.0"
"Chillan","Planta Titular","Municipal","Titular","Segundo Lupercio Salazar Sandoval","Auxiliar","14°","Auxiliares","Escala Municipal","2017-01-01 00:00:00.0","1900-01-01 00:00:00.0"
"Chillan","Planta Titular","Municipal","Titular","Jaime Antonio Riquelme","Auxiliar","13°","Auxiliares","Escala Municipal","2017-01-01 00:00:00.0","1900-01-01 00:00:00.0"
"Chillan","Planta Titular","Municipal","Titular","Edith Milagro Riquelme Castillo","Auxiliar","14°","Auxiliares","Escala Municipal","2017-01-01 00:00:00.0","1900-01-01 00:00:00.0"
"Chillan","Planta Titular","Municipal","Titular","Maria Magdalena Marchant Garrido","Administrativo","13°","Administrativos","Escala Municipal","2016-01-01 00:00:00.0","1900-01-01 00:00:00.0"
"Chillan","Planta Titular","Municipal","Titular","Magdalena Guacolda Gonzalez Oliva","Administrativo","12°","Administrativos","Escala Municipal","2016-01-01 00:00:00.0","1900-01-01 00:00:00.0"
"Chillan","Planta Titular","Municipal","Titular","Susana Maribel Parra Carrasco","Administrativo","13°","Administrativos","Escala Municipal","2019-07-01 00:00:00.0","2019-07-31 00:00:00.0"
"Chillan","Planta Titular","Municipal","Titular","Matilde del Carmen Fuentes Romero","Administrativo","11°","Administrativos","Escala Municipal","2016-01-01 00:00:00.0","1900-01-01 00:00:00.0"
"Chillan","Planta Titular","Municipal","Titular","Eric Augusto Ulloa Saez","Profesional","8°","Profesionales","Escala Municipal","2019-07-01 00:00:00.0","1900-01-01 00:00:00.0"
"Chillan","Planta Titular","Municipal","Titular","Judi de Las Mercedes Fuentes Castillo","Administrativo","15°","Administrativos","Escala Municipal","2017-01-01 00:00:00.0","1900-01-01 00:00:00.0"
"Chillan","Planta Titular","Municipal","Titular","Lidia Veronica Baeza Muñoz","Administrativo","11°","Administrativos","Escala Municipal","2016-01-01 00:00:00.0","1900-01-01 00:00:00.0"
"Chillan","Planta Titular","Municipal","Titular","Mario Arturo Olivares Yevenes","Administrativo","12°","Administrativos","Escala Municipal","2016-01-01 00:00:00.0","1900-01-01 00:00:00.0"
"Chillan","Planta Titular","Municipal","Titular","Juana Veronica Hernandez Parra","Técnico","12°","Técnicos","Escala Municipal","2016-01-01 00:00:00.0","1900-01-01 00:00:00.0"
"Chillan","Planta Titular","Municipal","Titular","Alonso del Transito Andrade Ortiz","Auxiliar","14°","Auxiliares","Escala Municipal","2017-01-01 00:00:00.0","1900-01-01 00:00:00.0"
"Chillan","Planta Titular","Municipal","Titular","Janet Irene Hernandez Chavez","Técnico","13°","Técnicos","Escala Municipal","2017-01-01 00:00:00.0","1900-01-01 00:00:00.0"
"Chillan","Planta Titular","Municipal","Titular","Jacobo Jose Cofre Sepulveda","Auxiliar","14°","Auxiliares","Escala Municipal","2017-01-01 00:00:00.0","1900-01-01 00:00:00.0"
"Chillan","Planta Titular","Municipal","Titular","Veronica Marcela Cid Coloma","Técnico","10°","Técnicos","Escala Municipal","2016-01-01 00:00:00.0","1900-01-01 00:00:00.0"
"Chillan","Planta Titular","Municipal","Titular","Luisa Jacqueline Perez Alvear","Administrativo","13°","Administrativos","Escala Municipal","2019-07-01 00:00:00.0","1900-01-01 00:00:00.0"
"Chillan","Planta Titular","Municipal","Titular","Norma de Las Mercedes Cisternas Medina","Técnico","13°","Técnicos","Escala Municipal","2017-01-01 00:00:00.0","1900-01-01 00:00:00.0"
"Chillan","Planta Titular","Municipal","Titular","Rodolfo Victor Gazmuri Sanchez","Auxiliar","14°","Auxiliares","Escala Municipal","2017-01-01 00:00:00.0","1900-01-01 00:00:00.0"
"Chillan","Planta Titular","Municipal","Titular","Leticia Lorena San Martin Urra","Administrativo","14°","Administrativos","Escala Municipal","2017-01-04 00:00:00.0","1900-01-01 00:00:00.0"
"Chillan","Planta Titular","Municipal","Titular","Nadia Marisol Utreras Utreras","Técnico","15°","Técnicos","Escala Municipal","2017-01-01 00:00:00.0","1900-01-01 00:00:00.0"
"Chillan","Planta Titular","Municipal","Titular","Ricardo Alfredo Sandoval Alarcon","Auxiliar","14°","Auxiliares","Escala Municipal","2017-01-01 00:00:00.0","1900-01-01 00:00:00.0"
"Chillan","Planta Titular","Municipal","Titular","Luciano Abelardo Sanhueza Orellana","Administrativo","14°","Administrativos","Escala Municipal","2017-01-01 00:00:00.0","1900-01-01 00:00:00.0"
"Chillan","Planta Titular","Municipal","Titular","Ricardo Esteban Castro Perez","Administrativo","13°","Administrativos","Escala Municipal","2017-01-01 00:00:00.0","1900-01-01 00:00:00.0"
"Chillan","Planta Titular","Municipal","Titular","Robinson Antonio Espinoza Ramos","Administrativo","13°","Administrativos","Escala Municipal","2017-01-04 00:00:00.0","1900-01-01 00:00:00.0"
"Chillan","Planta Titular","Municipal","Titular","Juan Bautista Mendez Martinez","Auxiliar","14°","Auxiliares","Escala Municipal","2017-01-01 00:00:00.0","1900-01-01 00:00:00.0"
"Chillan","Planta Titular","Municipal","Titular","Juan Manuel Lara Ortega","Auxiliar","13°","Auxiliares","Escala Municipal","2016-01-01 00:00:00.0","1900-01-01 00:00:00.0"
