"Comuna","Tipo de Contratación","Área","Calidad","Nombre","Cargo","Grado","Planta","Remuneración","Fecha desde","Fecha hasta"
"Chillan","Codigo del Trabajo","Sin Clasificación","Código del Trabajo","Eduardo Antonio  Pacheco Castro","Vigilante"," ","Personal No Pertenece A Planta","Afectos Al Código del Trabajo","1994-09-14 00:00:00.0","1900-01-01 00:00:00.0"
"Chillan","Codigo del Trabajo","Sin Clasificación","Código del Trabajo","Elena Luz Asteria Alvarez Vivanco","Auxiliar de Servicios"," ","Personal No Pertenece A Planta","Afectos Al Código del Trabajo","2010-09-01 00:00:00.0","1900-01-01 00:00:00.0"
"Chillan","Codigo del Trabajo","Sin Clasificación","Código del Trabajo","Lorena  Rubi Pacheco Ibañez","Administrativo"," ","Administrativos","Profesionales de La Educación Ley N°19.070","2014-10-09 00:00:00.0","1900-01-01 00:00:00.0"
"Chillan","Codigo del Trabajo","Sin Clasificación","Código del Trabajo","Jose Ivan  Burgos Rios","Vigilante"," ","Personal No Pertenece A Planta","Afectos Al Código del Trabajo","1992-02-01 00:00:00.0","1900-01-01 00:00:00.0"
"Chillan","Codigo del Trabajo","Sin Clasificación","Código del Trabajo","Ronald Fernando Rivas Lagos","Chófer"," ","Contratados Sin Planta","","2002-01-01 00:00:00.0","1900-01-01 00:00:00.0"
"Chillan","Codigo del Trabajo","Sin Clasificación","Código del Trabajo","Gabriel Nolberto Soto Toro","Vigilante"," ","Personal No Pertenece A Planta","Afectos Al Código del Trabajo","1993-09-07 00:00:00.0","1900-01-01 00:00:00.0"
"Chillan","Codigo del Trabajo","Sin Clasificación","Código del Trabajo","Victor Hugo Cerda  Morales","Vigilante"," ","Personal No Pertenece A Planta","Afectos Al Código del Trabajo","1993-02-11 00:00:00.0","1900-01-01 00:00:00.0"
"Chillan","Codigo del Trabajo","Sin Clasificación","Código del Trabajo","Marisol  del  Carmen  Sanchez Waltemath","Asistente Parvularia"," ","Personal No Pertenece A Planta","Afectos Al Código del Trabajo","2010-09-01 00:00:00.0","1900-01-01 00:00:00.0"
"Chillan","Codigo del Trabajo","Sin Clasificación","Código del Trabajo","Paola del Carmen  Manriquez Molina","Asistente Parvularia"," ","Personal No Pertenece A Planta","Afectos Al Código del Trabajo","2009-01-01 00:00:00.0","1900-01-01 00:00:00.0"
"Chillan","Codigo del Trabajo","Sin Clasificación","Código del Trabajo","Gladys Gabriela Escobar Vejar","Asistente de La Educación"," ","Contratados Sin Planta","Afectos Al Código del Trabajo","2014-03-01 00:00:00.0","1900-01-01 00:00:00.0"
"Chillan","Codigo del Trabajo","Sin Clasificación","Código del Trabajo","Maria Isabel Pastene Labrin","Asistente Parvularia"," ","Personal No Pertenece A Planta","Afectos Al Código del Trabajo","2010-09-01 00:00:00.0","1900-01-01 00:00:00.0"
"Chillan","Codigo del Trabajo","Sin Clasificación","Código del Trabajo","Yasmin Rosa Elgueta Obregon","Educadora Párvulos"," ","Personal No Pertenece A Planta","Afectos Al Código del Trabajo","2013-02-01 00:00:00.0","1900-01-01 00:00:00.0"
"Chillan","Codigo del Trabajo","Sin Clasificación","Código del Trabajo","Nuvia Pamela Molina Suarez","Asistente Parvularia"," ","Personal No Pertenece A Planta","Afectos Al Código del Trabajo","2010-09-01 00:00:00.0","1900-01-01 00:00:00.0"
"Chillan","Codigo del Trabajo","Sin Clasificación","Código del Trabajo","Carolina  Odette  Quilodran Navarrete","Asistente Parvularia"," ","Personal No Pertenece A Planta","Afectos Al Código del Trabajo","2010-09-01 00:00:00.0","1900-01-01 00:00:00.0"
"Chillan","Codigo del Trabajo","Sin Clasificación","Código del Trabajo","Elizabeth del Carmen  San Martin Martinez","Asistente Parvularia"," ","Personal No Pertenece A Planta","Afectos Al Código del Trabajo","2010-09-01 00:00:00.0","1900-01-01 00:00:00.0"
"Chillan","Codigo del Trabajo","Sin Clasificación","Código del Trabajo","Jessica Tamara Calderon Contreras","Educadora Párvulos"," ","Personal No Pertenece A Planta","Afectos Al Código del Trabajo","2010-09-01 00:00:00.0","1900-01-01 00:00:00.0"
"Chillan","Codigo del Trabajo","Sin Clasificación","Código del Trabajo","Ana Maria Arevalo Neira","Asistente de La Educación"," ","Personal No Pertenece A Planta","Afectos Al Código del Trabajo","2010-09-01 00:00:00.0","1900-01-01 00:00:00.0"
"Chillan","Codigo del Trabajo","Sin Clasificación","Código del Trabajo","Claudia Ivonne Salgado Roman","Asistente de La Educación"," ","Contratados Sin Planta","Afectos Al Código del Trabajo","2013-07-01 00:00:00.0","1900-01-01 00:00:00.0"
"Chillan","Codigo del Trabajo","Sin Clasificación","Código del Trabajo","Carolina del Pilar Muñoz Sepulveda","Asistente Parvularia"," ","Personal No Pertenece A Planta","Afectos Al Código del Trabajo","2010-09-01 00:00:00.0","1900-01-01 00:00:00.0"
"Chillan","Codigo del Trabajo","Sin Clasificación","Código del Trabajo","Deysi Noemi Aguilera Medina","Asistente Parvularia"," ","Personal No Pertenece A Planta","Afectos Al Código del Trabajo","2010-09-01 00:00:00.0","1900-01-01 00:00:00.0"
"Chillan","Codigo del Trabajo","Sin Clasificación","Código del Trabajo","Jonathan Mauricio Andres Rubio Pacheco","Profesional"," ","Personal No Pertenece A Planta","Afectos Al Código del Trabajo","2014-03-01 00:00:00.0","1900-01-01 00:00:00.0"
"Chillan","Codigo del Trabajo","Sin Clasificación","Código del Trabajo","Denisse Carolina Ponce Alarcón","Medico"," ","Contratados Sin Planta","Afectos Al Código del Trabajo","2010-12-01 00:00:00.0","1900-01-01 00:00:00.0"
"Chillan","Codigo del Trabajo","Sin Clasificación","Código del Trabajo","Viviana Alejandra Figueroa Mella","Paradocente"," ","Personal No Pertenece A Planta","Afectos Al Código del Trabajo","2013-04-01 00:00:00.0","1900-01-01 00:00:00.0"
"Chillan","Codigo del Trabajo","Sin Clasificación","Código del Trabajo","Rosa Julieth Avila  Llanos","Asistente Social"," ","Personal No Pertenece A Planta","Afectos Al Código del Trabajo","2014-03-01 00:00:00.0","1900-01-01 00:00:00.0"
"Chillan","Codigo del Trabajo","Sin Clasificación","Código del Trabajo","Karen Georgina Merino Carcamo","Asistente de La Educación"," ","Contratados Sin Planta","Afectos Al Código del Trabajo","2014-03-01 00:00:00.0","1900-01-01 00:00:00.0"
"Chillan","Codigo del Trabajo","Sin Clasificación","Código del Trabajo","Gonzalo Antonio Sepulveda Arriagada","Asistente de La Educación"," ","Administrativa A","Afectos Al Código del Trabajo","2014-03-01 00:00:00.0","1900-01-01 00:00:00.0"
"Chillan","Codigo del Trabajo","Sin Clasificación","Código del Trabajo","Alexandra Retamal Gacitua","Técnico"," ","Personal No Pertenece A Planta","Afectos Al Código del Trabajo","2012-03-01 00:00:00.0","1900-01-01 00:00:00.0"
"Chillan","Codigo del Trabajo","Sin Clasificación","Código del Trabajo","Carolina Nataly Molina Gonzalez","Asistente Parvularia"," ","Personal No Pertenece A Planta","Afectos Al Código del Trabajo","2010-09-01 00:00:00.0","1900-01-01 00:00:00.0"
"Chillan","Codigo del Trabajo","Sin Clasificación","Código del Trabajo","Patricia Alejandra Quintana Quintana","Administrativo"," ","Contratados Sin Planta","","2003-04-01 00:00:00.0","1900-01-01 00:00:00.0"
"Chillan","Codigo del Trabajo","Sin Clasificación","Código del Trabajo","Francisco Miguel Diaz Candia","Asistente Social"," ","Personal No Pertenece A Planta","Afectos Al Código del Trabajo","2014-03-01 00:00:00.0","1900-01-01 00:00:00.0"
"Chillan","Codigo del Trabajo","Sin Clasificación","Código del Trabajo","Lilyan  Muñoz Soto","Encargado"," ","Personal No Pertenece A Planta","Afectos Al Código del Trabajo","1982-01-01 00:00:00.0","1900-01-01 00:00:00.0"
"Chillan","Codigo del Trabajo","Sin Clasificación","Código del Trabajo","Carlos Alberto  Loyola Catrilao","Vigilante"," ","Personal No Pertenece A Planta","Afectos Al Código del Trabajo","1994-09-01 00:00:00.0","1900-01-01 00:00:00.0"
"Chillan","Codigo del Trabajo","Sin Clasificación","Código del Trabajo","Gabriel Enrique Espinoza Bustos","Jefe"," ","Personal No Pertenece A Planta","Afectos Al Código del Trabajo","1981-03-09 00:00:00.0","1900-01-01 00:00:00.0"
"Chillan","Codigo del Trabajo","Sin Clasificación","Código del Trabajo","Jorge Blas Peña Herrera","Administrativo"," ","Personal No Pertenece A Planta","Afectos Al Código del Trabajo","1982-11-02 00:00:00.0","1900-01-01 00:00:00.0"
"Chillan","Codigo del Trabajo","Sin Clasificación","Código del Trabajo","Damare Adriana  Fernandez Rojas","Auxiliar de Servicios Menores"," ","Personal No Pertenece A Planta","Afectos Al Código del Trabajo","2011-12-01 00:00:00.0","1900-01-01 00:00:00.0"
"Chillan","Codigo del Trabajo","Sin Clasificación","Código del Trabajo","Jose Hortelio Fuentes Romero","Sin Cargo"," ","Contratados Sin Planta","Afectos Al Código del Trabajo","2009-11-05 00:00:00.0","1900-01-01 00:00:00.0"
"Chillan","Codigo del Trabajo","Sin Clasificación","Código del Trabajo","Maximo Abel Oyarce Espinoza","Vigilante"," ","Personal No Pertenece A Planta","Afectos Al Código del Trabajo","1993-09-07 00:00:00.0","1900-01-01 00:00:00.0"
"Chillan","Codigo del Trabajo","Sin Clasificación","Código del Trabajo","Elena del Carmen Bustamate Leon","Asistente de La Educación"," ","Personal No Pertenece A Planta","Afectos Al Código del Trabajo","2014-03-01 00:00:00.0","1900-01-01 00:00:00.0"
"Chillan","Codigo del Trabajo","Sin Clasificación","Código del Trabajo","Jorge Alejandro Kruger Lopez","Vigilante"," ","Personal No Pertenece A Planta","Afectos Al Código del Trabajo","1993-09-07 00:00:00.0","1900-01-01 00:00:00.0"
"Chillan","Codigo del Trabajo","Sin Clasificación","Código del Trabajo","Elena Ines Diaz Silva","Técnico"," ","Personal No Pertenece A Planta","Afectos Al Código del Trabajo","2010-08-01 00:00:00.0","1900-01-01 00:00:00.0"
"Chillan","Codigo del Trabajo","Sin Clasificación","Código del Trabajo","Gloria Isabel Garrido Zuñiga","Auxiliar de Servicios"," ","Personal No Pertenece A Planta","Afectos Al Código del Trabajo","2011-05-01 00:00:00.0","1900-01-01 00:00:00.0"
"Chillan","Codigo del Trabajo","Sin Clasificación","Código del Trabajo","Fernando Enrique Villegas Bustamante","Encargado"," ","Personal No Pertenece A Planta","Afectos Al Código del Trabajo","1981-05-20 00:00:00.0","1900-01-01 00:00:00.0"
"Chillan","Codigo del Trabajo","Sin Clasificación","Código del Trabajo","Victor Eduardo Navarrete Bustos","Vigilante"," ","Personal No Pertenece A Planta","Afectos Al Código del Trabajo","1994-09-14 00:00:00.0","1900-01-01 00:00:00.0"
"Chillan","Codigo del Trabajo","Sin Clasificación","Código del Trabajo","Oscar Daniel Llanca Fuentealba","Vigilante"," ","Personal No Pertenece A Planta","Afectos Al Código del Trabajo","1992-02-01 00:00:00.0","1900-01-01 00:00:00.0"
"Chillan","Codigo del Trabajo","Sin Clasificación","Código del Trabajo","Patricia Eugenia Deuma Montecinos","Auxiliar de Servicios Menores"," ","Personal No Pertenece A Planta","Afectos Al Código del Trabajo","2010-12-08 00:00:00.0","1900-01-01 00:00:00.0"
