"Comuna","Tipo de Contratación","Área","Calidad","Nombre","Cargo","Grado","Planta","Remuneración","Fecha desde","Fecha hasta"
"San Fabian","Planta Titular","Educación","Titular","Patricia Valeska Rodriguez Rivas","Docente","SIN INFORMACION","Docente","Profesionales de La Educación Ley N°19.070","2015-03-01 00:00:00.0","1900-01-01 00:00:00.0"
"San Fabian","Planta Titular","Educación","Titular","Maria Veronica Parada Fuentes","Docente","SIN INFORMACION","Docente","Profesionales de La Educación Ley N°19.070","2015-03-01 00:00:00.0","1900-01-01 00:00:00.0"
"San Fabian","Planta Titular","Educación","Titular","Andres Cristian Jorquera Bascuñan","Docente","SIN INFORMACION","Docente","Profesionales de La Educación Ley N°19.070","2019-05-01 00:00:00.0","1900-01-01 00:00:00.0"
"San Fabian","Planta Titular","Educación","Titular","Cristian Rodrigo Olate Faundez","Docente","SIN INFORMACION","Docente Directivo","Profesionales de La Educación Ley N°19.070","2015-01-02 00:00:00.0","2020-01-02 00:00:00.0"
"San Fabian","Planta Titular","Educación","Titular","Rodrigo Antonio Gonzalez Mondaca","Docente","SIN INFORMACION","Docente","Profesionales de La Educación Ley N°19.070","2019-05-01 00:00:00.0","1900-01-01 00:00:00.0"
"San Fabian","Planta Titular","Educación","Titular","Eliana Alejandra Aravena Crisostomo","Docente","SIN INFORMACION","Docente","Profesionales de La Educación Ley N°19.070","2019-05-01 00:00:00.0","1900-01-01 00:00:00.0"
"San Fabian","Planta Titular","Educación","Titular","Alejandra Soledad Araneda Ortiz","Docente","SIN INFORMACION","Docente","Profesionales de La Educación Ley N°19.070","2019-05-01 00:00:00.0","1900-01-01 00:00:00.0"
"San Fabian","Planta Titular","Educación","Titular","Juan Eduardo Vallejos Sanchez","Docente"," ","Docente","Escala Atención Primaria de Salud Municipal","2013-03-01 00:00:00.0","1900-01-01 00:00:00.0"
"San Fabian","Planta Titular","Educación","Titular","Patrica Ximena Navarrete Contreras","Asistentes de La Educación Ley N° 19.464","SIN INFORMACION","Contratados Sin Planta","Asistentes de La Educación Ley N°19.464","2016-03-01 00:00:00.0","1900-01-01 00:00:00.0"
"San Fabian","Planta Titular","Educación","Titular","Angelica Maria Fuentes Gonzalez","Docente","SIN INFORMACION","Docente","Profesionales de La Educación Ley N°19.070","2015-03-01 00:00:00.0","1900-01-01 00:00:00.0"
"San Fabian","Planta Titular","Educación","Titular","Patricia Ines Moreno Muñoz","Docente","SIN INFORMACION","Docente","Profesionales de La Educación Ley N°19.070","2019-05-01 00:00:00.0","1900-01-01 00:00:00.0"
"San Fabian","Planta Titular","Educación","Titular","Paola Solange San Martin Lagos","Docente","SIN INFORMACION","Docente","Profesionales de La Educación Ley N°19.070","2015-03-01 00:00:00.0","1900-01-01 00:00:00.0"
"San Fabian","Planta Titular","Educación","Titular","Claudia Ivonne Bastias Gonzalez","Docente","SIN INFORMACION","Docente","Profesionales de La Educación Ley N°19.070","2019-05-01 00:00:00.0","1900-01-01 00:00:00.0"
"San Fabian","Planta Titular","Educación","Titular","Maria Elena Osorio Contreras","Docente","SIN INFORMACION","Docente","Profesionales de La Educación Ley N°19.070","2015-03-01 00:00:00.0","1900-01-01 00:00:00.0"
"San Fabian","Planta Titular","Educación","Titular","Karem Macarena Aguayo Pinilla","Docente","SIN INFORMACION","Docente","Profesionales de La Educación Ley N°19.070","2015-03-01 00:00:00.0","1900-01-01 00:00:00.0"
"San Fabian","Planta Titular","Educación","Titular","Yesica de Lourdes Lara Lara","Asistente de La Educación","SIN INFORMACION","Contratados Sin Planta","Asistentes de La Educación Ley N°19.464","2017-03-01 00:00:00.0","1900-01-01 00:00:00.0"
"San Fabian","Planta Titular","Educación","Titular","Yolanda Ines Rodriguez Gonzalez","Docente","SIN INFORMACION","Docente","Profesionales de La Educación Ley N°19.070","2015-03-01 00:00:00.0","1900-01-01 00:00:00.0"
"San Fabian","Planta Titular","Educación","Titular","Hector Samuel Vergara Parra","Docente","SIN INFORMACION","Docente","Profesionales de La Educación Ley N°19.070","2015-03-01 00:00:00.0","1900-01-01 00:00:00.0"
"San Fabian","Planta Titular","Educación","Titular","Claudia Elizabeth Sepulveda Venegas","Docente","SIN INFORMACION","Docente","Profesionales de La Educación Ley N°19.070","2015-03-01 00:00:00.0","1900-01-01 00:00:00.0"
"San Fabian","Planta Titular","Educación","Titular","Carla Paz Bravo Fuentes","Docente","SIN INFORMACION","Docente","Profesionales de La Educación Ley N°19.070","2015-03-01 00:00:00.0","1900-01-01 00:00:00.0"
"San Fabian","Planta Titular","Educación","Titular","Carol Johana Marin  Sepulveda","Docente","SIN INFORMACION","Docente","Profesionales de La Educación Ley N°19.070","2019-05-01 00:00:00.0","1900-01-01 00:00:00.0"
"San Fabian","Planta Titular","Educación","Titular","Elsa Ines Bocaz Burgos","Docente","SIN INFORMACION","Docente","Profesionales de La Educación Ley N°19.070","2019-05-01 00:00:00.0","1900-01-01 00:00:00.0"
"San Fabian","Planta Titular","Educación","Titular","Gloria Vanesa Valenzuela Vasquez","Docente","SIN INFORMACION","Docente","Profesionales de La Educación Ley N°19.070","2019-05-01 00:00:00.0","1900-01-01 00:00:00.0"
"San Fabian","Planta Titular","Educación","Titular","Cristna  Valeska  Briones  Sepulveda","Docente","SIN INFORMACION","Docente","Profesionales de La Educación Ley N°19.070","2015-03-01 00:00:00.0","1900-01-01 00:00:00.0"
"San Fabian","Planta Titular","Educación","Titular","Robinson Andrés Marín Estrada","Docente","SIN INFORMACION","Docente","Profesionales de La Educación Ley N°19.070","2019-05-01 00:00:00.0","1900-01-01 00:00:00.0"
"San Fabian","Planta Titular","Educación","Titular","Valesca Elena Flores Gonzalez","Docente","SIN INFORMACION","Docente","Profesionales de La Educación Ley N°19.070","2015-03-02 00:00:00.0","1900-01-01 00:00:00.0"
"San Fabian","Planta Titular","Educación","Titular","Rodrigo Andres Salinas Venegas","Docente","SIN INFORMACION","Docente","Profesionales de La Educación Ley N°19.070","2015-03-01 00:00:00.0","1900-01-01 00:00:00.0"
"San Fabian","Planta Titular","Educación","Titular","Marcela  Figueroa Almuna","Docente","SIN INFORMACION","Docente","Profesionales de La Educación Ley N°19.070","2019-05-01 00:00:00.0","1900-01-01 00:00:00.0"
"San Fabian","Planta Titular","Educación","Titular","Brahim Jonathan Sabag  Jara","Secreto Administrativo","SIN INFORMACION","Contratados Sin Planta","Afectos Al Código del Trabajo","2019-01-02 00:00:00.0","1900-01-01 00:00:00.0"
"San Fabian","Planta Titular","Educación","Titular","Gabriel German Palma Flores","Docente","SIN INFORMACION","Docente","Profesionales de La Educación Ley N°19.070","2015-05-01 00:00:00.0","1900-01-01 00:00:00.0"
"San Fabian","Planta Titular","Educación","Titular","Felipe Andres Lagos Sobarzo","Docente","SIN INFORMACION","Docente","Profesionales de La Educación Ley N°19.070","2019-05-01 00:00:00.0","1900-01-01 00:00:00.0"
"San Fabian","Planta Titular","Educación","Titular","Teresa de Jesus Oliva Vasquez","Docente","SIN INFORMACION","Docente","Profesionales de La Educación Ley N°19.070","2019-05-01 00:00:00.0","1900-01-01 00:00:00.0"
"San Fabian","Planta Titular","Educación","Titular","Daniela Stephanie Vallejos Sepulveda","Docente","SIN INFORMACION","Docente","Profesionales de La Educación Ley N°19.070","2019-05-01 00:00:00.0","1900-01-01 00:00:00.0"
"San Fabian","Planta Titular","Educación","Titular","Paula Alejandra Flores Arias","Docente","SIN INFORMACION","Docente","Profesionales de La Educación Ley N°19.070","2019-05-01 00:00:00.0","1900-01-01 00:00:00.0"
"San Fabian","Planta Titular","Educación","Titular","Valentina Alejandra Perez Umaña","Docente","SIN INFORMACION","Docente","Profesionales de La Educación Ley N°19.070","2019-05-01 00:00:00.0","1900-01-01 00:00:00.0"
"San Fabian","Planta Titular","Educación","Titular","Cristian Eduardo Navarrete Fuentes","Docente","SIN INFORMACION","Docente","Profesionales de La Educación Ley N°19.070","2019-05-01 00:00:00.0","1900-01-01 00:00:00.0"
"San Fabian","Planta Titular","Educación","Titular","Camila de Los Angeles Troncoso Lopez","Docente","SIN INFORMACION","Docente","Profesionales de La Educación Ley N°19.070","2019-05-01 00:00:00.0","1900-01-01 00:00:00.0"
"San Fabian","Planta Titular","Educación","Titular","Denisse Aurora Bahamondes Gamonal","Docente","SIN INFORMACION","Docente","Profesionales de La Educación Ley N°19.070","2019-05-01 00:00:00.0","1900-01-01 00:00:00.0"
"San Fabian","Planta Titular","Educación","Titular","Sofia Geovanina Diaz Lizana","Asistente Parvularia","SIN INFORMACION","Contratados Sin Planta","Afectos Al Código del Trabajo","2019-01-01 00:00:00.0","1900-01-01 00:00:00.0"
"San Fabian","Planta Titular","Educación","Titular","Antenor Antonio Diaz Bracamonte","Docente"," ","Docente","Escala Profesionales de La Educación Llay 19.070)","2013-03-01 00:00:00.0","1900-01-01 00:00:00.0"
"San Fabian","Planta Titular","Educación","Titular","Cesar Omer Uribe Moroni","Director","SIN INFORMACION","Docente Directivo","Profesionales de La Educación Ley N°19.070","2015-03-19 00:00:00.0","2020-03-19 00:00:00.0"
"San Fabian","Planta Titular","Educación","Titular","Rosa Angelina Saavedra Saavedra","Docente","SIN INFORMACION","Docente","Profesionales de La Educación Ley N°19.070","2015-03-01 00:00:00.0","1900-01-01 00:00:00.0"
"San Fabian","Planta Titular","Educación","Titular","Fresia Oriana del Rosario Castro Nuñez","Docente"," ","Contratados Sin Planta","Escala Profesionales de La Educación Llay 19.070)","2013-03-01 00:00:00.0","1900-01-01 00:00:00.0"
"San Fabian","Planta Titular","Educación","Titular","Juan Manuel Gaete Lillo","Docente","SIN INFORMACION","Docente Directivo","Profesionales de La Educación Ley N°19.070","2014-11-20 00:00:00.0","2021-02-28 00:00:00.0"
"San Fabian","Planta Titular","Educación","Titular","Monica Alejandra Hormazabal Canales","Docente","SIN INFORMACION","Docente","Profesionales de La Educación Ley N°19.070","2015-03-01 00:00:00.0","1900-01-01 00:00:00.0"
