"Comuna","Tipo de Contratación","Área","Calidad","Nombre","Cargo","Grado","Planta","Remuneración","Fecha desde","Fecha hasta"
"San Fabian","Honorarios","Contrato A Honorarios","A Suma Alzada","Juan  Fuentes  Vasquez","","SIN INFORMACION","","","2019-02-17 00:00:00.0","2019-02-17 00:00:00.0"
"San Fabian","Honorarios","Contrato A Honorarios","A Suma Alzada","Raul Antonio Munoz Valverde","","SIN INFORMACION","","","2019-04-09 00:00:00.0","2019-06-03 00:00:00.0"
"San Fabian","Honorarios","Contrato A Honorarios","A Suma Alzada","Francisco Javier Muñoz Silva","","SIN INFORMACION","","","2019-01-01 00:00:00.0","2019-08-31 00:00:00.0"
"San Fabian","Honorarios","Contrato A Honorarios","A Suma Alzada","Pedro Ignacio Fuentes Landeros","","SIN INFORMACION","","","2019-09-02 00:00:00.0","2019-12-31 00:00:00.0"
"San Fabian","Honorarios","Contrato A Honorarios","A Suma Alzada","Patricio Eduardo Silva Rojas","","SIN INFORMACION","","","2019-11-01 00:00:00.0","2019-12-31 00:00:00.0"
"San Fabian","Honorarios","Contrato A Honorarios","A Suma Alzada","Patricio Concha Navarrete","","SIN INFORMACION","","","2019-09-01 00:00:00.0","2019-10-31 00:00:00.0"
"San Fabian","Honorarios","Contrato A Honorarios","A Suma Alzada","Andrea Jacqueline Avendaño Albarran","","SIN INFORMACION","","","2019-06-12 00:00:00.0","2019-12-31 00:00:00.0"
"San Fabian","Honorarios","Contrato A Honorarios","A Suma Alzada","Ana Carrasco Figueroa","","SIN INFORMACION","","","2019-01-01 00:00:00.0","2019-08-31 00:00:00.0"
"San Fabian","Honorarios","Contrato A Honorarios","A Suma Alzada","German Varea Santana","","SIN INFORMACION","","","2019-01-02 00:00:00.0","2019-01-30 00:00:00.0"
"San Fabian","Honorarios","Contrato A Honorarios","A Suma Alzada","Mariana Salas Inostroza","","SIN INFORMACION","","","2019-04-18 00:00:00.0","2019-12-05 00:00:00.0"
"San Fabian","Honorarios","Contrato A Honorarios","A Suma Alzada","Salo Ariel Luna  Garrido","","SIN INFORMACION","","","2019-03-05 00:00:00.0","2019-12-15 00:00:00.0"
"San Fabian","Honorarios","Contrato A Honorarios","A Suma Alzada","Carolina Ruth Urrejola  Suarez","","SIN INFORMACION","","","2019-11-02 00:00:00.0","2019-12-31 00:00:00.0"
"San Fabian","Honorarios","Contrato A Honorarios","A Suma Alzada","Felipe Salomon Godoy Riquelme","","SIN INFORMACION","","","2019-01-01 00:00:00.0","2019-03-10 00:00:00.0"
"San Fabian","Honorarios","Contrato A Honorarios","A Suma Alzada","Alejandra Fabiola  Fuentes  Sanhueza","","SIN INFORMACION","","","2019-01-01 00:00:00.0","2019-12-31 00:00:00.0"
"San Fabian","Honorarios","Contrato A Honorarios","A Suma Alzada","Gloria Maria Fuentes Palma","","SIN INFORMACION","","","2019-01-01 00:00:00.0","2019-08-31 00:00:00.0"
"San Fabian","Honorarios","Contrato A Honorarios","A Suma Alzada","Javier Alejandro Caniuqueo Vargas","","SIN INFORMACION","","","2019-01-22 00:00:00.0","2019-12-31 00:00:00.0"
"San Fabian","Honorarios","Contrato A Honorarios","A Suma Alzada","Cecilia del Rosario Carrasco Yañez","","SIN INFORMACION","","","2019-01-01 00:00:00.0","2019-02-28 00:00:00.0"
"San Fabian","Honorarios","Contrato A Honorarios","A Suma Alzada","Ruth Alejandra Muñoz Sepulveda","","SIN INFORMACION","","","2019-01-01 00:00:00.0","2019-08-31 00:00:00.0"
"San Fabian","Honorarios","Contrato A Honorarios","A Suma Alzada","Ariel Alejandro Vera Vera","","SIN INFORMACION","","","2019-01-22 00:00:00.0","2019-12-31 00:00:00.0"
"San Fabian","Honorarios","Contrato A Honorarios","A Suma Alzada","Marcelo Javier Muñoz Rosas","","SIN INFORMACION","","","2019-04-01 00:00:00.0","2019-04-30 00:00:00.0"
"San Fabian","Honorarios","Contrato A Honorarios","A Suma Alzada","Daniel Alberto Gonzalez Fuentes","","SIN INFORMACION","","","2019-01-01 00:00:00.0","2019-08-31 00:00:00.0"
"San Fabian","Honorarios","Contrato A Honorarios","A Suma Alzada","Karen Annabel Vasquez Galvez","","SIN INFORMACION","","","2019-01-22 00:00:00.0","2019-12-31 00:00:00.0"
"San Fabian","Honorarios","Contrato A Honorarios","A Suma Alzada","Nelson David  Herrera Herrera","","SIN INFORMACION","","","2019-01-01 00:00:00.0","2019-08-31 00:00:00.0"
"San Fabian","Honorarios","Contrato A Honorarios","A Suma Alzada","Maria Alicia Muñoz Burgos","","SIN INFORMACION","","","2019-01-18 00:00:00.0","2019-08-31 00:00:00.0"
"San Fabian","Honorarios","Contrato A Honorarios","A Suma Alzada","Luisa Daniela Pino  Fuentes","","SIN INFORMACION","","","2019-04-24 00:00:00.0","2019-04-25 00:00:00.0"
"San Fabian","Honorarios","Contrato A Honorarios","A Suma Alzada","Pablo Nicolas Carrasco Fuentes","","SIN INFORMACION","","","2019-03-01 00:00:00.0","2019-12-31 00:00:00.0"
"San Fabian","Honorarios","Contrato A Honorarios","A Suma Alzada","Sebastian  Gomez Espinoza","","SIN INFORMACION","","","2019-04-01 00:00:00.0","2019-11-30 00:00:00.0"
"San Fabian","Honorarios","Contrato A Honorarios","A Suma Alzada","Duque Constanzo Ana Karinna","","SIN INFORMACION","","","2019-03-01 00:00:00.0","2019-12-13 00:00:00.0"
"San Fabian","Honorarios","Contrato A Honorarios","A Suma Alzada","Lennyn Andres Montecinos  Ferrada","","SIN INFORMACION","","","2019-04-01 00:00:00.0","2019-04-30 00:00:00.0"
"San Fabian","Honorarios","Contrato A Honorarios","A Suma Alzada","Moises Patricio Maraboli Gonzalez","","SIN INFORMACION","","","2019-01-01 00:00:00.0","2019-08-31 00:00:00.0"
"San Fabian","Honorarios","Contrato A Honorarios","A Suma Alzada","Carmen Paz Abarca Lepe","","SIN INFORMACION","","","2019-05-09 00:00:00.0","2019-05-09 00:00:00.0"
"San Fabian","Honorarios","Contrato A Honorarios","A Suma Alzada","Ximena Rocio Sepulveda Fuentes","","SIN INFORMACION","","","2019-01-01 00:00:00.0","2019-08-31 00:00:00.0"
"San Fabian","Honorarios","Contrato A Honorarios","A Suma Alzada","Paola Elena Montoya Fuentes","","SIN INFORMACION","","","2019-04-04 00:00:00.0","2019-04-04 00:00:00.0"
"San Fabian","Honorarios","Contrato A Honorarios","A Suma Alzada","Pablo Eduardo Sandoval Sandoval","","SIN INFORMACION","","","2019-04-01 00:00:00.0","2019-11-30 00:00:00.0"
"San Fabian","Honorarios","Contrato A Honorarios","A Suma Alzada","Suan Biset Cofre Valenzuela","","SIN INFORMACION","","","2019-03-11 00:00:00.0","2019-11-30 00:00:00.0"
"San Fabian","Honorarios","Contrato A Honorarios","A Suma Alzada","Asenat Betzaida Zapata Almuna","","SIN INFORMACION","","","2019-09-19 00:00:00.0","2019-09-20 00:00:00.0"
"San Fabian","Honorarios","Contrato A Honorarios","A Suma Alzada","Josue Isaac Lara  Villa","","SIN INFORMACION","","","2019-01-22 00:00:00.0","2019-12-31 00:00:00.0"
"San Fabian","Honorarios","Contrato A Honorarios","A Suma Alzada","Cristian Eduardo Romero Oliva","","SIN INFORMACION","","","2019-05-31 00:00:00.0","2019-08-31 00:00:00.0"
"San Fabian","Honorarios","Contrato A Honorarios","A Suma Alzada","Mat¿as Andres Cisternas Salinas","","SIN INFORMACION","","","2019-05-02 00:00:00.0","2019-12-13 00:00:00.0"
"San Fabian","Honorarios","Contrato A Honorarios","A Suma Alzada","Leonardo Esteban Sepulveda Alarcon","","SIN INFORMACION","","","2019-03-01 00:00:00.0","2019-03-31 00:00:00.0"
"San Fabian","Honorarios","Contrato A Honorarios","A Suma Alzada","Maria Abigail Almuna Mu¿oz","","SIN INFORMACION","","","2019-03-01 00:00:00.0","2019-04-30 00:00:00.0"
"San Fabian","Honorarios","Contrato A Honorarios","A Suma Alzada","Guillermo Matias Antiqueo Chandia","","SIN INFORMACION","","","2019-04-08 00:00:00.0","2019-04-11 00:00:00.0"
"San Fabian","Honorarios","Contrato A Honorarios","A Suma Alzada","Stefanny Alicia Martinez Labra","","SIN INFORMACION","","","2019-02-01 00:00:00.0","2019-12-31 00:00:00.0"
"San Fabian","Honorarios","Contrato A Honorarios","A Suma Alzada","Viviana del Pilar Luengo Navarrete","","SIN INFORMACION","","","2019-05-15 00:00:00.0","2019-07-15 00:00:00.0"
"San Fabian","Honorarios","Contrato A Honorarios","A Suma Alzada","Corina Cecilia Contreras Orellana","","SIN INFORMACION","","","2019-07-01 00:00:00.0","2019-11-30 00:00:00.0"
"San Fabian","Honorarios","Contrato A Honorarios","A Suma Alzada","Consuelo Beatriz Cárdenas Lazcano","","SIN INFORMACION","","","2019-04-24 00:00:00.0","2019-04-24 00:00:00.0"
"San Fabian","Honorarios","Contrato A Honorarios","A Suma Alzada","Fernanda Andrea Fuentes  Ramirez","","SIN INFORMACION","","","2019-01-01 00:00:00.0","2019-08-31 00:00:00.0"
"San Fabian","Honorarios","Contrato A Honorarios","A Suma Alzada","Emilio Jose Saavedra Torres","","SIN INFORMACION","","","2019-04-01 00:00:00.0","2019-04-30 00:00:00.0"
"San Fabian","Honorarios","Contrato A Honorarios","A Suma Alzada","Jaime Ramiro Belmar Martinez","","SIN INFORMACION","","","2019-04-01 00:00:00.0","2019-12-31 00:00:00.0"
"San Fabian","Honorarios","Contrato A Honorarios","A Suma Alzada","Simón Alonso Medina Cabrera","","SIN INFORMACION","","","2019-04-22 00:00:00.0","2019-12-31 00:00:00.0"
"San Fabian","Honorarios","Contrato A Honorarios","A Suma Alzada","Jaqueline Maricela Navarrete Guzman","","SIN INFORMACION","","","2019-01-01 00:00:00.0","2019-08-31 00:00:00.0"
"San Fabian","Honorarios","Contrato A Honorarios","A Suma Alzada","Anggel Tianniny Acu¿a Lopez","","SIN INFORMACION","","","2019-06-01 00:00:00.0","2019-07-31 00:00:00.0"
"San Fabian","Honorarios","Contrato A Honorarios","A Suma Alzada","Aladino Humberto Constanzo  Arias","","SIN INFORMACION","","","2019-04-15 00:00:00.0","2019-12-09 00:00:00.0"
"San Fabian","Honorarios","Contrato A Honorarios","A Suma Alzada","Arlette Odette Antoine Martínez","","SIN INFORMACION","","","2019-11-01 00:00:00.0","2019-12-31 00:00:00.0"
"San Fabian","Honorarios","Contrato A Honorarios","A Suma Alzada","Luis Fuentes Rivera","","SIN INFORMACION","","","2019-04-25 00:00:00.0","2019-05-08 00:00:00.0"
"San Fabian","Honorarios","Contrato A Honorarios","A Suma Alzada","Ingrid Alejandra Marin Correa","","SIN INFORMACION","","","2019-02-01 00:00:00.0","2019-12-31 00:00:00.0"
"San Fabian","Honorarios","Contrato A Honorarios","A Suma Alzada","Dina  Garrido Benavides","","SIN INFORMACION","","","2019-01-01 00:00:00.0","2019-08-31 00:00:00.0"
"San Fabian","Honorarios","Contrato A Honorarios","A Suma Alzada","Cristhofer Matias Ortiz Jara","","SIN INFORMACION","","","2019-03-07 00:00:00.0","2019-04-06 00:00:00.0"
"San Fabian","Honorarios","Contrato A Honorarios","A Suma Alzada","Carmen Troncoso Lopez","","SIN INFORMACION","","","2019-01-01 00:00:00.0","2019-08-31 00:00:00.0"
"San Fabian","Honorarios","Contrato A Honorarios","A Suma Alzada","Rafael Zacarias  Ramirez  Ya¿ez","","SIN INFORMACION","","","2019-01-22 00:00:00.0","2019-12-31 00:00:00.0"
"San Fabian","Honorarios","Contrato A Honorarios","A Suma Alzada","Mario Abraham Diaz Lizana","","SIN INFORMACION","","","2019-08-02 00:00:00.0","2019-12-20 00:00:00.0"
"San Fabian","Honorarios","Contrato A Honorarios","A Suma Alzada","Mariela Aravena Gonzalez","","SIN INFORMACION","","","2019-09-16 00:00:00.0","2019-10-11 00:00:00.0"
"San Fabian","Honorarios","Contrato A Honorarios","A Suma Alzada","Josselyn Marianela Carrillo Fuentes","","SIN INFORMACION","","","2019-01-01 00:00:00.0","2019-08-31 00:00:00.0"
"San Fabian","Honorarios","Contrato A Honorarios","A Suma Alzada","Marcela Villalobos Lopez","","SIN INFORMACION","","","2019-01-01 00:00:00.0","2019-01-31 00:00:00.0"
"San Fabian","Honorarios","Contrato A Honorarios","A Suma Alzada","Tomás Agustín Abedrapo Ruiz","","SIN INFORMACION","","","2019-01-14 00:00:00.0","2019-03-30 00:00:00.0"
"San Fabian","Honorarios","Contrato A Honorarios","A Suma Alzada","Paula Gabriela  Rodriguez Crisostomo","","SIN INFORMACION","","","2019-04-01 00:00:00.0","2019-04-30 00:00:00.0"
"San Fabian","Honorarios","Contrato A Honorarios","A Suma Alzada","Damaris Elia  Gonzalez  Correa","","SIN INFORMACION","","","2019-01-18 00:00:00.0","2019-08-31 00:00:00.0"
"San Fabian","Honorarios","Contrato A Honorarios","A Suma Alzada","Mariana Parra Hernandez","","SIN INFORMACION","","","2019-02-18 00:00:00.0","2019-02-22 00:00:00.0"
"San Fabian","Honorarios","Contrato A Honorarios","A Suma Alzada","Elisabeth Lara Constanzo","","SIN INFORMACION","","","2019-06-28 00:00:00.0","2019-07-07 00:00:00.0"
"San Fabian","Honorarios","Contrato A Honorarios","A Suma Alzada","Rodrigo Alfonso Muñoz Figueroa","","SIN INFORMACION","","","2019-04-01 00:00:00.0","2019-11-30 00:00:00.0"
"San Fabian","Honorarios","Contrato A Honorarios","A Suma Alzada","Francisca Elizabeth Orellana Munoz","","SIN INFORMACION","","","2019-03-01 00:00:00.0","2019-12-13 00:00:00.0"
"San Fabian","Honorarios","Contrato A Honorarios","A Suma Alzada","Claudia Alejandra Aroca Pezoa","","SIN INFORMACION","","","2019-10-21 00:00:00.0","2019-12-31 00:00:00.0"
"San Fabian","Honorarios","Contrato A Honorarios","A Suma Alzada","Camila Makarena Fuentes Fuentes","","SIN INFORMACION","","","2018-09-12 00:00:00.0","2020-01-19 00:00:00.0"
"San Fabian","Honorarios","Contrato A Honorarios","A Suma Alzada","Manuel Alejandro Urrutia Urrutia","","SIN INFORMACION","","","2019-04-11 00:00:00.0","2019-11-30 00:00:00.0"
"San Fabian","Honorarios","Contrato A Honorarios","A Suma Alzada","Analia Valenzuela Parada","","SIN INFORMACION","","","2019-01-17 00:00:00.0","2019-08-31 00:00:00.0"
"San Fabian","Honorarios","Contrato A Honorarios","A Suma Alzada","Johana Andrea Garrido Ortiz","","SIN INFORMACION","","","2019-01-18 00:00:00.0","2019-08-31 00:00:00.0"
"San Fabian","Honorarios","Contrato A Honorarios","A Suma Alzada","Jose Daniel Lopez Hernandez","","SIN INFORMACION","","","2019-04-15 00:00:00.0","2019-07-31 00:00:00.0"
"San Fabian","Honorarios","Contrato A Honorarios","A Suma Alzada","Ines del Carmen Araya Becerra","","SIN INFORMACION","","","2019-08-12 00:00:00.0","2019-10-18 00:00:00.0"
"San Fabian","Honorarios","Contrato A Honorarios","A Suma Alzada","Juvenal del Carmen Molina Molina","","SIN INFORMACION","","","2019-01-01 00:00:00.0","2019-08-31 00:00:00.0"
"San Fabian","Honorarios","Contrato A Honorarios","A Suma Alzada","Juan Ventura Constenla Navarrete","","SIN INFORMACION","","","2019-04-04 00:00:00.0","2019-04-04 00:00:00.0"
"San Fabian","Honorarios","Contrato A Honorarios","A Suma Alzada","Juan Mauricio Burgos Correa","","SIN INFORMACION","","","2019-01-02 00:00:00.0","2019-02-28 00:00:00.0"
"San Fabian","Honorarios","Contrato A Honorarios","A Suma Alzada","Maria Cristina Uribe Garrido","","SIN INFORMACION","","","2019-05-02 00:00:00.0","2019-05-21 00:00:00.0"
"San Fabian","Honorarios","Contrato A Honorarios","A Suma Alzada","Ricardo Hernan  Burgos  Herrera","","SIN INFORMACION","","","2019-02-08 00:00:00.0","2019-02-08 00:00:00.0"
"San Fabian","Honorarios","Contrato A Honorarios","A Suma Alzada","Jorge Enrique Antiqueo Quilodran","","SIN INFORMACION","","","2019-01-01 00:00:00.0","2019-08-31 00:00:00.0"
