"Comuna","Tipo de Contratación","Área","Calidad","Nombre","Cargo","Grado","Planta","Remuneración","Fecha desde","Fecha hasta"
"San Fabian","Contrata","Salud","Contrata","Jeanette Verónica Contreras Novoa","Profesional","SIN INFORMACION","Contratados Sin Planta","Estatuto Atención Primaria de Salud Municipal  Ley N°19.378","2019-01-01 00:00:00.0","2019-12-31 00:00:00.0"
"San Fabian","Contrata","Salud","Contrata","Andrea Jacqueline Avendaño Albarran","Director de Departamento de Salud  Municipal","SIN INFORMACION","Contratados Sin Planta","Estatuto Atención Primaria de Salud Municipal  Ley N°19.378","2019-01-01 00:00:00.0","2019-12-31 00:00:00.0"
"San Fabian","Contrata","Salud","Contrata","Pamela Andrea Ramirez Belmar","Técnico de Salud","SIN INFORMACION","Contratados Sin Planta","Estatuto Atención Primaria de Salud Municipal  Ley N°19.378","2019-01-01 00:00:00.0","2019-12-31 00:00:00.0"
"San Fabian","Contrata","Salud","Contrata","Javier Alejandro Caniuqueo Vargas","Auxiliar de Servicio de Salud","SIN INFORMACION","Contratados Sin Planta","Estatuto Atención Primaria de Salud Municipal  Ley N°19.378","2019-07-01 00:00:00.0","2019-12-31 00:00:00.0"
"San Fabian","Contrata","Salud","Contrata","Ariel Alejandro Vera Vera","Auxiliar de Servicio de Salud","SIN INFORMACION","Contratados Sin Planta","Estatuto Atención Primaria de Salud Municipal  Ley N°19.378","2019-01-01 00:00:00.0","2019-12-31 00:00:00.0"
"San Fabian","Contrata","Salud","Contrata","Andrea Alejandra  Rodriguez Gonzalez","Administrativo Crea de Salud","SIN INFORMACION","Contratados Sin Planta","Estatuto Atención Primaria de Salud Municipal  Ley N°19.378","2019-01-01 00:00:00.0","2019-12-31 00:00:00.0"
"San Fabian","Contrata","Salud","Contrata","Daniel Alberto Gonzalez Fuentes","Auxiliar de Servicio de Salud","SIN INFORMACION","Contratados Sin Planta","Estatuto Atención Primaria de Salud Municipal  Ley N°19.378","2019-01-01 00:00:00.0","2019-12-31 00:00:00.0"
"San Fabian","Contrata","Salud","Contrata","Karen Annabel Vasquez Galvez","Profesional","SIN INFORMACION","Contratados Sin Planta","Estatuto Atención Primaria de Salud Municipal  Ley N°19.378","2019-01-01 00:00:00.0","2019-12-31 00:00:00.0"
"San Fabian","Contrata","Salud","Contrata","Angelica Maria Parra Llanca","Técnico de Salud","SIN INFORMACION","Contratados Sin Planta","Estatuto Atención Primaria de Salud Municipal  Ley N°19.378","2019-01-01 00:00:00.0","2019-12-31 00:00:00.0"
"San Fabian","Contrata","Salud","Contrata","Edith Fernandez  Fuentes","Profesional","SIN INFORMACION","Contratados Sin Planta","Estatuto Atención Primaria de Salud Municipal  Ley N°19.378","2019-01-01 00:00:00.0","2019-12-31 00:00:00.0"
"San Fabian","Contrata","Salud","Contrata","Luisa Daniela Pino  Fuentes","Administrativo Crea de Salud","SIN INFORMACION","Contratados Sin Planta","Estatuto Atención Primaria de Salud Municipal  Ley N°19.378","2019-01-01 00:00:00.0","2019-12-31 00:00:00.0"
"San Fabian","Contrata","Salud","Contrata","Maryerin Tatiana  Rodriguez  Ramirez","Administrativo Crea de Salud","SIN INFORMACION","Contratados Sin Planta","Estatuto Atención Primaria de Salud Municipal  Ley N°19.378","2019-01-01 00:00:00.0","2019-12-31 00:00:00.0"
"San Fabian","Contrata","Salud","Contrata","Macarena Pinto Guajardo","Profesional","SIN INFORMACION","Contratados Sin Planta","Estatuto Atención Primaria de Salud Municipal  Ley N°19.378","2019-01-01 00:00:00.0","2019-12-31 00:00:00.0"
"San Fabian","Contrata","Salud","Contrata","Claudia Andrea  Contreras  Castillo","Técnico de Nivel Superior","SIN INFORMACION","Contratados Sin Planta","Estatuto Atención Primaria de Salud Municipal  Ley N°19.378","2019-01-01 00:00:00.0","2019-12-31 00:00:00.0"
"San Fabian","Contrata","Salud","Contrata","Daniela Gonzalez Berria","Profesional","SIN INFORMACION","Contratados Sin Planta","Estatuto Atención Primaria de Salud Municipal  Ley N°19.378","2019-07-15 00:00:00.0","2019-08-04 00:00:00.0"
"San Fabian","Contrata","Salud","Contrata","Asenat Betzaida Zapata Almuna","Profesional","SIN INFORMACION","Contratados Sin Planta","Estatuto Atención Primaria de Salud Municipal  Ley N°19.378","2019-01-01 00:00:00.0","2019-12-31 00:00:00.0"
"San Fabian","Contrata","Salud","Contrata","Josue Isaac Lara  Villa","Auxiliar de Servicio de Salud","SIN INFORMACION","Contratados Sin Planta","Estatuto Atención Primaria de Salud Municipal  Ley N°19.378","2019-01-01 00:00:00.0","2019-12-31 00:00:00.0"
"San Fabian","Contrata","Salud","Contrata","Consuelo Catalina Arce Navarro","Profesional","SIN INFORMACION","Contratados Sin Planta","Estatuto Atención Primaria de Salud Municipal  Ley N°19.378","2019-01-01 00:00:00.0","2019-12-31 00:00:00.0"
"San Fabian","Contrata","Salud","Contrata","Katherine Vergara Valenzuela","Profesional","SIN INFORMACION","Contratados Sin Planta","Estatuto Atención Primaria de Salud Municipal  Ley N°19.378","2019-09-01 00:00:00.0","2019-09-30 00:00:00.0"
"San Fabian","Contrata","Salud","Contrata","Criatian Andres Tardones Pe¿a","Profesional","SIN INFORMACION","Contratados Sin Planta","Estatuto Atención Primaria de Salud Municipal  Ley N°19.378","2019-01-01 00:00:00.0","2019-12-31 00:00:00.0"
"San Fabian","Contrata","Salud","Contrata","Luz Roxana Ramírez Fuentealba","Profesional","SIN INFORMACION","Contratados Sin Planta","Estatuto Atención Primaria de Salud Municipal  Ley N°19.378","2019-01-01 00:00:00.0","2019-12-31 00:00:00.0"
"San Fabian","Contrata","Salud","Contrata","Consuelo Beatriz Cárdenas Lazcano","Profesional","SIN INFORMACION","Contratados Sin Planta","Estatuto Atención Primaria de Salud Municipal  Ley N°19.378","2019-03-01 00:00:00.0","2019-12-31 00:00:00.0"
"San Fabian","Contrata","Salud","Contrata","Jaime Ramiro Belmar Martinez","Profesional","SIN INFORMACION","Contratados Sin Planta","Estatuto Atención Primaria de Salud Municipal  Ley N°19.378","2019-01-01 00:00:00.0","2019-12-31 00:00:00.0"
"San Fabian","Contrata","Salud","Contrata","Ingrid Alejandra Marin Correa","Profesional","SIN INFORMACION","Contratados Sin Planta","Estatuto Atención Primaria de Salud Municipal  Ley N°19.378","2019-01-01 00:00:00.0","2019-12-31 00:00:00.0"
"San Fabian","Contrata","Salud","Contrata","Violeta Valenzuela Sandoval","Técnico de Nivel Superior","SIN INFORMACION","Contratados Sin Planta","Estatuto Atención Primaria de Salud Municipal  Ley N°19.378","2019-01-01 00:00:00.0","2019-12-31 00:00:00.0"
"San Fabian","Contrata","Salud","Contrata","Johana Lisette Ramirez Espinoza","Técnico de Nivel Superior","SIN INFORMACION","Contratados Sin Planta","Estatuto Atención Primaria de Salud Municipal  Ley N°19.378","2019-01-01 00:00:00.0","2019-12-31 00:00:00.0"
"San Fabian","Contrata","Salud","Contrata","Paula Soledad Navarrete Saavedra","Profesional","SIN INFORMACION","Contratados Sin Planta","Estatuto Atención Primaria de Salud Municipal  Ley N°19.378","2019-07-01 00:00:00.0","2019-12-31 00:00:00.0"
"San Fabian","Contrata","Salud","Contrata","Macarena Parra Fuentes","Administrativo Crea de Salud","SIN INFORMACION","Contratados Sin Planta","Estatuto Atención Primaria de Salud Municipal  Ley N°19.378","2019-07-01 00:00:00.0","2019-12-31 00:00:00.0"
"San Fabian","Contrata","Salud","Contrata","Marcela Villalobos Lopez","Profesional","SIN INFORMACION","Contratados Sin Planta","Estatuto Atención Primaria de Salud Municipal  Ley N°19.378","2019-01-01 00:00:00.0","2019-12-31 00:00:00.0"
"San Fabian","Contrata","Salud","Contrata","Gloria Ester Alfaro Candia","Técnico de Nivel Superior","SIN INFORMACION","Contratados Sin Planta","Estatuto Atención Primaria de Salud Municipal  Ley N°19.378","2019-07-19 00:00:00.0","2019-10-27 00:00:00.0"
"San Fabian","Contrata","Salud","Contrata","Damaris Elia  Gonzalez  Correa","Técnico de Salud","SIN INFORMACION","Contratados Sin Planta","Estatuto Atención Primaria de Salud Municipal  Ley N°19.378","2019-01-01 00:00:00.0","2019-12-31 00:00:00.0"
"San Fabian","Contrata","Salud","Contrata","Estefania Guaman Espinoza","Profesional","SIN INFORMACION","Contratados Sin Planta","Estatuto Atención Primaria de Salud Municipal  Ley N°19.378","2019-01-14 00:00:00.0","2019-12-31 00:00:00.0"
