"Comuna","Tipo de Contratación","Área","Calidad","Nombre","Cargo","Grado","Planta","Remuneración","Fecha desde","Fecha hasta"
"San Fabian","Codigo del Trabajo","Educación","Código del Trabajo","Marisol del Carmen Benavides Benavides","Asistente Parvularia"," ","Contratados Sin Planta","Afectos Al Código del Trabajo","2018-01-01 00:00:00.0","1900-01-01 00:00:00.0"
"San Fabian","Codigo del Trabajo","Educación","Código del Trabajo","Pedro Alejandro Romero Mora","Asistente Social"," ","Contratados Sin Planta","Asistentes de La Educación Ley N°19.464","2016-11-01 00:00:00.0","1900-01-01 00:00:00.0"
"San Fabian","Codigo del Trabajo","Educación","Código del Trabajo","Daniel Arturo Soto Venegas","Jefatura"," ","Contratados Sin Planta","Afectos Al Código del Trabajo","2017-01-01 00:00:00.0","1900-01-01 00:00:00.0"
"San Fabian","Codigo del Trabajo","Educación","Código del Trabajo","Luis Humberto Belmar Meriño","Conductor"," ","Contratados Sin Planta","Asistentes de La Educación Ley N°19.464","2016-11-01 00:00:00.0","1900-01-01 00:00:00.0"
"San Fabian","Codigo del Trabajo","Educación","Código del Trabajo","Nancy Luz Delc Armen Fuentes Palma","Oficial Administrativo"," ","Contratados Sin Planta","Afectos Al Código del Trabajo","2016-01-01 00:00:00.0","1900-01-01 00:00:00.0"
"San Fabian","Codigo del Trabajo","Educación","Código del Trabajo","Francisco Ignacio Gonzalez Cartagena","Asistentes de La Educación Ley N° 19.464"," ","Contratados Sin Planta","Asistentes de La Educación Ley N°19.464","2016-03-01 00:00:00.0","1900-01-01 00:00:00.0"
"San Fabian","Codigo del Trabajo","Educación","Código del Trabajo","Edith Isalen Morales Gonzalez","Asistente de La Educación"," ","Contratados Sin Planta","Asistentes de La Educación Ley N°19.464","2019-03-01 00:00:00.0","1900-01-01 00:00:00.0"
"San Fabian","Codigo del Trabajo","Educación","Código del Trabajo","Marta Elena Chandia Retamal","Asistente Social"," ","Contratados Sin Planta","Asistentes de La Educación Ley N°19.464","2019-03-01 00:00:00.0","1900-01-01 00:00:00.0"
"San Fabian","Codigo del Trabajo","Educación","Código del Trabajo","Jannette Elfa  Quezada Mora","Asistente de La Educación"," ","Contratados Sin Planta","Asistentes de La Educación Ley N°19.464","2015-03-01 00:00:00.0","1900-01-01 00:00:00.0"
"San Fabian","Codigo del Trabajo","Educación","Código del Trabajo","Marcela Patricia Uribe Alfaro","Asistente de La Educación"," ","Contratados Sin Planta","Asistentes de La Educación Ley N°19.464","2019-03-01 00:00:00.0","1900-01-01 00:00:00.0"
"San Fabian","Codigo del Trabajo","Educación","Código del Trabajo","Janet Alejandra Contreras Poblete","Auxiliar de Servicios Menores"," ","Contratados Sin Planta","Afectos Al Código del Trabajo","2015-03-01 00:00:00.0","1900-01-01 00:00:00.0"
"San Fabian","Codigo del Trabajo","Educación","Código del Trabajo","Aris Maria Arevalo  Garrido","Asistente de La Educación"," ","Contratados Sin Planta","Asistentes de La Educación Ley N°19.464","2016-11-01 00:00:00.0","1900-01-01 00:00:00.0"
"San Fabian","Codigo del Trabajo","Educación","Código del Trabajo","Gloria Marina Munoz Sandoval","Asistente de La Educación"," ","Contratados Sin Planta","Asistentes de La Educación Ley N°19.464","2019-03-01 00:00:00.0","1900-01-01 00:00:00.0"
"San Fabian","Codigo del Trabajo","Educación","Código del Trabajo","Nelly Ebelin Parada Muñoz","Asistentes de La Educación Ley N° 19.464"," ","Contratados Sin Planta","Asistentes de La Educación Ley N°19.464","2015-03-01 00:00:00.0","1900-01-01 00:00:00.0"
"San Fabian","Codigo del Trabajo","Educación","Código del Trabajo","Maria Alejandra Gutierrez Olate","Técnico"," ","Contratados Sin Planta","Afectos Al Código del Trabajo","2015-01-02 00:00:00.0","1900-01-01 00:00:00.0"
"San Fabian","Codigo del Trabajo","Educación","Código del Trabajo","Danilo Andres Valenzuela Navarrete","Asistentes de La Educación Ley N° 19.464"," ","Contratados Sin Planta","Asistentes de La Educación Ley N°19.464","2016-03-02 00:00:00.0","1900-01-01 00:00:00.0"
"San Fabian","Codigo del Trabajo","Educación","Código del Trabajo","Maria Leonor  Almuna Almuna","Asistente de La Educación"," ","Contratados Sin Planta","Asistentes de La Educación Ley N°19.464","2018-03-01 00:00:00.0","1900-01-01 00:00:00.0"
"San Fabian","Codigo del Trabajo","Educación","Código del Trabajo","Carla Andrea Jeldres Contreras","Asistente de La Educación"," ","Contratados Sin Planta","Afectos Al Código del Trabajo","2015-03-03 00:00:00.0","1900-01-01 00:00:00.0"
"San Fabian","Codigo del Trabajo","Educación","Código del Trabajo","Felipe Salomon Godoy Riquelme","Conductor de Vehículos"," ","Contratados Sin Planta","Afectos Al Código del Trabajo","2019-07-24 00:00:00.0","2019-11-30 00:00:00.0"
"San Fabian","Codigo del Trabajo","Educación","Código del Trabajo","Ruth Yareli Lillo Sanchez","Asistente de La Educación"," ","Contratados Sin Planta","Asistentes de La Educación Ley N°19.464","2019-03-01 00:00:00.0","1900-01-01 00:00:00.0"
"San Fabian","Codigo del Trabajo","Educación","Código del Trabajo","Emiliana del Carmen Mayolafquen Llanquiman","Auxiliar de Servicios Menores"," ","Contratados Sin Planta","Afectos Al Código del Trabajo","2019-01-01 00:00:00.0","1900-01-01 00:00:00.0"
"San Fabian","Codigo del Trabajo","Educación","Código del Trabajo","Berta Aracelly Villalobos Labrin","Asistente de La Educación"," ","Contratados Sin Planta","Asistentes de La Educación Ley N°19.464","2019-03-01 00:00:00.0","1900-01-01 00:00:00.0"
"San Fabian","Codigo del Trabajo","Educación","Código del Trabajo","Juan Carlos  San Martin  Torres","Asistentes de La Educación Ley N° 19.464"," ","Contratados Sin Planta","Asistentes de La Educación Ley N°19.464","2016-03-01 00:00:00.0","1900-01-01 00:00:00.0"
"San Fabian","Codigo del Trabajo","Educación","Código del Trabajo","Carmen Gloria Belmar Prieto","Coordinador"," ","Contratados Sin Planta","Afectos Al Código del Trabajo","2015-01-02 00:00:00.0","1900-01-01 00:00:00.0"
"San Fabian","Codigo del Trabajo","Educación","Código del Trabajo","Yannette del Carmen Leiva Constanzo","Asistentes de La Educación Ley N° 19.464"," ","Contratados Sin Planta","Asistentes de La Educación Ley N°19.464","2016-03-02 00:00:00.0","1900-01-01 00:00:00.0"
"San Fabian","Codigo del Trabajo","Educación","Código del Trabajo","Angelica Maria Hernandez Hernandez","Asistente de La Educación"," ","Contratados Sin Planta","Asistentes de La Educación Ley N°19.464","2019-03-01 00:00:00.0","1900-01-01 00:00:00.0"
"San Fabian","Codigo del Trabajo","Educación","Código del Trabajo","Heidy Diana Castillo Villarroel","Asistente de La Educación"," ","Contratados Sin Planta","Asistentes de La Educación Ley N°19.464","2016-11-01 00:00:00.0","1900-01-01 00:00:00.0"
"San Fabian","Codigo del Trabajo","Educación","Código del Trabajo","Mercedes Jimena Muñoz Sepulveda","Profesional"," ","Contratados Sin Planta","Afectos Al Código del Trabajo","2015-03-01 00:00:00.0","1900-01-01 00:00:00.0"
"San Fabian","Codigo del Trabajo","Educación","Código del Trabajo","Dorca Anyelina Lara Villa","Asistente Técnico"," ","Contratados Sin Planta","Afectos Al Código del Trabajo","2015-01-02 00:00:00.0","1900-01-01 00:00:00.0"
"San Fabian","Codigo del Trabajo","Educación","Código del Trabajo","Pablo Nicolas Carrasco Fuentes","Asistente de La Educación"," ","Contratados Sin Planta","Asistentes de La Educación Ley N°19.464","2019-03-01 00:00:00.0","1900-01-01 00:00:00.0"
"San Fabian","Codigo del Trabajo","Educación","Código del Trabajo","Marisol Alejandra Guzman Martinez","Asistente de La Educación"," ","Contratados Sin Planta","Asistentes de La Educación Ley N°19.464","2019-03-01 00:00:00.0","1900-01-01 00:00:00.0"
"San Fabian","Codigo del Trabajo","Educación","Código del Trabajo","Cattherine Vanesa Saez  Munoz","Asistente de La Educación"," ","Contratados Sin Planta","Asistentes de La Educación Ley N°19.464","2019-03-01 00:00:00.0","1900-01-01 00:00:00.0"
"San Fabian","Codigo del Trabajo","Educación","Código del Trabajo","Claudia del Pilar Rodriguez Valenzuela","Asistente de La Educación"," ","Contratados Sin Planta","Afectos Al Código del Trabajo","2015-03-03 00:00:00.0","1900-01-01 00:00:00.0"
"San Fabian","Codigo del Trabajo","Educación","Código del Trabajo","Suan Biset Cofre Valenzuela","Fonoaudiologo"," ","Contratados Sin Planta","Asistentes de La Educación Ley N°19.464","2018-03-01 00:00:00.0","1900-01-01 00:00:00.0"
"San Fabian","Codigo del Trabajo","Educación","Código del Trabajo","Paola   Magdalena  Avello Garrido","Afectos Al Código del Trabajo"," ","Contratados Sin Planta","Afectos Al Código del Trabajo","2015-01-02 00:00:00.0","1900-01-01 00:00:00.0"
"San Fabian","Codigo del Trabajo","Educación","Código del Trabajo","Leandro  Ariel Fuentes Fuentes","Asistente de La Educación"," ","Contratados Sin Planta","Asistentes de La Educación Ley N°19.464","2018-08-01 00:00:00.0","1900-01-01 00:00:00.0"
"San Fabian","Codigo del Trabajo","Educación","Código del Trabajo","Guillermo Matias Antiqueo Chandia","Ingeniero"," ","Contratados Sin Planta","Asistentes de La Educación Ley N°19.464","2018-10-01 00:00:00.0","1900-01-01 00:00:00.0"
"San Fabian","Codigo del Trabajo","Educación","Código del Trabajo","Genesis Alejandra Amaya Villa","Asistente Parvularia"," ","Contratados Sin Planta","Afectos Al Código del Trabajo","2016-01-01 00:00:00.0","1900-01-01 00:00:00.0"
"San Fabian","Codigo del Trabajo","Educación","Código del Trabajo","Carla Maciel Fernandez Munoz","Asistente de La Educación"," ","Contratados Sin Planta","Asistentes de La Educación Ley N°19.464","2018-03-01 00:00:00.0","1900-01-01 00:00:00.0"
"San Fabian","Codigo del Trabajo","Educación","Código del Trabajo","Dexi Ruth Rodriguez Valenzuela","Asistente de La Educación"," ","Contratados Sin Planta","Afectos Al Código del Trabajo","2015-03-01 00:00:00.0","1900-01-01 00:00:00.0"
"San Fabian","Codigo del Trabajo","Educación","Código del Trabajo","Maria Daniela Pincheira  Merino","Asistente Técnico"," ","Contratados Sin Planta","Afectos Al Código del Trabajo","2015-01-02 00:00:00.0","1900-01-01 00:00:00.0"
"San Fabian","Codigo del Trabajo","Educación","Código del Trabajo","Karla Esther  Mu¿oz  Gonzalez","Psicopedagogo"," ","Contratados Sin Planta","Asistentes de La Educación Ley N°19.464","2018-03-01 00:00:00.0","1900-01-01 00:00:00.0"
"San Fabian","Codigo del Trabajo","Educación","Código del Trabajo","Luis Amado Garrido Landaeta","Auxiliar de Servicios Menores"," ","Contratados Sin Planta","Afectos Al Código del Trabajo","2019-01-01 00:00:00.0","1900-01-01 00:00:00.0"
"San Fabian","Codigo del Trabajo","Educación","Código del Trabajo","Estibaliz Estefania Vasquez Catrim¿n","Asistente Parvularia"," ","Contratados Sin Planta","Afectos Al Código del Trabajo","2016-01-01 00:00:00.0","1900-01-01 00:00:00.0"
"San Fabian","Codigo del Trabajo","Educación","Código del Trabajo","Paula Soledad Navarrete Saavedra","Psicólogo"," ","Contratados Sin Planta","Asistentes de La Educación Ley N°19.464","2019-04-01 00:00:00.0","2019-04-18 00:00:00.0"
"San Fabian","Codigo del Trabajo","Educación","Código del Trabajo","Senia Emperatriz Sandoval Medel","Asistente de La Educación"," ","Contratados Sin Planta","Asistentes de La Educación Ley N°19.464","2019-03-01 00:00:00.0","1900-01-01 00:00:00.0"
"San Fabian","Codigo del Trabajo","Educación","Código del Trabajo","Maria Jose Contreras Cerda","Educadora Párvulos"," ","Contratados Sin Planta","Afectos Al Código del Trabajo","2017-12-01 00:00:00.0","1900-01-01 00:00:00.0"
"San Fabian","Codigo del Trabajo","Educación","Código del Trabajo","Carla Fernanda Cofre Arias","Asistente de La Educación"," ","Contratados Sin Planta","Asistentes de La Educación Ley N°19.464","2015-03-01 00:00:00.0","1900-01-01 00:00:00.0"
"San Fabian","Codigo del Trabajo","Educación","Código del Trabajo","Elizabeth Scarlet Olave Manriquez","Jefe de Personal"," ","Contratados Sin Planta","Afectos Al Código del Trabajo","2018-07-23 00:00:00.0","1900-01-01 00:00:00.0"
"San Fabian","Codigo del Trabajo","Educación","Código del Trabajo","Solange Beatriz Vistoso Nunez","Asistente de La Educación"," ","Contratados Sin Planta","Asistentes de La Educación Ley N°19.464","2019-03-01 00:00:00.0","1900-01-01 00:00:00.0"
"San Fabian","Codigo del Trabajo","Educación","Código del Trabajo","Fabiola Roxana  Fuentes González","Asistente de La Educación"," ","Contratados Sin Planta","Asistentes de La Educación Ley N°19.464","2016-11-01 00:00:00.0","1900-01-01 00:00:00.0"
"San Fabian","Codigo del Trabajo","Educación","Código del Trabajo","Solange Mabel Poblete Bascuñan","Asistente de La Educación"," ","Contratados Sin Planta","Asistentes de La Educación Ley N°19.464","2016-11-01 00:00:00.0","1900-01-01 00:00:00.0"
"San Fabian","Codigo del Trabajo","Educación","Código del Trabajo","Matias Ignacio Gonzalez Gonzalez","Administrativo"," ","Contratados Sin Planta","Afectos Al Código del Trabajo","2019-01-01 00:00:00.0","1900-01-01 00:00:00.0"
"San Fabian","Codigo del Trabajo","Educación","Código del Trabajo","Jorge Ismael Matamala Aviles","Asistentes de La Educación Ley N° 19.464"," ","Contratados Sin Planta","Asistentes de La Educación Ley N°19.464","2016-03-02 00:00:00.0","1900-01-01 00:00:00.0"
"San Fabian","Codigo del Trabajo","Educación","Código del Trabajo","Luis Humberto Salinas Vega","Chófer"," ","Contratados Sin Planta","Afectos Al Código del Trabajo","2015-03-01 00:00:00.0","1900-01-01 00:00:00.0"
"San Fabian","Codigo del Trabajo","Educación","Código del Trabajo","Francisco Guillermo Contreras Rodríguez","Conductor"," ","Contratados Sin Planta","Afectos Al Código del Trabajo","2015-03-01 00:00:00.0","1900-01-01 00:00:00.0"
"San Fabian","Codigo del Trabajo","Educación","Código del Trabajo","Veronica Felicita Burgos Chandia","Asistentes de La Educación Ley N° 19.464"," ","Contratados Sin Planta","Asistentes de La Educación Ley N°19.464","2015-03-01 00:00:00.0","1900-01-01 00:00:00.0"
