"Comuna","Tipo de Contratación","Área","Calidad","Nombre","Cargo","Grado","Planta","Remuneración","Fecha desde","Fecha hasta"
"Chiguayante","Honorarios","Contrato A Honorarios","A Suma Alzada","Hugo Ricardo Mellado Orellana","","SIN INFORMACION","","","2019-01-01 00:00:00.0","2019-02-28 00:00:00.0"
"Chiguayante","Honorarios","Contrato A Honorarios","A Suma Alzada","Silvia del Pilar Quiroz Mendoza","","SIN INFORMACION","","","2019-01-21 00:00:00.0","2019-06-30 00:00:00.0"
"Chiguayante","Honorarios","Contrato A Honorarios","A Suma Alzada","Evelyn Lisette Alarcon Gonzalez","","SIN INFORMACION","","","2019-01-01 00:00:00.0","2019-06-30 00:00:00.0"
"Chiguayante","Honorarios","Contrato A Honorarios","A Suma Alzada","Paula Solange Salas Cid","","SIN INFORMACION","","","2019-01-01 00:00:00.0","2019-06-30 00:00:00.0"
"Chiguayante","Honorarios","Contrato A Honorarios","A Suma Alzada","Paola Andrea Araya Badilla","","SIN INFORMACION","","","2019-01-01 00:00:00.0","2019-06-30 00:00:00.0"
"Chiguayante","Honorarios","Contrato A Honorarios","A Suma Alzada","Mauricio Antonio Morales Betancurt","","SIN INFORMACION","","","2019-01-01 00:00:00.0","2019-06-30 00:00:00.0"
"Chiguayante","Honorarios","Contrato A Honorarios","A Suma Alzada","Carla Mabel Palacios Baza","","SIN INFORMACION","","","2019-01-01 00:00:00.0","2019-06-30 00:00:00.0"
"Chiguayante","Honorarios","Contrato A Honorarios","A Suma Alzada","Hector  Fuentes  Burboa","","SIN INFORMACION","","","2019-01-01 00:00:00.0","2019-02-28 00:00:00.0"
"Chiguayante","Honorarios","Contrato A Honorarios","A Suma Alzada","Gino Andres Gasparini Pezo","","SIN INFORMACION","","","2019-01-01 00:00:00.0","2019-06-30 00:00:00.0"
"Chiguayante","Honorarios","Contrato A Honorarios","A Suma Alzada","Maria Jose Viveros Ovando","","SIN INFORMACION","","","2019-01-01 00:00:00.0","2019-06-30 00:00:00.0"
"Chiguayante","Honorarios","Contrato A Honorarios","A Suma Alzada","Fabian Alejandro Maldonado Mendez","","SIN INFORMACION","","","2019-01-01 00:00:00.0","2019-06-30 00:00:00.0"
"Chiguayante","Honorarios","Contrato A Honorarios","A Suma Alzada","Fernando Henrique Villagran Poblete","","SIN INFORMACION","","","2019-01-01 00:00:00.0","2019-06-30 00:00:00.0"
"Chiguayante","Honorarios","Contrato A Honorarios","A Suma Alzada","Valeska del Pilar Benavides Soto","","SIN INFORMACION","","","2019-01-01 00:00:00.0","2019-06-30 00:00:00.0"
"Chiguayante","Honorarios","Contrato A Honorarios","A Suma Alzada","Leandro Andres Valladares Roa","","SIN INFORMACION","","","2019-01-01 00:00:00.0","2019-06-30 00:00:00.0"
"Chiguayante","Honorarios","Contrato A Honorarios","A Suma Alzada","Natalia Guisell Villegas Flores","","SIN INFORMACION","","","2019-02-13 00:00:00.0","2019-04-30 00:00:00.0"
"Chiguayante","Honorarios","Contrato A Honorarios","A Suma Alzada","Caterina de Liz Pezo Garces","","SIN INFORMACION","","","2019-01-01 00:00:00.0","2019-01-31 00:00:00.0"
"Chiguayante","Honorarios","Contrato A Honorarios","A Suma Alzada","Giovannie Pereira Ortiz","","SIN INFORMACION","","","2019-01-01 00:00:00.0","2019-02-28 00:00:00.0"
"Chiguayante","Honorarios","Contrato A Honorarios","A Suma Alzada","Claudio Eduardo Villagran Villagran","","SIN INFORMACION","","","2019-03-11 00:00:00.0","2019-05-10 00:00:00.0"
"Chiguayante","Honorarios","Contrato A Honorarios","A Suma Alzada","Camila Geraldine Castillo Rivas","","SIN INFORMACION","","","2019-01-01 00:00:00.0","2019-06-30 00:00:00.0"
"Chiguayante","Honorarios","Contrato A Honorarios","A Suma Alzada","Leticia Edith Silva Medina","","SIN INFORMACION","","","2019-02-01 00:00:00.0","2019-06-30 00:00:00.0"
"Chiguayante","Honorarios","Contrato A Honorarios","A Suma Alzada","Amadeo Daniel Veyl Betanzo","","SIN INFORMACION","","","2019-01-01 00:00:00.0","2019-06-30 00:00:00.0"
"Chiguayante","Honorarios","Contrato A Honorarios","A Suma Alzada","Ramón Guenahel Rozas Luengo","","SIN INFORMACION","","","2019-01-01 00:00:00.0","2019-02-28 00:00:00.0"
"Chiguayante","Honorarios","Contrato A Honorarios","A Suma Alzada","Pedro Vicente  Mora  Escarate","","SIN INFORMACION","","","2019-01-01 00:00:00.0","2019-06-30 00:00:00.0"
"Chiguayante","Honorarios","Contrato A Honorarios","A Suma Alzada","Fernando Guillermo Sandoval Ramirez","","SIN INFORMACION","","","2019-02-18 00:00:00.0","2019-05-17 00:00:00.0"
"Chiguayante","Honorarios","Contrato A Honorarios","A Suma Alzada","Paola Margarita Silva Fritz","","SIN INFORMACION","","","2019-01-01 00:00:00.0","2019-06-30 00:00:00.0"
"Chiguayante","Honorarios","Contrato A Honorarios","A Suma Alzada","Arturo Roberto Benitez Gajardo","","SIN INFORMACION","","","2019-03-11 00:00:00.0","2019-06-30 00:00:00.0"
"Chiguayante","Honorarios","Contrato A Honorarios","A Suma Alzada","Ignacio Humberto Gonzalez Cerda","","SIN INFORMACION","","","2019-07-01 00:00:00.0","2019-12-31 00:00:00.0"
