"Comuna","Tipo de Contratación","Área","Calidad","Nombre","Cargo","Grado","Planta","Remuneración","Fecha desde","Fecha hasta"
"Chiguayante","Planta Titular","Sin Clasificación","Titular","Juan Carlos Alcayaga Caro","Administrativo","17°","Personal Titular","Escala Municipal","2012-10-04 00:00:00.0","1900-01-01 00:00:00.0"
"Chiguayante","Planta Titular","Sin Clasificación","Titular","Paola Alejandra Peña Valenzuela","Profesional","7°","Personal Titular","Escala Municipal","2012-12-04 00:00:00.0","1900-01-01 00:00:00.0"
"Chiguayante","Planta Titular","Sin Clasificación","Titular","Jessica Eugenia Cea Gallegos","Encargado"," ","Administrativos","Escala Atención Primaria de Salud Municipal","2008-05-01 00:00:00.0","1900-01-01 00:00:00.0"
"Chiguayante","Planta Titular","Sin Clasificación","Titular","Hugo Fernando Abarca Valenzuela","Jefatura","8°","Jefaturas","","1999-03-18 00:00:00.0","1900-01-01 00:00:00.0"
"Chiguayante","Planta Titular","Sin Clasificación","Titular","Hector Daniel Rodriguez Ortega","Profesional","6°","Profesionales","","1997-08-11 00:00:00.0","1900-01-01 00:00:00.0"
"Chiguayante","Planta Titular","Sin Clasificación","Titular","Roberto Paolo Bernard Azzarolo","Profesional","6°","Profesionales","Escala Única de Sueldos","2004-01-28 00:00:00.0","1900-01-01 00:00:00.0"
"Chiguayante","Planta Titular","Sin Clasificación","Titular","Sonia Paz Saldias Vasquez","Profesional","8°","Profesionales","","2004-12-06 00:00:00.0","1900-01-01 00:00:00.0"
"Chiguayante","Planta Titular","Sin Clasificación","Titular","Marco Antonio Muñoz Castro","Directivo","5°","Directivos","","1997-06-11 00:00:00.0","1900-01-01 00:00:00.0"
"Chiguayante","Planta Titular","Sin Clasificación","Titular","Carmen Gloria Alarcon Provoste","Auxiliar de Servicios Menores","14°","Auxiliares","","2004-06-01 00:00:00.0","1900-01-01 00:00:00.0"
"Chiguayante","Planta Titular","Sin Clasificación","Titular","Hector Alfredo Chavez Noriega","Profesional","6°","Profesionales","Escala Municipal","2012-05-02 00:00:00.0","1900-01-01 00:00:00.0"
"Chiguayante","Planta Titular","Sin Clasificación","Titular","Marcelino Segundo Toledo Herrera","Técnico"," ","Contratados Sin Planta","Escala Atención Primaria de Salud Municipal","2010-01-01 00:00:00.0","1900-01-01 00:00:00.0"
"Chiguayante","Planta Titular","Sin Clasificación","Titular","Henry Antonio Guzman Lincolao","Profesional","8°","Profesionales","","2000-07-18 00:00:00.0","1900-01-01 00:00:00.0"
"Chiguayante","Planta Titular","Sin Clasificación","Titular","Lilian Teresa Rodriguez Matamala","Secreto","13°","Personal Titular","Escala Municipal","2012-10-04 00:00:00.0","1900-01-01 00:00:00.0"
"Chiguayante","Planta Titular","Sin Clasificación","Titular","Maria Antonieta Delgado Muñoz","Administrativo","15°","Personal Titular","Escala Municipal","2012-10-04 00:00:00.0","1900-01-01 00:00:00.0"
"Chiguayante","Planta Titular","Sin Clasificación","Titular","Jose Antonio Quilodran Monsalve","Auxiliar","17°","Auxiliares","","2006-09-01 00:00:00.0","1900-01-01 00:00:00.0"
"Chiguayante","Planta Titular","Sin Clasificación","Titular","Jacqueline Annania Sanhueza Garrido","Profesional","9°","Profesionales","Escala Municipal","2012-05-01 00:00:00.0","1900-01-01 00:00:00.0"
"Chiguayante","Planta Titular","Sin Clasificación","Titular","Carolina Andrea Diaz Rothen","Técnico","12°","Técnicos","Escala Municipal","2010-11-13 00:00:00.0","1900-01-01 00:00:00.0"
"Chiguayante","Planta Titular","Sin Clasificación","Titular","Fernando del Transito Vidal Monares","Auxiliar de Servicios Menores","16°","Auxiliares","","2004-12-09 00:00:00.0","1900-01-01 00:00:00.0"
"Chiguayante","Planta Titular","Sin Clasificación","Titular","Yordi Enrique Ibarra Leal","Profesional","8°","Profesionales","","2005-01-21 00:00:00.0","1900-01-01 00:00:00.0"
"Chiguayante","Planta Titular","Sin Clasificación","Titular","Monica Adela Herrera Gonzalez","Profesional","9°","Profesionales","Escala Municipal","2012-05-02 00:00:00.0","1900-01-01 00:00:00.0"
"Chiguayante","Planta Titular","Sin Clasificación","Titular","Carla Gisela Paredes Lagos","Técnico","10°","Técnicos","","1999-07-01 00:00:00.0","1900-01-01 00:00:00.0"
"Chiguayante","Planta Titular","Sin Clasificación","Titular","Rodrigo Fernando Flores Cisternas","Profesional","6°","Profesionales","Escala Municipal","2012-05-02 00:00:00.0","1900-01-01 00:00:00.0"
"Chiguayante","Planta Titular","Sin Clasificación","Titular","Carolina Susana Cornejo Rodriguez","Jefatura","9°","Jefaturas","","1999-07-01 00:00:00.0","1900-01-01 00:00:00.0"
"Chiguayante","Planta Titular","Sin Clasificación","Titular","Priscila Alejandra Vejar Navarrete","Encargado"," ","Técnicos","Escala Atención Primaria de Salud Municipal","2008-05-01 00:00:00.0","1900-01-01 00:00:00.0"
"Chiguayante","Planta Titular","Sin Clasificación","Titular","Bernardita Paola Palma Valero","Técnico","12°","Técnicos","Escala Municipal","2009-06-01 00:00:00.0","1900-01-01 00:00:00.0"
"Chiguayante","Planta Titular","Sin Clasificación","Titular","Miriam Lorena Sanhueza Zuñiga","Profesional","10°","Profesionales","Escala Municipal","2012-05-03 00:00:00.0","1900-01-01 00:00:00.0"
"Chiguayante","Planta Titular","Sin Clasificación","Titular","Mauricio Marcelo Maldonado Concha","Técnico"," ","Contratados Sin Planta","Escala Atención Primaria de Salud Municipal","2010-01-01 00:00:00.0","1900-01-01 00:00:00.0"
"Chiguayante","Planta Titular","Sin Clasificación","Titular","Nerida Joanna Hernandez Landa","Técnico"," ","Contratados Sin Planta","Escala Atención Primaria de Salud Municipal","2010-01-01 00:00:00.0","1900-01-01 00:00:00.0"
"Chiguayante","Planta Titular","Sin Clasificación","Titular","Roberto Antonio Cruces Moreno","Chófer"," ","Auxiliares","Escala Atención Primaria de Salud Municipal","2008-05-01 00:00:00.0","1900-01-01 00:00:00.0"
"Chiguayante","Planta Titular","Sin Clasificación","Titular","Tatiana Alejandra Jara Melo","Abogado","7°","Personal Titular","Escala Municipal","2012-10-09 00:00:00.0","1900-01-01 00:00:00.0"
"Chiguayante","Planta Titular","Sin Clasificación","Titular","Angelica Valeska Robles Gonzalez","Administrativo"," ","Administrativos","Escala Atención Primaria de Salud Municipal","2008-05-01 00:00:00.0","1900-01-01 00:00:00.0"
"Chiguayante","Planta Titular","Sin Clasificación","Titular","Gabriela Viviana Medel Aravena","Profesional","9°","Profesionales","Escala Municipal","2012-05-03 00:00:00.0","1900-01-01 00:00:00.0"
"Chiguayante","Planta Titular","Sin Clasificación","Titular","Jasmin Alondra Leal Jofre","Administrativo","13°","Administrativos","Escala Municipal","2010-11-13 00:00:00.0","1900-01-01 00:00:00.0"
"Chiguayante","Planta Titular","Sin Clasificación","Titular","Lissette Andrea Allaire Soto","Directivo","5°","Directivos","Escala Municipal","2012-12-07 00:00:00.0","1900-01-01 00:00:00.0"
"Chiguayante","Planta Titular","Sin Clasificación","Titular","Karen Beatriz Urrea Founet","Técnico"," ","Técnicos","Escala Atención Primaria de Salud Municipal","2008-05-01 00:00:00.0","1900-01-01 00:00:00.0"
"Chiguayante","Planta Titular","Sin Clasificación","Titular","Roberto Carlos Chavez Valencia","Técnico"," ","Contratados Sin Planta","Escala Atención Primaria de Salud Municipal","2010-01-01 00:00:00.0","1900-01-01 00:00:00.0"
"Chiguayante","Planta Titular","Sin Clasificación","Titular","Martina Angelica Medina Araneda","Químico Farmacéutico"," ","Profesionales","Escala Atención Primaria de Salud Municipal","2008-05-01 00:00:00.0","1900-01-01 00:00:00.0"
"Chiguayante","Planta Titular","Sin Clasificación","Titular","Elfrides Isabel Oñate Muñoz","Administrativo","17°","Administrativos","","1999-12-01 00:00:00.0","1900-01-01 00:00:00.0"
"Chiguayante","Planta Titular","Sin Clasificación","Titular","Angela Esmirna Sierra Moraga","Administrativo"," ","Contratados Sin Planta","Afectos Al Código del Trabajo","2010-08-01 00:00:00.0","1900-01-01 00:00:00.0"
"Chiguayante","Planta Titular","Sin Clasificación","Titular","Ana Maria Vizcarra Vega","Asistente Parvularia"," ","Contratados Sin Planta","Afectos Al Código del Trabajo","2012-03-01 00:00:00.0","1900-01-01 00:00:00.0"
"Chiguayante","Planta Titular","Sin Clasificación","Titular","Angel Eduardo Belmar Belmar","Auxiliar","14°","Auxiliares","Escala Única de Sueldos","1996-12-11 00:00:00.0","1900-01-01 00:00:00.0"
"Chiguayante","Planta Titular","Sin Clasificación","Titular","Jorge Arnaldo Belmar Belmar","Chófer","14°","Auxiliares","Escala Municipal","1996-12-11 00:00:00.0","1900-01-01 00:00:00.0"
"Chiguayante","Planta Titular","Sin Clasificación","Titular","Francisco Javier Medina Toloza","Auxiliar de Servicios Menores","17°","Auxiliares","","2004-12-09 00:00:00.0","1900-01-01 00:00:00.0"
"Chiguayante","Planta Titular","Sin Clasificación","Titular","Jaime Ademir Jara Basaul","Nochero"," ","Auxiliares","Escala Atención Primaria de Salud Municipal","2008-05-01 00:00:00.0","1900-01-01 00:00:00.0"
"Chiguayante","Planta Titular","Sin Clasificación","Titular","Lisandro Hector Tapia Sandoval","Directivo","6°","Directivos","","1997-06-11 00:00:00.0","1900-01-01 00:00:00.0"
"Chiguayante","Planta Titular","Sin Clasificación","Titular","Monica Ximena Araneda Lopez","Jefatura","9°","Directivos","","2003-04-01 00:00:00.0","1900-01-01 00:00:00.0"
"Chiguayante","Planta Titular","Sin Clasificación","Titular","Hugo Alfredo Soto Figueroa","Profesional","6°","Profesionales","","1996-12-11 00:00:00.0","1900-01-01 00:00:00.0"
"Chiguayante","Planta Titular","Sin Clasificación","Titular","Dalia Margot Diaz Gallegos","Técnico"," ","Contratados Sin Planta","Escala Atención Primaria de Salud Municipal","2011-01-01 00:00:00.0","1900-01-01 00:00:00.0"
"Chiguayante","Planta Titular","Sin Clasificación","Titular","Eduardo Fabian Agurto Campos","Profesional","8°","Profesionales","Escala Municipal","2009-07-26 00:00:00.0","1900-01-01 00:00:00.0"
"Chiguayante","Planta Titular","Sin Clasificación","Titular","Lida Eugenia Peña Rojas","Encargado"," ","Profesionales","Escala Atención Primaria de Salud Municipal","2008-05-01 00:00:00.0","1900-01-01 00:00:00.0"
"Chiguayante","Planta Titular","Sin Clasificación","Titular","Ricardo Manuel Morales Tapia","Administrativo","14°","Administrativos","","1996-12-11 00:00:00.0","1900-01-01 00:00:00.0"
"Chiguayante","Planta Titular","Sin Clasificación","Titular","Manuel Sebastian Castro Cabrera","Encargado"," ","Administrativos","Escala Atención Primaria de Salud Municipal","2008-05-01 00:00:00.0","1900-01-01 00:00:00.0"
"Chiguayante","Planta Titular","Sin Clasificación","Titular","Sonia Elia Gabriela Vasquez Enriquez","Profesional","7°","Profesionales","","2000-02-29 00:00:00.0","1900-01-01 00:00:00.0"
"Chiguayante","Planta Titular","Sin Clasificación","Titular","Luisa Monica Espinoza Cuadra","Encargado"," ","Profesionales","Escala Atención Primaria de Salud Municipal","2008-05-01 00:00:00.0","1900-01-01 00:00:00.0"
"Chiguayante","Planta Titular","Sin Clasificación","Titular","Maria Amelia Vasquez Romero","Técnico"," ","Contratados Sin Planta","Escala Atención Primaria de Salud Municipal","2011-01-01 00:00:00.0","1900-01-01 00:00:00.0"
"Chiguayante","Planta Titular","Sin Clasificación","Titular","Jose Fernando Mendez Escobar","Administrativo","13°","Administrativos","","1996-12-11 00:00:00.0","1900-01-01 00:00:00.0"
"Chiguayante","Planta Titular","Sin Clasificación","Titular","Nelly del Carmen Valencia Olate","Auxiliar de Servicios Menores"," ","Auxiliares","Escala Atención Primaria de Salud Municipal","2008-05-01 00:00:00.0","1900-01-01 00:00:00.0"
"Chiguayante","Planta Titular","Sin Clasificación","Titular","Juan Ignacio Alcaino Espinoza","Directivo","6°","Directivos","Escala Municipal","2012-05-02 00:00:00.0","1900-01-01 00:00:00.0"
"Chiguayante","Planta Titular","Sin Clasificación","Titular","Rolando Segundo Castro Araneda","Administrativo","15°","Administrativos","","1996-12-11 00:00:00.0","1900-01-01 00:00:00.0"
"Chiguayante","Planta Titular","Sin Clasificación","Titular","Maria Veronica Hernandez Teran","Jefe","10°","Personal Titular","Escala Municipal","2012-10-04 00:00:00.0","1900-01-01 00:00:00.0"
"Chiguayante","Planta Titular","Sin Clasificación","Titular","Nancy Nebbelys Ravest Castillo","Administrativo","14°","Administrativos","Escala Municipal","2010-11-13 00:00:00.0","1900-01-01 00:00:00.0"
"Chiguayante","Planta Titular","Sin Clasificación","Titular","Georgina Elvira Moya Leiva","Técnico","11°","Técnicos","Escala Municipal","2010-11-13 00:00:00.0","1900-01-01 00:00:00.0"
"Chiguayante","Planta Titular","Sin Clasificación","Titular","Gladys del Carmen Garcia Gutierrez","Técnico"," ","Contratados Sin Planta","Escala Atención Primaria de Salud Municipal","2011-01-01 00:00:00.0","1900-01-01 00:00:00.0"
"Chiguayante","Planta Titular","Sin Clasificación","Titular","Margot del Carmen Rivera Vallejos","Técnico","11°","Técnicos","Escala Municipal","2009-06-01 00:00:00.0","1900-01-01 00:00:00.0"
"Chiguayante","Planta Titular","Sin Clasificación","Titular","Milagros de Las Mercedes Sanhueza Gutierrez","Administrativo","16°","Administrativos","","2006-09-01 00:00:00.0","1900-01-01 00:00:00.0"
"Chiguayante","Planta Titular","Sin Clasificación","Titular","Jorge Bernabe Alarcon Becerra","Auxiliar","18°","Personal Titular","Escala Municipal","2012-12-04 00:00:00.0","1900-01-01 00:00:00.0"
"Chiguayante","Planta Titular","Sin Clasificación","Titular","Angelica del Carmen Henriquez Pacheco","Auxiliar"," ","Contratados Sin Planta","Afectos Al Código del Trabajo","2012-03-01 00:00:00.0","1900-01-01 00:00:00.0"
"Chiguayante","Planta Titular","Sin Clasificación","Titular","Rosa Maria Martinez Vidal","Administrativo","16°","Personal Titular","Escala Municipal","2012-10-04 00:00:00.0","1900-01-01 00:00:00.0"
"Chiguayante","Planta Titular","Sin Clasificación","Titular","Omar Ausfredo Spielmann Villa","Auxiliar de Servicios Menores","15°","Auxiliares","","2004-06-01 00:00:00.0","1900-01-01 00:00:00.0"
"Chiguayante","Planta Titular","Sin Clasificación","Titular","Hector Eduardo Gallegos Zuloaga","Estafeta"," ","Auxiliares","Escala Atención Primaria de Salud Municipal","2008-05-01 00:00:00.0","1900-01-01 00:00:00.0"
"Chiguayante","Planta Titular","Sin Clasificación","Titular","Jaime Hernán Bahamondes Cabrera","Asesor"," ","Profesionales","Escala Atención Primaria de Salud Municipal","2008-05-01 00:00:00.0","1900-01-01 00:00:00.0"
"Chiguayante","Planta Titular","Sin Clasificación","Titular","Juan Carlos Rothen Sandoval","Administrativo"," ","Contratados Sin Planta","Escala Atención Primaria de Salud Municipal","2008-05-01 00:00:00.0","1900-01-01 00:00:00.0"
"Chiguayante","Planta Titular","Sin Clasificación","Titular","Ulda Tany Daroch Rodriguez","Administrativo","15°","Administrativos","Escala Municipal","2010-11-13 00:00:00.0","1900-01-01 00:00:00.0"
"Chiguayante","Planta Titular","Sin Clasificación","Titular","Odette del Pilar Caba Lermanda","Técnico"," ","Contratados Sin Planta","Escala Atención Primaria de Salud Municipal","2010-01-01 00:00:00.0","1900-01-01 00:00:00.0"
"Chiguayante","Planta Titular","Sin Clasificación","Titular","Veronica Sandry Sepulveda Vallejos","Jefatura","8°","Jefaturas","Escala Municipal","2012-05-03 00:00:00.0","1900-01-01 00:00:00.0"
"Chiguayante","Planta Titular","Sin Clasificación","Titular","Jose Antonio Rivas Villalobos","Alcalde","4°","Alcaldes","Escala Municipal","2012-12-06 00:00:00.0","1900-01-01 00:00:00.0"
"Chiguayante","Planta Titular","Sin Clasificación","Titular","Jacqueline Ines Gourdet Canales","Auxiliar","16°","Personal Titular","Escala Municipal","2012-10-04 00:00:00.0","1900-01-01 00:00:00.0"
"Chiguayante","Planta Titular","Sin Clasificación","Titular","Jeannette Agustina Araneda Burgos","Docente"," ","Docente","Escala Profesionales de La Educación Llay 19.070)","2012-03-12 00:00:00.0","1900-01-01 00:00:00.0"
"Chiguayante","Planta Titular","Sin Clasificación","Titular","Viviana Balbina Marin Arriagada","Técnico"," ","Contratados Sin Planta","Escala Atención Primaria de Salud Municipal","2010-01-01 00:00:00.0","1900-01-01 00:00:00.0"
"Chiguayante","Planta Titular","Sin Clasificación","Titular","Angelina Maria Pereira Carrasco","Técnico"," ","Contratados Sin Planta","Escala Atención Primaria de Salud Municipal","2010-01-01 00:00:00.0","1900-01-01 00:00:00.0"
"Chiguayante","Planta Titular","Sin Clasificación","Titular","Mauricio Enrique Coloma Aravena","Encargado"," ","Administrativos","Escala Atención Primaria de Salud Municipal","2008-05-01 00:00:00.0","1900-01-01 00:00:00.0"
"Chiguayante","Planta Titular","Sin Clasificación","Titular","Jorge Leonardo Wong Barreda","Asesor","5°","Directivos","Escala Municipal","2012-12-07 00:00:00.0","1900-01-01 00:00:00.0"
"Chiguayante","Planta Titular","Sin Clasificación","Titular","Carlos Roberto Bobadilla Oliva","Auxiliar de Servicios Menores","15°","Auxiliares","","2004-09-17 00:00:00.0","1900-01-01 00:00:00.0"
"Chiguayante","Planta Titular","Sin Clasificación","Titular","Erix Robinson Lagos Martínez","Administrador","5°","Directivos","Escala Municipal","2012-12-07 00:00:00.0","1900-01-01 00:00:00.0"
"Chiguayante","Planta Titular","Sin Clasificación","Titular","Hugolina Elizabeth Sanhueza Fuentes","Encargado"," ","Profesionales","Escala Atención Primaria de Salud Municipal","2008-05-01 00:00:00.0","1900-01-01 00:00:00.0"
