"Comuna","Tipo de Contratación","Área","Calidad","Nombre","Cargo","Grado","Planta","Remuneración","Fecha desde","Fecha hasta"
"Chiguayante","Planta Titular","Salud","Titular","Monica Isabel Moraga Zambrano","Profesional","SIN INFORMACION","Profesionales Categoría B","Estatuto Atención Primaria de Salud Municipal  Ley N°19.378","2015-10-15 00:00:00.0","9999-12-31 00:00:00.0"
"Chiguayante","Planta Titular","Salud","Titular","Claudia del Rosario Cruces Mendoza","Técnico de Nivel Superior"," ","Técnicos","Estatuto Atención Primaria de Salud Municipal  Ley N°19.378","1998-01-01 00:00:00.0","1900-01-01 00:00:00.0"
"Chiguayante","Planta Titular","Salud","Titular","Paulette Geraldine Pierart Roa","Matrona"," ","Profesionales","Estatuto Atención Primaria de Salud Municipal  Ley N°19.378","1998-01-01 00:00:00.0","1900-01-01 00:00:00.0"
"Chiguayante","Planta Titular","Salud","Titular","Cecilia Ivonne Gonzalez Jara","Administrativo Crea de Salud","SIN INFORMACION","Administrativos de Salud Categoría E","Estatuto Atención Primaria de Salud Municipal  Ley N°19.378","2015-10-15 00:00:00.0","9999-12-31 00:00:00.0"
"Chiguayante","Planta Titular","Salud","Titular","Jessica Eugenia Cea Gallegos","Administrativo"," ","Administrativos","Estatuto Atención Primaria de Salud Municipal  Ley N°19.378","1998-01-01 00:00:00.0","1900-01-01 00:00:00.0"
"Chiguayante","Planta Titular","Salud","Titular","Osvaldo de La Cruz Rifo Torres","Auxiliar de Servicios"," ","Auxiliares","Estatuto Atención Primaria de Salud Municipal  Ley N°19.378","1998-01-01 00:00:00.0","1900-01-01 00:00:00.0"
"Chiguayante","Planta Titular","Salud","Titular","Nolfa Vidal Peña","Administrativo"," ","Administrativos","Estatuto Atención Primaria de Salud Municipal  Ley N°19.378","1998-01-01 00:00:00.0","1900-01-01 00:00:00.0"
"Chiguayante","Planta Titular","Salud","Titular","Hector Eliseo Sanchez Muñoz","Auxiliar de Servicio de Salud","SIN INFORMACION","Auxiliares de Servicios de Salud Categoría F","Estatuto Atención Primaria de Salud Municipal  Ley N°19.378","2015-10-15 00:00:00.0","9999-12-31 00:00:00.0"
"Chiguayante","Planta Titular","Salud","Titular","Veronica del Carmen Perez Valenzuela","Administrativo"," ","Administrativos","Estatuto Atención Primaria de Salud Municipal  Ley N°19.378","1998-01-01 00:00:00.0","1900-01-01 00:00:00.0"
"Chiguayante","Planta Titular","Salud","Titular","Glenda Soledad Pardo Veloso","Técnico de Salud","SIN INFORMACION","Técnicos de Nivel Superior Categoría C","Estatuto Atención Primaria de Salud Municipal  Ley N°19.378","2015-10-15 00:00:00.0","9999-12-31 00:00:00.0"
"Chiguayante","Planta Titular","Salud","Titular","Isabel del Carmen Zapata Jimenez","Técnico de Nivel Superior","SIN INFORMACION","Técnicos de Nivel Superior Categoría C","Estatuto Atención Primaria de Salud Municipal  Ley N°19.378","2015-10-15 00:00:00.0","9999-12-31 00:00:00.0"
"Chiguayante","Planta Titular","Salud","Titular","Ingrid Magdalena Figueroa Almendra","Profesional","SIN INFORMACION","Profesionales Categoría B","Estatuto Atención Primaria de Salud Municipal  Ley N°19.378","2015-10-15 00:00:00.0","9999-12-31 00:00:00.0"
"Chiguayante","Planta Titular","Salud","Titular","Lesli Pissila Fernandois Valderrama","Técnico de Nivel Superior"," ","Técnicos","Estatuto Atención Primaria de Salud Municipal  Ley N°19.378","1998-01-01 00:00:00.0","1900-01-01 00:00:00.0"
"Chiguayante","Planta Titular","Salud","Titular","Rodrigo Enrique Muñoz Baeza","Auxiliar de Servicios"," ","Auxiliares","Estatuto Atención Primaria de Salud Municipal  Ley N°19.378","1998-01-01 00:00:00.0","1900-01-01 00:00:00.0"
"Chiguayante","Planta Titular","Salud","Titular","Rose Marie Patricia Luza Zapata","Profesional","SIN INFORMACION","Profesionales Categoría B","Estatuto Atención Primaria de Salud Municipal  Ley N°19.378","2015-10-15 00:00:00.0","9999-12-31 00:00:00.0"
"Chiguayante","Planta Titular","Salud","Titular","Madanet Maria Angelica Figueroa Ormeño","Técnico"," ","Técnicos","Estatuto Atención Primaria de Salud Municipal  Ley N°19.378","1998-01-01 00:00:00.0","1900-01-01 00:00:00.0"
"Chiguayante","Planta Titular","Salud","Titular","Roxana Magdalena Henriquez Ormeño","Técnico de Nivel Superior","SIN INFORMACION","Técnicos de Nivel Superior Categoría C","Estatuto Atención Primaria de Salud Municipal  Ley N°19.378","2015-10-15 00:00:00.0","9999-12-31 00:00:00.0"
"Chiguayante","Planta Titular","Salud","Titular","Pricila Fabiola Espinoza Sepulveda","Técnico de Nivel Superior","SIN INFORMACION","Técnicos de Nivel Superior Categoría C","Estatuto Atención Primaria de Salud Municipal  Ley N°19.378","2015-10-15 00:00:00.0","9999-12-31 00:00:00.0"
"Chiguayante","Planta Titular","Salud","Titular","Marco Rolando Merino Robledo","Auxiliar de Servicios"," ","Auxiliares","Estatuto Atención Primaria de Salud Municipal  Ley N°19.378","1998-01-01 00:00:00.0","1900-01-01 00:00:00.0"
"Chiguayante","Planta Titular","Salud","Titular","Julio Porfidio Alarcon Saavedra","Técnico de Nivel Superior","SIN INFORMACION","Técnicos de Nivel Superior Categoría C","Estatuto Atención Primaria de Salud Municipal  Ley N°19.378","2015-10-15 00:00:00.0","9999-12-31 00:00:00.0"
"Chiguayante","Planta Titular","Salud","Titular","Monica Cecilia Orellana Sepulveda","Técnico de Salud","SIN INFORMACION","Técnicos de Nivel Superior Categoría C","Estatuto Atención Primaria de Salud Municipal  Ley N°19.378","2015-10-15 00:00:00.0","9999-12-31 00:00:00.0"
"Chiguayante","Planta Titular","Salud","Titular","Veronica Andrea Bruna Morales","Técnico de Nivel Superior"," ","Técnicos","Estatuto Atención Primaria de Salud Municipal  Ley N°19.378","1998-01-01 00:00:00.0","1900-01-01 00:00:00.0"
"Chiguayante","Planta Titular","Salud","Titular","Carlota Margarita Villanueva Sanchez","Técnico de Nivel Superior","SIN INFORMACION","Técnicos de Nivel Superior Categoría C","Estatuto Atención Primaria de Salud Municipal  Ley N°19.378","2015-10-15 00:00:00.0","9999-12-31 00:00:00.0"
"Chiguayante","Planta Titular","Salud","Titular","Dalila Angelica Sandoval Saavedra","Técnico de Salud","SIN INFORMACION","Técnicos de Nivel Superior Categoría C","Estatuto Atención Primaria de Salud Municipal  Ley N°19.378","2015-10-15 00:00:00.0","9999-12-31 00:00:00.0"
"Chiguayante","Planta Titular","Salud","Titular","Cecilia de Las Nieves Araneda Santander","Profesional","SIN INFORMACION","Profesionales Categoría B","Estatuto Atención Primaria de Salud Municipal  Ley N°19.378","2015-10-15 00:00:00.0","9999-12-31 00:00:00.0"
"Chiguayante","Planta Titular","Salud","Titular","Claudia Alejandra Arce Zemelman","Odontologo"," ","Profesionales","Estatuto Atención Primaria de Salud Municipal  Ley N°19.378","1998-01-01 00:00:00.0","1900-01-01 00:00:00.0"
"Chiguayante","Planta Titular","Salud","Titular","Carola Karina Gonzalez Quintana","Asistente Social"," ","Profesionales","Estatuto Atención Primaria de Salud Municipal  Ley N°19.378","1998-01-01 00:00:00.0","1900-01-01 00:00:00.0"
"Chiguayante","Planta Titular","Salud","Titular","David Alejandro Muñoz Quiroz","Técnico de Salud","SIN INFORMACION","Técnicos de Nivel Superior Categoría C","Estatuto Atención Primaria de Salud Municipal  Ley N°19.378","2015-10-15 00:00:00.0","9999-12-31 00:00:00.0"
"Chiguayante","Planta Titular","Salud","Titular","Gladys Margarita Contreras Belmar","Técnico de Nivel Superior"," ","Técnicos","Estatuto Atención Primaria de Salud Municipal  Ley N°19.378","1998-01-01 00:00:00.0","1900-01-01 00:00:00.0"
"Chiguayante","Planta Titular","Salud","Titular","Paola Andrea Corona Arriagada","Técnico de Nivel Superior","SIN INFORMACION","Técnicos de Nivel Superior Categoría C","Estatuto Atención Primaria de Salud Municipal  Ley N°19.378","2015-10-15 00:00:00.0","9999-12-31 00:00:00.0"
"Chiguayante","Planta Titular","Salud","Titular","Cecilia Magdalena Bustamante Bustamante","Técnico de Nivel Superior","SIN INFORMACION","Técnicos de Nivel Superior Categoría C","Estatuto Atención Primaria de Salud Municipal  Ley N°19.378","2015-10-15 00:00:00.0","9999-12-31 00:00:00.0"
"Chiguayante","Planta Titular","Salud","Titular","Orietta Paola Solari Diaz","Profesional","SIN INFORMACION","Profesionales Categoría B","Estatuto Atención Primaria de Salud Municipal  Ley N°19.378","2015-10-15 00:00:00.0","9999-12-31 00:00:00.0"
"Chiguayante","Planta Titular","Salud","Titular","Susana Isabel Villagran Cruzat","Profesional","SIN INFORMACION","Profesionales Categoría B","Estatuto Atención Primaria de Salud Municipal  Ley N°19.378","2015-10-15 00:00:00.0","9999-12-31 00:00:00.0"
"Chiguayante","Planta Titular","Salud","Titular","Jacqueline del Carmen Matus Carrasco","Técnico de Nivel Superior","SIN INFORMACION","Técnicos de Nivel Superior Categoría C","Estatuto Atención Primaria de Salud Municipal  Ley N°19.378","2015-10-15 00:00:00.0","9999-12-31 00:00:00.0"
"Chiguayante","Planta Titular","Salud","Titular","Sandra Priscila Rioseco Gallardo","Profesional","SIN INFORMACION","Profesionales Categoría B","Estatuto Atención Primaria de Salud Municipal  Ley N°19.378","2015-10-15 00:00:00.0","9999-12-31 00:00:00.0"
"Chiguayante","Planta Titular","Salud","Titular","Teresa Victoria Campos Campos","Profesional","SIN INFORMACION","Profesionales Categoría B","Estatuto Atención Primaria de Salud Municipal  Ley N°19.378","2015-10-15 00:00:00.0","9999-12-31 00:00:00.0"
"Chiguayante","Planta Titular","Salud","Titular","Veronica Lucia Soto Jara","Técnico de Salud","SIN INFORMACION","Técnicos de Nivel Superior Categoría C","Estatuto Atención Primaria de Salud Municipal  Ley N°19.378","2015-10-15 00:00:00.0","9999-12-31 00:00:00.0"
"Chiguayante","Planta Titular","Salud","Titular","Elisa Pilar Silva Henriquez","Profesional","SIN INFORMACION","Profesionales Categoría B","Estatuto Atención Primaria de Salud Municipal  Ley N°19.378","2015-10-15 00:00:00.0","9999-12-31 00:00:00.0"
"Chiguayante","Planta Titular","Salud","Titular","Marcia Andrea Medina Pizarro","Profesional","SIN INFORMACION","Profesionales Categoría B","Estatuto Atención Primaria de Salud Municipal  Ley N°19.378","2015-10-15 00:00:00.0","9999-12-31 00:00:00.0"
"Chiguayante","Planta Titular","Salud","Titular","Silvia Soledad Muñoz Reyes","Profesional","SIN INFORMACION","Profesionales Categoría A","Estatuto Atención Primaria de Salud Municipal  Ley N°19.378","2015-10-15 00:00:00.0","9999-12-31 00:00:00.0"
"Chiguayante","Planta Titular","Salud","Titular","Ana Maria Perez Ballesta","Profesional","SIN INFORMACION","Profesionales Categoría B","Estatuto Atención Primaria de Salud Municipal  Ley N°19.378","2015-10-15 00:00:00.0","9999-12-31 00:00:00.0"
"Chiguayante","Planta Titular","Salud","Titular","Magaly de Las Nieves Correa Aguayo","Administrativo Crea de Salud","SIN INFORMACION","Administrativos de Salud Categoría E","Estatuto Atención Primaria de Salud Municipal  Ley N°19.378","2015-10-15 00:00:00.0","9999-12-31 00:00:00.0"
"Chiguayante","Planta Titular","Salud","Titular","Jorge Andres Salinas Becerra","Profesional","SIN INFORMACION","Profesionales Categoría A","Estatuto Atención Primaria de Salud Municipal  Ley N°19.378","2015-10-15 00:00:00.0","9999-12-31 00:00:00.0"
"Chiguayante","Planta Titular","Salud","Titular","Ximena Soledad Carrillo Rodriguez","Auxiliar de Servicio de Salud","SIN INFORMACION","Auxiliares de Servicios de Salud Categoría F","Estatuto Atención Primaria de Salud Municipal  Ley N°19.378","2015-10-15 00:00:00.0","9999-12-31 00:00:00.0"
"Chiguayante","Planta Titular","Salud","Titular","Carolina Pilar Gajardo Becerra","Profesional","SIN INFORMACION","Profesionales Categoría B","Estatuto Atención Primaria de Salud Municipal  Ley N°19.378","2015-10-15 00:00:00.0","9999-12-31 00:00:00.0"
"Chiguayante","Planta Titular","Salud","Titular","Ximena Alejandra Catalan Inostroza","Profesional","SIN INFORMACION","Profesionales Categoría B","Estatuto Atención Primaria de Salud Municipal  Ley N°19.378","2015-10-15 00:00:00.0","9999-12-31 00:00:00.0"
"Chiguayante","Planta Titular","Salud","Titular","Susana Beatriz Vega Tejo","Técnico de Nivel Superior","SIN INFORMACION","Técnicos de Nivel Superior Categoría C","Estatuto Atención Primaria de Salud Municipal  Ley N°19.378","2015-10-15 00:00:00.0","9999-12-31 00:00:00.0"
"Chiguayante","Planta Titular","Salud","Titular","Dennis Janson San Martin Salinas","Administrativo Crea de Salud","SIN INFORMACION","Técnicos de Salud Categoría D","Estatuto Atención Primaria de Salud Municipal  Ley N°19.378","2015-10-15 00:00:00.0","9999-12-31 00:00:00.0"
"Chiguayante","Planta Titular","Salud","Titular","Luis Patricio Muñoz Cartes","Administrativo Crea de Salud","SIN INFORMACION","Administrativos de Salud Categoría E","Estatuto Atención Primaria de Salud Municipal  Ley N°19.378","2015-10-15 00:00:00.0","9999-12-31 00:00:00.0"
"Chiguayante","Planta Titular","Salud","Titular","Noelia Elizabeth Barra Flores","Técnico de Nivel Superior","SIN INFORMACION","Técnicos de Nivel Superior Categoría C","Estatuto Atención Primaria de Salud Municipal  Ley N°19.378","2015-10-15 00:00:00.0","9999-12-31 00:00:00.0"
"Chiguayante","Planta Titular","Salud","Titular","Claudia Andrea Paez Stuardo","Profesional","SIN INFORMACION","Profesionales Categoría B","Estatuto Atención Primaria de Salud Municipal  Ley N°19.378","2015-10-15 00:00:00.0","9999-12-31 00:00:00.0"
"Chiguayante","Planta Titular","Salud","Titular","Fernanda Estela Peña Gomez","Técnico de Nivel Superior","SIN INFORMACION","Técnicos de Nivel Superior Categoría C","Estatuto Atención Primaria de Salud Municipal  Ley N°19.378","2015-10-15 00:00:00.0","9999-12-31 00:00:00.0"
"Chiguayante","Planta Titular","Salud","Titular","Karina Paola Araneda Cabrera","Técnico de Salud","SIN INFORMACION","Técnicos de Nivel Superior Categoría C","Estatuto Atención Primaria de Salud Municipal  Ley N°19.378","2015-10-15 00:00:00.0","9999-12-31 00:00:00.0"
"Chiguayante","Planta Titular","Salud","Titular","Jessica Magdalena Garcia Henriquez","Administrativo Crea de Salud","SIN INFORMACION","Administrativos de Salud Categoría E","Estatuto Atención Primaria de Salud Municipal  Ley N°19.378","2015-10-15 00:00:00.0","9999-12-31 00:00:00.0"
"Chiguayante","Planta Titular","Salud","Titular","Nelida Carolina Cartes  Herrera","Auxiliar de Servicio de Salud","SIN INFORMACION","Auxiliares de Servicios de Salud Categoría F","Estatuto Atención Primaria de Salud Municipal  Ley N°19.378","2015-10-15 00:00:00.0","9999-12-31 00:00:00.0"
"Chiguayante","Planta Titular","Salud","Titular","Ana Adela Ritz Ovalle","Profesional","SIN INFORMACION","Profesionales Categoría B","Estatuto Atención Primaria de Salud Municipal  Ley N°19.378","2015-10-15 00:00:00.0","9999-12-31 00:00:00.0"
"Chiguayante","Planta Titular","Salud","Titular","Claudia Elizabeth Troncoso Valdebenito","Profesional","SIN INFORMACION","Profesionales Categoría B","Estatuto Atención Primaria de Salud Municipal  Ley N°19.378","2015-10-15 00:00:00.0","9999-12-31 00:00:00.0"
"Chiguayante","Planta Titular","Salud","Titular","Luis Marco Gonzalo Valencia Sepulveda","Auxiliar de Servicio de Salud","SIN INFORMACION","Auxiliares de Servicios de Salud Categoría F","Estatuto Atención Primaria de Salud Municipal  Ley N°19.378","2015-10-15 00:00:00.0","9999-12-31 00:00:00.0"
"Chiguayante","Planta Titular","Salud","Titular","Sylvia Alejandra Sanhueza Hetzler","Técnico de Nivel Superior","SIN INFORMACION","Técnicos de Nivel Superior Categoría C","Estatuto Atención Primaria de Salud Municipal  Ley N°19.378","2015-10-15 00:00:00.0","9999-12-31 00:00:00.0"
"Chiguayante","Planta Titular","Salud","Titular","Juan Carlos Suazo Ruiz","Técnico de Nivel Superior","SIN INFORMACION","Técnicos de Nivel Superior Categoría C","Estatuto Atención Primaria de Salud Municipal  Ley N°19.378","2015-10-15 00:00:00.0","9999-12-31 00:00:00.0"
"Chiguayante","Planta Titular","Salud","Titular","Linda Carin Cruz Ramos","Técnico de Nivel Superior","SIN INFORMACION","Técnicos de Nivel Superior Categoría C","Estatuto Atención Primaria de Salud Municipal  Ley N°19.378","2015-10-15 00:00:00.0","9999-12-31 00:00:00.0"
"Chiguayante","Planta Titular","Salud","Titular","Andrea Elcira Villalobos Rivera","Técnico de Nivel Superior","SIN INFORMACION","Técnicos de Nivel Superior Categoría C","Estatuto Atención Primaria de Salud Municipal  Ley N°19.378","2015-10-15 00:00:00.0","9999-12-31 00:00:00.0"
"Chiguayante","Planta Titular","Salud","Titular","José Luis Segura Muñoz","Auxiliar de Servicio de Salud","SIN INFORMACION","Auxiliares de Servicios de Salud Categoría F","Estatuto Atención Primaria de Salud Municipal  Ley N°19.378","2015-10-15 00:00:00.0","1900-01-01 00:00:00.0"
"Chiguayante","Planta Titular","Salud","Titular","Belkis Pentecilea Contreras Beltran","Profesional","SIN INFORMACION","Profesionales Categoría B","Estatuto Atención Primaria de Salud Municipal  Ley N°19.378","2015-10-15 00:00:00.0","9999-12-31 00:00:00.0"
"Chiguayante","Planta Titular","Salud","Titular","Luis Manuel Pino Valenzuela","Auxiliar de Servicio de Salud","SIN INFORMACION","Auxiliares de Servicios de Salud Categoría F","Estatuto Atención Primaria de Salud Municipal  Ley N°19.378","2015-10-15 00:00:00.0","9999-12-31 00:00:00.0"
"Chiguayante","Planta Titular","Salud","Titular","Cecilia Andrea Borlando Varela","Profesional","SIN INFORMACION","Profesionales Categoría A","Estatuto Atención Primaria de Salud Municipal  Ley N°19.378","2015-10-15 00:00:00.0","9999-12-31 00:00:00.0"
"Chiguayante","Planta Titular","Salud","Titular","Laura Ximena Gaete Carrasco","Profesional","SIN INFORMACION","Profesionales Categoría B","Estatuto Atención Primaria de Salud Municipal  Ley N°19.378","2015-10-15 00:00:00.0","9999-12-31 00:00:00.0"
"Chiguayante","Planta Titular","Salud","Titular","Henns Harald Gonzalez Espinoza","Técnico de Nivel Superior","SIN INFORMACION","Técnicos de Nivel Superior Categoría C","Estatuto Atención Primaria de Salud Municipal  Ley N°19.378","2015-10-15 00:00:00.0","9999-12-31 00:00:00.0"
"Chiguayante","Planta Titular","Salud","Titular","Eliana Amalia Gomez Pereira","Administrativo Crea de Salud","SIN INFORMACION","Técnicos de Nivel Superior Categoría C","Estatuto Atención Primaria de Salud Municipal  Ley N°19.378","2015-10-15 00:00:00.0","9999-12-31 00:00:00.0"
"Chiguayante","Planta Titular","Salud","Titular","Pablo Daniel Alarcon Hermida","Profesional","SIN INFORMACION","Profesionales Categoría B","Estatuto Atención Primaria de Salud Municipal  Ley N°19.378","2015-10-15 00:00:00.0","9999-12-31 00:00:00.0"
"Chiguayante","Planta Titular","Salud","Titular","Viviana Lorena Valdes Bovet","Técnico de Nivel Superior","SIN INFORMACION","Técnicos de Nivel Superior Categoría C","Estatuto Atención Primaria de Salud Municipal  Ley N°19.378","2015-10-15 00:00:00.0","9999-12-31 00:00:00.0"
"Chiguayante","Planta Titular","Salud","Titular","Andrea del Carmen Luengo Oñate","Técnico de Nivel Superior","SIN INFORMACION","Técnicos de Nivel Superior Categoría C","Estatuto Atención Primaria de Salud Municipal  Ley N°19.378","2015-10-15 00:00:00.0","9999-12-31 00:00:00.0"
"Chiguayante","Planta Titular","Salud","Titular","Uberlinda de Las Mercedes Lobos Cubillos","Técnico de Nivel Superior","SIN INFORMACION","Técnicos de Nivel Superior Categoría C","Estatuto Atención Primaria de Salud Municipal  Ley N°19.378","2015-10-15 00:00:00.0","9999-12-31 00:00:00.0"
"Chiguayante","Planta Titular","Salud","Titular","Ingrid Pamela Sanchez Villegas","Técnico de Nivel Superior","SIN INFORMACION","Técnicos de Nivel Superior Categoría C","Estatuto Atención Primaria de Salud Municipal  Ley N°19.378","2015-10-15 00:00:00.0","9999-12-31 00:00:00.0"
"Chiguayante","Planta Titular","Salud","Titular","Maria Andrea Sanchez Zapata","Técnico de Nivel Superior","SIN INFORMACION","Técnicos de Nivel Superior Categoría C","Estatuto Atención Primaria de Salud Municipal  Ley N°19.378","2015-10-15 00:00:00.0","9999-12-31 00:00:00.0"
"Chiguayante","Planta Titular","Salud","Titular","Marcela Patricia Alarcon Vera","Administrativo Crea de Salud","SIN INFORMACION","Profesionales Categoría A","Estatuto Atención Primaria de Salud Municipal  Ley N°19.378","2015-10-15 00:00:00.0","9999-12-31 00:00:00.0"
"Chiguayante","Planta Titular","Salud","Titular","Luis Huberto Cane Bravo","Técnico de Nivel Superior","SIN INFORMACION","Técnicos de Nivel Superior Categoría C","Estatuto Atención Primaria de Salud Municipal  Ley N°19.378","2015-10-15 00:00:00.0","9999-12-31 00:00:00.0"
"Chiguayante","Planta Titular","Salud","Titular","Cristian Alvaro Campos Parra","Profesional","SIN INFORMACION","Profesionales Categoría A","Estatuto Atención Primaria de Salud Municipal  Ley N°19.378","2015-10-15 00:00:00.0","9999-12-31 00:00:00.0"
"Chiguayante","Planta Titular","Salud","Titular","Marie Christel Schweitzer Cadegan","Profesional","SIN INFORMACION","Profesionales Categoría B","Estatuto Atención Primaria de Salud Municipal  Ley N°19.378","2015-10-15 00:00:00.0","9999-12-31 00:00:00.0"
"Chiguayante","Planta Titular","Salud","Titular","Karen Andrea Garcia Arriagada","Profesional","SIN INFORMACION","Profesionales Categoría B","Estatuto Atención Primaria de Salud Municipal  Ley N°19.378","2015-10-15 00:00:00.0","9999-12-31 00:00:00.0"
"Chiguayante","Planta Titular","Salud","Titular","Marlen Magdalena Riffo Aguayo","Profesional","SIN INFORMACION","Profesionales Categoría A","Estatuto Atención Primaria de Salud Municipal  Ley N°19.378","2015-10-15 00:00:00.0","9999-12-31 00:00:00.0"
"Chiguayante","Planta Titular","Salud","Titular","Angelica del Carmen Briones Lopez","Profesional","SIN INFORMACION","Profesionales Categoría B","Estatuto Atención Primaria de Salud Municipal  Ley N°19.378","2015-10-15 00:00:00.0","9999-12-31 00:00:00.0"
"Chiguayante","Planta Titular","Salud","Titular","Ingrid Pamela Collipal Osses","Profesional","SIN INFORMACION","Profesionales Categoría B","Estatuto Atención Primaria de Salud Municipal  Ley N°19.378","2015-10-15 00:00:00.0","9999-12-31 00:00:00.0"
"Chiguayante","Planta Titular","Salud","Titular","Jose Alberto Albornoz Rabanal","Técnico de Nivel Superior","SIN INFORMACION","Técnicos de Nivel Superior Categoría C","Estatuto Atención Primaria de Salud Municipal  Ley N°19.378","2015-10-15 00:00:00.0","9999-12-31 00:00:00.0"
"Chiguayante","Planta Titular","Salud","Titular","Alma Luisa Ciorba Veloso","Profesional","SIN INFORMACION","Profesionales Categoría B","Estatuto Atención Primaria de Salud Municipal  Ley N°19.378","2015-10-15 00:00:00.0","9999-12-31 00:00:00.0"
"Chiguayante","Planta Titular","Salud","Titular","Maria Elena Villa Sepulveda","Profesional","SIN INFORMACION","Profesionales Categoría B","Estatuto Atención Primaria de Salud Municipal  Ley N°19.378","2015-10-15 00:00:00.0","9999-12-31 00:00:00.0"
"Chiguayante","Planta Titular","Salud","Titular","Maria Gabriela Espinoza Sotomayor","Técnico de Nivel Superior","SIN INFORMACION","Técnicos de Nivel Superior Categoría C","Estatuto Atención Primaria de Salud Municipal  Ley N°19.378","2015-10-15 00:00:00.0","9999-12-31 00:00:00.0"
"Chiguayante","Planta Titular","Salud","Titular","Patricio Edgardo Gonzalez Paredes","Profesional","SIN INFORMACION","Profesionales Categoría B","Estatuto Atención Primaria de Salud Municipal  Ley N°19.378","2015-10-15 00:00:00.0","9999-12-31 00:00:00.0"
"Chiguayante","Planta Titular","Salud","Titular","Oscar Marcial Alcazar Retamal","Técnico de Nivel Superior","SIN INFORMACION","Técnicos de Nivel Superior Categoría C","Estatuto Atención Primaria de Salud Municipal  Ley N°19.378","2015-10-15 00:00:00.0","9999-12-31 00:00:00.0"
"Chiguayante","Planta Titular","Salud","Titular","Erika Margot Gacitua Riquelme","Técnico de Nivel Superior","SIN INFORMACION","Técnicos de Nivel Superior Categoría C","Estatuto Atención Primaria de Salud Municipal  Ley N°19.378","2015-10-15 00:00:00.0","9999-12-31 00:00:00.0"
"Chiguayante","Planta Titular","Salud","Titular","Natalia Fernanda Campos Castillo","Administrativo Crea de Salud","SIN INFORMACION","Administrativos de Salud Categoría E","Estatuto Atención Primaria de Salud Municipal  Ley N°19.378","2015-10-15 00:00:00.0","9999-12-31 00:00:00.0"
"Chiguayante","Planta Titular","Salud","Titular","Bernarda Filomena Flores Fonseca","Técnico de Nivel Superior","SIN INFORMACION","Técnicos de Nivel Superior Categoría C","Estatuto Atención Primaria de Salud Municipal  Ley N°19.378","2015-10-15 00:00:00.0","9999-12-31 00:00:00.0"
"Chiguayante","Planta Titular","Salud","Titular","Karina Olivia Villegas Arroyo","Profesional","SIN INFORMACION","Profesionales Categoría B","Estatuto Atención Primaria de Salud Municipal  Ley N°19.378","2015-10-15 00:00:00.0","9999-12-31 00:00:00.0"
"Chiguayante","Planta Titular","Salud","Titular","Elda Lucinda Barra Flores","Administrativo Crea de Salud","SIN INFORMACION","Administrativos de Salud Categoría E","Estatuto Atención Primaria de Salud Municipal  Ley N°19.378","2015-10-15 00:00:00.0","9999-12-31 00:00:00.0"
"Chiguayante","Planta Titular","Salud","Titular","Hector Edgardo Quezada Sanchez","Administrativo Crea de Salud","SIN INFORMACION","Administrativos de Salud Categoría E","Estatuto Atención Primaria de Salud Municipal  Ley N°19.378","2015-10-15 00:00:00.0","9999-12-31 00:00:00.0"
"Chiguayante","Planta Titular","Salud","Titular","Gloria del Carmen Proboste Fonseca","Técnico de Nivel Superior","SIN INFORMACION","Técnicos de Nivel Superior Categoría C","Estatuto Atención Primaria de Salud Municipal  Ley N°19.378","2015-10-15 00:00:00.0","9999-12-31 00:00:00.0"
"Chiguayante","Planta Titular","Salud","Titular","Sandra Patricia Velasquez Contreras","Técnico de Nivel Superior","SIN INFORMACION","Técnicos de Nivel Superior Categoría C","Estatuto Atención Primaria de Salud Municipal  Ley N°19.378","2015-10-15 00:00:00.0","9999-12-31 00:00:00.0"
"Chiguayante","Planta Titular","Salud","Titular","Sofia Ester Bravo Saez","Técnico de Nivel Superior","SIN INFORMACION","Técnicos de Nivel Superior Categoría C","Estatuto Atención Primaria de Salud Municipal  Ley N°19.378","2015-10-15 00:00:00.0","9999-12-31 00:00:00.0"
"Chiguayante","Planta Titular","Salud","Titular","Angela Marisol Diaz Vargas","Técnico de Nivel Superior","SIN INFORMACION","Técnicos de Nivel Superior Categoría C","Estatuto Atención Primaria de Salud Municipal  Ley N°19.378","2015-10-15 00:00:00.0","9999-12-31 00:00:00.0"
"Chiguayante","Planta Titular","Salud","Titular","Mauricio Sigfrido Vilo Araneda","Profesional","SIN INFORMACION","Profesionales Categoría B","Estatuto Atención Primaria de Salud Municipal  Ley N°19.378","2015-10-15 00:00:00.0","9999-12-31 00:00:00.0"
"Chiguayante","Planta Titular","Salud","Titular","Priscila Angelica Uribe Valencia","Profesional","SIN INFORMACION","Profesionales Categoría B","Estatuto Atención Primaria de Salud Municipal  Ley N°19.378","2015-10-15 00:00:00.0","9999-12-31 00:00:00.0"
"Chiguayante","Planta Titular","Salud","Titular","Marta Elizabeth Muñoz Herrera","Profesional","SIN INFORMACION","Profesionales Categoría B","Estatuto Atención Primaria de Salud Municipal  Ley N°19.378","2015-10-15 00:00:00.0","9999-12-31 00:00:00.0"
"Chiguayante","Planta Titular","Salud","Titular","Roberto Alejandro Galaz Umaña","Profesional","SIN INFORMACION","Profesionales Categoría B","Estatuto Atención Primaria de Salud Municipal  Ley N°19.378","2015-10-15 00:00:00.0","9999-12-31 00:00:00.0"
"Chiguayante","Planta Titular","Salud","Titular","Cristhian Leonardo Baltierra Suazo","Profesional","SIN INFORMACION","Profesionales Categoría A","Estatuto Atención Primaria de Salud Municipal  Ley N°19.378","2015-10-15 00:00:00.0","9999-12-31 00:00:00.0"
"Chiguayante","Planta Titular","Salud","Titular","Gustavo Felipe Pineda Soto","Profesional","SIN INFORMACION","Profesionales Categoría B","Estatuto Atención Primaria de Salud Municipal  Ley N°19.378","2015-10-15 00:00:00.0","9999-12-31 00:00:00.0"
"Chiguayante","Planta Titular","Salud","Titular","Paola   Andrea  Figueroa Gutierrez","Técnico de Nivel Superior","SIN INFORMACION","Técnicos de Nivel Superior Categoría C","Estatuto Atención Primaria de Salud Municipal  Ley N°19.378","2015-10-15 00:00:00.0","9999-12-31 00:00:00.0"
"Chiguayante","Planta Titular","Salud","Titular","Andrea Vanessa Sepulveda Ciriza","Técnico de Nivel Superior","SIN INFORMACION","Técnicos de Nivel Superior Categoría C","Estatuto Atención Primaria de Salud Municipal  Ley N°19.378","2015-10-15 00:00:00.0","9999-12-31 00:00:00.0"
"Chiguayante","Planta Titular","Salud","Titular","Margarita Eugenia Matus Carrasco","Técnico de Nivel Superior","SIN INFORMACION","Técnicos de Nivel Superior Categoría C","Estatuto Atención Primaria de Salud Municipal  Ley N°19.378","2015-10-15 00:00:00.0","9999-12-31 00:00:00.0"
"Chiguayante","Planta Titular","Salud","Titular","Ana Gloria Maria Saavedra Ramirez","Profesional","SIN INFORMACION","Profesionales Categoría B","Estatuto Atención Primaria de Salud Municipal  Ley N°19.378","2015-10-15 00:00:00.0","9999-12-31 00:00:00.0"
"Chiguayante","Planta Titular","Salud","Titular","Angelina Ivonne Ocampo Carmona","Técnico de Nivel Superior","SIN INFORMACION","Técnicos de Nivel Superior Categoría C","Estatuto Atención Primaria de Salud Municipal  Ley N°19.378","2015-10-15 00:00:00.0","9999-12-31 00:00:00.0"
"Chiguayante","Planta Titular","Salud","Titular","Giannina Goretty Muñoz Saavedra","Técnico de Nivel Superior","SIN INFORMACION","Técnicos de Nivel Superior Categoría C","Estatuto Atención Primaria de Salud Municipal  Ley N°19.378","2015-10-15 00:00:00.0","9999-12-31 00:00:00.0"
"Chiguayante","Planta Titular","Salud","Titular","Lissette Fernanda Mendoza Huenopil","Administrativo Crea de Salud","SIN INFORMACION","Administrativos de Salud Categoría E","Estatuto Atención Primaria de Salud Municipal  Ley N°19.378","2015-10-15 00:00:00.0","9999-12-31 00:00:00.0"
"Chiguayante","Planta Titular","Salud","Titular","Susana Noemi Cartes Lopez","Técnico de Nivel Superior","SIN INFORMACION","Técnicos de Nivel Superior Categoría C","Estatuto Atención Primaria de Salud Municipal  Ley N°19.378","2015-10-15 00:00:00.0","9999-12-31 00:00:00.0"
"Chiguayante","Planta Titular","Salud","Titular","Natalia Andrea Caba Luna","Técnico de Nivel Superior","SIN INFORMACION","Técnicos de Nivel Superior Categoría C","Estatuto Atención Primaria de Salud Municipal  Ley N°19.378","2015-10-15 00:00:00.0","9999-12-31 00:00:00.0"
"Chiguayante","Planta Titular","Salud","Titular","Paulina Andrea Poblete Cabrera","Técnico de Nivel Superior","SIN INFORMACION","Técnicos de Nivel Superior Categoría C","Estatuto Atención Primaria de Salud Municipal  Ley N°19.378","2015-10-15 00:00:00.0","9999-12-31 00:00:00.0"
"Chiguayante","Planta Titular","Salud","Titular","Marcia Gisselle Jara Reyes","Técnico de Nivel Superior","SIN INFORMACION","Técnicos de Nivel Superior Categoría C","Estatuto Atención Primaria de Salud Municipal  Ley N°19.378","2015-10-15 00:00:00.0","9999-12-31 00:00:00.0"
"Chiguayante","Planta Titular","Salud","Titular","Stephanie Catherine Novoa Sanzana","Profesional","SIN INFORMACION","Profesionales Categoría B","Estatuto Atención Primaria de Salud Municipal  Ley N°19.378","2015-10-15 00:00:00.0","9999-12-31 00:00:00.0"
"Chiguayante","Planta Titular","Salud","Titular","Carolina Andrea Pedraza Muñoz","Profesional","SIN INFORMACION","Profesionales Categoría B","Estatuto Atención Primaria de Salud Municipal  Ley N°19.378","2015-10-15 00:00:00.0","9999-12-31 00:00:00.0"
"Chiguayante","Planta Titular","Salud","Titular","Paula Jocelyn del Carmen Contreras Arriagada","Técnico de Nivel Superior","SIN INFORMACION","Técnicos de Nivel Superior Categoría C","Estatuto Atención Primaria de Salud Municipal  Ley N°19.378","2015-10-15 00:00:00.0","9999-12-31 00:00:00.0"
"Chiguayante","Planta Titular","Salud","Titular","David Andrés Escobar Muñoz","Técnico de Nivel Superior","SIN INFORMACION","Técnicos de Nivel Superior Categoría C","Estatuto Atención Primaria de Salud Municipal  Ley N°19.378","2015-10-15 00:00:00.0","9999-12-31 00:00:00.0"
"Chiguayante","Planta Titular","Salud","Titular","Paulina Natalie Marquez Vargas","Técnico de Nivel Superior","SIN INFORMACION","Técnicos de Nivel Superior Categoría C","Estatuto Atención Primaria de Salud Municipal  Ley N°19.378","2015-10-15 00:00:00.0","9999-12-31 00:00:00.0"
"Chiguayante","Planta Titular","Salud","Titular","Daniela   Fernanda  Ceballos Millan","Profesional","SIN INFORMACION","Profesionales Categoría B","Estatuto Atención Primaria de Salud Municipal  Ley N°19.378","2015-10-15 00:00:00.0","9999-12-31 00:00:00.0"
"Chiguayante","Planta Titular","Salud","Titular","Karen Valeria Peñailillo Salinas","Técnico de Nivel Superior","SIN INFORMACION","Técnicos de Nivel Superior Categoría C","Estatuto Atención Primaria de Salud Municipal  Ley N°19.378","2015-10-15 00:00:00.0","9999-12-31 00:00:00.0"
"Chiguayante","Planta Titular","Salud","Titular","Cinthya Renne Campos Castillo","Técnico de Nivel Superior","SIN INFORMACION","Técnicos de Nivel Superior Categoría C","Estatuto Atención Primaria de Salud Municipal  Ley N°19.378","2015-10-15 00:00:00.0","9999-12-31 00:00:00.0"
"Chiguayante","Planta Titular","Salud","Titular","Evelyn Roxana Vejar Concha","Técnico de Salud","SIN INFORMACION","Técnicos de Nivel Superior Categoría C","Estatuto Atención Primaria de Salud Municipal  Ley N°19.378","2015-10-15 00:00:00.0","9999-12-31 00:00:00.0"
"Chiguayante","Planta Titular","Salud","Titular","Javiera Alejandra Escobar Reyes","Profesional","SIN INFORMACION","Profesionales Categoría A","Estatuto Atención Primaria de Salud Municipal  Ley N°19.378","2015-10-15 00:00:00.0","9999-12-31 00:00:00.0"
"Chiguayante","Planta Titular","Salud","Titular","Massiel Elizabeth Carrasco Velasquez","Técnico de Salud","SIN INFORMACION","Técnicos de Nivel Superior Categoría C","Estatuto Atención Primaria de Salud Municipal  Ley N°19.378","2015-10-15 00:00:00.0","9999-12-31 00:00:00.0"
"Chiguayante","Planta Titular","Salud","Titular","Jeniffer Andrea Fernandez Cabas","Administrativo Crea de Salud","SIN INFORMACION","Técnicos de Nivel Superior Categoría C","Estatuto Atención Primaria de Salud Municipal  Ley N°19.378","2015-10-15 00:00:00.0","9999-12-31 00:00:00.0"
"Chiguayante","Planta Titular","Salud","Titular","Nathalie Patricia Belmonte Oyarce","Técnico de Nivel Superior","SIN INFORMACION","Técnicos de Nivel Superior Categoría C","Estatuto Atención Primaria de Salud Municipal  Ley N°19.378","2015-10-15 00:00:00.0","9999-12-31 00:00:00.0"
"Chiguayante","Planta Titular","Salud","Titular","Lisette Romina Jofre Fernandez","Técnico de Salud","SIN INFORMACION","Técnicos de Nivel Superior Categoría C","Estatuto Atención Primaria de Salud Municipal  Ley N°19.378","2015-10-15 00:00:00.0","9999-12-31 00:00:00.0"
"Chiguayante","Planta Titular","Salud","Titular","Evelyn Sandra Sepulveda Urra","Técnico de Nivel Superior","SIN INFORMACION","Técnicos de Nivel Superior Categoría C","Estatuto Atención Primaria de Salud Municipal  Ley N°19.378","2015-10-15 00:00:00.0","9999-12-31 00:00:00.0"
"Chiguayante","Planta Titular","Salud","Titular","Natalia Elena Vidal Valderrama","Técnico de Nivel Superior","SIN INFORMACION","Técnicos de Nivel Superior Categoría C","Estatuto Atención Primaria de Salud Municipal  Ley N°19.378","2015-10-15 00:00:00.0","9999-12-31 00:00:00.0"
"Chiguayante","Planta Titular","Salud","Titular","Marcelo Fabian Burgos Hinojosa","Técnico de Nivel Superior","SIN INFORMACION","Técnicos de Nivel Superior Categoría C","Estatuto Atención Primaria de Salud Municipal  Ley N°19.378","2015-10-15 00:00:00.0","9999-12-31 00:00:00.0"
"Chiguayante","Planta Titular","Salud","Titular","Maria Angelica Becerra Perez","Técnico de Nivel Superior","SIN INFORMACION","Técnicos de Nivel Superior Categoría C","Estatuto Atención Primaria de Salud Municipal  Ley N°19.378","2015-10-15 00:00:00.0","9999-12-31 00:00:00.0"
"Chiguayante","Planta Titular","Salud","Titular","Gysleen Edith Burgos Cifuentes","Técnico de Nivel Superior","SIN INFORMACION","Técnicos de Nivel Superior Categoría C","Estatuto Atención Primaria de Salud Municipal  Ley N°19.378","2015-10-15 00:00:00.0","9999-12-31 00:00:00.0"
"Chiguayante","Planta Titular","Salud","Titular","Paula Antonella Villaroel Ormazabal","Técnico de Nivel Superior","SIN INFORMACION","Técnicos de Nivel Superior Categoría C","Estatuto Atención Primaria de Salud Municipal  Ley N°19.378","2015-10-15 00:00:00.0","9999-12-31 00:00:00.0"
"Chiguayante","Planta Titular","Salud","Titular","Francisco Javier Ulloa Ortiz","Técnico de Nivel Superior","SIN INFORMACION","Técnicos de Nivel Superior Categoría C","Estatuto Atención Primaria de Salud Municipal  Ley N°19.378","2015-10-15 00:00:00.0","9999-12-31 00:00:00.0"
"Chiguayante","Planta Titular","Salud","Titular","Gloria Andrea Bustos Rivera","Técnico de Nivel Superior","SIN INFORMACION","Técnicos de Nivel Superior Categoría C","Estatuto Atención Primaria de Salud Municipal  Ley N°19.378","2015-10-15 00:00:00.0","9999-12-31 00:00:00.0"
"Chiguayante","Planta Titular","Salud","Titular","Javiera Valentina Paez Carvallo","Profesional","SIN INFORMACION","Profesionales Categoría A","Estatuto Atención Primaria de Salud Municipal  Ley N°19.378","2015-10-15 00:00:00.0","9999-12-31 00:00:00.0"
"Chiguayante","Planta Titular","Salud","Titular","Julieta Marianela Peña  Salgado","Profesional","SIN INFORMACION","Profesionales Categoría A","Estatuto Atención Primaria de Salud Municipal  Ley N°19.378","2015-10-15 00:00:00.0","9999-12-31 00:00:00.0"
"Chiguayante","Planta Titular","Salud","Titular","Milca Macarena Tapia Wicke","Profesional","SIN INFORMACION","Profesionales Categoría B","Estatuto Atención Primaria de Salud Municipal  Ley N°19.378","2015-10-15 00:00:00.0","9999-12-31 00:00:00.0"
"Chiguayante","Planta Titular","Salud","Titular","Jacob Misael Alarcon Barrientos","Profesional","SIN INFORMACION","Profesionales Categoría B","Estatuto Atención Primaria de Salud Municipal  Ley N°19.378","2015-10-15 00:00:00.0","9999-12-31 00:00:00.0"
"Chiguayante","Planta Titular","Salud","Titular","Romina   Loreto  Araya Pino","Técnico de Nivel Superior","SIN INFORMACION","Técnicos de Nivel Superior Categoría C","Estatuto Atención Primaria de Salud Municipal  Ley N°19.378","2015-10-15 00:00:00.0","9999-12-31 00:00:00.0"
"Chiguayante","Planta Titular","Salud","Titular","Maria Isabel Fuentes Fuentes","Técnico de Nivel Superior","SIN INFORMACION","Técnicos de Nivel Superior Categoría C","Estatuto Atención Primaria de Salud Municipal  Ley N°19.378","2015-12-15 00:00:00.0","9999-12-31 00:00:00.0"
"Chiguayante","Planta Titular","Salud","Titular","Jennifer Daniela Salas Montoya","Técnico de Nivel Superior","SIN INFORMACION","Técnicos de Nivel Superior Categoría C","Estatuto Atención Primaria de Salud Municipal  Ley N°19.378","2015-10-15 00:00:00.0","9999-12-31 00:00:00.0"
"Chiguayante","Planta Titular","Salud","Titular","Jasna  Luisa  Elisabeth  Calzadilla  Sepulveda","Técnico de Nivel Superior","SIN INFORMACION","Técnicos de Nivel Superior Categoría C","Estatuto Atención Primaria de Salud Municipal  Ley N°19.378","2015-10-15 00:00:00.0","9999-12-31 00:00:00.0"
"Chiguayante","Planta Titular","Salud","Titular","María Jose de Los Angeles Reyes Rodriguez","Profesional","SIN INFORMACION","Profesionales Categoría A","Estatuto Atención Primaria de Salud Municipal  Ley N°19.378","2015-10-15 00:00:00.0","9999-12-31 00:00:00.0"
"Chiguayante","Planta Titular","Salud","Titular","Yasna Raquel San Martín Henríquez","Profesional","SIN INFORMACION","Profesionales Categoría A","Estatuto Atención Primaria de Salud Municipal  Ley N°19.378","2015-10-15 00:00:00.0","9999-12-31 00:00:00.0"
"Chiguayante","Planta Titular","Salud","Titular","Natalia Belen Medina Cabezas","Profesional","SIN INFORMACION","Profesionales Categoría B","Estatuto Atención Primaria de Salud Municipal  Ley N°19.378","2015-10-15 00:00:00.0","9999-12-31 00:00:00.0"
"Chiguayante","Planta Titular","Salud","Titular","Solange Pamela Pinto Carrasco","Profesional","SIN INFORMACION","Profesionales Categoría B","Estatuto Atención Primaria de Salud Municipal  Ley N°19.378","2015-10-15 00:00:00.0","9999-12-31 00:00:00.0"
"Chiguayante","Planta Titular","Salud","Titular","Tracey  Vasti  Orellna Artigas","Técnico de Nivel Superior","SIN INFORMACION","Técnicos de Nivel Superior Categoría C","Estatuto Atención Primaria de Salud Municipal  Ley N°19.378","2015-10-15 00:00:00.0","9999-12-31 00:00:00.0"
"Chiguayante","Planta Titular","Salud","Titular","Constanza Alejandra Gutierrez Soto","Profesional","SIN INFORMACION","Profesionales Categoría B","Estatuto Atención Primaria de Salud Municipal  Ley N°19.378","2015-10-15 00:00:00.0","9999-12-31 00:00:00.0"
"Chiguayante","Planta Titular","Salud","Titular","Paulina  Daniela  Jimena  Dagnino  Rivera","Profesional","SIN INFORMACION","Profesionales Categoría B","Estatuto Atención Primaria de Salud Municipal  Ley N°19.378","2015-10-15 00:00:00.0","9999-12-31 00:00:00.0"
"Chiguayante","Planta Titular","Salud","Titular","Stephania Francisca Huenopil Huenopil","Administrativo Crea de Salud","SIN INFORMACION","Administrativos de Salud Categoría E","Estatuto Atención Primaria de Salud Municipal  Ley N°19.378","2015-10-15 00:00:00.0","9999-12-31 00:00:00.0"
"Chiguayante","Planta Titular","Salud","Titular","Marlene Lizbeth Ortiz Salazar","Técnico de Nivel Superior","SIN INFORMACION","Técnicos de Nivel Superior Categoría C","Estatuto Atención Primaria de Salud Municipal  Ley N°19.378","2015-10-15 00:00:00.0","9999-12-31 00:00:00.0"
"Chiguayante","Planta Titular","Salud","Titular","Pia  Carolina  Valencia  Romero","Técnico de Nivel Superior","SIN INFORMACION","Técnicos de Nivel Superior Categoría C","Estatuto Atención Primaria de Salud Municipal  Ley N°19.378","2015-10-15 00:00:00.0","9999-12-31 00:00:00.0"
"Chiguayante","Planta Titular","Salud","Titular","Tania Karina Vizcarra Aguilar","Auxiliar de Servicio de Salud","SIN INFORMACION","Técnicos de Salud Categoría D","Estatuto Atención Primaria de Salud Municipal  Ley N°19.378","2015-10-15 00:00:00.0","9999-12-31 00:00:00.0"
"Chiguayante","Planta Titular","Salud","Titular","Abdon  Andres  Cid Contreras","Técnico de Nivel Superior","SIN INFORMACION","Técnicos de Nivel Superior Categoría C","Estatuto Atención Primaria de Salud Municipal  Ley N°19.378","2015-10-15 00:00:00.0","9999-12-31 00:00:00.0"
"Chiguayante","Planta Titular","Salud","Titular","Nathalie Alejandra Sanchez Cartes","Administrativo Crea de Salud","SIN INFORMACION","Administrativos de Salud Categoría E","Estatuto Atención Primaria de Salud Municipal  Ley N°19.378","2015-10-15 00:00:00.0","9999-12-31 00:00:00.0"
"Chiguayante","Planta Titular","Salud","Titular","Aida Adriana Diaz Alvarez","Enfermero(a)"," ","Profesionales","Estatuto Atención Primaria de Salud Municipal  Ley N°19.378","1998-01-01 00:00:00.0","1900-01-01 00:00:00.0"
"Chiguayante","Planta Titular","Salud","Titular","Lylian Clementina Hormazabal Rosas","Odontologo"," ","Profesionales","Estatuto Atención Primaria de Salud Municipal  Ley N°19.378","1998-01-01 00:00:00.0","1900-01-01 00:00:00.0"
"Chiguayante","Planta Titular","Salud","Titular","Gabriela Ines Antileo Reiman","Enfermero(a)"," ","Profesionales","Estatuto Atención Primaria de Salud Municipal  Ley N°19.378","1998-01-01 00:00:00.0","1900-01-01 00:00:00.0"
"Chiguayante","Planta Titular","Salud","Titular","Dalia Margot Diaz Gallegos","Técnico de Nivel Superior"," ","Técnicos","Estatuto Atención Primaria de Salud Municipal  Ley N°19.378","1998-01-01 00:00:00.0","1900-01-01 00:00:00.0"
"Chiguayante","Planta Titular","Salud","Titular","Mauricio Osvaldo Saez Avila","Chófer"," ","Auxiliares","Estatuto Atención Primaria de Salud Municipal  Ley N°19.378","1998-01-01 00:00:00.0","1900-01-01 00:00:00.0"
"Chiguayante","Planta Titular","Salud","Titular","Raul Omar Moreno Lopez","Auxiliar de Servicio de Salud","SIN INFORMACION","Auxiliares de Servicios de Salud Categoría F","Estatuto Atención Primaria de Salud Municipal  Ley N°19.378","2015-10-15 00:00:00.0","9999-12-31 00:00:00.0"
"Chiguayante","Planta Titular","Salud","Titular","Manuel Heriberto Carrillo Bilbao","Profesional","SIN INFORMACION","Profesionales Categoría B","Estatuto Atención Primaria de Salud Municipal  Ley N°19.378","2015-10-15 00:00:00.0","9999-12-31 00:00:00.0"
"Chiguayante","Planta Titular","Salud","Titular","Victor Manuel Mora Escarate","Auxiliar de Servicios"," ","Auxiliares","Estatuto Atención Primaria de Salud Municipal  Ley N°19.378","1998-01-01 00:00:00.0","1900-01-01 00:00:00.0"
"Chiguayante","Planta Titular","Salud","Titular","Maria Ascencion Irribarra Sepulveda","Profesional","SIN INFORMACION","Profesionales Categoría B","Estatuto Atención Primaria de Salud Municipal  Ley N°19.378","2015-10-15 00:00:00.0","9999-12-31 00:00:00.0"
"Chiguayante","Planta Titular","Salud","Titular","Juan Francisco Sanchez Lavin","Profesional","SIN INFORMACION","Profesionales Categoría B","Estatuto Atención Primaria de Salud Municipal  Ley N°19.378","2015-10-15 00:00:00.0","9999-12-31 00:00:00.0"
"Chiguayante","Planta Titular","Salud","Titular","Luisa Emiliana Herrera Tapia","Matrona"," ","Profesionales","Estatuto Atención Primaria de Salud Municipal  Ley N°19.378","1998-01-01 00:00:00.0","1900-01-01 00:00:00.0"
"Chiguayante","Planta Titular","Salud","Titular","Isabel Gumercinda Silva Riffo","Matrona"," ","Profesionales","Estatuto Atención Primaria de Salud Municipal  Ley N°19.378","1998-01-01 00:00:00.0","1900-01-01 00:00:00.0"
"Chiguayante","Planta Titular","Salud","Titular","Dagoberto Sadoc Fuentealba Vidal","Administrativo"," ","Administrativos","Estatuto Atención Primaria de Salud Municipal  Ley N°19.378","1998-01-01 00:00:00.0","1900-01-01 00:00:00.0"
"Chiguayante","Planta Titular","Salud","Titular","Juan Bautista Riffo Espinoza","Auxiliar de Servicios"," ","Auxiliares","Estatuto Atención Primaria de Salud Municipal  Ley N°19.378","1998-01-01 00:00:00.0","1900-01-01 00:00:00.0"
"Chiguayante","Planta Titular","Salud","Titular","Maria Elena Costa Benavente","Asistente Social"," ","Profesionales","Estatuto Atención Primaria de Salud Municipal  Ley N°19.378","1998-01-01 00:00:00.0","1900-01-01 00:00:00.0"
"Chiguayante","Planta Titular","Salud","Titular","Franka Lorena Diaz Paquien","Administrativo"," ","Administrativos","Estatuto Atención Primaria de Salud Municipal  Ley N°19.378","1998-01-01 00:00:00.0","1900-01-01 00:00:00.0"
"Chiguayante","Planta Titular","Salud","Titular","Hilda Maria Sandoval Novoa","Auxiliar de Servicios"," ","Auxiliares","Estatuto Atención Primaria de Salud Municipal  Ley N°19.378","1998-01-01 00:00:00.0","1900-01-01 00:00:00.0"
"Chiguayante","Planta Titular","Salud","Titular","Rosario Ximena Herrera Vega","Nutricionista"," ","Profesionales","Estatuto Atención Primaria de Salud Municipal  Ley N°19.378","1998-01-01 00:00:00.0","1900-01-01 00:00:00.0"
"Chiguayante","Planta Titular","Salud","Titular","Albina del Carmen Contreras Aravena","Auxiliar de Servicio de Salud","SIN INFORMACION","Auxiliares de Servicios de Salud Categoría F","Estatuto Atención Primaria de Salud Municipal  Ley N°19.378","2015-10-15 00:00:00.0","9999-12-31 00:00:00.0"
"Chiguayante","Planta Titular","Salud","Titular","Elixe Nicudemus Fuentes Valenzuela","Administrativo"," ","Administrativos","Estatuto Atención Primaria de Salud Municipal  Ley N°19.378","1998-01-01 00:00:00.0","1900-01-01 00:00:00.0"
"Chiguayante","Planta Titular","Salud","Titular","Silvia del Carmen Cerda Delgado","Administrativo"," ","Administrativos","Estatuto Atención Primaria de Salud Municipal  Ley N°19.378","1998-01-01 00:00:00.0","1900-01-01 00:00:00.0"
"Chiguayante","Planta Titular","Salud","Titular","Maria Yanett del Pilar Jara Saez","Técnico de Nivel Superior"," ","Técnicos","Estatuto Atención Primaria de Salud Municipal  Ley N°19.378","1998-01-01 00:00:00.0","1900-01-01 00:00:00.0"
"Chiguayante","Planta Titular","Salud","Titular","Noemi Regina Mora Schneider","Auxiliar Paramedico"," ","Técnicos","Estatuto Atención Primaria de Salud Municipal  Ley N°19.378","1998-01-01 00:00:00.0","1900-01-01 00:00:00.0"
"Chiguayante","Planta Titular","Salud","Titular","Raul Antonio Salas Villagra","Auxiliar de Servicio de Salud","SIN INFORMACION","Auxiliares de Servicios de Salud Categoría F","Estatuto Atención Primaria de Salud Municipal  Ley N°19.378","2015-10-15 00:00:00.0","9999-12-31 00:00:00.0"
"Chiguayante","Planta Titular","Salud","Titular","Maria Angelica Apablaza Bizama","Matrona"," ","Profesionales","Estatuto Atención Primaria de Salud Municipal  Ley N°19.378","1998-01-01 00:00:00.0","1900-01-01 00:00:00.0"
"Chiguayante","Planta Titular","Salud","Titular","Sonia Teresa Rivas Velasquez","Técnico de Nivel Superior"," ","Técnicos","Estatuto Atención Primaria de Salud Municipal  Ley N°19.378","1998-01-01 00:00:00.0","1900-01-01 00:00:00.0"
"Chiguayante","Planta Titular","Salud","Titular","Jorge Eduardo Vidal Poblete","Odontologo"," ","Profesionales","Estatuto Atención Primaria de Salud Municipal  Ley N°19.378","1998-01-01 00:00:00.0","1900-01-01 00:00:00.0"
"Chiguayante","Planta Titular","Salud","Titular","Myriam Ana Moreno Rioseco","Administrativo Crea de Salud","SIN INFORMACION","Administrativos de Salud Categoría E","Estatuto Atención Primaria de Salud Municipal  Ley N°19.378","2015-10-15 00:00:00.0","9999-12-31 00:00:00.0"
"Chiguayante","Planta Titular","Salud","Titular","Elba Milsa Bravo Hidalgo","Administrativo"," ","Administrativos","Estatuto Atención Primaria de Salud Municipal  Ley N°19.378","1998-01-01 00:00:00.0","1900-01-01 00:00:00.0"
"Chiguayante","Planta Titular","Salud","Titular","Elda Elizabeth Flores Verdugo","Administrativo"," ","Administrativos","Estatuto Atención Primaria de Salud Municipal  Ley N°19.378","1998-01-01 00:00:00.0","1900-01-01 00:00:00.0"
"Chiguayante","Planta Titular","Salud","Titular","Elizabeth Porfiria Oyarce Azua","Técnico de Nivel Superior"," ","Técnicos","Estatuto Atención Primaria de Salud Municipal  Ley N°19.378","1998-01-01 00:00:00.0","1900-01-01 00:00:00.0"
"Chiguayante","Planta Titular","Salud","Titular","Maria Neumann Montecinos","Matrona"," ","Profesionales","Estatuto Atención Primaria de Salud Municipal  Ley N°19.378","1998-01-01 00:00:00.0","1900-01-01 00:00:00.0"
"Chiguayante","Planta Titular","Salud","Titular","Jose Santiago Riffo Espinoza","Auxiliar de Servicios"," ","Auxiliares","Estatuto Atención Primaria de Salud Municipal  Ley N°19.378","1998-01-01 00:00:00.0","1900-01-01 00:00:00.0"
"Chiguayante","Planta Titular","Salud","Titular","Alejandro Gonzalo Sebastian Opazo Ahumada","Auxiliar de Servicio de Salud","SIN INFORMACION","Auxiliares de Servicios de Salud Categoría F","Estatuto Atención Primaria de Salud Municipal  Ley N°19.378","2015-10-15 00:00:00.0","9999-12-31 00:00:00.0"
"Chiguayante","Planta Titular","Salud","Titular","Margarita de Las Mercedes Solis Arriagada","Técnico de Nivel Superior"," ","Técnicos","Estatuto Atención Primaria de Salud Municipal  Ley N°19.378","1998-01-01 00:00:00.0","1900-01-01 00:00:00.0"
"Chiguayante","Planta Titular","Salud","Titular","Filomena de Jesus Pincheira Burgos","Administrativo"," ","Administrativos","Estatuto Atención Primaria de Salud Municipal  Ley N°19.378","1998-01-01 00:00:00.0","1900-01-01 00:00:00.0"
"Chiguayante","Planta Titular","Salud","Titular","Paulina Carmen Catalan Gamboa","Asistente Social"," ","Profesionales","Estatuto Atención Primaria de Salud Municipal  Ley N°19.378","1998-01-01 00:00:00.0","1900-01-01 00:00:00.0"
"Chiguayante","Planta Titular","Salud","Titular","Marta Yeny Araneda Campos","Nutricionista"," ","Profesionales","Estatuto Atención Primaria de Salud Municipal  Ley N°19.378","1998-01-01 00:00:00.0","1900-01-01 00:00:00.0"
"Chiguayante","Planta Titular","Salud","Titular","Jose Octavio Sepulveda Matus","Auxiliar de Servicio de Salud","SIN INFORMACION","Auxiliares de Servicios de Salud Categoría F","Estatuto Atención Primaria de Salud Municipal  Ley N°19.378","2015-10-15 00:00:00.0","9999-12-31 00:00:00.0"
"Chiguayante","Planta Titular","Salud","Titular","Gladys del Carmen Garcia Gutierrez","Técnico de Nivel Superior"," ","Técnicos","Estatuto Atención Primaria de Salud Municipal  Ley N°19.378","1998-01-01 00:00:00.0","1900-01-01 00:00:00.0"
"Chiguayante","Planta Titular","Salud","Titular","Rosa Maria Matamala Fuentealba","Administrativo Crea de Salud","SIN INFORMACION","Administrativos de Salud Categoría E","Estatuto Atención Primaria de Salud Municipal  Ley N°19.378","2015-10-15 00:00:00.0","9999-12-31 00:00:00.0"
"Chiguayante","Planta Titular","Salud","Titular","Ursula Ivette Sepulveda Paredes","Administrativo Crea de Salud","SIN INFORMACION","Administrativos de Salud Categoría E","Estatuto Atención Primaria de Salud Municipal  Ley N°19.378","2015-10-15 00:00:00.0","9999-12-31 00:00:00.0"
"Chiguayante","Planta Titular","Salud","Titular","Victor Moises Abraham Vasquez Paredes","Chófer"," ","Auxiliares","Estatuto Atención Primaria de Salud Municipal  Ley N°19.378","1998-01-01 00:00:00.0","1900-01-01 00:00:00.0"
"Chiguayante","Planta Titular","Salud","Titular","Cecilia Guadalupe Barra Molina","Nutricionista"," ","Profesionales","Estatuto Atención Primaria de Salud Municipal  Ley N°19.378","1998-01-01 00:00:00.0","1900-01-01 00:00:00.0"
"Chiguayante","Planta Titular","Salud","Titular","Cecilia Ines Elgueta Perez","Profesional","SIN INFORMACION","Profesionales Categoría B","Estatuto Atención Primaria de Salud Municipal  Ley N°19.378","2015-10-15 00:00:00.0","9999-12-31 00:00:00.0"
"Chiguayante","Planta Titular","Salud","Titular","Eliana Rivas Inostroza","Técnico de Nivel Superior"," ","Técnicos","Estatuto Atención Primaria de Salud Municipal  Ley N°19.378","1998-01-01 00:00:00.0","1900-01-01 00:00:00.0"
"Chiguayante","Planta Titular","Salud","Titular","Raul Daniel Muñoz Bañares","Chófer"," ","Auxiliares","Estatuto Atención Primaria de Salud Municipal  Ley N°19.378","1998-01-01 00:00:00.0","1900-01-01 00:00:00.0"
"Chiguayante","Planta Titular","Salud","Titular","Ada Priscila Pino Poveda","Técnico de Nivel Superior","SIN INFORMACION","Técnicos de Nivel Superior Categoría C","Estatuto Atención Primaria de Salud Municipal  Ley N°19.378","2015-10-15 00:00:00.0","9999-12-31 00:00:00.0"
"Chiguayante","Planta Titular","Salud","Titular","Eliana del Carmen Oñate Cid","Auxiliar de Servicios"," ","Auxiliares","Estatuto Atención Primaria de Salud Municipal  Ley N°19.378","1998-01-01 00:00:00.0","1900-01-01 00:00:00.0"
"Chiguayante","Planta Titular","Salud","Titular","Carla Grace Reyes Kelly","Técnico de Salud","SIN INFORMACION","Técnicos de Nivel Superior Categoría C","Estatuto Atención Primaria de Salud Municipal  Ley N°19.378","2015-10-15 00:00:00.0","9999-12-31 00:00:00.0"
"Chiguayante","Planta Titular","Salud","Titular","Teresa del Carmen Gutierrez Castillo","Auxiliar Paramedico"," ","Técnicos","Estatuto Atención Primaria de Salud Municipal  Ley N°19.378","1998-01-01 00:00:00.0","1900-01-01 00:00:00.0"
"Chiguayante","Planta Titular","Salud","Titular","Erika Alejandra Labraña Lara","Técnico de Nivel Superior","SIN INFORMACION","Técnicos de Nivel Superior Categoría C","Estatuto Atención Primaria de Salud Municipal  Ley N°19.378","2015-10-15 00:00:00.0","9999-12-31 00:00:00.0"
"Chiguayante","Planta Titular","Salud","Titular","Manuel Jesus Reinoso Carrasco","Auxiliar de Servicios"," ","Auxiliares","Estatuto Atención Primaria de Salud Municipal  Ley N°19.378","1998-01-01 00:00:00.0","1900-01-01 00:00:00.0"
"Chiguayante","Planta Titular","Salud","Titular","Odette del Pilar Caba Lermanda","Técnico de Nivel Superior"," ","Técnicos","Estatuto Atención Primaria de Salud Municipal  Ley N°19.378","1998-01-01 00:00:00.0","1900-01-01 00:00:00.0"
"Chiguayante","Planta Titular","Salud","Titular","Victor Manuel Mora Arzua","Técnico de Nivel Superior","SIN INFORMACION","Técnicos de Nivel Superior Categoría C","Estatuto Atención Primaria de Salud Municipal  Ley N°19.378","2015-10-15 00:00:00.0","9999-12-31 00:00:00.0"
"Chiguayante","Planta Titular","Salud","Titular","Susana Isabel Leal Carrasco","Auxiliar de Servicio de Salud","SIN INFORMACION","Auxiliares de Servicios de Salud Categoría F","Estatuto Atención Primaria de Salud Municipal  Ley N°19.378","2015-10-15 00:00:00.0","9999-12-31 00:00:00.0"
"Chiguayante","Planta Titular","Salud","Titular","Juan Jose Barria Gutierrez","Asistente Social"," ","Profesionales","Estatuto Atención Primaria de Salud Municipal  Ley N°19.378","1998-01-01 00:00:00.0","1900-01-01 00:00:00.0"
"Chiguayante","Planta Titular","Salud","Titular","Sandra Veronica Pepe Sanhueza","Profesional","SIN INFORMACION","Profesionales Categoría B","Estatuto Atención Primaria de Salud Municipal  Ley N°19.378","2015-10-15 00:00:00.0","9999-12-31 00:00:00.0"
"Chiguayante","Planta Titular","Salud","Titular","Alida del Carmen Rivera Montoya","Técnico de Nivel Superior","SIN INFORMACION","Técnicos de Nivel Superior Categoría C","Estatuto Atención Primaria de Salud Municipal  Ley N°19.378","2015-10-15 00:00:00.0","9999-12-31 00:00:00.0"
"Chiguayante","Planta Titular","Salud","Titular","Mabel Jeannette Toledo Contreras","Medico"," ","Profesionales","Estatuto Atención Primaria de Salud Municipal  Ley N°19.378","1998-01-01 00:00:00.0","1900-01-01 00:00:00.0"
"Chiguayante","Planta Titular","Salud","Titular","Silvia Guillermina Rodriguez Recabarren","Técnico de Nivel Superior"," ","Técnicos","Estatuto Atención Primaria de Salud Municipal  Ley N°19.378","1998-01-01 00:00:00.0","1900-01-01 00:00:00.0"
"Chiguayante","Planta Titular","Salud","Titular","Angelina Maria Pereira Carrasco","Técnico de Nivel Superior"," ","Técnicos","Estatuto Atención Primaria de Salud Municipal  Ley N°19.378","1998-01-01 00:00:00.0","1900-01-01 00:00:00.0"
"Chiguayante","Planta Titular","Salud","Titular","Liliana Alejandra Riquelme Solar","Profesional","SIN INFORMACION","Profesionales Categoría B","Estatuto Atención Primaria de Salud Municipal  Ley N°19.378","2015-12-15 00:00:00.0","9999-12-31 00:00:00.0"
"Chiguayante","Planta Titular","Salud","Titular","Elias Moises Fernandez Osorio","Odontologo"," ","Profesionales","Estatuto Atención Primaria de Salud Municipal  Ley N°19.378","1998-01-01 00:00:00.0","1900-01-01 00:00:00.0"
"Chiguayante","Planta Titular","Salud","Titular","Mauricio Enrique Coloma Aravena","Administrativo"," ","Administrativos","Estatuto Atención Primaria de Salud Municipal  Ley N°19.378","1998-01-01 00:00:00.0","1900-01-01 00:00:00.0"
"Chiguayante","Planta Titular","Salud","Titular","Jose Misael Leal Rojas","Chófer"," ","Auxiliares","Estatuto Atención Primaria de Salud Municipal  Ley N°19.378","1998-01-01 00:00:00.0","1900-01-01 00:00:00.0"
"Chiguayante","Planta Titular","Salud","Titular","Reyner Antonio Costanzo Castillo","Auxiliar de Servicio de Salud","SIN INFORMACION","Auxiliares de Servicios de Salud Categoría F","Estatuto Atención Primaria de Salud Municipal  Ley N°19.378","2015-10-15 00:00:00.0","9999-12-31 00:00:00.0"
"Chiguayante","Planta Titular","Salud","Titular","Ines Alicia Sandoval Novoa","Técnico"," ","Técnicos","Estatuto Atención Primaria de Salud Municipal  Ley N°19.378","1998-01-01 00:00:00.0","1900-01-01 00:00:00.0"
"Chiguayante","Planta Titular","Salud","Titular","Ximena Haydee Vergara Cruz","Odontologo"," ","Profesionales","Estatuto Atención Primaria de Salud Municipal  Ley N°19.378","1998-01-01 00:00:00.0","1900-01-01 00:00:00.0"
"Chiguayante","Planta Titular","Salud","Titular","Bella Elena Fica Hidalgo","Nutricionista"," ","Profesionales","Estatuto Atención Primaria de Salud Municipal  Ley N°19.378","1998-01-01 00:00:00.0","1900-01-01 00:00:00.0"
"Chiguayante","Planta Titular","Salud","Titular","Hugolina Elizabeth Sanhueza Fuentes","Contador Auditor"," ","Profesionales","Estatuto Atención Primaria de Salud Municipal  Ley N°19.378","1998-01-01 00:00:00.0","1900-01-01 00:00:00.0"
"Chiguayante","Planta Titular","Salud","Titular","Cecilia de Las Nieves Torres Nuñez","Auxiliar de Servicios"," ","Auxiliares","Estatuto Atención Primaria de Salud Municipal  Ley N°19.378","1998-01-01 00:00:00.0","1900-01-01 00:00:00.0"
"Chiguayante","Planta Titular","Salud","Titular","Maria Ines Correa Stuardo","Administrativo Crea de Salud","SIN INFORMACION","Administrativos de Salud Categoría E","Estatuto Atención Primaria de Salud Municipal  Ley N°19.378","2015-10-15 00:00:00.0","9999-12-31 00:00:00.0"
"Chiguayante","Planta Titular","Salud","Titular","Carolina del Rosario Muñoz Neira","Técnico de Nivel Superior","SIN INFORMACION","Técnicos de Nivel Superior Categoría C","Estatuto Atención Primaria de Salud Municipal  Ley N°19.378","2015-10-15 00:00:00.0","9999-12-31 00:00:00.0"
