"Comuna","Tipo de Contratación","Área","Calidad","Nombre","Cargo","Grado","Planta","Remuneración","Fecha desde","Fecha hasta"
"Lota","Planta Titular","Municipal","Titular","Miguel Anibal Campos Contreras","Auxiliar","16°","Auxiliares","Escala Municipal","2018-03-11 00:00:00.0","1900-01-01 00:00:00.0"
"Lota","Planta Titular","Municipal","Titular","Violeta Eugenia Santander Espinoza","Administrativo","14°","Administrativos","Escala Municipal","2016-01-01 00:00:00.0","1900-01-01 00:00:00.0"
"Lota","Planta Titular","Municipal","Titular","Jacqueline de Las Nieves Diaz Cerna","Técnico","15°","Técnicos","Escala Municipal","2016-01-01 00:00:00.0","1900-01-01 00:00:00.0"
"Lota","Planta Titular","Municipal","Titular","Alvaro Fernando Gonzalez Gallardo","Directivo","8°","Directivos","Escala Municipal","2013-01-28 00:00:00.0","1900-01-01 00:00:00.0"
"Lota","Planta Titular","Municipal","Titular","Estrella del Carmen Araya Silva","Administrativo","13°","Administrativos","Escala Municipal","2017-01-01 00:00:00.0","1900-01-01 00:00:00.0"
"Lota","Planta Titular","Municipal","Titular","Juan Emilio Vejar Burgos","Técnico","11°","Técnicos","Escala Municipal","2016-01-01 00:00:00.0","1900-01-01 00:00:00.0"
"Lota","Planta Titular","Municipal","Titular","Daniel Moises Arias Guzman","Administrativo","14°","Administrativos","Escala Municipal","2017-01-01 00:00:00.0","1900-01-01 00:00:00.0"
"Lota","Planta Titular","Municipal","Titular","Ruben Marcos Carvallo Aguilar","Auxiliar","15°","Auxiliares","Escala Municipal","2018-03-11 00:00:00.0","1900-01-01 00:00:00.0"
"Lota","Planta Titular","Municipal","Titular","Fabian Edgardo Rodriguez Galdames","Auxiliar","14°","Auxiliares","Escala Municipal","2017-01-01 00:00:00.0","1900-01-01 00:00:00.0"
"Lota","Planta Titular","Municipal","Titular","Luzmira Jeannette Hidalgo Palma","Administrativo","17°","Administrativos","Escala Municipal","2016-01-01 00:00:00.0","1900-01-01 00:00:00.0"
"Lota","Planta Titular","Municipal","Titular","Jose Jacinto Herrera Illanes","Auxiliar","13°","Auxiliares","Escala Municipal","2016-01-01 00:00:00.0","1900-01-01 00:00:00.0"
"Lota","Planta Titular","Municipal","Titular","Lorena del Carmen Fuentealba Matamala","Administrativo","12°","Administrativos","Escala Municipal","2019-11-09 00:00:00.0","1900-01-01 00:00:00.0"
"Lota","Planta Titular","Municipal","Titular","Maria Abristela del Carmen Azocar Sepulveda","Administrativo","13°","Administrativos","Escala Municipal","2017-01-01 00:00:00.0","1900-01-01 00:00:00.0"
"Lota","Planta Titular","Municipal","Titular","Sergio Patricio Muñoz Contreras","Auxiliar","17°","Auxiliares","Escala Municipal","2016-01-01 00:00:00.0","1900-01-01 00:00:00.0"
"Lota","Planta Titular","Municipal","Titular","Hector Fernando Caamaño Gutierrez","Auxiliar de Servicios Menores"," ","Auxiliares","Afectos Al Código del Trabajo","1990-05-01 00:00:00.0","1900-01-01 00:00:00.0"
"Lota","Planta Titular","Municipal","Titular","Millisen Johanna Moraga Azocar","Profesional","9°","Administrativos","Escala Municipal","2019-11-09 00:00:00.0","1900-01-01 00:00:00.0"
"Lota","Planta Titular","Municipal","Titular","Angela Veronica Medel Perez","Administrativo","14°","Administrativos","Escala Municipal","2017-01-01 00:00:00.0","1900-01-01 00:00:00.0"
"Lota","Planta Titular","Municipal","Titular","Rodrigo Alejandro Hidalgo Arriagada","Auxiliar","15°","Auxiliares","Escala Municipal","2016-01-01 00:00:00.0","1900-01-01 00:00:00.0"
"Lota","Planta Titular","Municipal","Titular","Adelina Angelica Fernandez Vergara","Técnico","10°","Técnicos","Escala Municipal","2019-11-09 00:00:00.0","1900-01-01 00:00:00.0"
"Lota","Planta Titular","Municipal","Titular","Carlos Daniel Moyano Fonseca","Técnico","14°","Técnicos","Escala Municipal","2014-08-26 00:00:00.0","1900-01-01 00:00:00.0"
"Lota","Planta Titular","Municipal","Titular","Carlos Eduardo Pérez Cárcamo","Secretario Comunal de Planificación Y Coordinación","6°","Directivos","Escala Municipal","2019-06-04 00:00:00.0","1900-01-01 00:00:00.0"
"Lota","Planta Titular","Municipal","Titular","Juan Carlos  Sauzo  Muñoz","Técnico","12°","Técnicos","Escala Municipal","2019-11-09 00:00:00.0","1900-01-01 00:00:00.0"
"Lota","Planta Titular","Municipal","Titular","Anthonny Ronald Carrasco Cuevas","Secretario Comunal de Planificación Y Coordinación","6°","Directivos","Escala Municipal","2016-12-26 00:00:00.0","1900-01-01 00:00:00.0"
"Lota","Planta Titular","Municipal","Titular","Mauricio Gabriel Velasquez Valenzuela","Alcalde","4°","Directivos","Escala Municipal","2016-12-06 00:00:00.0","1900-01-01 00:00:00.0"
"Lota","Planta Titular","Municipal","Titular","Luis Alberto Solar Jancinas","Auxiliar","17°","Auxiliares","Escala Municipal","2017-01-01 00:00:00.0","1900-01-01 00:00:00.0"
"Lota","Planta Titular","Municipal","Titular","Lorena Rosalia Villa Oporto","Director de Desarrollo Comunitario","6°","Directivos","Escala Municipal","2015-01-09 00:00:00.0","1900-01-01 00:00:00.0"
"Lota","Planta Titular","Municipal","Titular","Elizabeth Andrea Cabrera Guerrero","Técnico En Párvulos","SIN INFORMACION","Contratados Sin Planta","Afectos Al Código del Trabajo","2018-03-01 00:00:00.0","1900-01-01 00:00:00.0"
"Lota","Planta Titular","Municipal","Titular","María Soledad Ruiz Pinto","Secretario Comunal de Planificación Y Coordinación","6°","Directivos","Escala Municipal","2015-02-12 00:00:00.0","1900-01-01 00:00:00.0"
"Lota","Planta Titular","Municipal","Titular","Angelo Pedro Guzmán Arenas","Administrador Municipal","5°","Directivos","Escala Municipal","2015-07-01 00:00:00.0","1900-01-01 00:00:00.0"
"Lota","Planta Titular","Municipal","Titular","Angelo Isaias Conejeros Riveras","Profesional","11°","Profesionales","Escala Municipal","2015-10-31 00:00:00.0","1900-01-01 00:00:00.0"
"Lota","Planta Titular","Municipal","Titular","Rodrigo Javier Valencia Gonzalez","Técnico","14°","Técnicos","Escala Municipal","2017-01-01 00:00:00.0","1900-01-01 00:00:00.0"
"Lota","Planta Titular","Municipal","Titular","Nelida Paola Fuentes Montoya","Administrativo","17°","Administrativos","Escala Municipal","2016-01-01 00:00:00.0","1900-01-01 00:00:00.0"
"Lota","Planta Titular","Municipal","Titular","Helen Tatiana Hidalgo Torres","Administrativo","18°","Administrativos","Escala Municipal","2019-06-17 00:00:00.0","1900-01-01 00:00:00.0"
"Lota","Planta Titular","Municipal","Titular","Francheska Andrea Medina Grandón","Director de Desarrollo Comunitario","6°","Directivos","Escala Municipal","2016-12-26 00:00:00.0","1900-01-01 00:00:00.0"
"Lota","Planta Titular","Municipal","Titular","Héctor Alejandro Cartes Riffo","Director de Desarrollo Comunitario","6°","Directivos","Escala Municipal","2015-04-01 00:00:00.0","1900-01-01 00:00:00.0"
"Lota","Planta Titular","Municipal","Titular","Hedson Jonatan Díaz Cruces","Administrador Municipal","5°","Directivos","Escala Municipal","2016-12-27 00:00:00.0","1900-01-01 00:00:00.0"
"Lota","Planta Titular","Municipal","Titular","Claudio Fernando Eyppert Suarez","Auxiliar","14°","Auxiliares","Escala Municipal","2017-01-01 00:00:00.0","1900-01-01 00:00:00.0"
"Lota","Planta Titular","Municipal","Titular","Viviana Carolina Norambuena Fuentealba","Secretario Comunal de Planificación Y Coordinación","7°","Directivos","Escala Municipal","2014-09-17 00:00:00.0","1900-01-01 00:00:00.0"
"Lota","Planta Titular","Municipal","Titular","Marta Elizabeth Jimenez Medina","Administrativo","15°","Administrativos","Escala Municipal","2017-01-01 00:00:00.0","1900-01-01 00:00:00.0"
"Lota","Planta Titular","Municipal","Titular","Fabiola Andrea Andaur Letelier","Director de Desarrollo Comunitario","6°","Directivos","Escala Municipal","2018-04-23 00:00:00.0","1900-01-01 00:00:00.0"
"Lota","Planta Titular","Municipal","Titular","Alvaro Hurtado Espinoza","Secretario Abogado de Juzgado de Policía Local","8°","Profesionales","Escala Municipal","2014-07-04 00:00:00.0","1900-01-01 00:00:00.0"
"Lota","Planta Titular","Municipal","Titular","Karin Angelica Morgado Concha","Directivo","8°","Directivos","Escala Municipal de Remuneraciones(ley 18.883)","2014-02-04 00:00:00.0","1900-01-01 00:00:00.0"
"Lota","Planta Titular","Municipal","Titular","Ingrid Solange Gonzalez Johnson","Administrativo","SIN INFORMACION","Contratados Sin Planta","Afectos Al Código del Trabajo","2018-03-01 00:00:00.0","1900-01-01 00:00:00.0"
"Lota","Planta Titular","Municipal","Titular","Erik Enrique Saez Sanzana","Medico","SIN INFORMACION","Contratados Sin Planta","Afectos Al Código del Trabajo","2017-07-01 00:00:00.0","1900-01-01 00:00:00.0"
"Lota","Planta Titular","Municipal","Titular","Paulina Andrea Henriquez Ramirez","Jefatura","11°","Jefaturas","Escala Municipal","2019-11-09 00:00:00.0","1900-01-01 00:00:00.0"
"Lota","Planta Titular","Municipal","Titular","Sara Emperatriz Henriquez  Pe¿a","Profesional","11°","Profesionales","Escala Municipal","2019-11-09 00:00:00.0","1900-01-01 00:00:00.0"
"Lota","Planta Titular","Municipal","Titular","Jaqueline del Carmen Pavez Quezada","Técnico","13°","Técnicos","Escala Municipal","2019-11-09 00:00:00.0","1900-01-01 00:00:00.0"
"Lota","Planta Titular","Municipal","Titular","Diego Fernando Vega Cid","Administrativo","17°","Administrativos","Escala Municipal","2019-11-09 00:00:00.0","1900-01-01 00:00:00.0"
"Lota","Planta Titular","Municipal","Titular","Makarena Fabiola Paredes Aguilera","Directivo","8°","Directivos","Escala Municipal","2012-12-07 00:00:00.0","1900-01-01 00:00:00.0"
"Lota","Planta Titular","Municipal","Titular","Jose Luis Cuevas  Duran","Auxiliar","17°","Auxiliares","Escala Municipal","2018-03-11 00:00:00.0","1900-01-01 00:00:00.0"
"Lota","Planta Titular","Municipal","Titular","Lissette Carolina Aguilera Bravo","Administrativo","18°","Administrativos","Escala Municipal","2019-07-16 00:00:00.0","1900-01-01 00:00:00.0"
"Lota","Planta Titular","Municipal","Titular","Guillermo Camilo Rodriguez  Sanhueza","Directivo","6°","Directivos","Escala Municipal","2019-11-14 00:00:00.0","1900-01-01 00:00:00.0"
"Lota","Planta Titular","Municipal","Titular","Erik Leandro  Parra Guzm¿n","Técnico","14°","Técnicos","Escala Municipal","2019-08-12 00:00:00.0","2019-10-31 00:00:00.0"
"Lota","Planta Titular","Municipal","Titular","Gaston Alberto Iglesias Mora","Administrativo","12°","Administrativos","Escala Municipal","2008-09-30 00:00:00.0","1900-01-01 00:00:00.0"
"Lota","Planta Titular","Municipal","Titular","Luis Alberto Zapata Parra","Jefatura","11°","Jefaturas","Escala Municipal","2015-04-22 00:00:00.0","1900-01-01 00:00:00.0"
"Lota","Planta Titular","Municipal","Titular","Juan Fernando Parra Bastias","Directivo","6°","Directivos","Escala Municipal","2014-12-16 00:00:00.0","1900-01-01 00:00:00.0"
"Lota","Planta Titular","Municipal","Titular","Guillermo Hernan Fernandez Correa","Administrativo","11°","Administrativos","Escala Municipal","2016-01-01 00:00:00.0","1900-01-01 00:00:00.0"
"Lota","Planta Titular","Municipal","Titular","Eduardo de Jesus Jara Vasquez","Auxiliar","13°","Auxiliares","Escala Municipal","2016-01-01 00:00:00.0","1900-01-01 00:00:00.0"
"Lota","Planta Titular","Municipal","Titular","Alejandro del Carmen Hormazabal Saez","Auxiliar","17°","Auxiliares","Escala Municipal","2017-01-01 00:00:00.0","1900-01-01 00:00:00.0"
"Lota","Planta Titular","Municipal","Titular","Jorge Luis Garrido Perez","Administrativo","14°","Administrativos","Escala Municipal","2017-01-01 00:00:00.0","1900-01-01 00:00:00.0"
"Lota","Planta Titular","Municipal","Titular","Manuel Fermin Puga Pereira","Administrativo","14°","Administrativos","Escala Municipal","2017-01-01 00:00:00.0","1900-01-01 00:00:00.0"
"Lota","Planta Titular","Municipal","Titular","Pedro Eduardo Jimenez Verdugo","Técnico","10°","Técnicos","Escala Municipal","2016-01-01 00:00:00.0","1900-01-01 00:00:00.0"
"Lota","Planta Titular","Municipal","Titular","Luis Alberto Alarcon Hermosilla","Administrativo","12°","Administrativos","Escala Municipal","2016-01-01 00:00:00.0","1900-01-01 00:00:00.0"
"Lota","Planta Titular","Municipal","Titular","Rosa Maria Valenzuela Lopez","Directivo","7°","Directivos","Escala Municipal","2014-12-16 00:00:00.0","1900-01-01 00:00:00.0"
"Lota","Planta Titular","Municipal","Titular","Hipolito Ramon Fernandez Vergara","Técnico","10°","Técnicos","Escala Municipal","2016-01-01 00:00:00.0","1900-01-01 00:00:00.0"
"Lota","Planta Titular","Municipal","Titular","Juan Enrique Erices Pacheco","Directivo","8°","Directivos","Escala Municipal","2015-04-22 00:00:00.0","1900-01-01 00:00:00.0"
"Lota","Planta Titular","Municipal","Titular","Maria Magdalena Zuñiga Perez","Administrativo","12°","Administrativos","Escala Municipal","2016-01-01 00:00:00.0","1900-01-01 00:00:00.0"
"Lota","Planta Titular","Municipal","Titular","Ruben Enrique Molina Valdebenito","Auxiliar","13°","Auxiliares","Escala Municipal","2016-01-01 00:00:00.0","1900-01-01 00:00:00.0"
"Lota","Planta Titular","Municipal","Titular","Victor Manuel Gaete Villegas","Auxiliar","13°","Auxiliares","Escala Municipal","2016-01-01 00:00:00.0","1900-01-01 00:00:00.0"
"Lota","Planta Titular","Municipal","Titular","Jose Evaristo Luengo Cardenas","Auxiliar","13°","Auxiliares","Escala Municipal","2016-01-01 00:00:00.0","1900-01-01 00:00:00.0"
"Lota","Planta Titular","Municipal","Titular","Julio Ismael Cifuentes Muñoz","Administrativo","13°","Administrativos","Escala Municipal","2016-01-01 00:00:00.0","1900-01-01 00:00:00.0"
"Lota","Planta Titular","Municipal","Titular","Victor Manuel Concha Aliaga","Directivo","8°","Directivos","Escala Municipal","2019-11-09 00:00:00.0","1900-01-01 00:00:00.0"
"Lota","Planta Titular","Municipal","Titular","Luis Fierro Molina","Auxiliar","15°","Auxiliares","Escala Municipal","2016-01-01 00:00:00.0","1900-01-01 00:00:00.0"
"Lota","Planta Titular","Municipal","Titular","Teresa del Carmen Carrillo Osores","Administrativo","12°","Administrativos","Escala Municipal","2016-01-01 00:00:00.0","1900-01-01 00:00:00.0"
"Lota","Planta Titular","Municipal","Titular","Ana Luisa Salazar Neira","Administrativo","13°","Administrativos","Escala Municipal","2016-01-01 00:00:00.0","1900-01-01 00:00:00.0"
"Lota","Planta Titular","Municipal","Titular","Jose Victoriano Bustamante Oñate","Auxiliar","13°","Auxiliares","Escala Municipal","2016-01-01 00:00:00.0","1900-01-01 00:00:00.0"
"Lota","Planta Titular","Municipal","Titular","Fernando Joel Torres Ceballos","Técnico","10°","Técnicos","Escala Municipal","2018-02-01 00:00:00.0","1900-01-01 00:00:00.0"
"Lota","Planta Titular","Municipal","Titular","Jose Eliseo Gavilan Rubio","Administrativo","11°","Administrativos","Escala Municipal","2016-01-01 00:00:00.0","1900-01-01 00:00:00.0"
"Lota","Planta Titular","Municipal","Titular","Rosario de Las Nieves Muñoz Candia","Técnico","10°","Técnicos","Escala Municipal","2016-01-01 00:00:00.0","1900-01-01 00:00:00.0"
"Lota","Planta Titular","Municipal","Titular","Eugenia Margot Yevenes Torres","Administrativo","12°","Administrativos","Escala Municipal","2016-01-01 00:00:00.0","1900-01-01 00:00:00.0"
"Lota","Planta Titular","Municipal","Titular","Edgardo Alberto Parra Bastias","Administrativo","12°","Administrativos","Escala Municipal","2016-01-01 00:00:00.0","1900-01-01 00:00:00.0"
"Lota","Planta Titular","Municipal","Titular","Pedro Juan Alarcon Toloza","Administrativo","11°","Administrativos","Escala Municipal","2016-01-01 00:00:00.0","1900-01-01 00:00:00.0"
"Lota","Planta Titular","Municipal","Titular","Marisol de Las Mercedes Azocar San Cristobal","Administrativo","16°","Administrativos","Escala Municipal","2019-11-09 00:00:00.0","1900-01-01 00:00:00.0"
"Lota","Planta Titular","Municipal","Titular","Rosa del Carmen Azocar Salazar","Administrativo","12°","Administrativos","Escala Municipal","2016-01-01 00:00:00.0","1900-01-01 00:00:00.0"
"Lota","Planta Titular","Municipal","Titular","Jose Luis Spissini Higueras","Auxiliar","17°","Auxiliares","Escala Municipal","2017-01-01 00:00:00.0","1900-01-01 00:00:00.0"
"Lota","Planta Titular","Municipal","Titular","Virginia del Rosario Gutierrez Rebeco","Administrativo","17°","Administrativos","Escala Municipal","2016-01-01 00:00:00.0","1900-01-01 00:00:00.0"
"Lota","Planta Titular","Municipal","Titular","Ernestina Bernarda Romero Acuña","Profesional","8°","Profesionales","Escala Municipal","2019-11-09 00:00:00.0","1900-01-01 00:00:00.0"
"Lota","Planta Titular","Municipal","Titular","Hector Fernando Luna Saez","Auxiliar","13°","Auxiliares","Escala Municipal","2017-01-01 00:00:00.0","1900-01-01 00:00:00.0"
"Lota","Planta Titular","Municipal","Titular","Eduvina Mu¿oz Vasquez","Bibliotecario","SIN INFORMACION","Contratados Sin Planta","Asistentes de La Educación Ley N°19.464","2017-11-01 00:00:00.0","1900-01-01 00:00:00.0"
"Lota","Planta Titular","Municipal","Titular","Carlos Segundo Sotomayor Cofre","Auxiliar","14°","Auxiliares","Escala Municipal","2018-03-11 00:00:00.0","1900-01-01 00:00:00.0"
"Lota","Planta Titular","Municipal","Titular","Enadia Ester Rojas Godoy","Administrativo","13°","Administrativos","Escala Municipal","2017-01-01 00:00:00.0","1900-01-01 00:00:00.0"
"Lota","Planta Titular","Municipal","Titular","Pedro William Orellana Saez","Auxiliar","15°","Auxiliares","Escala Municipal","2017-01-01 00:00:00.0","1900-01-01 00:00:00.0"
"Lota","Planta Titular","Municipal","Titular","Jose Miguel Arjona Ballesteros","Secreto Municipal","6°","Directivos","Escala Municipal","2014-10-23 00:00:00.0","1900-01-01 00:00:00.0"
"Lota","Planta Titular","Municipal","Titular","Rene Patricio Vejar Burgos","Jefatura","10°","Jefaturas","Escala Municipal","2015-04-27 00:00:00.0","1900-01-01 00:00:00.0"
"Lota","Planta Titular","Municipal","Titular","Abner Jonatan Hernandez Garrido","Administrativo","14°","Administrativos","Escala Municipal","2017-01-01 00:00:00.0","1900-01-01 00:00:00.0"
"Lota","Planta Titular","Municipal","Titular","Patricia del Carmen Grandon Campos","Administrativo","13°","Administrativos","Escala Municipal","2017-01-01 00:00:00.0","1900-01-01 00:00:00.0"
"Lota","Planta Titular","Municipal","Titular","Zenovia del Carmen Sanchez Hernandez","Profesional","7°","Profesionales","Escala Municipal","2019-11-09 00:00:00.0","1900-01-01 00:00:00.0"
"Lota","Planta Titular","Municipal","Titular","Sigifredo Robles Arriagada","Auxiliar","14°","Auxiliares","Escala Municipal","2017-01-01 00:00:00.0","1900-01-01 00:00:00.0"
"Lota","Planta Titular","Municipal","Titular","Olga del Carmen Vargas Rojas","Administrativo","12°","Administrativos","Escala Municipal","2016-01-01 00:00:00.0","1900-01-01 00:00:00.0"
"Lota","Planta Titular","Municipal","Titular","Francisco Richard Rivera Henriquez","Auxiliar","13°","Auxiliares","Escala Municipal","2016-01-01 00:00:00.0","1900-01-01 00:00:00.0"
"Lota","Planta Titular","Municipal","Titular","Mireya del Carmen Llanos Aguirre","Administrativo","13°","Administrativos","Escala Municipal","2016-01-01 00:00:00.0","1900-01-01 00:00:00.0"
"Lota","Planta Titular","Municipal","Titular","Juan Antonio Ulloa Salazar","Jefatura","10°","Jefaturas","Escala Municipal","2015-04-22 00:00:00.0","1900-01-01 00:00:00.0"
"Lota","Planta Titular","Municipal","Titular","Juan Carlos Espinoza Gonzalez","Administrativo","13°","Administrativos","Escala Municipal","2017-01-01 00:00:00.0","1900-01-01 00:00:00.0"
"Lota","Planta Titular","Municipal","Titular","Jose Daniel Muñoz Candia","Técnico","11°","Técnicos","Escala Municipal","2019-11-09 00:00:00.0","1900-01-01 00:00:00.0"
"Lota","Planta Titular","Municipal","Titular","Lucy Ester Velasquez Olivera","Administrativo","13°","Administrativos","Escala Municipal","2019-11-09 00:00:00.0","1900-01-01 00:00:00.0"
"Lota","Planta Titular","Municipal","Titular","Maritza del Carmen Cisternas Aguilar","Administrativo","13°","Administrativos","Escala Municipal","2016-01-01 00:00:00.0","1900-01-01 00:00:00.0"
"Lota","Planta Titular","Municipal","Titular","Alicia del Carmen Acevedo Fierro","Administrativo","15°","Administrativos","Escala Municipal","2017-01-01 00:00:00.0","1900-01-01 00:00:00.0"
"Lota","Planta Titular","Municipal","Titular","Erica del Carmen Riffo Vargas","Administrativo","13°","Administrativos","Escala Municipal","2017-01-01 00:00:00.0","1900-01-01 00:00:00.0"
"Lota","Planta Titular","Municipal","Titular","Patricia Raquel del Carmen Neira Carrasco","Administrativo","15°","Administrativos","Escala Municipal","2017-01-01 00:00:00.0","1900-01-01 00:00:00.0"
"Lota","Planta Titular","Municipal","Titular","Luis Alberto Acosta Molinet","Auxiliar","17°","Auxiliares","Escala Municipal","2017-01-01 00:00:00.0","1900-01-01 00:00:00.0"
"Lota","Planta Titular","Municipal","Titular","Hector Hugo Vergara Carrasco","Técnico","11°","Técnicos","Escala Municipal","2016-01-01 00:00:00.0","1900-01-01 00:00:00.0"
"Lota","Planta Titular","Municipal","Titular","Graciela Cecilia Villar Avilez","Administrativo","13°","Administrativos","Escala Municipal","2017-01-01 00:00:00.0","1900-01-01 00:00:00.0"
"Lota","Planta Titular","Municipal","Titular","Sergio Enrique Camus Campos","Jefe","SIN INFORMACION","Contratados Sin Planta","Afectos Al Código del Trabajo","2019-05-23 00:00:00.0","1900-01-01 00:00:00.0"
"Lota","Planta Titular","Municipal","Titular","Alejandro Humberto Flores Yamprietti","Jefatura","10°","Jefaturas","Escala Municipal","2019-11-09 00:00:00.0","1900-01-01 00:00:00.0"
"Lota","Planta Titular","Municipal","Titular","Herta del Transito Iturra Sobarzo","Administrativo","13°","Administrativos","Escala Municipal","2017-01-01 00:00:00.0","1900-01-01 00:00:00.0"
"Lota","Planta Titular","Municipal","Titular","Iris Margot Gonzalez Contreras","Administrativo","13°","Administrativos","Escala Municipal","2017-01-01 00:00:00.0","1900-01-01 00:00:00.0"
"Lota","Planta Titular","Municipal","Titular","Luis Renato Negroni Vega","Técnico","13°","Técnicos","Escala Municipal","2016-01-01 00:00:00.0","1900-01-01 00:00:00.0"
"Lota","Planta Titular","Municipal","Titular","Maria Magdalena Vasquez Jara","Administrativo","13°","Administrativos","Escala Municipal","2016-01-01 00:00:00.0","1900-01-01 00:00:00.0"
"Lota","Planta Titular","Municipal","Titular","Olga Isabel Reyes Ulloa","Administrativo","15°","Administrativos","Escala Municipal","2019-11-09 00:00:00.0","1900-01-01 00:00:00.0"
"Lota","Planta Titular","Municipal","Titular","Julio Miguel Torres Moraga","Administrador Municipal","5°","Jefaturas","Escala Municipal","2015-09-01 00:00:00.0","1900-01-01 00:00:00.0"
"Lota","Planta Titular","Municipal","Titular","Silvia del Carmen Cifuentes Vargas","Administrador Municipal","12°","Administrativos","Escala Municipal","2016-01-01 00:00:00.0","1900-01-01 00:00:00.0"
