"Comuna","Tipo de Contratación","Área","Calidad","Nombre","Cargo","Grado","Planta","Remuneración","Fecha desde","Fecha hasta"
"Lota","Contrata","Salud","Contrata","Leontina Graciela Suazo  Barrios","Técnico de Nivel Superior","SIN INFORMACION","Contratados Sin Planta","Estatuto Atención Primaria de Salud Municipal  Ley N°19.378","2019-03-25 00:00:00.0","2019-06-30 00:00:00.0"
"Lota","Contrata","Salud","Contrata","Gonzalo Andres Diaz Almirall","Profesional","SIN INFORMACION","Contratados Sin Planta","Estatuto Atención Primaria de Salud Municipal  Ley N°19.378","2019-07-01 00:00:00.0","2019-07-31 00:00:00.0"
"Lota","Contrata","Salud","Contrata","Vladimir Ricardo Sanhueza Salinas","Técnico de Nivel Superior","SIN INFORMACION","Contratados Sin Planta","Estatuto Atención Primaria de Salud Municipal  Ley N°19.378","2019-01-01 00:00:00.0","2019-06-30 00:00:00.0"
"Lota","Contrata","Salud","Contrata","Hercito Javier Friz Carrillo","Administrativo Crea de Salud","SIN INFORMACION","Contratados Sin Planta","Estatuto Atención Primaria de Salud Municipal  Ley N°19.378","2019-07-01 00:00:00.0","2019-07-31 00:00:00.0"
"Lota","Contrata","Salud","Contrata","Mauricio Alex Barra Pezo","Auxiliar de Servicio de Salud","SIN INFORMACION","Contratados Sin Planta","Estatuto Atención Primaria de Salud Municipal  Ley N°19.378","2019-01-01 00:00:00.0","2019-06-30 00:00:00.0"
"Lota","Contrata","Salud","Contrata","Margarita Mendoza Salgado","Profesional","SIN INFORMACION","Contratados Sin Planta","Estatuto Atención Primaria de Salud Municipal  Ley N°19.378","2019-01-01 00:00:00.0","2019-06-30 00:00:00.0"
"Lota","Contrata","Salud","Contrata","Maria Jacqueline Vergara Vergara","Técnico de Nivel Superior","SIN INFORMACION","Contratados Sin Planta","Estatuto Atención Primaria de Salud Municipal  Ley N°19.378","2019-01-01 00:00:00.0","2019-06-30 00:00:00.0"
"Lota","Contrata","Salud","Contrata","Soraya Isabel Sepulveda Contreras","Auxiliar de Servicio de Salud","SIN INFORMACION","Contratados Sin Planta","Estatuto Atención Primaria de Salud Municipal  Ley N°19.378","2019-01-01 00:00:00.0","2019-06-30 00:00:00.0"
"Lota","Contrata","Salud","Contrata","Gladys Carolina Vilches Soto","Técnico de Nivel Superior","SIN INFORMACION","Contratados Sin Planta","Estatuto Atención Primaria de Salud Municipal  Ley N°19.378","2019-01-01 00:00:00.0","2019-06-30 00:00:00.0"
"Lota","Contrata","Salud","Contrata","Luis Fabian Garay Flores","Profesional","SIN INFORMACION","Contratados Sin Planta","Estatuto Atención Primaria de Salud Municipal  Ley N°19.378","2019-01-01 00:00:00.0","2019-06-30 00:00:00.0"
"Lota","Contrata","Salud","Contrata","Vivian Marisol Sanhueza Gajardo","Profesional","SIN INFORMACION","Contratados Sin Planta","Estatuto Atención Primaria de Salud Municipal  Ley N°19.378","2019-01-01 00:00:00.0","2019-06-30 00:00:00.0"
"Lota","Contrata","Salud","Contrata","Ursula Geraldine Tapia  Carvallo","Auxiliar de Servicio de Salud","SIN INFORMACION","Contratados Sin Planta","Estatuto Atención Primaria de Salud Municipal  Ley N°19.378","2019-01-01 00:00:00.0","2019-06-30 00:00:00.0"
"Lota","Contrata","Salud","Contrata","David Moises Fernandez Torres","Profesional","SIN INFORMACION","Contratados Sin Planta","Estatuto Atención Primaria de Salud Municipal  Ley N°19.378","2019-01-01 00:00:00.0","2019-06-30 00:00:00.0"
"Lota","Contrata","Salud","Contrata","Jessica Beatriz Martinez Hernandez","Administrativo Crea de Salud","SIN INFORMACION","Contratados Sin Planta","Estatuto Atención Primaria de Salud Municipal  Ley N°19.378","2019-01-01 00:00:00.0","2019-06-30 00:00:00.0"
"Lota","Contrata","Salud","Contrata","Patricia Paola Yañez Monsalvez","Profesional","SIN INFORMACION","Contratados Sin Planta","Estatuto Atención Primaria de Salud Municipal  Ley N°19.378","2019-04-01 00:00:00.0","2019-06-30 00:00:00.0"
"Lota","Contrata","Salud","Contrata","Charlie Tebaldo Hernandez Hernandez","Auxiliar de Servicio de Salud","SIN INFORMACION","Contratados Sin Planta","Estatuto Atención Primaria de Salud Municipal  Ley N°19.378","2019-01-01 00:00:00.0","2019-01-02 00:00:00.0"
"Lota","Contrata","Salud","Contrata","Jose Pe¿a Pincheira","Auxiliar de Servicio de Salud","SIN INFORMACION","Contratados Sin Planta","Estatuto Atención Primaria de Salud Municipal  Ley N°19.378","2019-01-01 00:00:00.0","2019-06-30 00:00:00.0"
"Lota","Contrata","Salud","Contrata","Yohanna Graciela Hidalgo Moya","Administrativo Crea de Salud","SIN INFORMACION","Contratados Sin Planta","Estatuto Atención Primaria de Salud Municipal  Ley N°19.378","2019-01-01 00:00:00.0","2019-01-24 00:00:00.0"
"Lota","Contrata","Salud","Contrata","Juan Alfonso Delgado Palma","Auxiliar de Servicio de Salud","SIN INFORMACION","Contratados Sin Planta","Estatuto Atención Primaria de Salud Municipal  Ley N°19.378","2019-01-01 00:00:00.0","2019-06-30 00:00:00.0"
"Lota","Contrata","Salud","Contrata","Jessica Beatriz Vallejos Chavez","Auxiliar de Servicio de Salud","SIN INFORMACION","Contratados Sin Planta","Estatuto Atención Primaria de Salud Municipal  Ley N°19.378","2019-01-01 00:00:00.0","2019-06-30 00:00:00.0"
"Lota","Contrata","Salud","Contrata","Paola del Carmen Carrillo Torres","Administrativo Crea de Salud","SIN INFORMACION","Contratados Sin Planta","Estatuto Atención Primaria de Salud Municipal  Ley N°19.378","2019-01-01 00:00:00.0","2019-06-30 00:00:00.0"
"Lota","Contrata","Salud","Contrata","Johanna Marisol Calabriano Guzman","Auxiliar de Servicio de Salud","SIN INFORMACION","Contratados Sin Planta","Estatuto Atención Primaria de Salud Municipal  Ley N°19.378","2019-01-21 00:00:00.0","2019-02-28 00:00:00.0"
"Lota","Contrata","Salud","Contrata","Jessica Beatriz Munoz Gallardo","Profesional","SIN INFORMACION","Contratados Sin Planta","Estatuto Atención Primaria de Salud Municipal  Ley N°19.378","2019-01-01 00:00:00.0","2019-06-30 00:00:00.0"
"Lota","Contrata","Salud","Contrata","Eva Luisa Chamorro Lopez","Profesional","SIN INFORMACION","Contratados Sin Planta","Estatuto Atención Primaria de Salud Municipal  Ley N°19.378","2019-01-01 00:00:00.0","2019-06-30 00:00:00.0"
"Lota","Contrata","Salud","Contrata","Carole Alicia Bustos Torres","Enfermero(a)"," ","Personal No Pertenece A Planta","Sin Información","2011-08-16 00:00:00.0","1900-01-01 00:00:00.0"
"Lota","Contrata","Salud","Contrata","Manuela Antonieta Alarcon Arias","Administrativo Crea de Salud","SIN INFORMACION","Contratados Sin Planta","Estatuto Atención Primaria de Salud Municipal  Ley N°19.378","2019-01-01 00:00:00.0","2019-06-30 00:00:00.0"
"Lota","Contrata","Salud","Contrata","Ximena  Torres Guzman","Profesional","SIN INFORMACION","Contratados Sin Planta","Estatuto Atención Primaria de Salud Municipal  Ley N°19.378","2019-01-01 00:00:00.0","2019-06-30 00:00:00.0"
"Lota","Contrata","Salud","Contrata","Betsabeth Ester Vilches Mellado","Profesional","SIN INFORMACION","Contratados Sin Planta","Estatuto Atención Primaria de Salud Municipal  Ley N°19.378","2019-01-01 00:00:00.0","2019-03-31 00:00:00.0"
"Lota","Contrata","Salud","Contrata","Miriam Ester Peña Chavez","Profesional","SIN INFORMACION","Contratados Sin Planta","Estatuto Atención Primaria de Salud Municipal  Ley N°19.378","2019-01-01 00:00:00.0","2019-06-30 00:00:00.0"
"Lota","Contrata","Salud","Contrata","Hector Rodrigo Tapia Campos","Administrativo Crea de Salud","SIN INFORMACION","Contratados Sin Planta","Estatuto Atención Primaria de Salud Municipal  Ley N°19.378","2019-01-01 00:00:00.0","2019-06-30 00:00:00.0"
"Lota","Contrata","Salud","Contrata","Leonardo Francisco Aguayo Arevalo","Administrativo Crea de Salud","SIN INFORMACION","Contratados Sin Planta","Estatuto Atención Primaria de Salud Municipal  Ley N°19.378","2019-01-01 00:00:00.0","2019-06-30 00:00:00.0"
"Lota","Contrata","Salud","Contrata","Jorge Luis  Cisternas  Flores","Profesional","SIN INFORMACION","Contratados Sin Planta","Estatuto Atención Primaria de Salud Municipal  Ley N°19.378","2019-01-01 00:00:00.0","2019-06-30 00:00:00.0"
"Lota","Contrata","Salud","Contrata","Maria Luisa Valencia Salazar","Profesional","SIN INFORMACION","Contratados Sin Planta","Estatuto Atención Primaria de Salud Municipal  Ley N°19.378","2019-01-01 00:00:00.0","2019-01-06 00:00:00.0"
"Lota","Contrata","Salud","Contrata","Paulina Alejandra Galindo Rojas","Profesional","SIN INFORMACION","Contratados Sin Planta","Estatuto Atención Primaria de Salud Municipal  Ley N°19.378","2019-01-01 00:00:00.0","2019-06-30 00:00:00.0"
"Lota","Contrata","Salud","Contrata","Norma Ester Irribarra Vergara","Profesional","SIN INFORMACION","Contratados Sin Planta","Estatuto Atención Primaria de Salud Municipal  Ley N°19.378","2019-01-01 00:00:00.0","2019-06-30 00:00:00.0"
"Lota","Contrata","Salud","Contrata","Gloria Alejandra Perez Ramirez","Profesional","SIN INFORMACION","Contratados Sin Planta","Estatuto Atención Primaria de Salud Municipal  Ley N°19.378","2019-03-01 00:00:00.0","2019-03-07 00:00:00.0"
"Lota","Contrata","Salud","Contrata","Solange Alejandra Pereira Diaz","Técnico de Nivel Superior","SIN INFORMACION","Contratados Sin Planta","Estatuto Atención Primaria de Salud Municipal  Ley N°19.378","2019-01-01 00:00:00.0","2019-06-30 00:00:00.0"
"Lota","Contrata","Salud","Contrata","Claudia Carolina Aburto Cifuentes","Administrativo Crea de Salud","SIN INFORMACION","Contratados Sin Planta","Estatuto Atención Primaria de Salud Municipal  Ley N°19.378","2019-07-01 00:00:00.0","2019-07-31 00:00:00.0"
"Lota","Contrata","Salud","Contrata","Graciela Valeska Nova Peña","Profesional","SIN INFORMACION","Contratados Sin Planta","Estatuto Atención Primaria de Salud Municipal  Ley N°19.378","2019-01-01 00:00:00.0","2019-06-30 00:00:00.0"
"Lota","Contrata","Salud","Contrata","Maria Guillermina Lagos Utreras","Técnico de Nivel Superior","SIN INFORMACION","Contratados Sin Planta","Estatuto Atención Primaria de Salud Municipal  Ley N°19.378","2019-01-01 00:00:00.0","2019-06-30 00:00:00.0"
"Lota","Contrata","Salud","Contrata","Marcela Loreto Aravena Duran","Administrativo Crea de Salud","SIN INFORMACION","Contratados Sin Planta","Estatuto Atención Primaria de Salud Municipal  Ley N°19.378","2019-01-01 00:00:00.0","2019-06-30 00:00:00.0"
"Lota","Contrata","Salud","Contrata","Claudio Gabriel Mendoza Santander","Auxiliar de Servicio de Salud","SIN INFORMACION","Contratados Sin Planta","Estatuto Atención Primaria de Salud Municipal  Ley N°19.378","2019-01-01 00:00:00.0","2019-06-30 00:00:00.0"
"Lota","Contrata","Salud","Contrata","Alfonsina Ester Jerez Garces","Profesional","SIN INFORMACION","Contratados Sin Planta","Estatuto Atención Primaria de Salud Municipal  Ley N°19.378","2019-01-01 00:00:00.0","2019-06-30 00:00:00.0"
"Lota","Contrata","Salud","Contrata","Carola Doris Melendez Aravena","Administrativo Crea de Salud","SIN INFORMACION","Contratados Sin Planta","Estatuto Atención Primaria de Salud Municipal  Ley N°19.378","2019-01-01 00:00:00.0","2019-06-30 00:00:00.0"
"Lota","Contrata","Salud","Contrata","Paola Rossana Pastorini Aguilar","Técnico de Nivel Superior","SIN INFORMACION","Contratados Sin Planta","Estatuto Atención Primaria de Salud Municipal  Ley N°19.378","2019-01-01 00:00:00.0","2019-06-30 00:00:00.0"
"Lota","Contrata","Salud","Contrata","Fabiola Andrea Gomez Oñate","Profesional","SIN INFORMACION","Contratados Sin Planta","Estatuto Atención Primaria de Salud Municipal  Ley N°19.378","2019-01-08 00:00:00.0","2019-01-29 00:00:00.0"
"Lota","Contrata","Salud","Contrata","Claudia Hurtado Rivera","Técnico de Nivel Superior","SIN INFORMACION","Contratados Sin Planta","Estatuto Atención Primaria de Salud Municipal  Ley N°19.378","2019-01-01 00:00:00.0","2019-06-30 00:00:00.0"
"Lota","Contrata","Salud","Contrata","Denisse Katherine  Salazar Zapata","Profesional","SIN INFORMACION","Contratados Sin Planta","Estatuto Atención Primaria de Salud Municipal  Ley N°19.378","2019-10-01 00:00:00.0","2019-12-31 00:00:00.0"
"Lota","Contrata","Salud","Contrata","Luis Eduardo Rodriguez Correa","Profesional","SIN INFORMACION","Contratados Sin Planta","Estatuto Atención Primaria de Salud Municipal  Ley N°19.378","2019-01-01 00:00:00.0","2019-06-30 00:00:00.0"
"Lota","Contrata","Salud","Contrata","Mariela Isidora Fernandez Bastias","Técnico de Nivel Superior","SIN INFORMACION","Contratados Sin Planta","Estatuto Atención Primaria de Salud Municipal  Ley N°19.378","2019-07-01 00:00:00.0","2019-07-31 00:00:00.0"
"Lota","Contrata","Salud","Contrata","Alexis Daniel Villarroel Montecinos","Auxiliar de Servicio de Salud","SIN INFORMACION","Contratados Sin Planta","Estatuto Atención Primaria de Salud Municipal  Ley N°19.378","2019-03-05 00:00:00.0","2019-05-31 00:00:00.0"
"Lota","Contrata","Salud","Contrata","Pamela Karinna Fern¿ndez Rom¿n","Profesional","SIN INFORMACION","Contratados Sin Planta","Estatuto Atención Primaria de Salud Municipal  Ley N°19.378","2019-01-01 00:00:00.0","2019-06-30 00:00:00.0"
"Lota","Contrata","Salud","Contrata","Jorge Francisco Valenzuela Cisterna","Profesional","SIN INFORMACION","Contratados Sin Planta","Estatuto Atención Primaria de Salud Municipal  Ley N°19.378","2019-01-01 00:00:00.0","2019-06-30 00:00:00.0"
"Lota","Contrata","Salud","Contrata","Carlos Andres  Luengo Aguayo","Profesional","SIN INFORMACION","Contratados Sin Planta","Estatuto Atención Primaria de Salud Municipal  Ley N°19.378","2019-02-13 00:00:00.0","2019-03-08 00:00:00.0"
"Lota","Contrata","Salud","Contrata","Braulio Enrique Suazo Campos","Auxiliar de Servicio de Salud","SIN INFORMACION","Contratados Sin Planta","Estatuto Atención Primaria de Salud Municipal  Ley N°19.378","2019-01-01 00:00:00.0","2019-01-20 00:00:00.0"
"Lota","Contrata","Salud","Contrata","Lorena Magaly Lopez Gonzalez","Técnico de Nivel Superior","SIN INFORMACION","Contratados Sin Planta","Estatuto Atención Primaria de Salud Municipal  Ley N°19.378","2019-01-01 00:00:00.0","2019-06-30 00:00:00.0"
"Lota","Contrata","Salud","Contrata","Pamela Alejandra Saavedra  Saavedra","Administrativo Crea de Salud","SIN INFORMACION","Contratados Sin Planta","Estatuto Atención Primaria de Salud Municipal  Ley N°19.378","2019-03-01 00:00:00.0","2019-03-17 00:00:00.0"
"Lota","Contrata","Salud","Contrata","Carla Andrea Bobadilla Hernandez","Administrativo Crea de Salud","SIN INFORMACION","Contratados Sin Planta","Estatuto Atención Primaria de Salud Municipal  Ley N°19.378","2019-01-01 00:00:00.0","2019-06-30 00:00:00.0"
"Lota","Contrata","Salud","Contrata","Romina Elizabeth Miranda Lagos","Profesional","SIN INFORMACION","Contratados Sin Planta","Estatuto Atención Primaria de Salud Municipal  Ley N°19.378","2019-01-01 00:00:00.0","2019-06-30 00:00:00.0"
"Lota","Contrata","Salud","Contrata","Estefani Ester Roa  Mardones","Profesional","SIN INFORMACION","Contratados Sin Planta","Estatuto Atención Primaria de Salud Municipal  Ley N°19.378","2019-02-06 00:00:00.0","2019-03-01 00:00:00.0"
"Lota","Contrata","Salud","Contrata","Jazmin Alejandra Opazo Mu¿oz","Técnico de Nivel Superior","SIN INFORMACION","Contratados Sin Planta","Estatuto Atención Primaria de Salud Municipal  Ley N°19.378","2019-01-01 00:00:00.0","2019-06-30 00:00:00.0"
"Lota","Contrata","Salud","Contrata","Miguel Alfonso Nu¿ez Castro","Profesional","SIN INFORMACION","Contratados Sin Planta","Estatuto Atención Primaria de Salud Municipal  Ley N°19.378","2019-01-01 00:00:00.0","2019-06-30 00:00:00.0"
"Lota","Contrata","Salud","Contrata","Valentina Magdiel Lizama Moreno","Profesional","SIN INFORMACION","Contratados Sin Planta","Estatuto Atención Primaria de Salud Municipal  Ley N°19.378","2019-03-19 00:00:00.0","2019-03-21 00:00:00.0"
"Lota","Contrata","Salud","Contrata","Mauricio Leonardo Pardo Saez","Profesional","SIN INFORMACION","Contratados Sin Planta","Estatuto Atención Primaria de Salud Municipal  Ley N°19.378","2019-01-01 00:00:00.0","2019-06-30 00:00:00.0"
"Lota","Contrata","Salud","Contrata","Carolina Rodriguez Vasquez","Profesional","SIN INFORMACION","Contratados Sin Planta","Estatuto Atención Primaria de Salud Municipal  Ley N°19.378","2019-01-01 00:00:00.0","2019-06-30 00:00:00.0"
"Lota","Contrata","Salud","Contrata","Lesslie  Mendoza  Dominguez","Profesional","SIN INFORMACION","Contratados Sin Planta","Estatuto Atención Primaria de Salud Municipal  Ley N°19.378","2019-01-01 00:00:00.0","2019-06-30 00:00:00.0"
"Lota","Contrata","Salud","Contrata","Ingrid Magdalena Medina  Vera","Administrativo Crea de Salud","SIN INFORMACION","Contratados Sin Planta","Estatuto Atención Primaria de Salud Municipal  Ley N°19.378","2019-03-03 00:00:00.0","2019-03-17 00:00:00.0"
"Lota","Contrata","Salud","Contrata","Nathalie Andrea Olivares Home","Profesional","SIN INFORMACION","Contratados Sin Planta","Estatuto Atención Primaria de Salud Municipal  Ley N°19.378","2019-01-01 00:00:00.0","2019-06-30 00:00:00.0"
"Lota","Contrata","Salud","Contrata","Luis Eduardo Pincheira Valenzuela","Profesional","SIN INFORMACION","Contratados Sin Planta","Estatuto Atención Primaria de Salud Municipal  Ley N°19.378","2019-01-01 00:00:00.0","2019-06-30 00:00:00.0"
"Lota","Contrata","Salud","Contrata","Ernesto Nicol¿s Monsalves Palma","Profesional","SIN INFORMACION","Contratados Sin Planta","Estatuto Atención Primaria de Salud Municipal  Ley N°19.378","2019-03-12 00:00:00.0","2019-03-25 00:00:00.0"
"Lota","Contrata","Salud","Contrata","Roselim Stephanie  Zambrano Aviles","Técnico de Nivel Superior","SIN INFORMACION","Contratados Sin Planta","Estatuto Atención Primaria de Salud Municipal  Ley N°19.378","2019-01-01 00:00:00.0","2019-06-30 00:00:00.0"
"Lota","Contrata","Salud","Contrata","Ximena del Carmen Jarpa Carrillo","Profesional","SIN INFORMACION","Contratados Sin Planta","Estatuto Atención Primaria de Salud Municipal  Ley N°19.378","2019-01-01 00:00:00.0","2019-06-30 00:00:00.0"
"Lota","Contrata","Salud","Contrata","Jacqueline  Patricia Salcedo Reyes","Profesional","SIN INFORMACION","Contratados Sin Planta","Estatuto Atención Primaria de Salud Municipal  Ley N°19.378","2019-01-01 00:00:00.0","2019-06-30 00:00:00.0"
"Lota","Contrata","Salud","Contrata","Geraldine Franchesca Arriagada Cabeza","Profesional","SIN INFORMACION","Contratados Sin Planta","Estatuto Atención Primaria de Salud Municipal  Ley N°19.378","2019-01-01 00:00:00.0","2019-06-30 00:00:00.0"
"Lota","Contrata","Salud","Contrata","Katherin Daniela Ayala Sarzoza","Técnico de Nivel Superior","SIN INFORMACION","Contratados Sin Planta","Estatuto Atención Primaria de Salud Municipal  Ley N°19.378","2019-09-12 00:00:00.0","2019-09-14 00:00:00.0"
"Lota","Contrata","Salud","Contrata","Jocselin  Leal Gonzalez","Administrativo"," ","Contratados Sin Planta","Escala Atención Primaria de Salud Municipal","2011-05-16 00:00:00.0","1900-01-01 00:00:00.0"
"Lota","Contrata","Salud","Contrata","Nayadest Romina Hermosilla Aguayo","Técnico de Nivel Superior","SIN INFORMACION","Contratados Sin Planta","Estatuto Atención Primaria de Salud Municipal  Ley N°19.378","2019-01-01 00:00:00.0","2019-06-30 00:00:00.0"
"Lota","Contrata","Salud","Contrata","Johanna Pamela Reyes Alvarez","Director de Departamento de Salud  Municipal","SIN INFORMACION","Contratados Sin Planta","Estatuto Atención Primaria de Salud Municipal  Ley N°19.378","2019-01-01 00:00:00.0","2019-06-30 00:00:00.0"
"Lota","Contrata","Salud","Contrata","Nicol Denisse  Puentes Gatica","Profesional","SIN INFORMACION","Contratados Sin Planta","Estatuto Atención Primaria de Salud Municipal  Ley N°19.378","2019-07-01 00:00:00.0","2019-07-31 00:00:00.0"
"Lota","Contrata","Salud","Contrata","Elizabeth Andrea Abasto Bustos","Profesional","SIN INFORMACION","Contratados Sin Planta","Estatuto Atención Primaria de Salud Municipal  Ley N°19.378","2019-01-01 00:00:00.0","2019-06-30 00:00:00.0"
"Lota","Contrata","Salud","Contrata","Nicole Alejandra  Macaya Navarro","Técnico de Nivel Superior","SIN INFORMACION","Contratados Sin Planta","Estatuto Atención Primaria de Salud Municipal  Ley N°19.378","2019-01-01 00:00:00.0","2019-01-31 00:00:00.0"
"Lota","Contrata","Salud","Contrata","Katherine Andrea  Muller  Vigueras","Profesional","SIN INFORMACION","Contratados Sin Planta","Estatuto Atención Primaria de Salud Municipal  Ley N°19.378","2019-01-01 00:00:00.0","2019-03-31 00:00:00.0"
"Lota","Contrata","Salud","Contrata","Marjorie Renee Caceres Monsalve","Profesional","SIN INFORMACION","Contratados Sin Planta","Estatuto Atención Primaria de Salud Municipal  Ley N°19.378","2019-10-22 00:00:00.0","2019-11-20 00:00:00.0"
"Lota","Contrata","Salud","Contrata","Alizabeth Angelica Campos Pino","Profesional","SIN INFORMACION","Contratados Sin Planta","Estatuto Atención Primaria de Salud Municipal  Ley N°19.378","2019-01-01 00:00:00.0","2019-06-30 00:00:00.0"
"Lota","Contrata","Salud","Contrata","Oscar Eduardo Provoste Gallegos","Profesional","SIN INFORMACION","Contratados Sin Planta","Estatuto Atención Primaria de Salud Municipal  Ley N°19.378","2019-10-01 00:00:00.0","2019-12-31 00:00:00.0"
"Lota","Contrata","Salud","Contrata","Estefania  Gaete Montecinos","Profesional","SIN INFORMACION","Contratados Sin Planta","Estatuto Atención Primaria de Salud Municipal  Ley N°19.378","2019-07-01 00:00:00.0","2019-07-31 00:00:00.0"
"Lota","Contrata","Salud","Contrata","Gaston Andres Riveros Toloza","Profesional","SIN INFORMACION","Contratados Sin Planta","Estatuto Atención Primaria de Salud Municipal  Ley N°19.378","2019-06-13 00:00:00.0","2019-07-14 00:00:00.0"
"Lota","Contrata","Salud","Contrata","Angely Belen Vegas  Perez","Profesional","SIN INFORMACION","Contratados Sin Planta","Estatuto Atención Primaria de Salud Municipal  Ley N°19.378","2019-04-22 00:00:00.0","2019-06-30 00:00:00.0"
"Lota","Contrata","Salud","Contrata","Selomith Estefania Zamorano  Cid","Profesional","SIN INFORMACION","Contratados Sin Planta","Estatuto Atención Primaria de Salud Municipal  Ley N°19.378","2019-01-02 00:00:00.0","2019-01-08 00:00:00.0"
"Lota","Contrata","Salud","Contrata","Marcia Nicole Monsalves Palma","Técnico de Nivel Superior","SIN INFORMACION","Contratados Sin Planta","Estatuto Atención Primaria de Salud Municipal  Ley N°19.378","2019-01-01 00:00:00.0","2019-06-30 00:00:00.0"
"Lota","Contrata","Salud","Contrata","Mariana Monserrat Erices Leon","Auxiliar de Servicio de Salud","SIN INFORMACION","Contratados Sin Planta","Estatuto Atención Primaria de Salud Municipal  Ley N°19.378","2019-02-13 00:00:00.0","2019-02-18 00:00:00.0"
"Lota","Contrata","Salud","Contrata","Samuel Ernesto Milchio Arratia","Profesional","SIN INFORMACION","Contratados Sin Planta","Estatuto Atención Primaria de Salud Municipal  Ley N°19.378","2019-01-01 00:00:00.0","2019-01-31 00:00:00.0"
"Lota","Contrata","Salud","Contrata","Karina Vanessa Oporto Fernandez","Técnico de Nivel Superior","SIN INFORMACION","Contratados Sin Planta","Estatuto Atención Primaria de Salud Municipal  Ley N°19.378","2019-01-01 00:00:00.0","2019-06-30 00:00:00.0"
"Lota","Contrata","Salud","Contrata","Adriana Francisca Alvear  Palma","Técnico de Nivel Superior","SIN INFORMACION","Contratados Sin Planta","Estatuto Atención Primaria de Salud Municipal  Ley N°19.378","2019-01-01 00:00:00.0","2019-06-30 00:00:00.0"
"Lota","Contrata","Salud","Contrata","Pia Javiera Navarro  Barcenas","Profesional","SIN INFORMACION","Contratados Sin Planta","Estatuto Atención Primaria de Salud Municipal  Ley N°19.378","2019-10-21 00:00:00.0","2019-12-31 00:00:00.0"
"Lota","Contrata","Salud","Contrata","Maria Jose Isla Azocar","Profesional","SIN INFORMACION","Contratados Sin Planta","Estatuto Atención Primaria de Salud Municipal  Ley N°19.378","2019-01-01 00:00:00.0","2019-06-30 00:00:00.0"
"Lota","Contrata","Salud","Contrata","Diana Jazmina Jerez Burgos","Profesional","SIN INFORMACION","Contratados Sin Planta","Estatuto Atención Primaria de Salud Municipal  Ley N°19.378","2019-01-01 00:00:00.0","2019-06-30 00:00:00.0"
"Lota","Contrata","Salud","Contrata","Patricia Loreto  Galvez Vega","Profesional","SIN INFORMACION","Contratados Sin Planta","Estatuto Atención Primaria de Salud Municipal  Ley N°19.378","2019-01-01 00:00:00.0","2019-06-30 00:00:00.0"
"Lota","Contrata","Salud","Contrata","Karol Elizabeth Oporto Oporto","Técnico de Nivel Superior","SIN INFORMACION","Contratados Sin Planta","Estatuto Atención Primaria de Salud Municipal  Ley N°19.378","2019-01-01 00:00:00.0","2019-01-18 00:00:00.0"
"Lota","Contrata","Salud","Contrata","Cristina  Andrea Crisosto Aedo","Técnico de Nivel Superior","SIN INFORMACION","Contratados Sin Planta","Estatuto Atención Primaria de Salud Municipal  Ley N°19.378","2019-01-17 00:00:00.0","2019-01-24 00:00:00.0"
"Lota","Contrata","Salud","Contrata","Yepsie Romane Veloso Valencia","Profesional","SIN INFORMACION","Contratados Sin Planta","Estatuto Atención Primaria de Salud Municipal  Ley N°19.378","2019-07-01 00:00:00.0","2019-07-31 00:00:00.0"
"Lota","Contrata","Salud","Contrata","Jorge Luis Vallejos  Qui¿ilen","Profesional","SIN INFORMACION","Contratados Sin Planta","Estatuto Atención Primaria de Salud Municipal  Ley N°19.378","2019-01-01 00:00:00.0","2019-06-30 00:00:00.0"
"Lota","Contrata","Salud","Contrata","Wilson Andres Sanhueza  Cisterna","Profesional","SIN INFORMACION","Contratados Sin Planta","Estatuto Atención Primaria de Salud Municipal  Ley N°19.378","2019-11-25 00:00:00.0","2019-12-13 00:00:00.0"
"Lota","Contrata","Salud","Contrata","Jasna Camila  Reyes Fierro","Profesional","SIN INFORMACION","Contratados Sin Planta","Estatuto Atención Primaria de Salud Municipal  Ley N°19.378","2019-01-01 00:00:00.0","2019-06-30 00:00:00.0"
"Lota","Contrata","Salud","Contrata","Constanza Daniela Torres Palma","Profesional","SIN INFORMACION","Contratados Sin Planta","Estatuto Atención Primaria de Salud Municipal  Ley N°19.378","2019-10-11 00:00:00.0","2019-12-31 00:00:00.0"
"Lota","Contrata","Salud","Contrata","David Sebastian Provoste Campos","Técnico de Nivel Superior","SIN INFORMACION","Contratados Sin Planta","Estatuto Atención Primaria de Salud Municipal  Ley N°19.378","2019-01-01 00:00:00.0","2019-06-30 00:00:00.0"
"Lota","Contrata","Salud","Contrata","Ana Macarena Villagran Sepulveda","Profesional","SIN INFORMACION","Contratados Sin Planta","Estatuto Atención Primaria de Salud Municipal  Ley N°19.378","2019-01-01 00:00:00.0","2019-06-30 00:00:00.0"
"Lota","Contrata","Salud","Contrata","Sebastian Ignacio Barrientos Montoya","Profesional","SIN INFORMACION","Contratados Sin Planta","Estatuto Atención Primaria de Salud Municipal  Ley N°19.378","2019-08-19 00:00:00.0","2019-09-30 00:00:00.0"
"Lota","Contrata","Salud","Contrata","Constanza Belen  Vega  Cisternas","Profesional","SIN INFORMACION","Contratados Sin Planta","Estatuto Atención Primaria de Salud Municipal  Ley N°19.378","2019-01-01 00:00:00.0","2019-06-30 00:00:00.0"
"Lota","Contrata","Salud","Contrata","Camila Alejandra  Medina  Sanchez","Profesional","SIN INFORMACION","Contratados Sin Planta","Estatuto Atención Primaria de Salud Municipal  Ley N°19.378","2019-04-02 00:00:00.0","2019-06-11 00:00:00.0"
"Lota","Contrata","Salud","Contrata","Javiera del Pilar  Pizarro  Caztro","Profesional","SIN INFORMACION","Contratados Sin Planta","Estatuto Atención Primaria de Salud Municipal  Ley N°19.378","2019-01-01 00:00:00.0","2019-03-31 00:00:00.0"
"Lota","Contrata","Salud","Contrata","Rosa Emelina Bizama Silva","Técnico de Nivel Superior","SIN INFORMACION","Contratados Sin Planta","Estatuto Atención Primaria de Salud Municipal  Ley N°19.378","2019-01-01 00:00:00.0","2019-06-30 00:00:00.0"
"Lota","Contrata","Salud","Contrata","Brian Ivan Venegas  Andrade","Auxiliar de Servicio de Salud","SIN INFORMACION","Contratados Sin Planta","Estatuto Atención Primaria de Salud Municipal  Ley N°19.378","2019-01-01 00:00:00.0","2019-06-30 00:00:00.0"
"Lota","Contrata","Salud","Contrata","Ana Karen Cristina Rodriguez  Soto","Técnico de Nivel Superior","SIN INFORMACION","Contratados Sin Planta","Estatuto Atención Primaria de Salud Municipal  Ley N°19.378","2019-01-01 00:00:00.0","2019-06-30 00:00:00.0"
"Lota","Contrata","Salud","Contrata","Maria Jose Villagran Bustos","Técnico de Nivel Superior","SIN INFORMACION","Contratados Sin Planta","Estatuto Atención Primaria de Salud Municipal  Ley N°19.378","2019-01-01 00:00:00.0","2019-06-30 00:00:00.0"
"Lota","Contrata","Salud","Contrata","Karen  Fernandez  Jimenez","Profesional","SIN INFORMACION","Contratados Sin Planta","Estatuto Atención Primaria de Salud Municipal  Ley N°19.378","2019-01-01 00:00:00.0","2019-06-30 00:00:00.0"
"Lota","Contrata","Salud","Contrata","Romina Angelica Delpiano Ortiz","Profesional","SIN INFORMACION","Contratados Sin Planta","Estatuto Atención Primaria de Salud Municipal  Ley N°19.378","2019-05-27 00:00:00.0","2019-06-06 00:00:00.0"
"Lota","Contrata","Salud","Contrata","Johamns Albert Medina Haiquillan","Técnico de Nivel Superior","SIN INFORMACION","Contratados Sin Planta","Estatuto Atención Primaria de Salud Municipal  Ley N°19.378","2019-01-01 00:00:00.0","2019-01-31 00:00:00.0"
"Lota","Contrata","Salud","Contrata","Yenny Alejandra S¿nchez Salinas","Profesional","SIN INFORMACION","Contratados Sin Planta","Estatuto Atención Primaria de Salud Municipal  Ley N°19.378","2019-01-01 00:00:00.0","2019-06-30 00:00:00.0"
"Lota","Contrata","Salud","Contrata","Fabian Leonardo Carrasco Vargas","Técnico de Nivel Superior","SIN INFORMACION","Contratados Sin Planta","Estatuto Atención Primaria de Salud Municipal  Ley N°19.378","2019-01-01 00:00:00.0","2019-06-30 00:00:00.0"
"Lota","Contrata","Salud","Contrata","Isabel Soledad Cruces Ayala","Profesional","SIN INFORMACION","Contratados Sin Planta","Estatuto Atención Primaria de Salud Municipal  Ley N°19.378","2019-06-03 00:00:00.0","2019-06-10 00:00:00.0"
"Lota","Contrata","Salud","Contrata","Elizabeth Sarai Delgado Aguilera","Profesional","SIN INFORMACION","Contratados Sin Planta","Estatuto Atención Primaria de Salud Municipal  Ley N°19.378","2019-08-14 00:00:00.0","2019-08-27 00:00:00.0"
"Lota","Contrata","Salud","Contrata","Nicolas Ignacio Tapia Pozo","Profesional","SIN INFORMACION","Contratados Sin Planta","Estatuto Atención Primaria de Salud Municipal  Ley N°19.378","2019-01-01 00:00:00.0","2019-06-30 00:00:00.0"
"Lota","Contrata","Salud","Contrata","Fernanda  Catalan Sanhueza","Profesional","SIN INFORMACION","Contratados Sin Planta","Estatuto Atención Primaria de Salud Municipal  Ley N°19.378","2019-10-09 00:00:00.0","2019-10-17 00:00:00.0"
"Lota","Contrata","Salud","Contrata","Daniela Nicole Contreras Soto","Auxiliar de Servicio de Salud","SIN INFORMACION","Contratados Sin Planta","Estatuto Atención Primaria de Salud Municipal  Ley N°19.378","2019-01-09 00:00:00.0","2019-02-07 00:00:00.0"
"Lota","Contrata","Salud","Contrata","Jonathan Arnoldo  Miranda  Arevalo","Profesional","SIN INFORMACION","Contratados Sin Planta","Estatuto Atención Primaria de Salud Municipal  Ley N°19.378","2019-01-01 00:00:00.0","2019-06-30 00:00:00.0"
"Lota","Contrata","Salud","Contrata","Genesis Yanira Beltran  Retamal","Técnico de Nivel Superior","SIN INFORMACION","Contratados Sin Planta","Estatuto Atención Primaria de Salud Municipal  Ley N°19.378","2019-01-01 00:00:00.0","2019-06-30 00:00:00.0"
"Lota","Contrata","Salud","Contrata","Rodrigo Alejandro Cadena Medina","Profesional","SIN INFORMACION","Contratados Sin Planta","Estatuto Atención Primaria de Salud Municipal  Ley N°19.378","2019-08-01 00:00:00.0","2019-09-30 00:00:00.0"
"Lota","Contrata","Salud","Contrata","Gabriela Alejandra Miranda Salinas","Profesional","SIN INFORMACION","Contratados Sin Planta","Estatuto Atención Primaria de Salud Municipal  Ley N°19.378","2019-06-19 00:00:00.0","2019-06-19 00:00:00.0"
"Lota","Contrata","Salud","Contrata","Rafael Dario Aguilera  Martinez","Profesional","SIN INFORMACION","Contratados Sin Planta","Estatuto Atención Primaria de Salud Municipal  Ley N°19.378","2019-07-01 00:00:00.0","2019-07-31 00:00:00.0"
"Lota","Contrata","Salud","Contrata","Graciela Nicole Fernandez Venegas","Profesional","SIN INFORMACION","Contratados Sin Planta","Estatuto Atención Primaria de Salud Municipal  Ley N°19.378","2019-01-01 00:00:00.0","2019-03-19 00:00:00.0"
"Lota","Contrata","Salud","Contrata","Paulina Constanza Rebolledo  Jofre","Profesional","SIN INFORMACION","Contratados Sin Planta","Estatuto Atención Primaria de Salud Municipal  Ley N°19.378","2019-01-14 00:00:00.0","2019-01-31 00:00:00.0"
"Lota","Contrata","Salud","Contrata","Nicole Andrea Millar  Hidalgo","Técnico de Nivel Superior","SIN INFORMACION","Contratados Sin Planta","Estatuto Atención Primaria de Salud Municipal  Ley N°19.378","2019-03-14 00:00:00.0","2019-04-05 00:00:00.0"
"Lota","Contrata","Salud","Contrata","Carolina Andrea Pincheira  Diaz","Profesional","SIN INFORMACION","Contratados Sin Planta","Estatuto Atención Primaria de Salud Municipal  Ley N°19.378","2019-02-04 00:00:00.0","2019-03-31 00:00:00.0"
"Lota","Contrata","Salud","Contrata","Carla Elizabeth Carvallo Miranda","Técnico de Nivel Superior","SIN INFORMACION","Contratados Sin Planta","Estatuto Atención Primaria de Salud Municipal  Ley N°19.378","2019-01-01 00:00:00.0","2019-06-30 00:00:00.0"
"Lota","Contrata","Salud","Contrata","Diego  Castillo Rifo","Profesional","SIN INFORMACION","Contratados Sin Planta","Estatuto Atención Primaria de Salud Municipal  Ley N°19.378","2019-01-01 00:00:00.0","2019-06-30 00:00:00.0"
"Lota","Contrata","Salud","Contrata","Solange Alejandra  Ramirez  Castro","Profesional","SIN INFORMACION","Contratados Sin Planta","Estatuto Atención Primaria de Salud Municipal  Ley N°19.378","2019-08-01 00:00:00.0","2019-09-30 00:00:00.0"
"Lota","Contrata","Salud","Contrata","Leandra Catalina  Duarte Herrera","Profesional","SIN INFORMACION","Contratados Sin Planta","Estatuto Atención Primaria de Salud Municipal  Ley N°19.378","2019-01-01 00:00:00.0","2019-06-30 00:00:00.0"
"Lota","Contrata","Salud","Contrata","Mabel Nu¿ez  Ulloa","Profesional","SIN INFORMACION","Contratados Sin Planta","Estatuto Atención Primaria de Salud Municipal  Ley N°19.378","2019-06-01 00:00:00.0","2019-06-30 00:00:00.0"
"Lota","Contrata","Salud","Contrata","Jorge Roberto  Salazar Mena","Técnico de Nivel Superior","SIN INFORMACION","Contratados Sin Planta","Estatuto Atención Primaria de Salud Municipal  Ley N°19.378","2019-01-01 00:00:00.0","2019-06-30 00:00:00.0"
"Lota","Contrata","Salud","Contrata","Lizette Stefany Faundez Dinamarca","Técnico de Nivel Superior","SIN INFORMACION","Contratados Sin Planta","Estatuto Atención Primaria de Salud Municipal  Ley N°19.378","2019-01-01 00:00:00.0","2019-01-31 00:00:00.0"
"Lota","Contrata","Salud","Contrata","Geraldine Viany Salazar Garrido","Profesional","SIN INFORMACION","Contratados Sin Planta","Estatuto Atención Primaria de Salud Municipal  Ley N°19.378","2019-01-01 00:00:00.0","2019-01-27 00:00:00.0"
"Lota","Contrata","Salud","Contrata","Josefa Andrea Pizarro Castro","Profesional","SIN INFORMACION","Contratados Sin Planta","Estatuto Atención Primaria de Salud Municipal  Ley N°19.378","2019-02-26 00:00:00.0","2019-03-31 00:00:00.0"
"Lota","Contrata","Salud","Contrata","Francisca Constanza Leal Gonzalez","Profesional","SIN INFORMACION","Contratados Sin Planta","Estatuto Atención Primaria de Salud Municipal  Ley N°19.378","2019-04-08 00:00:00.0","2019-04-26 00:00:00.0"
"Lota","Contrata","Salud","Contrata","Vittalia Antonella Cichero Perez","Auxiliar de Servicio de Salud","SIN INFORMACION","Contratados Sin Planta","Estatuto Atención Primaria de Salud Municipal  Ley N°19.378","2019-01-01 00:00:00.0","2019-01-08 00:00:00.0"
"Lota","Contrata","Salud","Contrata","Paola Andrea  Carvallo Torres","Profesional","SIN INFORMACION","Contratados Sin Planta","Estatuto Atención Primaria de Salud Municipal  Ley N°19.378","2019-01-01 00:00:00.0","2019-01-27 00:00:00.0"
"Lota","Contrata","Salud","Contrata","Ana Luisa Jara Olivera","Técnico de Nivel Superior","SIN INFORMACION","Contratados Sin Planta","Estatuto Atención Primaria de Salud Municipal  Ley N°19.378","2019-01-01 00:00:00.0","2019-06-30 00:00:00.0"
"Lota","Contrata","Salud","Contrata","Mabel Vitalicia Nu¿ez  Ulloa","Profesional","SIN INFORMACION","Contratados Sin Planta","Estatuto Atención Primaria de Salud Municipal  Ley N°19.378","2019-05-01 00:00:00.0","2019-06-30 00:00:00.0"
"Lota","Contrata","Salud","Contrata","Flavia Plaza  Gallardo","Técnico de Nivel Superior","SIN INFORMACION","Contratados Sin Planta","Estatuto Atención Primaria de Salud Municipal  Ley N°19.378","2019-01-01 00:00:00.0","2019-06-30 00:00:00.0"
"Lota","Contrata","Salud","Contrata","Carolina Ivania Riquelme  Sanhueza","Técnico de Nivel Superior","SIN INFORMACION","Contratados Sin Planta","Estatuto Atención Primaria de Salud Municipal  Ley N°19.378","2019-01-01 00:00:00.0","2019-06-30 00:00:00.0"
"Lota","Contrata","Salud","Contrata","Jose Ignacio Hernandez Uribe","Profesional","SIN INFORMACION","Contratados Sin Planta","Estatuto Atención Primaria de Salud Municipal  Ley N°19.378","2019-05-27 00:00:00.0","2019-05-31 00:00:00.0"
"Lota","Contrata","Salud","Contrata","Kevin Nicolás Fritz Quezada","Profesional","SIN INFORMACION","Contratados Sin Planta","Estatuto Atención Primaria de Salud Municipal  Ley N°19.378","2019-05-02 00:00:00.0","2019-05-15 00:00:00.0"
"Lota","Contrata","Salud","Contrata","Veronica Magdalena Garcia Hernandez","Técnico de Nivel Superior","SIN INFORMACION","Contratados Sin Planta","Estatuto Atención Primaria de Salud Municipal  Ley N°19.378","2019-01-12 00:00:00.0","2019-02-10 00:00:00.0"
"Lota","Contrata","Salud","Contrata","Enrique Ignacio Aravena  Benitez","Técnico de Nivel Superior","SIN INFORMACION","Contratados Sin Planta","Estatuto Atención Primaria de Salud Municipal  Ley N°19.378","2019-01-21 00:00:00.0","2019-02-28 00:00:00.0"
"Lota","Contrata","Salud","Contrata","Sebastian  Aburto Pe¿a","Administrativo Crea de Salud","SIN INFORMACION","Contratados Sin Planta","Estatuto Atención Primaria de Salud Municipal  Ley N°19.378","2019-02-13 00:00:00.0","2019-03-07 00:00:00.0"
"Lota","Contrata","Salud","Contrata","Geraldine Alejandra  Toledo Utreras","Administrativo Crea de Salud","SIN INFORMACION","Contratados Sin Planta","Estatuto Atención Primaria de Salud Municipal  Ley N°19.378","2019-01-01 00:00:00.0","2019-06-30 00:00:00.0"
"Lota","Contrata","Salud","Contrata","Judith Andrea Elizabeth Ortiz Henriquez","Técnico de Nivel Superior","SIN INFORMACION","Contratados Sin Planta","Estatuto Atención Primaria de Salud Municipal  Ley N°19.378","2019-01-01 00:00:00.0","2019-06-30 00:00:00.0"
"Lota","Contrata","Salud","Contrata","Javiera Francisca Lopez Correa","Técnico de Nivel Superior","SIN INFORMACION","Contratados Sin Planta","Estatuto Atención Primaria de Salud Municipal  Ley N°19.378","2019-01-01 00:00:00.0","2019-01-04 00:00:00.0"
"Lota","Contrata","Salud","Contrata","Fernanda Arelis Neira Roa","Técnico de Nivel Superior","SIN INFORMACION","Contratados Sin Planta","Estatuto Atención Primaria de Salud Municipal  Ley N°19.378","2019-01-01 00:00:00.0","2019-01-20 00:00:00.0"
"Lota","Contrata","Salud","Contrata","Francesca Scarleth Montes Vega","Técnico de Nivel Superior","SIN INFORMACION","Contratados Sin Planta","Estatuto Atención Primaria de Salud Municipal  Ley N°19.378","2019-04-08 00:00:00.0","2019-04-20 00:00:00.0"
"Lota","Contrata","Salud","Contrata","Genesis Elizabeth Magdalena Henriquez Salas","Técnico de Nivel Superior","SIN INFORMACION","Contratados Sin Planta","Estatuto Atención Primaria de Salud Municipal  Ley N°19.378","2019-01-01 00:00:00.0","2019-06-30 00:00:00.0"
"Lota","Contrata","Salud","Contrata","Anyela Andrea Henriquez Mendez","Técnico de Nivel Superior","SIN INFORMACION","Contratados Sin Planta","Estatuto Atención Primaria de Salud Municipal  Ley N°19.378","2019-01-21 00:00:00.0","2019-02-28 00:00:00.0"
"Lota","Contrata","Salud","Contrata","Edanis  Aguilera  Martinez","Administrativo Crea de Salud","SIN INFORMACION","Contratados Sin Planta","Estatuto Atención Primaria de Salud Municipal  Ley N°19.378","2019-01-01 00:00:00.0","2019-06-30 00:00:00.0"
"Lota","Contrata","Salud","Contrata","Carmen Eugenia  Caceres  Gonzalez","Profesional","SIN INFORMACION","Contratados Sin Planta","Estatuto Atención Primaria de Salud Municipal  Ley N°19.378","2019-01-01 00:00:00.0","2019-01-31 00:00:00.0"
"Lota","Contrata","Salud","Contrata","Jesus Alberto Joa Fajardo","Profesional","SIN INFORMACION","Contratados Sin Planta","Estatuto Atención Primaria de Salud Municipal  Ley N°19.378","2019-01-01 00:00:00.0","2019-01-31 00:00:00.0"
"Lota","Contrata","Salud","Contrata","Josefina Melida Leon  Pi¿a","Profesional","SIN INFORMACION","Contratados Sin Planta","Estatuto Atención Primaria de Salud Municipal  Ley N°19.378","2019-04-01 00:00:00.0","2019-06-30 00:00:00.0"
"Lota","Contrata","Salud","Contrata","David Enriquez Gomez Pereira","Profesional","SIN INFORMACION","Contratados Sin Planta","Estatuto Atención Primaria de Salud Municipal  Ley N°19.378","2019-01-01 00:00:00.0","2019-06-30 00:00:00.0"
"Lota","Contrata","Salud","Contrata","Luis Conejeros Salazar","Auxiliar de Servicio de Salud","SIN INFORMACION","Contratados Sin Planta","Estatuto Atención Primaria de Salud Municipal  Ley N°19.378","2019-01-01 00:00:00.0","2019-06-30 00:00:00.0"
"Lota","Contrata","Salud","Contrata","Rolando Samuel Milchio Calbuñir","Auxiliar de Servicio de Salud","SIN INFORMACION","Contratados Sin Planta","Estatuto Atención Primaria de Salud Municipal  Ley N°19.378","2019-01-01 00:00:00.0","2019-06-30 00:00:00.0"
"Lota","Contrata","Salud","Contrata","Ivan Alejandro Sanhueza Uribe","Auxiliar de Servicio de Salud","SIN INFORMACION","Contratados Sin Planta","Estatuto Atención Primaria de Salud Municipal  Ley N°19.378","2019-01-01 00:00:00.0","2019-06-30 00:00:00.0"
"Lota","Contrata","Salud","Contrata","Eduviges del Carmen Reuca  Jara","Auxiliar de Servicio de Salud","SIN INFORMACION","Contratados Sin Planta","Estatuto Atención Primaria de Salud Municipal  Ley N°19.378","2019-01-01 00:00:00.0","2019-06-30 00:00:00.0"
"Lota","Contrata","Salud","Contrata","Nelson Exequiel Soto Astorga","Auxiliar de Servicio de Salud","SIN INFORMACION","Contratados Sin Planta","Estatuto Atención Primaria de Salud Municipal  Ley N°19.378","2019-01-01 00:00:00.0","2019-06-30 00:00:00.0"
"Lota","Contrata","Salud","Contrata","Luis Alfonso Monsalve Sanhueza","Auxiliar de Servicio de Salud","SIN INFORMACION","Contratados Sin Planta","Estatuto Atención Primaria de Salud Municipal  Ley N°19.378","2019-03-01 00:00:00.0","2019-03-23 00:00:00.0"
"Lota","Contrata","Salud","Contrata","Juan Carlos Andrade Alegria","Auxiliar de Servicio de Salud","SIN INFORMACION","Contratados Sin Planta","Estatuto Atención Primaria de Salud Municipal  Ley N°19.378","2019-01-01 00:00:00.0","2019-06-30 00:00:00.0"
"Lota","Contrata","Salud","Contrata","Jose Manuel Venegas Novoa","Auxiliar de Servicio de Salud","SIN INFORMACION","Contratados Sin Planta","Estatuto Atención Primaria de Salud Municipal  Ley N°19.378","2019-01-01 00:00:00.0","2019-06-30 00:00:00.0"
"Lota","Contrata","Salud","Contrata","Raquel Rosa Gonzalez Santibañez","Administrativo Crea de Salud","SIN INFORMACION","Contratados Sin Planta","Estatuto Atención Primaria de Salud Municipal  Ley N°19.378","2019-01-01 00:00:00.0","2019-06-30 00:00:00.0"
"Lota","Contrata","Salud","Contrata","Maria Mercedes Contreras Concha","Auxiliar de Servicio de Salud","SIN INFORMACION","Contratados Sin Planta","Estatuto Atención Primaria de Salud Municipal  Ley N°19.378","2019-01-01 00:00:00.0","2019-06-30 00:00:00.0"
"Lota","Contrata","Salud","Contrata","Carmen Villagran Gallardo","Administrativo Crea de Salud","SIN INFORMACION","Contratados Sin Planta","Estatuto Atención Primaria de Salud Municipal  Ley N°19.378","2019-01-01 00:00:00.0","2019-06-30 00:00:00.0"
