"Comuna","Tipo de Contratación","Área","Calidad","Nombre","Cargo","Grado","Planta","Remuneración","Fecha desde","Fecha hasta"
"Ranquil","Contrata","Salud","Contrata","Lilian  Echeverria Sandoval","Técnico de Nivel Superior","SIN INFORMACION","Contratados Sin Planta","Estatuto Atención Primaria de Salud Municipal  Ley N°19.378","2019-01-01 00:00:00.0","2019-12-31 00:00:00.0"
"Ranquil","Contrata","Salud","Contrata","Patricio Alberto Quezada Petersen","Administrativo Crea de Salud","SIN INFORMACION","Contratados Sin Planta","Estatuto Atención Primaria de Salud Municipal  Ley N°19.378","2019-01-01 00:00:00.0","2019-12-31 00:00:00.0"
"Ranquil","Contrata","Salud","Contrata","Nayade Vergara Olguin","Profesional","SIN INFORMACION","Contratados Sin Planta","Estatuto Atención Primaria de Salud Municipal  Ley N°19.378","2019-08-05 00:00:00.0","2019-12-31 00:00:00.0"
"Ranquil","Contrata","Salud","Contrata","Carmen Silvana Rebolledo Sagredo","Profesional","SIN INFORMACION","Contratados Sin Planta","Estatuto Atención Primaria de Salud Municipal  Ley N°19.378","2019-01-01 00:00:00.0","2019-12-31 00:00:00.0"
"Ranquil","Contrata","Salud","Contrata","Beatriz Solange Fuentes Rivas","Auxiliar de Servicio de Salud","SIN INFORMACION","Contratados Sin Planta","Estatuto Atención Primaria de Salud Municipal  Ley N°19.378","2019-07-08 00:00:00.0","2019-09-08 00:00:00.0"
"Ranquil","Contrata","Salud","Contrata","Nury Elena Osorio Rabanal","Profesional","SIN INFORMACION","Contratados Sin Planta","Estatuto Atención Primaria de Salud Municipal  Ley N°19.378","2019-01-01 00:00:00.0","2019-12-31 00:00:00.0"
"Ranquil","Contrata","Salud","Contrata","Victor Alfonso Freire Garrido","Profesional","SIN INFORMACION","Contratados Sin Planta","Estatuto Atención Primaria de Salud Municipal  Ley N°19.378","2019-01-01 00:00:00.0","2019-12-31 00:00:00.0"
"Ranquil","Contrata","Salud","Contrata","Pablo Gabriel Gomez  Espinoza","Profesional","SIN INFORMACION","Contratados Sin Planta","Estatuto Atención Primaria de Salud Municipal  Ley N°19.378","2019-01-01 00:00:00.0","2019-12-31 00:00:00.0"
"Ranquil","Contrata","Salud","Contrata","Carmen Gloria Novoa Baeza","Administrativo Crea de Salud","SIN INFORMACION","Contratados Sin Planta","Estatuto Atención Primaria de Salud Municipal  Ley N°19.378","2019-01-01 00:00:00.0","2019-12-31 00:00:00.0"
"Ranquil","Contrata","Salud","Contrata","Cristian Bernardo Lavanderos Alvear","Auxiliar de Servicio de Salud","SIN INFORMACION","Contratados Sin Planta","Estatuto Atención Primaria de Salud Municipal  Ley N°19.378","2019-01-01 00:00:00.0","2019-12-31 00:00:00.0"
"Ranquil","Contrata","Salud","Contrata","Maria Francisca Basso Rojas","Técnico de Nivel Superior","SIN INFORMACION","Contratados Sin Planta","Estatuto Atención Primaria de Salud Municipal  Ley N°19.378","2019-01-01 00:00:00.0","2019-12-31 00:00:00.0"
"Ranquil","Contrata","Salud","Contrata","Valeska Tamara  Quezada  Hernandez","Profesional","SIN INFORMACION","Contratados Sin Planta","Estatuto Atención Primaria de Salud Municipal  Ley N°19.378","2019-01-01 00:00:00.0","2019-12-31 00:00:00.0"
"Ranquil","Contrata","Salud","Contrata","Maciel Raquel Neira Ceballos","Técnico de Nivel Superior","SIN INFORMACION","Contratados Sin Planta","Estatuto Atención Primaria de Salud Municipal  Ley N°19.378","2019-09-01 00:00:00.0","2019-09-27 00:00:00.0"
"Ranquil","Contrata","Salud","Contrata","Carlos Enrique Oviedo Franco","Auxiliar de Servicio de Salud","SIN INFORMACION","Contratados Sin Planta","Estatuto Atención Primaria de Salud Municipal  Ley N°19.378","2019-01-22 00:00:00.0","2019-03-31 00:00:00.0"
"Ranquil","Contrata","Salud","Contrata","Andrea Soledad Fuentes Vera","Profesional","SIN INFORMACION","Contratados Sin Planta","Estatuto Atención Primaria de Salud Municipal  Ley N°19.378","2019-03-01 00:00:00.0","2019-12-31 00:00:00.0"
"Ranquil","Contrata","Salud","Contrata","Barbara Patricia Riffo Urra","Profesional","SIN INFORMACION","Contratados Sin Planta","Estatuto Atención Primaria de Salud Municipal  Ley N°19.378","2019-03-01 00:00:00.0","2019-12-31 00:00:00.0"
"Ranquil","Contrata","Salud","Contrata","Eusebio Alfredo Gonzalez Navarro","Auxiliar de Servicio de Salud","SIN INFORMACION","Contratados Sin Planta","Estatuto Atención Primaria de Salud Municipal  Ley N°19.378","2019-01-01 00:00:00.0","2019-12-31 00:00:00.0"
"Ranquil","Contrata","Salud","Contrata","Vania Valentina Mardonez Pradenas","Técnico de Nivel Superior","SIN INFORMACION","Contratados Sin Planta","Estatuto Atención Primaria de Salud Municipal  Ley N°19.378","2019-01-01 00:00:00.0","2019-12-31 00:00:00.0"
"Ranquil","Contrata","Salud","Contrata","Gabriela  Pardo Nourdin","Técnico de Salud","SIN INFORMACION","Contratados Sin Planta","Estatuto Atención Primaria de Salud Municipal  Ley N°19.378","2019-10-01 00:00:00.0","2019-12-31 00:00:00.0"
"Ranquil","Contrata","Salud","Contrata","Recurrente En Tramite","Profesional","SIN INFORMACION","Contratados Sin Planta","Estatuto Atención Primaria de Salud Municipal  Ley N°19.378","2019-08-01 00:00:00.0","2019-12-31 00:00:00.0"
"Ranquil","Contrata","Salud","Contrata","Romina Marilyn  Monsalves Cardenas","Técnico de Nivel Superior","SIN INFORMACION","Contratados Sin Planta","Estatuto Atención Primaria de Salud Municipal  Ley N°19.378","2019-04-01 00:00:00.0","2019-12-31 00:00:00.0"
"Ranquil","Contrata","Salud","Contrata","Luis Jaime Rabanal Obreque","Auxiliar de Servicio de Salud","SIN INFORMACION","Contratados Sin Planta","Estatuto Atención Primaria de Salud Municipal  Ley N°19.378","2019-01-01 00:00:00.0","2019-12-31 00:00:00.0"
"Ranquil","Contrata","Salud","Contrata","Camila Andrea Ravanal Castillo","Administrativo Crea de Salud","SIN INFORMACION","Contratados Sin Planta","Estatuto Atención Primaria de Salud Municipal  Ley N°19.378","2019-08-12 00:00:00.0","2019-12-31 00:00:00.0"
"Ranquil","Contrata","Salud","Contrata","Maria Ines  Pradenas  Salas","Profesional","SIN INFORMACION","Contratados Sin Planta","Estatuto Atención Primaria de Salud Municipal  Ley N°19.378","2019-07-01 00:00:00.0","2019-12-31 00:00:00.0"
