"Comuna","Tipo de Contratación","Área","Calidad","Nombre","Cargo","Grado","Planta","Remuneración","Fecha desde","Fecha hasta"
"Ranquil","Planta Titular","Sin Clasificación","Titular","Elson Henrich Inostroza Morales","Técnico","13°","Técnicos","","1995-01-01 00:00:00.0","1900-01-01 00:00:00.0"
"Ranquil","Planta Titular","Sin Clasificación","Titular","Luis Antonio Arias Bustos","Chófer"," ","Choferes","Escala Atención Primaria de Salud Municipal","2012-01-01 00:00:00.0","1900-01-01 00:00:00.0"
"Ranquil","Planta Titular","Sin Clasificación","Titular","Miriam del Carmen Fernandez de La Fuente","Técnico"," ","Contratados Sin Planta","Sin Información","2012-01-01 00:00:00.0","1900-01-01 00:00:00.0"
"Ranquil","Planta Titular","Sin Clasificación","Titular","Berta Antonieta Fuentealba Inostroza","Nutricionista"," ","Profesionales","Escala Municipal","2012-01-01 00:00:00.0","1900-01-01 00:00:00.0"
"Ranquil","Planta Titular","Sin Clasificación","Titular","Jorge Martino Valdebenito Toledo","Auxiliar de Servicios"," ","Auxiliares","Escala Atención Primaria de Salud Municipal","2012-01-01 00:00:00.0","1900-01-01 00:00:00.0"
"Ranquil","Planta Titular","Sin Clasificación","Titular","Noelia Maritza Fuentealba Soto","Técnico"," ","Técnicos","Escala Atención Primaria de Salud Municipal","2012-01-01 00:00:00.0","1900-01-01 00:00:00.0"
"Ranquil","Planta Titular","Sin Clasificación","Titular","Araceli Elizabeth Brito Aguayo","Técnico"," ","Técnicos","Escala Atención Primaria de Salud Municipal","2012-01-01 00:00:00.0","1900-01-01 00:00:00.0"
"Ranquil","Planta Titular","Sin Clasificación","Titular","Guillermo Nahuelpan Orellana","Directivo","10°","Directivos","Escala Municipal","2012-09-10 00:00:00.0","1900-01-01 00:00:00.0"
"Ranquil","Planta Titular","Sin Clasificación","Titular","Ana Fabiola  Paredes  Diaz","Administrativo","17°","Administrativos","Escala Municipal","2012-05-17 00:00:00.0","1900-01-01 00:00:00.0"
"Ranquil","Planta Titular","Sin Clasificación","Titular","Gustavo Adolfo Reyes Cea","Odontologo"," ","Profesionales","Escala Atención Primaria de Salud Municipal","2012-01-01 00:00:00.0","1900-01-01 00:00:00.0"
"Ranquil","Planta Titular","Sin Clasificación","Titular","Freddy Johanny Iubini Rozas","Secreto","10°","Personal Titular","Escala Municipal","2013-02-05 00:00:00.0","1900-01-01 00:00:00.0"
"Ranquil","Planta Titular","Sin Clasificación","Titular","Isabel Patricia Segura Alarcon","Administrativo"," ","Administrativos","Escala Atención Primaria de Salud Municipal","2012-01-01 00:00:00.0","1900-01-01 00:00:00.0"
"Ranquil","Planta Titular","Sin Clasificación","Titular","Yeimi Scarlet Hormazabal Alarcon","Administrativo"," ","Administrativos","Escala Atención Primaria de Salud Municipal","2012-01-01 00:00:00.0","1900-01-01 00:00:00.0"
"Ranquil","Planta Titular","Sin Clasificación","Titular","Katerin Alexandra Castillo Garcia","Técnico"," ","Técnicos","Escala Atención Primaria de Salud Municipal","2012-01-01 00:00:00.0","1900-01-01 00:00:00.0"
"Ranquil","Planta Titular","Sin Clasificación","Titular","Claudio Andres Sandoval Sandoval","Técnico"," ","Técnicos","Escala Municipal","2012-01-01 00:00:00.0","1900-01-01 00:00:00.0"
"Ranquil","Planta Titular","Sin Clasificación","Titular","Luz Maria Canales Garcia","Jefe"," ","Jefaturas","Escala Municipal","2012-01-01 00:00:00.0","1900-01-01 00:00:00.0"
"Ranquil","Planta Titular","Sin Clasificación","Titular","Patricia Ivette Vergara Gomez","Administrador","8°","Directivos","Escala Municipal","2013-02-01 00:00:00.0","1900-01-01 00:00:00.0"
"Ranquil","Planta Titular","Sin Clasificación","Titular","Viviana Loreto Gallegos Rabanal","Coordinador"," ","Docente","","1991-07-01 00:00:00.0","1900-01-01 00:00:00.0"
