"Comuna","Tipo de Contratación","Área","Calidad","Nombre","Cargo","Grado","Planta","Remuneración","Fecha desde","Fecha hasta"
"Ranquil","Planta Titular","Municipal","Titular","Juana Isabel Vergara Cerda","Técnico","13°","Técnicos","Escala Municipal","2017-08-01 00:00:00.0","1900-01-01 00:00:00.0"
"Ranquil","Planta Titular","Municipal","Titular","Danilo Antonio Espinoza Rivera","Profesional","10°","Profesionales","Escala Municipal","2019-02-27 00:00:00.0","1900-01-01 00:00:00.0"
"Ranquil","Planta Titular","Municipal","Titular","Elson Henrich Inostroza Morales","Director","7°","Directivos","Escala Municipal","2019-02-27 00:00:00.0","1900-01-01 00:00:00.0"
"Ranquil","Planta Titular","Municipal","Titular","Pedro Enrique Muñoz Garcia","Técnico","12°","Técnicos","Escala Municipal","2016-01-01 00:00:00.0","1900-01-01 00:00:00.0"
"Ranquil","Planta Titular","Municipal","Titular","Francisco Felipe Chávez García","Director","7°","Directivos","Escala Municipal","2019-02-27 00:00:00.0","1900-01-01 00:00:00.0"
"Ranquil","Planta Titular","Municipal","Titular","Ximena Cecilia Vera Cabrera","Administrativo","14°","Administrativos","Escala Municipal","2019-03-01 00:00:00.0","1900-01-01 00:00:00.0"
"Ranquil","Planta Titular","Municipal","Titular","Jaime Eduardo Lobos Lavanderos","Profesional","11°","Profesionales","Escala Municipal","2015-07-13 00:00:00.0","1900-01-01 00:00:00.0"
"Ranquil","Planta Titular","Municipal","Titular","Gabriela Beatriz Toledo Ulloa","Director","7°","Directivos","Escala Municipal","2019-02-27 00:00:00.0","1900-01-01 00:00:00.0"
"Ranquil","Planta Titular","Municipal","Titular","Guillermo Nahuelpan Orellana","Director de Desarrollo Comunitario","10°","Directivos","Escala Municipal","2012-09-10 00:00:00.0","1900-01-01 00:00:00.0"
"Ranquil","Planta Titular","Municipal","Titular","Ana Fabiola  Paredes  Diaz","Administrativo","14°","Administrativos","Escala Municipal","2017-01-01 00:00:00.0","1900-01-01 00:00:00.0"
"Ranquil","Planta Titular","Municipal","Titular","Erito Agustin Muñoz Oviedo","Director","7°","Directivos","Escala Municipal","2019-02-27 00:00:00.0","1900-01-01 00:00:00.0"
"Ranquil","Planta Titular","Municipal","Titular","Hugo Alberto Carcamo Fincheira","Profesional","11°","Profesionales","Escala Municipal","2015-04-20 00:00:00.0","1900-01-01 00:00:00.0"
"Ranquil","Planta Titular","Municipal","Titular","Alexis Torres Muñoz","Administrativo","15°","Administrativos","Escala Municipal","2018-07-02 00:00:00.0","1900-01-01 00:00:00.0"
"Ranquil","Planta Titular","Municipal","Titular","Cristian Javier Lavados Vergara","Secretario Comunal de Planificación Y Coordinación","8°","Directivos","Escala Municipal","2017-01-03 00:00:00.0","1900-01-01 00:00:00.0"
"Ranquil","Planta Titular","Municipal","Titular","Makarena Andrea Garcia Carrillo","Administrativo","17°","Administrativos","Escala Municipal","2019-03-01 00:00:00.0","1900-01-01 00:00:00.0"
"Ranquil","Planta Titular","Municipal","Titular","Pedro Antonio Guti¿rrez Lara","Directivo","8°","Directivos","Escala Municipal","2017-12-06 00:00:00.0","1900-01-01 00:00:00.0"
"Ranquil","Planta Titular","Municipal","Titular","Victor Hugo Guzman Neira","Auxiliar","17°","Auxiliares","Escala Municipal","2017-01-01 00:00:00.0","1900-01-01 00:00:00.0"
"Ranquil","Planta Titular","Municipal","Titular","Francisco Javier Morales Rondanelli","Profesional","11°","Profesionales","Escala Municipal","2016-02-01 00:00:00.0","1900-01-01 00:00:00.0"
"Ranquil","Planta Titular","Municipal","Titular","Gisella Nicolle  Garbarino Aedo","Profesional","10°","Profesionales","Escala Municipal","2015-04-01 00:00:00.0","1900-01-01 00:00:00.0"
"Ranquil","Planta Titular","Municipal","Titular","Otali Vanessa Osses Silva","Profesional","10°","Profesionales","Escala Municipal","2015-07-20 00:00:00.0","1900-01-01 00:00:00.0"
"Ranquil","Planta Titular","Municipal","Titular","Jaime Augusto Galvarino Riesco Vega","Juez","7°","Directivos","Escala Municipal","2019-03-01 00:00:00.0","1900-01-01 00:00:00.0"
"Ranquil","Planta Titular","Municipal","Titular","Luis Rhody Marquez Aravena","Administrador","SIN INFORMACION","Contratados Sin Planta","Afectos Al Código del Trabajo","2000-06-01 00:00:00.0","1900-01-01 00:00:00.0"
"Ranquil","Planta Titular","Municipal","Titular","Jose Alejandro Valenzuela Bastias","Secretario","7°","Directivos","Escala Municipal","2019-02-27 00:00:00.0","1900-01-01 00:00:00.0"
"Ranquil","Planta Titular","Municipal","Titular","Jose Benito Bravo Delgado","Alcalde","5°","Alcaldes","Escala Municipal","2019-03-01 00:00:00.0","1900-01-01 00:00:00.0"
"Ranquil","Planta Titular","Municipal","Titular","Maria Eugenia Fissore Leon","Administrativo","13°","Administrativos","Escala Municipal","2016-01-01 00:00:00.0","1900-01-01 00:00:00.0"
"Ranquil","Planta Titular","Municipal","Titular","Carlos Alberto Garcia Vera","Administrativo","13°","Administrativos","Escala Municipal","2016-01-01 00:00:00.0","1900-01-01 00:00:00.0"
"Ranquil","Planta Titular","Municipal","Titular","Pedro Enrique Muñoz Garcia","Jefatura","11°","Jefaturas","Escala Municipal","2019-03-01 00:00:00.0","1900-01-01 00:00:00.0"
"Ranquil","Planta Titular","Municipal","Titular","Modesto Segundo Sepulveda Andrade","Administrador","7°","Directivos","Escala Municipal","2019-02-27 00:00:00.0","1900-01-01 00:00:00.0"
"Ranquil","Planta Titular","Municipal","Titular","Juan Alberto Mariangel Muñoz","Administrativo","13°","Administrativos","Escala Municipal","2017-01-01 00:00:00.0","1900-01-01 00:00:00.0"
"Ranquil","Planta Titular","Municipal","Titular","Erika Jeannette Rojas Fuentealba","Administrativo","12°","Administrativos","Escala Municipal","2016-01-01 00:00:00.0","1900-01-01 00:00:00.0"
