"Comuna","Tipo de Contratación","Área","Calidad","Nombre","Cargo","Grado","Planta","Remuneración","Fecha desde","Fecha hasta"
"Panguipulli","Honorarios","Contrato A Honorarios","A Suma Alzada","Claudia Alicia Millanguir Silva","","SIN INFORMACION","","","2019-01-01 00:00:00.0","2019-12-31 00:00:00.0"
"Panguipulli","Honorarios","Contrato A Honorarios","A Suma Alzada","Danny Cristian Munir Rodríguez Beltrán","","SIN INFORMACION","","","2019-01-01 00:00:00.0","2019-12-31 00:00:00.0"
"Panguipulli","Honorarios","Contrato A Honorarios","A Suma Alzada","Yeni del Carmen  Saavedra Ramirez","","SIN INFORMACION","","","2019-01-01 00:00:00.0","2019-12-31 00:00:00.0"
"Panguipulli","Honorarios","Contrato A Honorarios","A Suma Alzada","Felipe Ignacio Rodr¿guez  Valenzuela","","SIN INFORMACION","","","2019-01-01 00:00:00.0","2019-12-31 00:00:00.0"
"Panguipulli","Honorarios","Contrato A Honorarios","A Suma Alzada","Felipe Olivier Solis  Barrientos","","SIN INFORMACION","","","2019-04-01 00:00:00.0","2019-12-31 00:00:00.0"
"Panguipulli","Honorarios","Contrato A Honorarios","A Suma Alzada","Walter Robinson Becerra Parra","","SIN INFORMACION","","","2019-01-01 00:00:00.0","2019-12-31 00:00:00.0"
