"Comuna","Tipo de Contratación","Área","Calidad","Nombre","Cargo","Grado","Planta","Remuneración","Fecha desde","Fecha hasta"
"Chillan Viejo","Honorarios","Programa Comunitario","Programa Comunitario","Lilia Elda Encina Beltran","","SIN INFORMACION","","","2019-01-11 00:00:00.0","2019-03-05 00:00:00.0"
"Chillan Viejo","Honorarios","Programa Comunitario","Programa Comunitario","Claudio Andres Gatica Munoz","","SIN INFORMACION","","","2019-05-02 00:00:00.0","2019-12-31 00:00:00.0"
"Chillan Viejo","Honorarios","Programa Comunitario","Programa Comunitario","Evelyn Patricia Cornejo Matamala","","SIN INFORMACION","","","2019-01-26 00:00:00.0","2019-01-26 00:00:00.0"
"Chillan Viejo","Honorarios","Programa Comunitario","Programa Comunitario","Marcos Rodrigo Gutierrez Barrera","","SIN INFORMACION","","","2019-01-26 00:00:00.0","2019-01-26 00:00:00.0"
"Chillan Viejo","Honorarios","Programa Comunitario","Programa Comunitario","Eveling Lourdes Montalba Palma","","SIN INFORMACION","","","2019-05-02 00:00:00.0","2019-12-31 00:00:00.0"
"Chillan Viejo","Honorarios","Programa Comunitario","Programa Comunitario","Rosa Bernarda Cartes Cabrera","","SIN INFORMACION","","","2019-01-21 00:00:00.0","2019-03-20 00:00:00.0"
"Chillan Viejo","Honorarios","Programa Comunitario","Programa Comunitario","Patricio Rodrigo Pradenas Lema","","SIN INFORMACION","","","2019-04-15 00:00:00.0","2019-08-30 00:00:00.0"
"Chillan Viejo","Honorarios","Programa Comunitario","Programa Comunitario","Hector Rodrigo  Chavarr¿a  Vivero","","SIN INFORMACION","","","2019-08-19 00:00:00.0","2019-08-20 00:00:00.0"
"Chillan Viejo","Honorarios","Programa Comunitario","Programa Comunitario","Daniel Alexander Fernandez Torres","","SIN INFORMACION","","","2019-04-08 00:00:00.0","2019-08-31 00:00:00.0"
"Chillan Viejo","Honorarios","Programa Comunitario","Programa Comunitario","Susana Jesus Soto Lazcani","","SIN INFORMACION","","","2019-01-21 00:00:00.0","2019-03-20 00:00:00.0"
"Chillan Viejo","Honorarios","Programa Comunitario","Programa Comunitario","Roxana del Rosario Troncoso  Bastias","","SIN INFORMACION","","","2019-07-26 00:00:00.0","2019-07-26 00:00:00.0"
"Chillan Viejo","Honorarios","Programa Comunitario","Programa Comunitario","Julio Cesar Espinoza San Martin","","SIN INFORMACION","","","2019-01-26 00:00:00.0","2019-01-26 00:00:00.0"
"Chillan Viejo","Honorarios","Programa Comunitario","Programa Comunitario","Luis Alfredo Bravo Figueroa","","SIN INFORMACION","","","2019-01-11 00:00:00.0","2019-03-05 00:00:00.0"
"Chillan Viejo","Honorarios","Programa Comunitario","Programa Comunitario","Hector Ra¿l Isla Castro","","SIN INFORMACION","","","2019-10-01 00:00:00.0","2019-12-31 00:00:00.0"
"Chillan Viejo","Honorarios","Programa Comunitario","Programa Comunitario","Sandra Carolina Figueroa Palma","","SIN INFORMACION","","","2019-01-11 00:00:00.0","2019-03-05 00:00:00.0"
"Chillan Viejo","Honorarios","Programa Comunitario","Programa Comunitario","Cristian Eduardo Sepulveda Salinas","","SIN INFORMACION","","","2019-08-17 00:00:00.0","2019-08-25 00:00:00.0"
"Chillan Viejo","Honorarios","Programa Comunitario","Programa Comunitario","Leonila Alejandra del Canto Orozco","","SIN INFORMACION","","","2019-08-19 00:00:00.0","2019-08-19 00:00:00.0"
"Chillan Viejo","Honorarios","Programa Comunitario","Programa Comunitario","Julio Octavio Jara Parra","","SIN INFORMACION","","","2019-01-21 00:00:00.0","2019-03-20 00:00:00.0"
"Chillan Viejo","Honorarios","Programa Comunitario","Programa Comunitario","Carolina Andrea Figueroa Wall","","SIN INFORMACION","","","2019-01-09 00:00:00.0","2019-02-28 00:00:00.0"
"Chillan Viejo","Honorarios","Programa Comunitario","Programa Comunitario","Marcela Alejandra Mu¿oz Burgos","","SIN INFORMACION","","","2019-09-10 00:00:00.0","2019-12-09 00:00:00.0"
"Chillan Viejo","Honorarios","Programa Comunitario","Programa Comunitario","Claudio Andrés Zapata Ceballo","","SIN INFORMACION","","","2019-04-08 00:00:00.0","2019-08-31 00:00:00.0"
"Chillan Viejo","Honorarios","Programa Comunitario","Programa Comunitario","Pablo Montes Quintana","","SIN INFORMACION","","","2019-01-26 00:00:00.0","2019-01-26 00:00:00.0"
"Chillan Viejo","Honorarios","Programa Comunitario","Programa Comunitario","Jose Ramon Parra Betancur","","SIN INFORMACION","","","2019-01-26 00:00:00.0","2019-01-26 00:00:00.0"
"Chillan Viejo","Honorarios","Programa Comunitario","Programa Comunitario","Shirley Beatriz Herrera Huentupil","","SIN INFORMACION","","","2019-07-26 00:00:00.0","2019-07-26 00:00:00.0"
"Chillan Viejo","Honorarios","Programa Comunitario","Programa Comunitario","Maria Javiera Figueroa Fuentes","","SIN INFORMACION","","","2019-01-26 00:00:00.0","2019-01-26 00:00:00.0"
"Chillan Viejo","Honorarios","Programa Comunitario","Programa Comunitario","Roberto Andres Pinilla Navarrete","","SIN INFORMACION","","","2019-01-02 00:00:00.0","2019-05-31 00:00:00.0"
"Chillan Viejo","Honorarios","Programa Comunitario","Programa Comunitario","Marcela Paz del Pilar Medina Arellano","","SIN INFORMACION","","","2019-01-02 00:00:00.0","2019-02-28 00:00:00.0"
"Chillan Viejo","Honorarios","Programa Comunitario","Programa Comunitario","Sebastian Ismael Arriagada Pena","","SIN INFORMACION","","","2019-07-26 00:00:00.0","2019-07-26 00:00:00.0"
"Chillan Viejo","Honorarios","Programa Comunitario","Programa Comunitario","Alex Mauricio Ubilla Barriga","","SIN INFORMACION","","","2019-04-12 00:00:00.0","2019-10-11 00:00:00.0"
"Chillan Viejo","Honorarios","Programa Comunitario","Programa Comunitario","Carla Isabel Carcamo Mendez","","SIN INFORMACION","","","2019-01-02 00:00:00.0","2019-02-28 00:00:00.0"
"Chillan Viejo","Honorarios","Programa Comunitario","Programa Comunitario","Mat¿as Andr¿s Chac¿n Parra","","SIN INFORMACION","","","2019-04-12 00:00:00.0","2019-10-11 00:00:00.0"
"Chillan Viejo","Honorarios","Programa Comunitario","Programa Comunitario","Fuentealba  Rebolledo Pablo Alfonso","","SIN INFORMACION","","","2019-04-12 00:00:00.0","2019-10-11 00:00:00.0"
"Chillan Viejo","Honorarios","Programa Comunitario","Programa Comunitario","Cristofher Daniel Alexis Cuevas Solar","","SIN INFORMACION","","","2019-04-12 00:00:00.0","2019-10-11 00:00:00.0"
"Chillan Viejo","Honorarios","Programa Comunitario","Programa Comunitario","Carlos Antonio Gutiérrez Sanhueza","","SIN INFORMACION","","","2019-01-09 00:00:00.0","2019-02-28 00:00:00.0"
"Chillan Viejo","Honorarios","Programa Comunitario","Programa Comunitario","Camila Antonia Fernandez Medina","","SIN INFORMACION","","","2019-01-11 00:00:00.0","2019-03-05 00:00:00.0"
"Chillan Viejo","Honorarios","Programa Comunitario","Programa Comunitario","Noel  Pedrosa Toca","","SIN INFORMACION","","","2019-01-07 00:00:00.0","2019-03-31 00:00:00.0"
"Chillan Viejo","Honorarios","Programa Comunitario","Programa Comunitario","Jose  Nery Sepulveda Zapata","","SIN INFORMACION","","","2019-04-09 00:00:00.0","2019-09-30 00:00:00.0"
"Chillan Viejo","Honorarios","Programa Comunitario","Programa Comunitario","Maria Viviana Flores Cerna","","SIN INFORMACION","","","2019-05-02 00:00:00.0","2019-12-31 00:00:00.0"
"Chillan Viejo","Honorarios","Programa Comunitario","Programa Comunitario","Rafael Hernando Palavecino Prado","","SIN INFORMACION","","","2019-01-09 00:00:00.0","2019-07-08 00:00:00.0"
