"Comuna","Tipo de Contratación","Área","Calidad","Nombre","Cargo","Grado","Planta","Remuneración","Fecha desde","Fecha hasta"
"Chillan Viejo","Contrata","Salud","Contrata","Rosmary Labraña Vilches","Administrativo Crea de Salud","SIN INFORMACION","Contratados Sin Planta","Estatuto Atención Primaria de Salud Municipal  Ley N°19.378","2019-01-01 00:00:00.0","2019-12-31 00:00:00.0"
"Chillan Viejo","Contrata","Salud","Contrata","Karin Constanza Bravo Espinoza","Técnico de Nivel Superior","SIN INFORMACION","Contratados Sin Planta","Estatuto Atención Primaria de Salud Municipal  Ley N°19.378","2014-05-26 00:00:00.0","1900-01-01 00:00:00.0"
"Chillan Viejo","Contrata","Salud","Contrata","Luz Elizabeth Bravo Garcia","Administrativo"," ","Administrativos","Escala Atención Primaria de Salud Municipal","2013-04-01 00:00:00.0","1900-01-01 00:00:00.0"
"Chillan Viejo","Contrata","Salud","Contrata","Maria de Jesus de La Fuente Villagran","Técnico de Nivel Superior","SIN INFORMACION","Contratados Sin Planta","Estatuto Atención Primaria de Salud Municipal  Ley N°19.378","2019-01-01 00:00:00.0","2019-12-31 00:00:00.0"
"Chillan Viejo","Contrata","Salud","Contrata","Ricardo Antonio Mendez Poblete","Auxiliar de Servicio de Salud","SIN INFORMACION","Contratados Sin Planta","Estatuto Atención Primaria de Salud Municipal  Ley N°19.378","2019-01-01 00:00:00.0","1900-01-01 00:00:00.0"
"Chillan Viejo","Contrata","Salud","Contrata","Angélica María Vergara Núñez","Profesional","SIN INFORMACION","Contratados Sin Planta","Estatuto Atención Primaria de Salud Municipal  Ley N°19.378","2019-04-01 00:00:00.0","2019-12-31 00:00:00.0"
"Chillan Viejo","Contrata","Salud","Contrata","Silvia del Carmen Tapia Chandía","Profesional","SIN INFORMACION","Contratados Sin Planta","Estatuto Atención Primaria de Salud Municipal  Ley N°19.378","2019-01-01 00:00:00.0","2019-12-31 00:00:00.0"
"Chillan Viejo","Contrata","Salud","Contrata","Ruth Viviana Caro Godoy","Profesional","SIN INFORMACION","Contratados Sin Planta","Estatuto Atención Primaria de Salud Municipal  Ley N°19.378","2016-01-01 00:00:00.0","1900-01-01 00:00:00.0"
"Chillan Viejo","Contrata","Salud","Contrata","Paulina Alejandra Quezada Fritz","Administrativo Crea de Salud","SIN INFORMACION","Contratados Sin Planta","Estatuto Atención Primaria de Salud Municipal  Ley N°19.378","2019-01-01 00:00:00.0","2019-12-31 00:00:00.0"
"Chillan Viejo","Contrata","Salud","Contrata","Nelson  Llanos Troncoso","Técnico de Nivel Superior","SIN INFORMACION","Contratados Sin Planta","Estatuto Atención Primaria de Salud Municipal  Ley N°19.378","2015-09-25 00:00:00.0","1900-01-01 00:00:00.0"
"Chillan Viejo","Contrata","Salud","Contrata","Gabriela Beatriz Toledo Ulloa","Profesional","SIN INFORMACION","Contratados Sin Planta","Estatuto Atención Primaria de Salud Municipal  Ley N°19.378","2016-01-01 00:00:00.0","1900-01-01 00:00:00.0"
"Chillan Viejo","Contrata","Salud","Contrata","Karen Patricia Zuñiga Rubilar","Profesional","SIN INFORMACION","Contratados Sin Planta","Estatuto Atención Primaria de Salud Municipal  Ley N°19.378","2019-01-01 00:00:00.0","2019-12-31 00:00:00.0"
"Chillan Viejo","Contrata","Salud","Contrata","Leticia Lorena Riquelme Venegas","Profesional","SIN INFORMACION","Contratados Sin Planta","Estatuto Atención Primaria de Salud Municipal  Ley N°19.378","2019-01-01 00:00:00.0","2019-12-31 00:00:00.0"
"Chillan Viejo","Contrata","Salud","Contrata","Alexis Orlando Puente Torres","Técnico de Nivel Superior","SIN INFORMACION","Contratados Sin Planta","Estatuto Atención Primaria de Salud Municipal  Ley N°19.378","2019-01-01 00:00:00.0","2019-12-31 00:00:00.0"
"Chillan Viejo","Contrata","Salud","Contrata","Lorena Edit Yañez Navarrete","Profesional","SIN INFORMACION","Contratados Sin Planta","Estatuto Atención Primaria de Salud Municipal  Ley N°19.378","2019-01-01 00:00:00.0","2019-12-31 00:00:00.0"
"Chillan Viejo","Contrata","Salud","Contrata","Marcos Rody Baeza Echeverria","Profesional","SIN INFORMACION","Contratados Sin Planta","Estatuto Atención Primaria de Salud Municipal  Ley N°19.378","2019-01-01 00:00:00.0","2019-12-31 00:00:00.0"
"Chillan Viejo","Contrata","Salud","Contrata","Mauricio Hernan Jara Espinoza","Profesional","SIN INFORMACION","Contratados Sin Planta","Estatuto Atención Primaria de Salud Municipal  Ley N°19.378","2019-01-01 00:00:00.0","2019-12-31 00:00:00.0"
"Chillan Viejo","Contrata","Salud","Contrata","Marisol Soraya Santos Oviedo","Administrativo de Salud"," ","Administrativos de Salud Categoría E","Escala Atención Primaria de Salud Municipal","2013-05-23 00:00:00.0","1900-01-01 00:00:00.0"
"Chillan Viejo","Contrata","Salud","Contrata","German Gabriel Huentupil Aldea","Auxiliar de Servicio de Salud","SIN INFORMACION","Contratados Sin Planta","Estatuto Atención Primaria de Salud Municipal  Ley N°19.378","2019-01-01 00:00:00.0","2019-12-31 00:00:00.0"
"Chillan Viejo","Contrata","Salud","Contrata","Ximena del Carmen Henriquez Cifuentes","Técnico de Nivel Superior","SIN INFORMACION","Contratados Sin Planta","Estatuto Atención Primaria de Salud Municipal  Ley N°19.378","2019-01-01 00:00:00.0","2019-12-31 00:00:00.0"
"Chillan Viejo","Contrata","Salud","Contrata","Cristian José Calderón Solís","Medico"," ","Personal No Pertenece A Planta","Escala Atención Primaria de Salud Municipal","2009-03-01 00:00:00.0","1900-01-01 00:00:00.0"
"Chillan Viejo","Contrata","Salud","Contrata","Ana Andrea Fuentes  Escala","Administrativo Crea de Salud","SIN INFORMACION","Contratados Sin Planta","Estatuto Atención Primaria de Salud Municipal  Ley N°19.378","2019-01-01 00:00:00.0","2019-12-31 00:00:00.0"
"Chillan Viejo","Contrata","Salud","Contrata","Johanna Aurora Parra Medina","Profesional","SIN INFORMACION","Contratados Sin Planta","Estatuto Atención Primaria de Salud Municipal  Ley N°19.378","2016-05-02 00:00:00.0","1900-01-01 00:00:00.0"
"Chillan Viejo","Contrata","Salud","Contrata","Paulina Paz  Merino Salamanca","Profesional","SIN INFORMACION","Contratados Sin Planta","Estatuto Atención Primaria de Salud Municipal  Ley N°19.378","2019-01-01 00:00:00.0","2019-12-31 00:00:00.0"
"Chillan Viejo","Contrata","Salud","Contrata","Katherine Pamela Aparicio Illesca","Administrativo Crea de Salud","SIN INFORMACION","Contratados Sin Planta","Estatuto Atención Primaria de Salud Municipal  Ley N°19.378","2019-01-01 00:00:00.0","2019-12-31 00:00:00.0"
"Chillan Viejo","Contrata","Salud","Contrata","Victor Felipe Ortiz Caceres","Auxiliar de Servicio de Salud","SIN INFORMACION","Contratados Sin Planta","Estatuto Atención Primaria de Salud Municipal  Ley N°19.378","2019-02-01 00:00:00.0","2019-04-30 00:00:00.0"
"Chillan Viejo","Contrata","Salud","Contrata","Marcia de Lourdes Briones Arias","Administrativo Crea de Salud","SIN INFORMACION","Contratados Sin Planta","Estatuto Atención Primaria de Salud Municipal  Ley N°19.378","2016-01-01 00:00:00.0","1900-01-01 00:00:00.0"
"Chillan Viejo","Contrata","Salud","Contrata","Carlos Roberto Guzman Reyes","Auxiliar de Servicio de Salud","SIN INFORMACION","Contratados Sin Planta","Estatuto Atención Primaria de Salud Municipal  Ley N°19.378","2019-01-01 00:00:00.0","2019-12-31 00:00:00.0"
"Chillan Viejo","Contrata","Salud","Contrata","Nancy Soledad Gonzalez Troncoso","Profesional","SIN INFORMACION","Contratados Sin Planta","Estatuto Atención Primaria de Salud Municipal  Ley N°19.378","2019-01-01 00:00:00.0","2019-03-31 00:00:00.0"
"Chillan Viejo","Contrata","Salud","Contrata","Felipe Alberto Riquelme Betanzo","Profesional","SIN INFORMACION","Contratados Sin Planta","Estatuto Atención Primaria de Salud Municipal  Ley N°19.378","2019-01-01 00:00:00.0","2019-04-30 00:00:00.0"
"Chillan Viejo","Contrata","Salud","Contrata","Andrea Paz Miller Aedo","Profesional","SIN INFORMACION","Contratados Sin Planta","Estatuto Atención Primaria de Salud Municipal  Ley N°19.378","2019-01-01 00:00:00.0","2019-12-31 00:00:00.0"
"Chillan Viejo","Contrata","Salud","Contrata","Jenifer Alejandra  Nuñez Rodriguez","Técnico de Nivel Superior","SIN INFORMACION","Contratados Sin Planta","Estatuto Atención Primaria de Salud Municipal  Ley N°19.378","2016-01-01 00:00:00.0","1900-01-01 00:00:00.0"
"Chillan Viejo","Contrata","Salud","Contrata","Leticia Darlin Gonzalez Cires","Técnico"," ","Contratados Sin Planta","Escala Atención Primaria de Salud Municipal","2014-02-03 00:00:00.0","1900-01-01 00:00:00.0"
"Chillan Viejo","Contrata","Salud","Contrata","Claudio Andres Ulloa Carcamo","Profesional","SIN INFORMACION","Contratados Sin Planta","Estatuto Atención Primaria de Salud Municipal  Ley N°19.378","2019-01-01 00:00:00.0","2019-12-31 00:00:00.0"
"Chillan Viejo","Contrata","Salud","Contrata","Lady Laura Parra Matamala","Profesional","SIN INFORMACION","Contratados Sin Planta","Estatuto Atención Primaria de Salud Municipal  Ley N°19.378","2019-01-01 00:00:00.0","2019-12-31 00:00:00.0"
"Chillan Viejo","Contrata","Salud","Contrata","Ana Maria Barrientos Flores","Matrona"," ","Contratados Sin Planta","Escala Atención Primaria de Salud Municipal","2012-09-11 00:00:00.0","1900-01-01 00:00:00.0"
"Chillan Viejo","Contrata","Salud","Contrata","Sebastian Nicolas Placencia Paz","Profesional","SIN INFORMACION","Contratados Sin Planta","Estatuto Atención Primaria de Salud Municipal  Ley N°19.378","2019-01-01 00:00:00.0","2019-12-31 00:00:00.0"
"Chillan Viejo","Contrata","Salud","Contrata","Paulina Daniela  Parra Maureira","Profesional","SIN INFORMACION","Contratados Sin Planta","Estatuto Atención Primaria de Salud Municipal  Ley N°19.378","2019-01-01 00:00:00.0","2019-12-31 00:00:00.0"
"Chillan Viejo","Contrata","Salud","Contrata","Pamela Andrea Garcia Ramos","Profesional","SIN INFORMACION","Contratados Sin Planta","Estatuto Atención Primaria de Salud Municipal  Ley N°19.378","2015-11-03 00:00:00.0","1900-01-01 00:00:00.0"
"Chillan Viejo","Contrata","Salud","Contrata","Marta Elena Burgos Olate","Administrativo Crea de Salud","SIN INFORMACION","Contratados Sin Planta","Estatuto Atención Primaria de Salud Municipal  Ley N°19.378","2017-01-01 00:00:00.0","1900-01-01 00:00:00.0"
"Chillan Viejo","Contrata","Salud","Contrata","Rodrigo Ivan Moraga Vargas","Técnico de Nivel Superior","SIN INFORMACION","Contratados Sin Planta","Estatuto Atención Primaria de Salud Municipal  Ley N°19.378","2019-01-01 00:00:00.0","2019-12-31 00:00:00.0"
"Chillan Viejo","Contrata","Salud","Contrata","Maria de Los Angeles Vasquez Ramirez","Profesional","SIN INFORMACION","Contratados Sin Planta","Estatuto Atención Primaria de Salud Municipal  Ley N°19.378","2019-01-01 00:00:00.0","2019-12-31 00:00:00.0"
"Chillan Viejo","Contrata","Salud","Contrata","Diego Ignacio Hernandez Marquez","Profesional","SIN INFORMACION","Contratados Sin Planta","Estatuto Atención Primaria de Salud Municipal  Ley N°19.378","2014-11-03 00:00:00.0","1900-01-01 00:00:00.0"
"Chillan Viejo","Contrata","Salud","Contrata","Denisse Macarena Lagos Arriagada","Profesional","SIN INFORMACION","Contratados Sin Planta","Estatuto Atención Primaria de Salud Municipal  Ley N°19.378","2019-01-01 00:00:00.0","2019-12-31 00:00:00.0"
"Chillan Viejo","Contrata","Salud","Contrata","Paola del Rosario Castillo  Zapata","Técnico de Nivel Superior","SIN INFORMACION","Contratados Sin Planta","Estatuto Atención Primaria de Salud Municipal  Ley N°19.378","2019-01-01 00:00:00.0","2019-12-31 00:00:00.0"
"Chillan Viejo","Contrata","Salud","Contrata","Romina Annabelle Bastias Rubio","Técnico de Nivel Superior","SIN INFORMACION","Contratados Sin Planta","Estatuto Atención Primaria de Salud Municipal  Ley N°19.378","2019-01-01 00:00:00.0","2019-12-31 00:00:00.0"
"Chillan Viejo","Contrata","Salud","Contrata","Maribel Alejandra Fonseca Muñoz","Profesional","SIN INFORMACION","Contratados Sin Planta","Estatuto Atención Primaria de Salud Municipal  Ley N°19.378","2016-01-01 00:00:00.0","1900-01-01 00:00:00.0"
"Chillan Viejo","Contrata","Salud","Contrata","Jose Luis  Vargas Ortiz","Técnico de Nivel Superior","SIN INFORMACION","Contratados Sin Planta","Estatuto Atención Primaria de Salud Municipal  Ley N°19.378","2019-01-07 00:00:00.0","2019-12-31 00:00:00.0"
"Chillan Viejo","Contrata","Salud","Contrata","Jose Deivis Puente Torres","Técnico de Nivel Superior","SIN INFORMACION","Contratados Sin Planta","Estatuto Atención Primaria de Salud Municipal  Ley N°19.378","2017-04-24 00:00:00.0","1900-01-01 00:00:00.0"
"Chillan Viejo","Contrata","Salud","Contrata","Ignacia Fernanda Lagos Parra","Técnico de Nivel Superior","SIN INFORMACION","Contratados Sin Planta","Estatuto Atención Primaria de Salud Municipal  Ley N°19.378","2015-06-03 00:00:00.0","1900-01-01 00:00:00.0"
"Chillan Viejo","Contrata","Salud","Contrata","Patricio Alexis Rubio Vallejos","Profesional","SIN INFORMACION","Contratados Sin Planta","Estatuto Atención Primaria de Salud Municipal  Ley N°19.378","2019-01-01 00:00:00.0","2019-12-31 00:00:00.0"
"Chillan Viejo","Contrata","Salud","Contrata","Pamela del Pilar Romero Rojas","Técnico de Nivel Superior","SIN INFORMACION","Contratados Sin Planta","Estatuto Atención Primaria de Salud Municipal  Ley N°19.378","2018-01-01 00:00:00.0","1900-01-01 00:00:00.0"
"Chillan Viejo","Contrata","Salud","Contrata","Nicols Andrea Fernandez Padilla","Profesional","SIN INFORMACION","Contratados Sin Planta","Estatuto Atención Primaria de Salud Municipal  Ley N°19.378","2018-06-18 00:00:00.0","1900-01-01 00:00:00.0"
"Chillan Viejo","Contrata","Salud","Contrata","Jacob Mauricio Venegas  Llanquinao","Administrativo Crea de Salud","SIN INFORMACION","Contratados Sin Planta","Estatuto Atención Primaria de Salud Municipal  Ley N°19.378","2018-03-12 00:00:00.0","1900-01-01 00:00:00.0"
"Chillan Viejo","Contrata","Salud","Contrata","Valeria Veronica Antunez Garcia","Profesional","SIN INFORMACION","Contratados Sin Planta","Estatuto Atención Primaria de Salud Municipal  Ley N°19.378","2019-01-01 00:00:00.0","2019-12-31 00:00:00.0"
"Chillan Viejo","Contrata","Salud","Contrata","Francisco Ivan Correa Ya¿ez","Profesional","SIN INFORMACION","Contratados Sin Planta","Estatuto Atención Primaria de Salud Municipal  Ley N°19.378","2018-07-09 00:00:00.0","1900-01-01 00:00:00.0"
"Chillan Viejo","Contrata","Salud","Contrata","Alda Maria  Gutierrez Garbarino","Profesional","SIN INFORMACION","Contratados Sin Planta","Estatuto Atención Primaria de Salud Municipal  Ley N°19.378","2016-04-05 00:00:00.0","1900-01-01 00:00:00.0"
"Chillan Viejo","Contrata","Salud","Contrata","Elizabeth Andrea Rosales Gutierrez","Profesional","SIN INFORMACION","Contratados Sin Planta","Estatuto Atención Primaria de Salud Municipal  Ley N°19.378","2019-01-01 00:00:00.0","2019-12-31 00:00:00.0"
"Chillan Viejo","Contrata","Salud","Contrata","Patricia Andrea Pantoja Aburto","Profesional","SIN INFORMACION","Contratados Sin Planta","Estatuto Atención Primaria de Salud Municipal  Ley N°19.378","2019-01-01 00:00:00.0","2019-12-31 00:00:00.0"
"Chillan Viejo","Contrata","Salud","Contrata","Soto Fuentes Claudia Andrea","Profesional","SIN INFORMACION","Contratados Sin Planta","Estatuto Atención Primaria de Salud Municipal  Ley N°19.378","2015-05-19 00:00:00.0","1900-01-01 00:00:00.0"
"Chillan Viejo","Contrata","Salud","Contrata","Loreto Alejandra Duran Escobar","Profesional","SIN INFORMACION","Contratados Sin Planta","Estatuto Atención Primaria de Salud Municipal  Ley N°19.378","2019-01-01 00:00:00.0","2019-12-31 00:00:00.0"
"Chillan Viejo","Contrata","Salud","Contrata","Bastian Yair Perez Parra","Profesional","SIN INFORMACION","Contratados Sin Planta","Estatuto Atención Primaria de Salud Municipal  Ley N°19.378","2017-06-01 00:00:00.0","1900-01-01 00:00:00.0"
"Chillan Viejo","Contrata","Salud","Contrata","Daniela Alejandra Perez  Aviles","Técnico de Nivel Superior","SIN INFORMACION","Contratados Sin Planta","Estatuto Atención Primaria de Salud Municipal  Ley N°19.378","2019-01-01 00:00:00.0","2019-12-31 00:00:00.0"
"Chillan Viejo","Contrata","Salud","Contrata","Karina Elizabeth Hinojosa Sanchez","Profesional","SIN INFORMACION","Contratados Sin Planta","Estatuto Atención Primaria de Salud Municipal  Ley N°19.378","2016-01-01 00:00:00.0","1900-01-01 00:00:00.0"
"Chillan Viejo","Contrata","Salud","Contrata","Cecilia Carolina Sepulveda Gonzalez","Profesional","SIN INFORMACION","Contratados Sin Planta","Estatuto Atención Primaria de Salud Municipal  Ley N°19.378","2019-01-01 00:00:00.0","2019-12-31 00:00:00.0"
"Chillan Viejo","Contrata","Salud","Contrata","Javier Ignacio Carvajal Fuentes","Profesional","SIN INFORMACION","Contratados Sin Planta","Estatuto Atención Primaria de Salud Municipal  Ley N°19.378","2019-03-11 00:00:00.0","2019-03-24 00:00:00.0"
"Chillan Viejo","Contrata","Salud","Contrata","Maria Fernanda  San Martin  Navarrete","Técnico de Nivel Superior","SIN INFORMACION","Contratados Sin Planta","Estatuto Atención Primaria de Salud Municipal  Ley N°19.378","2019-01-01 00:00:00.0","2019-12-31 00:00:00.0"
"Chillan Viejo","Contrata","Salud","Contrata","Magdalena Denisse Herrera Lara","Técnico de Nivel Superior","SIN INFORMACION","Contratados Sin Planta","Estatuto Atención Primaria de Salud Municipal  Ley N°19.378","2019-01-01 00:00:00.0","2019-12-31 00:00:00.0"
"Chillan Viejo","Contrata","Salud","Contrata","Ignacio Andr¿s Iba¿ez  Iba¿ez","Auxiliar de Servicio de Salud","SIN INFORMACION","Contratados Sin Planta","Estatuto Atención Primaria de Salud Municipal  Ley N°19.378","2015-08-24 00:00:00.0","1900-01-01 00:00:00.0"
"Chillan Viejo","Contrata","Salud","Contrata","Dominique Elizabeth Navarrete Díaz","Técnico de Nivel Superior","SIN INFORMACION","Contratados Sin Planta","Estatuto Atención Primaria de Salud Municipal  Ley N°19.378","2014-10-22 00:00:00.0","1900-01-01 00:00:00.0"
"Chillan Viejo","Contrata","Salud","Contrata","Maria Jesus Salas Serrano","Profesional","SIN INFORMACION","Contratados Sin Planta","Estatuto Atención Primaria de Salud Municipal  Ley N°19.378","2018-07-09 00:00:00.0","1900-01-01 00:00:00.0"
"Chillan Viejo","Contrata","Salud","Contrata","Constanza Soledad Fuentes  Cisternas","Profesional","SIN INFORMACION","Contratados Sin Planta","Estatuto Atención Primaria de Salud Municipal  Ley N°19.378","2017-01-01 00:00:00.0","1900-01-01 00:00:00.0"
"Chillan Viejo","Contrata","Salud","Contrata","Juan Antonio Barrera Canto","Técnico de Nivel Superior","SIN INFORMACION","Contratados Sin Planta","Estatuto Atención Primaria de Salud Municipal  Ley N°19.378","2019-01-03 00:00:00.0","2019-12-31 00:00:00.0"
"Chillan Viejo","Contrata","Salud","Contrata","Joselyn Loreto Barros Fuentes","Técnico de Nivel Superior","SIN INFORMACION","Contratados Sin Planta","Estatuto Atención Primaria de Salud Municipal  Ley N°19.378","2014-09-24 00:00:00.0","1900-01-01 00:00:00.0"
"Chillan Viejo","Contrata","Salud","Contrata","Valeria Virgina Rober Gonzalez","Profesional","SIN INFORMACION","Contratados Sin Planta","Estatuto Atención Primaria de Salud Municipal  Ley N°19.378","2018-01-02 00:00:00.0","1900-01-01 00:00:00.0"
"Chillan Viejo","Contrata","Salud","Contrata","Andrea Elizabeth Vasquez Ruiz","Técnico de Nivel Superior","SIN INFORMACION","Contratados Sin Planta","Estatuto Atención Primaria de Salud Municipal  Ley N°19.378","2016-01-01 00:00:00.0","1900-01-01 00:00:00.0"
"Chillan Viejo","Contrata","Salud","Contrata","Scarlly Tamara Sepulveda Quezada","Técnico de Nivel Superior"," ","Contratados Sin Planta","Escala Atención Primaria de Salud Municipal","2013-04-16 00:00:00.0","1900-01-01 00:00:00.0"
"Chillan Viejo","Contrata","Salud","Contrata","Catalina Isabel Bosselin Plaza","Profesional","SIN INFORMACION","Contratados Sin Planta","Estatuto Atención Primaria de Salud Municipal  Ley N°19.378","2017-01-05 00:00:00.0","1900-01-01 00:00:00.0"
"Chillan Viejo","Contrata","Salud","Contrata","Yessica Viviana Montero Navarrete","Profesional","SIN INFORMACION","Contratados Sin Planta","Estatuto Atención Primaria de Salud Municipal  Ley N°19.378","2019-01-01 00:00:00.0","2019-12-31 00:00:00.0"
"Chillan Viejo","Contrata","Salud","Contrata","Maria Pia Aurora Ramirez Ramirez","Profesional","SIN INFORMACION","Contratados Sin Planta","Estatuto Atención Primaria de Salud Municipal  Ley N°19.378","2019-01-01 00:00:00.0","2019-12-31 00:00:00.0"
"Chillan Viejo","Contrata","Salud","Contrata","Jessica Beatriz Novoa Sandoval","Técnico de Nivel Superior","SIN INFORMACION","Contratados Sin Planta","Estatuto Atención Primaria de Salud Municipal  Ley N°19.378","2019-04-08 00:00:00.0","1900-01-01 00:00:00.0"
"Chillan Viejo","Contrata","Salud","Contrata","Paula Natalia Cifuentes Martínez","Profesional","SIN INFORMACION","Contratados Sin Planta","Estatuto Atención Primaria de Salud Municipal  Ley N°19.378","2019-01-01 00:00:00.0","2019-12-31 00:00:00.0"
"Chillan Viejo","Contrata","Salud","Contrata","Kalajan Estefania Contreras Morales","Profesional","SIN INFORMACION","Contratados Sin Planta","Estatuto Atención Primaria de Salud Municipal  Ley N°19.378","2019-01-01 00:00:00.0","2019-04-15 00:00:00.0"
"Chillan Viejo","Contrata","Salud","Contrata","Catalina Fernanda Cisterna Cisterna","Profesional","SIN INFORMACION","Contratados Sin Planta","Estatuto Atención Primaria de Salud Municipal  Ley N°19.378","2019-04-25 00:00:00.0","2019-12-31 00:00:00.0"
"Chillan Viejo","Contrata","Salud","Contrata","Camila Constanza Chandía Zúñiga","Profesional","SIN INFORMACION","Contratados Sin Planta","Estatuto Atención Primaria de Salud Municipal  Ley N°19.378","2019-01-21 00:00:00.0","2019-03-31 00:00:00.0"
"Chillan Viejo","Contrata","Salud","Contrata","Melissa Constanza Toledo Mansilla","Profesional","SIN INFORMACION","Contratados Sin Planta","Estatuto Atención Primaria de Salud Municipal  Ley N°19.378","2017-03-24 00:00:00.0","1900-01-01 00:00:00.0"
"Chillan Viejo","Contrata","Salud","Contrata","Barbara Belen Vilches Montecinos","Profesional","SIN INFORMACION","Contratados Sin Planta","Estatuto Atención Primaria de Salud Municipal  Ley N°19.378","2019-04-15 00:00:00.0","2019-12-31 00:00:00.0"
"Chillan Viejo","Contrata","Salud","Contrata","Elida Elena Osorio Roman","Técnico de Nivel Superior","SIN INFORMACION","Contratados Sin Planta","Estatuto Atención Primaria de Salud Municipal  Ley N°19.378","2016-01-04 00:00:00.0","1900-01-01 00:00:00.0"
"Chillan Viejo","Contrata","Salud","Contrata","Valeska Mery Palma D¿az","Profesional","SIN INFORMACION","Contratados Sin Planta","Estatuto Atención Primaria de Salud Municipal  Ley N°19.378","2018-11-01 00:00:00.0","1900-01-01 00:00:00.0"
"Chillan Viejo","Contrata","Salud","Contrata","Mar¿a Bel¿n Arellano  Guzm¿n","Profesional","SIN INFORMACION","Contratados Sin Planta","Estatuto Atención Primaria de Salud Municipal  Ley N°19.378","2018-05-14 00:00:00.0","1900-01-01 00:00:00.0"
"Chillan Viejo","Contrata","Salud","Contrata","Paula Elizabeth Medina Cofre","Técnico de Nivel Superior","SIN INFORMACION","Contratados Sin Planta","Estatuto Atención Primaria de Salud Municipal  Ley N°19.378","2017-01-01 00:00:00.0","1900-01-01 00:00:00.0"
"Chillan Viejo","Contrata","Salud","Contrata","Marisa Isabel Garrido Prado","Técnico de Nivel Superior","SIN INFORMACION","Contratados Sin Planta","Estatuto Atención Primaria de Salud Municipal  Ley N°19.378","2019-01-01 00:00:00.0","2019-12-31 00:00:00.0"
"Chillan Viejo","Contrata","Salud","Contrata","Carlos Julio Carrion Rios","Profesional","SIN INFORMACION","Contratados Sin Planta","Estatuto Atención Primaria de Salud Municipal  Ley N°19.378","2019-01-01 00:00:00.0","2019-12-31 00:00:00.0"
"Chillan Viejo","Contrata","Salud","Contrata","Ana Raquel Gil de La Rans","Profesional","SIN INFORMACION","Contratados Sin Planta","Estatuto Atención Primaria de Salud Municipal  Ley N°19.378","2019-01-01 00:00:00.0","2019-12-31 00:00:00.0"
"Chillan Viejo","Contrata","Salud","Contrata","Victor Hugo Vidal Burgos","Auxiliar de Servicio de Salud","SIN INFORMACION","Contratados Sin Planta","Estatuto Atención Primaria de Salud Municipal  Ley N°19.378","2019-01-01 00:00:00.0","2019-12-31 00:00:00.0"
"Chillan Viejo","Contrata","Salud","Contrata","Maria Cecilia Diaz Gallegos","Auxiliar Paramedico"," ","Técnicos","Escala Atención Primaria de Salud Municipal","1998-01-01 00:00:00.0","1900-01-01 00:00:00.0"
"Chillan Viejo","Contrata","Salud","Contrata","Maria Irene Montecino Rodriguez","Técnico"," ","Contratados Sin Planta","Escala Atención Primaria de Salud Municipal","2009-01-01 00:00:00.0","1900-01-01 00:00:00.0"
