"Comuna","Tipo de Contratación","Área","Calidad","Nombre","Cargo","Grado","Planta","Remuneración","Fecha desde","Fecha hasta"
"Chillan Viejo","Planta Titular","Sin Clasificación","Titular","Jose Luis Martinez Valderrama","Administrativo","15°","Administrativos","Escala Municipal de Remuneraciones(ley 18.883)","2011-02-02 00:00:00.0","1900-01-01 00:00:00.0"
"Chillan Viejo","Planta Titular","Sin Clasificación","Titular","Lilian del Rosario Espinoza Contreras","Secreto"," ","Sin Información","Escala Municipal","2011-03-01 00:00:00.0","1900-01-01 00:00:00.0"
"Chillan Viejo","Planta Titular","Sin Clasificación","Titular","Alhena Andrea Herrera Massera","Ingeniero Comercial"," ","Sin Información","Escala Atención Primaria de Salud Municipal","2011-03-01 00:00:00.0","1900-01-01 00:00:00.0"
"Chillan Viejo","Planta Titular","Sin Clasificación","Titular","Maria Gabriela Garrido Blu","Profesional","7°","Profesionales","","2009-06-15 00:00:00.0","1900-01-01 00:00:00.0"
"Chillan Viejo","Planta Titular","Sin Clasificación","Titular","Clara Paola Chavez Caceres","Técnico","12°","Técnicos","","1996-12-06 00:00:00.0","1900-01-01 00:00:00.0"
"Chillan Viejo","Planta Titular","Sin Clasificación","Titular","Elizabeth del Carmen Araya Barrios","Administrativo"," ","Administrativos","Escala Atención Primaria de Salud Municipal","2011-03-01 00:00:00.0","1900-01-01 00:00:00.0"
"Chillan Viejo","Planta Titular","Sin Clasificación","Titular","Laura Ester Quezada Polanco","Administrativo"," ","Administrativos","Escala Atención Primaria de Salud Municipal","2011-03-01 00:00:00.0","1900-01-01 00:00:00.0"
"Chillan Viejo","Planta Titular","Sin Clasificación","Titular","Brenda Ginette Guzman Vallejos","Auxiliar de Servicios Menores"," ","Personal Titular","Escala Atención Primaria de Salud Municipal","2012-01-01 00:00:00.0","1900-01-01 00:00:00.0"
"Chillan Viejo","Planta Titular","Sin Clasificación","Titular","Sonia Valeska Luna Ferrada","Técnico"," ","Técnicos","Escala Atención Primaria de Salud Municipal","2011-03-01 00:00:00.0","1900-01-01 00:00:00.0"
"Chillan Viejo","Planta Titular","Sin Clasificación","Titular","Rosa Elena Guajardo Jara","Técnico"," ","Técnicos","Escala Atención Primaria de Salud Municipal","2011-03-01 00:00:00.0","1900-01-01 00:00:00.0"
"Chillan Viejo","Planta Titular","Sin Clasificación","Titular","Carlos Daniel Bustos Espinoza","Administrativo","14°","Administrativos","Escala Municipal","2009-12-10 00:00:00.0","1900-01-01 00:00:00.0"
"Chillan Viejo","Planta Titular","Sin Clasificación","Titular","Ana Victoria Elisabeth Caamaño Caamaño","Cirujano Dentista"," ","Profesionales","Escala Atención Primaria de Salud Municipal","2011-03-01 00:00:00.0","1900-01-01 00:00:00.0"
"Chillan Viejo","Planta Titular","Sin Clasificación","Titular","Jose Antonio Silva Espinoza","Administrativo","15°","Administrativos","Escala Municipal","2011-02-02 00:00:00.0","1900-01-01 00:00:00.0"
"Chillan Viejo","Planta Titular","Sin Clasificación","Titular","Carola del Pilar Gonzalez Gorigoitia","Administrativo"," ","Administrativos","Escala Atención Primaria de Salud Municipal","2011-03-01 00:00:00.0","1900-01-01 00:00:00.0"
"Chillan Viejo","Planta Titular","Sin Clasificación","Titular","Erica Bernardita Venegas Cabrera","Administrativo"," ","Contratados Sin Planta","Escala Atención Primaria de Salud Municipal","2011-03-01 00:00:00.0","1900-01-01 00:00:00.0"
"Chillan Viejo","Planta Titular","Sin Clasificación","Titular","Hector Juan Pablo Llanos Pantoja","Administrativo","14°","Administrativos","","1996-12-06 00:00:00.0","1900-01-01 00:00:00.0"
"Chillan Viejo","Planta Titular","Sin Clasificación","Titular","Mariela del Carmen Barros Fuentes","Técnico"," ","Técnicos","Escala Atención Primaria de Salud Municipal","2011-03-01 00:00:00.0","1900-01-01 00:00:00.0"
"Chillan Viejo","Planta Titular","Sin Clasificación","Titular","Pablo Rodrigo Caamaño Caamaño","Medico Cirujano"," ","Personal No Pertenece A Planta","Escala Atención Primaria de Salud Municipal","2011-03-01 00:00:00.0","1900-01-01 00:00:00.0"
"Chillan Viejo","Planta Titular","Sin Clasificación","Titular","Jacqueline Alejandra Inostroza Waltemath","Cirujano Dentista"," ","Profesionales","Escala Atención Primaria de Salud Municipal","2011-03-01 00:00:00.0","1900-01-01 00:00:00.0"
"Chillan Viejo","Planta Titular","Sin Clasificación","Titular","Gladys Soledad Salinas Rebolledo","Asistente Social"," ","Profesionales","Escala Atención Primaria de Salud Municipal","2011-03-01 00:00:00.0","1900-01-01 00:00:00.0"
"Chillan Viejo","Planta Titular","Sin Clasificación","Titular","Sara de Lourdes Sotelo Merino","Nutricionista"," ","Profesionales","Escala Atención Primaria de Salud Municipal","2011-03-01 00:00:00.0","1900-01-01 00:00:00.0"
"Chillan Viejo","Planta Titular","Sin Clasificación","Titular","Pamela Andrea Sanhueza Cabrera","Técnico"," ","Técnicos","Escala Atención Primaria de Salud Municipal","2011-03-01 00:00:00.0","1900-01-01 00:00:00.0"
"Chillan Viejo","Planta Titular","Sin Clasificación","Titular","Carolina Andrea Rivera Acuña","Kinesiologo"," ","Profesionales","Escala Atención Primaria de Salud Municipal","2011-03-01 00:00:00.0","1900-01-01 00:00:00.0"
"Chillan Viejo","Planta Titular","Sin Clasificación","Titular","Marcia Soledad Parra Lagos","Enfermero(a)"," ","Contratados Sin Planta","Escala Atención Primaria de Salud Municipal","2011-03-01 00:00:00.0","1900-01-01 00:00:00.0"
"Chillan Viejo","Planta Titular","Sin Clasificación","Titular","Ingrid del Pilar Venegas Cabrera","Administrativo"," ","Administrativos","Escala Atención Primaria de Salud Municipal","2011-03-01 00:00:00.0","1900-01-01 00:00:00.0"
"Chillan Viejo","Planta Titular","Sin Clasificación","Titular","Ivan Ramon Ferrada Muñoz","Chófer"," ","Choferes","Escala Atención Primaria de Salud Municipal","2011-03-01 00:00:00.0","1900-01-01 00:00:00.0"
"Chillan Viejo","Planta Titular","Sin Clasificación","Titular","Katherine Soledad Mena Rubilar","Nutricionista"," ","Profesionales","Escala Atención Primaria de Salud Municipal","2011-03-01 00:00:00.0","1900-01-01 00:00:00.0"
"Chillan Viejo","Planta Titular","Sin Clasificación","Titular","José Pascual Baeza Salazar","Técnico"," ","Técnicos","Escala Atención Primaria de Salud Municipal","2011-03-01 00:00:00.0","1900-01-01 00:00:00.0"
"Chillan Viejo","Planta Titular","Sin Clasificación","Titular","Lilian Marcela Monsalve López","Administrativo"," ","Administrativos","Escala Atención Primaria de Salud Municipal","2011-03-01 00:00:00.0","1900-01-01 00:00:00.0"
"Chillan Viejo","Planta Titular","Sin Clasificación","Titular","Nelly Zunilda Sepulveda Bastias","Técnico"," ","Técnicos","Escala Atención Primaria de Salud Municipal","2011-03-01 00:00:00.0","1900-01-01 00:00:00.0"
"Chillan Viejo","Planta Titular","Sin Clasificación","Titular","Alexis Orlando Puente Torres","Técnico"," ","Técnicos","Escala Atención Primaria de Salud Municipal","2011-03-01 00:00:00.0","1900-01-01 00:00:00.0"
"Chillan Viejo","Planta Titular","Sin Clasificación","Titular","Luis Juan Ignacio Castillo Paredes","Cirujano Dentista"," ","Profesionales","Escala Atención Primaria de Salud Municipal","2011-03-01 00:00:00.0","1900-01-01 00:00:00.0"
"Chillan Viejo","Planta Titular","Sin Clasificación","Titular","Lorena Edit Yañez Navarrete","Psicólogo"," ","Profesionales","Escala Atención Primaria de Salud Municipal","2011-03-01 00:00:00.0","1900-01-01 00:00:00.0"
"Chillan Viejo","Planta Titular","Sin Clasificación","Titular","Maria Cristina Mora Pereira","Técnico"," ","Técnicos","Escala Atención Primaria de Salud Municipal","2011-03-01 00:00:00.0","1900-01-01 00:00:00.0"
"Chillan Viejo","Planta Titular","Sin Clasificación","Titular","Jocelyn Solange Flores Ibacache","Kinesiologo"," ","Profesionales","Escala Atención Primaria de Salud Municipal","2011-03-01 00:00:00.0","1900-01-01 00:00:00.0"
"Chillan Viejo","Planta Titular","Sin Clasificación","Titular","Andrea Cecilia San Martin Sandoval","Nutricionista"," ","Profesionales","Escala Atención Primaria de Salud Municipal","2011-03-01 00:00:00.0","1900-01-01 00:00:00.0"
"Chillan Viejo","Planta Titular","Sin Clasificación","Titular","Mauricio Hernan Jara Espinoza","Técnico"," ","Técnicos","Escala Atención Primaria de Salud Municipal","2011-03-01 00:00:00.0","1900-01-01 00:00:00.0"
"Chillan Viejo","Planta Titular","Sin Clasificación","Titular","Maria Cristina Fuentealba Gutierrez","Técnico"," ","Técnicos","Escala Atención Primaria de Salud Municipal","2011-03-01 00:00:00.0","1900-01-01 00:00:00.0"
"Chillan Viejo","Planta Titular","Sin Clasificación","Titular","Oriana Elizabeth Mora Contreras","Técnico"," ","Técnicos","Escala Atención Primaria de Salud Municipal","2011-03-01 00:00:00.0","1900-01-01 00:00:00.0"
"Chillan Viejo","Planta Titular","Sin Clasificación","Titular","Debora Elena Vergara Riquelme","Técnico"," ","Técnicos","Escala Atención Primaria de Salud Municipal","2011-03-01 00:00:00.0","1900-01-01 00:00:00.0"
"Chillan Viejo","Planta Titular","Sin Clasificación","Titular","Jacqueline Antonieta Landeros Castro","Matrona"," ","Profesionales","Escala Atención Primaria de Salud Municipal","2011-03-01 00:00:00.0","1900-01-01 00:00:00.0"
"Chillan Viejo","Planta Titular","Sin Clasificación","Titular","Gabriela del Pilar Vasquez Mora","Técnico"," ","Técnicos","Escala Atención Primaria de Salud Municipal","2011-03-01 00:00:00.0","1900-01-01 00:00:00.0"
"Chillan Viejo","Planta Titular","Sin Clasificación","Titular","Paola Ester Rivas Fuentes","Administrativo"," ","Administrativos","Escala Atención Primaria de Salud Municipal","2011-03-01 00:00:00.0","1900-01-01 00:00:00.0"
"Chillan Viejo","Planta Titular","Sin Clasificación","Titular","Jenaro Ramon Aravena Aravena","Chófer"," ","Choferes","Escala Atención Primaria de Salud Municipal","2011-03-01 00:00:00.0","1900-01-01 00:00:00.0"
"Chillan Viejo","Planta Titular","Sin Clasificación","Titular","Verany de Los Angeles Gallegos Sandoval","Matrona"," ","Profesionales","Escala Atención Primaria de Salud Municipal","2011-03-01 00:00:00.0","1900-01-01 00:00:00.0"
"Chillan Viejo","Planta Titular","Sin Clasificación","Titular","Caroline Virginia Sepulveda Navarrete","Técnico Universitaria"," ","Contratados Sin Planta","Escala Atención Primaria de Salud Municipal","2007-09-01 00:00:00.0","1900-01-01 00:00:00.0"
"Chillan Viejo","Planta Titular","Sin Clasificación","Titular","Jessael Alejandra Rubio Leiva","Psicólogo"," ","Profesionales","Escala Atención Primaria de Salud Municipal","2011-03-01 00:00:00.0","1900-01-01 00:00:00.0"
"Chillan Viejo","Planta Titular","Sin Clasificación","Titular","Sandra Elina Guajardo Cortes","Enfermero(a)"," ","Profesionales","Escala Atención Primaria de Salud Municipal","2011-03-01 00:00:00.0","1900-01-01 00:00:00.0"
"Chillan Viejo","Planta Titular","Sin Clasificación","Titular","Claudia Lorena Medina Bravo","Técnico"," ","Técnicos","Escala Atención Primaria de Salud Municipal","2011-03-01 00:00:00.0","1900-01-01 00:00:00.0"
"Chillan Viejo","Planta Titular","Sin Clasificación","Titular","Sandra Valeria Pozo Muñoz","Enfermero(a)"," ","Profesionales","Escala Atención Primaria de Salud Municipal","2011-03-01 00:00:00.0","1900-01-01 00:00:00.0"
"Chillan Viejo","Planta Titular","Sin Clasificación","Titular","Carola del Carmen Erices Soto","Matrona"," ","Profesionales","Escala Atención Primaria de Salud Municipal","2011-03-01 00:00:00.0","1900-01-01 00:00:00.0"
"Chillan Viejo","Planta Titular","Sin Clasificación","Titular","Sandra del Pilar San Martin Vasquez","Administrativo"," ","Administrativos","Escala Atención Primaria de Salud Municipal","2011-03-01 00:00:00.0","1900-01-01 00:00:00.0"
"Chillan Viejo","Planta Titular","Sin Clasificación","Titular","Lesly Eugenia Muñoz Betanzo","Técnico"," ","Técnicos","Escala Atención Primaria de Salud Municipal","2011-03-01 00:00:00.0","1900-01-01 00:00:00.0"
"Chillan Viejo","Planta Titular","Sin Clasificación","Titular","Maria Elena Contreras Sandoval","Asistente Social"," ","Profesionales","Escala Atención Primaria de Salud Municipal","2011-03-01 00:00:00.0","1900-01-01 00:00:00.0"
"Chillan Viejo","Planta Titular","Sin Clasificación","Titular","Juan  Andres  Morales Morales","Administrativo"," ","Administrativos","Escala Atención Primaria de Salud Municipal","2011-03-01 00:00:00.0","1900-01-01 00:00:00.0"
"Chillan Viejo","Planta Titular","Sin Clasificación","Titular","Daniela Victoria Benavente Jimenez","Asistente Social"," ","Profesionales","Escala Atención Primaria de Salud Municipal","2011-03-01 00:00:00.0","1900-01-01 00:00:00.0"
"Chillan Viejo","Planta Titular","Sin Clasificación","Titular","Cecilia Andrea Bringas Daure","Educadora Párvulos"," ","Profesionales","Escala Atención Primaria de Salud Municipal","2011-03-01 00:00:00.0","1900-01-01 00:00:00.0"
"Chillan Viejo","Planta Titular","Sin Clasificación","Titular","Patricia Alejandra Gonzalez Sepulveda","Técnico"," ","Técnicos","Escala Atención Primaria de Salud Municipal","2011-03-01 00:00:00.0","1900-01-01 00:00:00.0"
"Chillan Viejo","Planta Titular","Sin Clasificación","Titular","Patricia Margarita Aguayo Bustos","Directivo","6°","Directivos","Escala Municipal","2011-07-01 00:00:00.0","1900-01-01 00:00:00.0"
"Chillan Viejo","Planta Titular","Sin Clasificación","Titular","Oscar Felipe Vidal Sepulveda","Enfermero(a)"," ","Profesionales","Escala Atención Primaria de Salud Municipal","2011-03-01 00:00:00.0","1900-01-01 00:00:00.0"
"Chillan Viejo","Planta Titular","Sin Clasificación","Titular","Cecilia Andrea Garcia Contreras","Enfermero(a)"," ","Profesionales","Escala Atención Primaria de Salud Municipal","2011-03-01 00:00:00.0","1900-01-01 00:00:00.0"
"Chillan Viejo","Planta Titular","Sin Clasificación","Titular","Marco Antonio Jimenez Dueñas","Administrativo"," ","Administrativos","Escala Atención Primaria de Salud Municipal","2011-03-01 00:00:00.0","1900-01-01 00:00:00.0"
"Chillan Viejo","Planta Titular","Sin Clasificación","Titular","Isacc   Peralta Ibarra","Profesional","7°","Profesionales","Escala Municipal","2014-04-11 00:00:00.0","1900-01-01 00:00:00.0"
"Chillan Viejo","Planta Titular","Sin Clasificación","Titular","Grace Karin Medina Cadiz","Técnico"," ","Técnicos","Escala Atención Primaria de Salud Municipal","2011-03-01 00:00:00.0","1900-01-01 00:00:00.0"
"Chillan Viejo","Planta Titular","Sin Clasificación","Titular","Fernando Andres Gonzalez Franco","Técnico"," ","Técnicos","Escala Atención Primaria de Salud Municipal","2011-03-01 00:00:00.0","1900-01-01 00:00:00.0"
"Chillan Viejo","Planta Titular","Sin Clasificación","Titular","Susana Alejandra Ordenes Pacheco","Técnico"," ","Técnicos","Escala Atención Primaria de Salud Municipal","2011-03-01 00:00:00.0","1900-01-01 00:00:00.0"
"Chillan Viejo","Planta Titular","Sin Clasificación","Titular","Cristian Humberto Beltran Diaz","Administrativo"," ","Administrativos","Escala Atención Primaria de Salud Municipal","2011-03-01 00:00:00.0","1900-01-01 00:00:00.0"
"Chillan Viejo","Planta Titular","Sin Clasificación","Titular","Mario Javier Villalba Puerta","Cirujano Dentista"," ","Profesionales","Escala Atención Primaria de Salud Municipal","2011-03-01 00:00:00.0","1900-01-01 00:00:00.0"
"Chillan Viejo","Planta Titular","Sin Clasificación","Titular","Mario Hernan Vivanco Parada","Administrativo","12°","Administrativos","","1996-12-06 00:00:00.0","1900-01-01 00:00:00.0"
"Chillan Viejo","Planta Titular","Sin Clasificación","Titular","Leoner Enrique Rivera Madariaga","Jefatura","8°","Jefaturas","","1997-04-04 00:00:00.0","1900-01-01 00:00:00.0"
"Chillan Viejo","Planta Titular","Sin Clasificación","Titular","Segundo Eulogio Fuentes Jimenez","Técnico","10°","Técnicos","","1996-12-06 00:00:00.0","1900-01-01 00:00:00.0"
"Chillan Viejo","Planta Titular","Sin Clasificación","Titular","Juana Isabel Norambuena Valenzuela","Técnico","11°","Técnicos","","1996-12-06 00:00:00.0","1900-01-01 00:00:00.0"
"Chillan Viejo","Planta Titular","Sin Clasificación","Titular","Hector Manuel Ortiz Ortiz","Administrativo","13°","Administrativos","Escala Municipal","2009-12-10 00:00:00.0","1900-01-01 00:00:00.0"
"Chillan Viejo","Planta Titular","Sin Clasificación","Titular","Nelson Aquiles Fuentealba Valdebenito","Auxiliar","16°","Auxiliares","","1996-12-06 00:00:00.0","1900-01-01 00:00:00.0"
"Chillan Viejo","Planta Titular","Sin Clasificación","Titular","Carlos Roberto Anacona Vera","Administrativo","13°","Administrativos","","1996-12-06 00:00:00.0","1900-01-01 00:00:00.0"
"Chillan Viejo","Planta Titular","Sin Clasificación","Titular","Maria Ana Leiva Venegas","Técnico","12°","Técnicos","","1996-12-06 00:00:00.0","1900-01-01 00:00:00.0"
"Chillan Viejo","Planta Titular","Sin Clasificación","Titular","Rosa del Carmen Pavez Medina","Administrativo","14°","Administrativos","Escala Municipal","2010-04-01 00:00:00.0","1900-01-01 00:00:00.0"
"Chillan Viejo","Planta Titular","Sin Clasificación","Titular","Maria Irene Montecino Rodriguez","Técnico"," ","Técnicos","Escala Atención Primaria de Salud Municipal","2011-03-01 00:00:00.0","1900-01-01 00:00:00.0"
"Chillan Viejo","Planta Titular","Sin Clasificación","Titular","Felipe Eduardo Aylwin Lagos","Jefatura","9°","Jefaturas","","1997-04-04 00:00:00.0","1900-01-01 00:00:00.0"
"Chillan Viejo","Planta Titular","Sin Clasificación","Titular","Santiago Nelson Espinoza Medina","Auxiliar","15°","Auxiliares","","2001-07-01 00:00:00.0","1900-01-01 00:00:00.0"
"Chillan Viejo","Planta Titular","Sin Clasificación","Titular","Mario Noriega Gallardo","Chófer"," ","Choferes","Escala Atención Primaria de Salud Municipal","2011-03-01 00:00:00.0","1900-01-01 00:00:00.0"
"Chillan Viejo","Planta Titular","Sin Clasificación","Titular","Prosperina del Carmen Saldaña Zapata","Administrativo","13°","Administrativos","Escala Municipal","2010-04-01 00:00:00.0","1900-01-01 00:00:00.0"
"Chillan Viejo","Planta Titular","Sin Clasificación","Titular","Clara Rosa Silva Becerra","Matrona"," ","Profesionales","Escala Atención Primaria de Salud Municipal","2011-03-01 00:00:00.0","1900-01-01 00:00:00.0"
"Chillan Viejo","Planta Titular","Sin Clasificación","Titular","Hector Ascanio Aravena Figueroa","Docente"," ","Docente","Escala Profesionales de La Educación Llay 19.070)","2015-03-01 00:00:00.0","1900-01-01 00:00:00.0"
"Chillan Viejo","Planta Titular","Sin Clasificación","Titular","Marta Maria del Pilar Sepulveda Julio","Psicólogo"," ","Profesionales","Escala Atención Primaria de Salud Municipal","2011-03-01 00:00:00.0","1900-01-01 00:00:00.0"
"Chillan Viejo","Planta Titular","Sin Clasificación","Titular","Viviana Marcela Bustamante Rubilar","Enfermero(a)"," ","Profesionales","Escala Atención Primaria de Salud Municipal","2011-03-01 00:00:00.0","1900-01-01 00:00:00.0"
"Chillan Viejo","Planta Titular","Sin Clasificación","Titular","Juan Carlos Rivas Aguilera","Auxiliar","14°","Auxiliares","","1996-12-06 00:00:00.0","1900-01-01 00:00:00.0"
"Chillan Viejo","Planta Titular","Sin Clasificación","Titular","Mauricio Alfonso Ortiz Guiñez","Profesional","8°","Profesionales","","1997-04-04 00:00:00.0","1900-01-01 00:00:00.0"
"Chillan Viejo","Planta Titular","Sin Clasificación","Titular","Esteban David Misle Muñoz","Administrativo","12°","Administrativos","Escala Municipal","2009-12-10 00:00:00.0","1900-01-01 00:00:00.0"
"Chillan Viejo","Planta Titular","Sin Clasificación","Titular","Daniel Fernando Fuentes Yañez","Técnico"," ","Técnicos","Escala Atención Primaria de Salud Municipal","2011-03-01 00:00:00.0","1900-01-01 00:00:00.0"
"Chillan Viejo","Planta Titular","Sin Clasificación","Titular","Ulises Aedo Valdes","Administrador","6°","Directivos","Escala Municipal","2008-12-09 00:00:00.0","1900-01-01 00:00:00.0"
