"Comuna","Tipo de Contratación","Área","Calidad","Nombre","Cargo","Grado","Planta","Remuneración","Fecha desde","Fecha hasta"
"Chillan Viejo","Honorarios","Contrato A Honorarios","A Suma Alzada","Elizabeth Alejandra Riquelme Rebolledo","","SIN INFORMACION","","","2019-01-02 00:00:00.0","2019-12-31 00:00:00.0"
"Chillan Viejo","Honorarios","Contrato A Honorarios","A Suma Alzada","Gabriel Marcelo Molina Garrido","","SIN INFORMACION","","","2019-07-01 00:00:00.0","2019-12-31 00:00:00.0"
"Chillan Viejo","Honorarios","Contrato A Honorarios","A Suma Alzada","Ruth Viviana Caro Godoy","","SIN INFORMACION","","","2019-01-02 00:00:00.0","2019-12-31 00:00:00.0"
"Chillan Viejo","Honorarios","Contrato A Honorarios","A Suma Alzada","Manuel Jesus Andrade  Andrade","","SIN INFORMACION","","","2019-01-02 00:00:00.0","2019-12-31 00:00:00.0"
"Chillan Viejo","Honorarios","Contrato A Honorarios","A Suma Alzada","Manuel Jes¿s  Valdebenito Flores","","SIN INFORMACION","","","2019-02-01 00:00:00.0","2019-12-31 00:00:00.0"
"Chillan Viejo","Honorarios","Contrato A Honorarios","A Suma Alzada","Luis Rodrigo Gacitua Mu¿oz","","SIN INFORMACION","","","2019-01-02 00:00:00.0","2019-12-31 00:00:00.0"
"Chillan Viejo","Honorarios","Contrato A Honorarios","A Suma Alzada","Magdalena Isabel  Parada  Cabrera","","SIN INFORMACION","","","2019-01-02 00:00:00.0","2019-12-31 00:00:00.0"
"Chillan Viejo","Honorarios","Contrato A Honorarios","A Suma Alzada","Johanna Andrea Mora Sepúlveda","","SIN INFORMACION","","","2019-10-17 00:00:00.0","2019-12-31 00:00:00.0"
"Chillan Viejo","Honorarios","Contrato A Honorarios","A Suma Alzada","Karin Marcela Flores  Espinoza","","SIN INFORMACION","","","2019-01-02 00:00:00.0","2019-12-31 00:00:00.0"
"Chillan Viejo","Honorarios","Contrato A Honorarios","A Suma Alzada","Pamela Andrea Muñoz  Muñoz","","SIN INFORMACION","","","2019-01-02 00:00:00.0","2019-12-31 00:00:00.0"
"Chillan Viejo","Honorarios","Contrato A Honorarios","A Suma Alzada","Wilfredo Antonio Martinez Landaeta","","SIN INFORMACION","","","2019-01-02 00:00:00.0","2019-12-31 00:00:00.0"
"Chillan Viejo","Honorarios","Contrato A Honorarios","A Suma Alzada","Silvia de Lourdes Chavez Riquelme","","SIN INFORMACION","","","2019-01-02 00:00:00.0","2019-12-31 00:00:00.0"
"Chillan Viejo","Honorarios","Contrato A Honorarios","A Suma Alzada","Miguel Angel Silva Aguayo","","SIN INFORMACION","","","2019-01-02 00:00:00.0","2019-12-31 00:00:00.0"
"Chillan Viejo","Honorarios","Contrato A Honorarios","A Suma Alzada","Perla  Madelein Troncoso Gomez","","SIN INFORMACION","","","2019-01-02 00:00:00.0","2019-12-31 00:00:00.0"
