"Comuna","Tipo de Contratación","Área","Calidad","Nombre","Cargo","Grado","Planta","Remuneración","Fecha desde","Fecha hasta"
"Los Alamos","Codigo del Trabajo","Educación","Código del Trabajo","Cristian Marcel Triviño Ferreira","Técnico"," ","Contratados Sin Planta","Asistentes de La Educación Ley N°19.464","2016-03-01 00:00:00.0","1900-01-01 00:00:00.0"
"Los Alamos","Codigo del Trabajo","Educación","Código del Trabajo","Marcelo Osvaldo Gomez Riquelme","Técnico"," ","Contratados Sin Planta","Asistentes de La Educación Ley N°19.464","2017-03-01 00:00:00.0","1900-01-01 00:00:00.0"
"Los Alamos","Codigo del Trabajo","Educación","Código del Trabajo","Delia del Carmen Aguayo Ortiz","Asistente"," ","Contratados Sin Planta","Asistentes de La Educación Ley N°19.464","2016-03-01 00:00:00.0","1900-01-01 00:00:00.0"
"Los Alamos","Codigo del Trabajo","Educación","Código del Trabajo","Campos Montecinos Paola Andrea","Psicólogo"," ","Contratados Sin Planta","Asistentes de La Educación Ley N°19.464","2017-03-01 00:00:00.0","1900-01-01 00:00:00.0"
"Los Alamos","Codigo del Trabajo","Educación","Código del Trabajo","Oscar Misael Rosales Salamanca","Asistente Social"," ","Contratados Sin Planta","Asistentes de La Educación Ley N°19.464","2016-03-01 00:00:00.0","1900-01-01 00:00:00.0"
"Los Alamos","Codigo del Trabajo","Educación","Código del Trabajo","Erica Liliana Reyes  Perez","Psicólogo"," ","Contratados Sin Planta","Asistentes de La Educación Ley N°19.464","2018-03-01 00:00:00.0","1900-01-01 00:00:00.0"
"Los Alamos","Codigo del Trabajo","Educación","Código del Trabajo","Paula Gabriela Navarro Ramirez","Asistente Parvularia"," ","Contratados Sin Planta","Asistentes de La Educación Ley N°19.464","2017-03-01 00:00:00.0","1900-01-01 00:00:00.0"
"Los Alamos","Codigo del Trabajo","Educación","Código del Trabajo","Augusto Osvaldo Herrera  Guzm¿n","Auxiliar"," ","Contratados Sin Planta","Asistentes de La Educación Ley N°19.464","2018-03-01 00:00:00.0","1900-01-01 00:00:00.0"
"Los Alamos","Codigo del Trabajo","Educación","Código del Trabajo","Jacqueline Paola  Soto Melehuenchun","Auxiliar de Servicios Menores"," ","Contratados Sin Planta","Asistentes de La Educación Ley N°19.464","2016-03-01 00:00:00.0","1900-01-01 00:00:00.0"
"Los Alamos","Codigo del Trabajo","Educación","Código del Trabajo","Hector Guillermo Troncoso  Lobos","Auxiliar de Servicios Menores"," ","Contratados Sin Planta","Asistentes de La Educación Ley N°19.464","2016-03-01 00:00:00.0","1900-01-01 00:00:00.0"
"Los Alamos","Codigo del Trabajo","Educación","Código del Trabajo","Kelly Sabrina Castro Ramirez","Auxiliar"," ","Contratados Sin Planta","Afectos Al Código del Trabajo","2018-01-01 00:00:00.0","1900-01-01 00:00:00.0"
"Los Alamos","Codigo del Trabajo","Educación","Código del Trabajo","Gloria Jeannette Cheuquelen Venegas","Monitor"," ","Contratados Sin Planta","Asistentes de La Educación Ley N°19.464","2017-03-01 00:00:00.0","1900-01-01 00:00:00.0"
"Los Alamos","Codigo del Trabajo","Educación","Código del Trabajo","Graciela Berenice Soto Obreque","Asistente"," ","Contratados Sin Planta","Asistentes de La Educación Ley N°19.464","2018-03-01 00:00:00.0","1900-01-01 00:00:00.0"
"Los Alamos","Codigo del Trabajo","Educación","Código del Trabajo","Isaac Marcelo Cifuentes Saez","Conductor"," ","Personal No Pertenece A Planta","Afectos Al Código del Trabajo","2013-03-01 00:00:00.0","1900-01-01 00:00:00.0"
"Los Alamos","Codigo del Trabajo","Educación","Código del Trabajo","Angelica Andrea Andrade Gajardo","Educadora Párvulos"," ","Contratados Sin Planta","Afectos Al Código del Trabajo","2018-01-01 00:00:00.0","1900-01-01 00:00:00.0"
"Los Alamos","Codigo del Trabajo","Educación","Código del Trabajo","Richard Edgardo Bastias  Olate","Administrativo"," ","Personal No Pertenece A Planta","Afectos Al Código del Trabajo","2009-01-28 00:00:00.0","1900-01-01 00:00:00.0"
"Los Alamos","Codigo del Trabajo","Educación","Código del Trabajo","Jeannette Adriana Perez Gonzalez","Manipuladora"," ","Personal No Pertenece A Planta","Afectos Al Código del Trabajo","2014-04-08 00:00:00.0","1900-01-01 00:00:00.0"
"Los Alamos","Codigo del Trabajo","Educación","Código del Trabajo","Rodolfo  Eduardo Opazo Friz","Asistente Social"," ","Contratados Sin Planta","Asistentes de La Educación Ley N°19.464","2016-03-01 00:00:00.0","1900-01-01 00:00:00.0"
"Los Alamos","Codigo del Trabajo","Educación","Código del Trabajo","Julio Rigoberto Fernandez Castillo","Encargado"," ","Personal No Pertenece A Planta","Afectos Al Código del Trabajo","2013-01-01 00:00:00.0","1900-01-01 00:00:00.0"
"Los Alamos","Codigo del Trabajo","Educación","Código del Trabajo","Ximena Andrea Macheo Hormazabal","Asistente Parvularia"," ","Contratados Sin Planta","Afectos Al Código del Trabajo","2017-01-01 00:00:00.0","1900-01-01 00:00:00.0"
"Los Alamos","Codigo del Trabajo","Educación","Código del Trabajo","Macarena Margot Grandon Grandon","Administrativo"," ","Contratados Sin Planta","Afectos Al Código del Trabajo","2016-01-01 00:00:00.0","1900-01-01 00:00:00.0"
"Los Alamos","Codigo del Trabajo","Educación","Código del Trabajo","Carolina Joahanna Matamala Sepulveda","Inspector"," ","Personal No Pertenece A Planta","Afectos Al Código del Trabajo","2014-03-26 00:00:00.0","1900-01-01 00:00:00.0"
"Los Alamos","Codigo del Trabajo","Educación","Código del Trabajo","Hector Andres Zambrano  Mu¿oz","Administrativo"," ","Contratados Sin Planta","Afectos Al Código del Trabajo","2016-01-01 00:00:00.0","1900-01-01 00:00:00.0"
"Los Alamos","Codigo del Trabajo","Educación","Código del Trabajo","Javier Orlando Quezada Medina","Asistente Social"," ","Contratados Sin Planta","Asistentes de La Educación Ley N°19.464","2016-03-01 00:00:00.0","1900-01-01 00:00:00.0"
"Los Alamos","Codigo del Trabajo","Educación","Código del Trabajo","Karen del Pilar  Garces Bizama","Administrativo"," ","Contratados Sin Planta","Asistentes de La Educación Ley N°19.464","2017-03-01 00:00:00.0","1900-01-01 00:00:00.0"
"Los Alamos","Codigo del Trabajo","Educación","Código del Trabajo","Luz Johanna Diaz Macheo","Administrativo"," ","Contratados Sin Planta","Asistentes de La Educación Ley N°19.464","2017-03-01 00:00:00.0","1900-01-01 00:00:00.0"
"Los Alamos","Codigo del Trabajo","Educación","Código del Trabajo","Daniela Andrea Loaiza Lopez","Asistente Social"," ","Contratados Sin Planta","Asistentes de La Educación Ley N°19.464","2018-03-01 00:00:00.0","1900-01-01 00:00:00.0"
"Los Alamos","Codigo del Trabajo","Educación","Código del Trabajo","Gabriel Elias Quipallan Canario","Administrativo"," ","Contratados Sin Planta","Afectos Al Código del Trabajo","2017-01-01 00:00:00.0","1900-01-01 00:00:00.0"
"Los Alamos","Codigo del Trabajo","Educación","Código del Trabajo","Marcia Magdalena Gonz¿lez  Toloza","Administrativo"," ","Contratados Sin Planta","Afectos Al Código del Trabajo","2017-01-01 00:00:00.0","1900-01-01 00:00:00.0"
"Los Alamos","Codigo del Trabajo","Educación","Código del Trabajo","Pablo Francisco Barroso Bedecarratz","Dentista"," ","Contratados Sin Planta","Asistentes de La Educación Ley N°19.464","2016-01-01 00:00:00.0","1900-01-01 00:00:00.0"
"Los Alamos","Codigo del Trabajo","Educación","Código del Trabajo","Jackeline Roxana Diaz Huenchuman","Asistente"," ","Contratados Sin Planta","Asistentes de La Educación Ley N°19.464","2017-03-01 00:00:00.0","1900-01-01 00:00:00.0"
"Los Alamos","Codigo del Trabajo","Educación","Código del Trabajo","Cristina  Andrea  Oñate Mella","Asistente Parvularia"," ","Contratados Sin Planta","Asistentes de La Educación Ley N°19.464","2016-03-01 00:00:00.0","1900-01-01 00:00:00.0"
"Los Alamos","Codigo del Trabajo","Educación","Código del Trabajo","Daniela Paz Henriquez Salazar","Educadora Párvulos"," ","Contratados Sin Planta","Afectos Al Código del Trabajo","2016-01-01 00:00:00.0","1900-01-01 00:00:00.0"
"Los Alamos","Codigo del Trabajo","Educación","Código del Trabajo","Maricel Nataly  Velasquez  Reyes","Asistente Parvularia"," ","Contratados Sin Planta","Afectos Al Código del Trabajo","2018-02-08 00:00:00.0","1900-01-01 00:00:00.0"
"Los Alamos","Codigo del Trabajo","Educación","Código del Trabajo","Mónica Uberlinda Cifuentes Yáñez","Educadora Párvulos"," ","Contratados Sin Planta","Afectos Al Código del Trabajo","2016-06-27 00:00:00.0","1900-01-01 00:00:00.0"
"Los Alamos","Codigo del Trabajo","Educación","Código del Trabajo","Viviana Beatriz Yevilao Ani¿ir","Asistente Parvularia"," ","Contratados Sin Planta","Afectos Al Código del Trabajo","2016-01-01 00:00:00.0","1900-01-01 00:00:00.0"
"Los Alamos","Codigo del Trabajo","Educación","Código del Trabajo","Nardy Carolina Aguayo Lizama","Asistente de La Educación"," ","Contratados Sin Planta","Afectos Al Código del Trabajo","2017-01-01 00:00:00.0","1900-01-01 00:00:00.0"
"Los Alamos","Codigo del Trabajo","Educación","Código del Trabajo","Janvier Lou Recart Antequera","Psicólogo"," ","Contratados Sin Planta","Asistentes de La Educación Ley N°19.464","2018-03-01 00:00:00.0","1900-01-01 00:00:00.0"
"Los Alamos","Codigo del Trabajo","Educación","Código del Trabajo","Yoselyn Scarlett Sepulveda Gonzalez","Asistente Parvularia"," ","Contratados Sin Planta","Afectos Al Código del Trabajo","2016-11-01 00:00:00.0","1900-01-01 00:00:00.0"
"Los Alamos","Codigo del Trabajo","Educación","Código del Trabajo","Yenifer Elizabeth Rivera Castro","Educadora Párvulos"," ","Contratados Sin Planta","Afectos Al Código del Trabajo","2017-01-01 00:00:00.0","1900-01-01 00:00:00.0"
"Los Alamos","Codigo del Trabajo","Educación","Código del Trabajo","Danilo Gonzalo Catril Jara","Auxiliar de Servicios Menores"," ","Contratados Sin Planta","Asistentes de La Educación Ley N°19.464","2017-03-01 00:00:00.0","1900-01-01 00:00:00.0"
"Los Alamos","Codigo del Trabajo","Educación","Código del Trabajo","Nicol Andrea  Gonzalez  Bahamondez","Psicólogo"," ","Contratados Sin Planta","Asistentes de La Educación Ley N°19.464","2016-03-01 00:00:00.0","1900-01-01 00:00:00.0"
"Los Alamos","Codigo del Trabajo","Educación","Código del Trabajo","Jeniffer Cecilia Neira  Rifo","Administrativo"," ","Contratados Sin Planta","Asistentes de La Educación Ley N°19.464","2016-03-01 00:00:00.0","1900-01-01 00:00:00.0"
"Los Alamos","Codigo del Trabajo","Educación","Código del Trabajo","Nicol Anacaren Romero Caripan","Nutricionista"," ","Contratados Sin Planta","Asistentes de La Educación Ley N°19.464","2018-03-05 00:00:00.0","1900-01-01 00:00:00.0"
"Los Alamos","Codigo del Trabajo","Educación","Código del Trabajo","Angello Aroldo Vivallo Suazo","Profesional"," ","Contratados Sin Planta","Asistentes de La Educación Ley N°19.464","2016-03-01 00:00:00.0","1900-01-01 00:00:00.0"
"Los Alamos","Codigo del Trabajo","Educación","Código del Trabajo","Ana Karen  Colileo  Cisternas","Asistente"," ","Contratados Sin Planta","Asistentes de La Educación Ley N°19.464","2017-03-01 00:00:00.0","1900-01-01 00:00:00.0"
"Los Alamos","Codigo del Trabajo","Educación","Código del Trabajo","Andres Abelardo Fa¿ndez Ter¿n","Cirujano Dentista"," ","Contratados Sin Planta","Asistentes de La Educación Ley N°19.464","2018-01-01 00:00:00.0","1900-01-01 00:00:00.0"
"Los Alamos","Codigo del Trabajo","Educación","Código del Trabajo","Carolay Sthefanny Vigueras Sanchez","Fonoaudiologo"," ","Contratados Sin Planta","Asistentes de La Educación Ley N°19.464","2018-03-01 00:00:00.0","1900-01-01 00:00:00.0"
"Los Alamos","Codigo del Trabajo","Educación","Código del Trabajo","Roxana Magdalena Virquilao Peralta","Asistente"," ","Contratados Sin Planta","Asistentes de La Educación Ley N°19.464","2017-03-01 00:00:00.0","1900-01-01 00:00:00.0"
"Los Alamos","Codigo del Trabajo","Educación","Código del Trabajo","Esthefania Jocelin Mu¿oz Toloza","Asistente"," ","Contratados Sin Planta","Asistentes de La Educación Ley N°19.464","2017-03-01 00:00:00.0","1900-01-01 00:00:00.0"
"Los Alamos","Codigo del Trabajo","Educación","Código del Trabajo","Maricela Soledad Burdiles Jerez","Asistente de La Educación"," ","Personal No Pertenece A Planta","Afectos Al Código del Trabajo","2013-01-01 00:00:00.0","1900-01-01 00:00:00.0"
"Los Alamos","Codigo del Trabajo","Educación","Código del Trabajo","Rosa Angelica Lopez Cuevas","Asistente de La Educación"," ","Personal No Pertenece A Planta","Escala Profesionales de La Educación Llay 19.070)","2013-01-01 00:00:00.0","1900-01-01 00:00:00.0"
"Los Alamos","Codigo del Trabajo","Educación","Código del Trabajo","Yessica Viviana  Ben¿tez  Cruces","Asistente Parvularia"," ","Contratados Sin Planta","Afectos Al Código del Trabajo","2017-01-01 00:00:00.0","1900-01-01 00:00:00.0"
"Los Alamos","Codigo del Trabajo","Educación","Código del Trabajo","Camila Natalia  Luengo Luengo","Asistente Parvularia"," ","Contratados Sin Planta","Afectos Al Código del Trabajo","2016-10-25 00:00:00.0","1900-01-01 00:00:00.0"
"Los Alamos","Codigo del Trabajo","Educación","Código del Trabajo","Kassandra Estefani  Riquelme  Burgos","Asistente Parvularia"," ","Contratados Sin Planta","Afectos Al Código del Trabajo","2017-01-01 00:00:00.0","1900-01-01 00:00:00.0"
"Los Alamos","Codigo del Trabajo","Educación","Código del Trabajo","Karen Wilma  Ani¿ir  Llancao","Asistente Parvularia"," ","Contratados Sin Planta","Asistentes de La Educación Ley N°19.464","2016-03-01 00:00:00.0","1900-01-01 00:00:00.0"
"Los Alamos","Codigo del Trabajo","Educación","Código del Trabajo","Soledad Orfelina Hidalgo Fernandez","Asistente"," ","Contratados Sin Planta","Asistentes de La Educación Ley N°19.464","2018-03-01 00:00:00.0","1900-01-01 00:00:00.0"
"Los Alamos","Codigo del Trabajo","Educación","Código del Trabajo","Claudio Andres Pe¿aloza Riquelme","Maestro"," ","Contratados Sin Planta","Afectos Al Código del Trabajo","2017-01-01 00:00:00.0","1900-01-01 00:00:00.0"
"Los Alamos","Codigo del Trabajo","Educación","Código del Trabajo","Angelica Erlinda Arias  Celedon","Inspector"," ","Contratados Sin Planta","Asistentes de La Educación Ley N°19.464","2016-03-01 00:00:00.0","1900-01-01 00:00:00.0"
"Los Alamos","Codigo del Trabajo","Educación","Código del Trabajo","Agner  San Martin Escalona","Encargado"," ","Contratados Sin Planta","Afectos Al Código del Trabajo","2017-10-30 00:00:00.0","1900-01-01 00:00:00.0"
