"Comuna","Tipo de Contratación","Área","Calidad","Nombre","Cargo","Grado","Planta","Remuneración","Fecha desde","Fecha hasta"
"Los Alamos","Contrata","Educación","Contrata","Sonia Karina Sepulveda Cid","Docente","SIN INFORMACION","Contratados Sin Planta","Profesionales de La Educación Ley N°19.070","2018-03-01 00:00:00.0","2019-02-28 00:00:00.0"
"Los Alamos","Contrata","Educación","Contrata","Ester de Las Mercedes Cea Urra","Docente","SIN INFORMACION","Contratados Sin Planta","Profesionales de La Educación Ley N°19.070","2018-03-01 00:00:00.0","2019-02-28 00:00:00.0"
"Los Alamos","Contrata","Educación","Contrata","Juan Riberto Lopez Escalona","Docente","SIN INFORMACION","Contratados Sin Planta","Profesionales de La Educación Ley N°19.070","2019-04-15 00:00:00.0","2020-02-29 00:00:00.0"
"Los Alamos","Contrata","Educación","Contrata","Daniel Caleb Bahamondes Nuñez","Docente","SIN INFORMACION","Contratados Sin Planta","Profesionales de La Educación Ley N°19.070","2018-03-01 00:00:00.0","2019-02-28 00:00:00.0"
"Los Alamos","Contrata","Educación","Contrata","Claudia Cecilia Albornoz Alvarado","Docente","SIN INFORMACION","Contratados Sin Planta","Profesionales de La Educación Ley N°19.070","2018-03-01 00:00:00.0","2019-02-28 00:00:00.0"
"Los Alamos","Contrata","Educación","Contrata","Cristian Marcel Triviño Ferreira","Técnico","SIN INFORMACION","Contratados Sin Planta","Asistentes de La Educación Ley N°19.464","2018-04-03 00:00:00.0","2019-02-28 00:00:00.0"
"Los Alamos","Contrata","Educación","Contrata","Romina Varsovia Vega Leiva","Docente","SIN INFORMACION","Contratados Sin Planta","Profesionales de La Educación Ley N°19.070","2018-03-01 00:00:00.0","2019-02-28 00:00:00.0"
"Los Alamos","Contrata","Educación","Contrata","Patricia Andrea Jara Lizama","Docente","SIN INFORMACION","Contratados Sin Planta","Profesionales de La Educación Ley N°19.070","2019-03-04 00:00:00.0","2020-02-29 00:00:00.0"
"Los Alamos","Contrata","Educación","Contrata","Silvia Elena Alvial Bello","Docente","SIN INFORMACION","Contratados Sin Planta","Profesionales de La Educación Ley N°19.070","2019-09-05 00:00:00.0","2019-09-12 00:00:00.0"
"Los Alamos","Contrata","Educación","Contrata","Irma Eliana Llancao Yevilao","Docente","SIN INFORMACION","Contratados Sin Planta","Profesionales de La Educación Ley N°19.070","2018-03-01 00:00:00.0","2019-02-28 00:00:00.0"
"Los Alamos","Contrata","Educación","Contrata","Claudia Elizabeth Roa Barrera","Docente","SIN INFORMACION","Contratados Sin Planta","Profesionales de La Educación Ley N°19.070","2018-03-01 00:00:00.0","2019-02-28 00:00:00.0"
"Los Alamos","Contrata","Educación","Contrata","Mirta Oriana Faundez Nuñez","Docente","SIN INFORMACION","Contratados Sin Planta","Profesionales de La Educación Ley N°19.070","2019-03-01 00:00:00.0","2020-02-29 00:00:00.0"
"Los Alamos","Contrata","Educación","Contrata","Marisol Angelica Yañez Fernandez","Inspector","SIN INFORMACION","Contratados Sin Planta","Asistentes de La Educación Ley N°19.464","2019-08-05 00:00:00.0","2019-12-31 00:00:00.0"
"Los Alamos","Contrata","Educación","Contrata","Yolanda Elvira Escobar Arellano","Docente","SIN INFORMACION","Contratados Sin Planta","Profesionales de La Educación Ley N°19.070","2019-05-08 00:00:00.0","2020-02-29 00:00:00.0"
"Los Alamos","Contrata","Educación","Contrata","Claudio Eduardo Retamal Benitez","Docente","SIN INFORMACION","Contratados Sin Planta","Profesionales de La Educación Ley N°19.070","2018-03-01 00:00:00.0","2019-02-28 00:00:00.0"
"Los Alamos","Contrata","Educación","Contrata","Norma del Carmen Carrasco Landeros","Auxiliar","SIN INFORMACION","Contratados Sin Planta","Afectos Al Código del Trabajo","2019-01-01 00:00:00.0","2019-12-31 00:00:00.0"
"Los Alamos","Contrata","Educación","Contrata","Sonia Luz Ani¿ir Ani¿ir","Educadora","SIN INFORMACION","Contratados Sin Planta","Asistentes de La Educación Ley N°19.464","2019-03-01 00:00:00.0","2020-02-29 00:00:00.0"
"Los Alamos","Contrata","Educación","Contrata","Juana Patricia Saez Torres","Docente","SIN INFORMACION","Contratados Sin Planta","Profesionales de La Educación Ley N°19.070","2019-03-01 00:00:00.0","2020-02-29 00:00:00.0"
"Los Alamos","Contrata","Educación","Contrata","Iris de Las Nieves Garrido Navarro","Docente","SIN INFORMACION","Contratados Sin Planta","Profesionales de La Educación Ley N°19.070","2018-03-01 00:00:00.0","2019-02-28 00:00:00.0"
"Los Alamos","Contrata","Educación","Contrata","Dalila Eunice Donat Avila","Docente","SIN INFORMACION","Contratados Sin Planta","Profesionales de La Educación Ley N°19.070","2018-03-01 00:00:00.0","2019-02-28 00:00:00.0"
"Los Alamos","Contrata","Educación","Contrata","Emelina Judith Poblete Salazar","Docente","SIN INFORMACION","Contratados Sin Planta","Profesionales de La Educación Ley N°19.070","2018-03-01 00:00:00.0","2019-02-28 00:00:00.0"
"Los Alamos","Contrata","Educación","Contrata","Ruth Elizabeth Avila Garcia","Docente","SIN INFORMACION","Contratados Sin Planta","Profesionales de La Educación Ley N°19.070","2018-03-01 00:00:00.0","2019-02-28 00:00:00.0"
"Los Alamos","Contrata","Educación","Contrata","Pamela Scarlett Quilodran Quintrel","Docente","SIN INFORMACION","Contratados Sin Planta","Profesionales de La Educación Ley N°19.070","2018-03-01 00:00:00.0","2019-02-28 00:00:00.0"
"Los Alamos","Contrata","Educación","Contrata","Corina Ines Riffo Matamala","Docente","SIN INFORMACION","Contratados Sin Planta","Profesionales de La Educación Ley N°19.070","2018-03-01 00:00:00.0","2019-02-28 00:00:00.0"
"Los Alamos","Contrata","Educación","Contrata","Carmen   Gloria Saravia Quilodran","Docente","SIN INFORMACION","Contratados Sin Planta","Profesionales de La Educación Ley N°19.070","2018-03-01 00:00:00.0","2019-02-28 00:00:00.0"
"Los Alamos","Contrata","Educación","Contrata","Vilma Ruth Bastias Barra","Docente","SIN INFORMACION","Contratados Sin Planta","Profesionales de La Educación Ley N°19.070","2018-03-01 00:00:00.0","2019-02-28 00:00:00.0"
"Los Alamos","Contrata","Educación","Contrata","Julieta Nadiaska Fernandez Gallardo","Docente","SIN INFORMACION","Contratados Sin Planta","Profesionales de La Educación Ley N°19.070","2018-03-01 00:00:00.0","2019-02-28 00:00:00.0"
"Los Alamos","Contrata","Educación","Contrata","Erwin Aurelio Cruces  Neira","Auxiliar","SIN INFORMACION","Contratados Sin Planta","Asistentes de La Educación Ley N°19.464","2018-04-02 00:00:00.0","2019-02-28 00:00:00.0"
"Los Alamos","Contrata","Educación","Contrata","Carlos Martinez Conejero","Docente","SIN INFORMACION","Contratados Sin Planta","Profesionales de La Educación Ley N°19.070","2019-03-01 00:00:00.0","2020-02-29 00:00:00.0"
"Los Alamos","Contrata","Educación","Contrata","Edith Viviana Bueno Sanchez","Docente","SIN INFORMACION","Contratados Sin Planta","Profesionales de La Educación Ley N°19.070","2018-03-01 00:00:00.0","2019-02-28 00:00:00.0"
"Los Alamos","Contrata","Educación","Contrata","Haroldo Benedicto Troncoso Roa","Docente","SIN INFORMACION","Contratados Sin Planta","Profesionales de La Educación Ley N°19.070","2019-04-01 00:00:00.0","2020-02-29 00:00:00.0"
"Los Alamos","Contrata","Educación","Contrata","Sandra Paola Moraga Pezo","Docente","SIN INFORMACION","Contratados Sin Planta","Profesionales de La Educación Ley N°19.070","2018-03-01 00:00:00.0","2019-02-28 00:00:00.0"
"Los Alamos","Contrata","Educación","Contrata","Ximena Ivonne Albornoz Lagos","Docente","SIN INFORMACION","Contratados Sin Planta","Profesionales de La Educación Ley N°19.070","2018-03-01 00:00:00.0","2019-02-28 00:00:00.0"
"Los Alamos","Contrata","Educación","Contrata","Patricia Ivonne Herrera Barra","Docente"," ","Contratados Sin Planta","Escala Profesionales de La Educación Llay 19.070)","2014-04-01 00:00:00.0","1900-01-01 00:00:00.0"
"Los Alamos","Contrata","Educación","Contrata","Claudia Fabiola Rios Villalobos","Docente","SIN INFORMACION","Contratados Sin Planta","Profesionales de La Educación Ley N°19.070","2018-03-01 00:00:00.0","2019-02-28 00:00:00.0"
"Los Alamos","Contrata","Educación","Contrata","Jose Alfonso Nahuelhual  Fernandez","Conductor","SIN INFORMACION","Contratados Sin Planta","Asistentes de La Educación Ley N°19.464","2018-03-01 00:00:00.0","2019-02-28 00:00:00.0"
"Los Alamos","Contrata","Educación","Contrata","Juan Bautista Gaete Neira","Docente","SIN INFORMACION","Contratados Sin Planta","Profesionales de La Educación Ley N°19.070","2018-12-07 00:00:00.0","2019-02-28 00:00:00.0"
"Los Alamos","Contrata","Educación","Contrata","Patricio Ariel Mendez Muñoz","Docente","SIN INFORMACION","Contratados Sin Planta","Profesionales de La Educación Ley N°19.070","2018-03-01 00:00:00.0","2019-02-28 00:00:00.0"
"Los Alamos","Contrata","Educación","Contrata","Manuel Nicanor Saez Saez","Docente","SIN INFORMACION","Contratados Sin Planta","Profesionales de La Educación Ley N°19.070","2018-12-16 00:00:00.0","2019-02-28 00:00:00.0"
"Los Alamos","Contrata","Educación","Contrata","Ana Luisa Ya¿ez Martinez","Docente","SIN INFORMACION","Contratados Sin Planta","Profesionales de La Educación Ley N°19.070","2018-03-01 00:00:00.0","2019-02-28 00:00:00.0"
"Los Alamos","Contrata","Educación","Contrata","Nelson Cristian Lagos Fuentes","Docente","SIN INFORMACION","Contratados Sin Planta","Profesionales de La Educación Ley N°19.070","2018-03-01 00:00:00.0","2019-02-28 00:00:00.0"
"Los Alamos","Contrata","Educación","Contrata","Patricio German Ortega Farfan","Docente","SIN INFORMACION","Contratados Sin Planta","Profesionales de La Educación Ley N°19.070","2018-03-01 00:00:00.0","2019-02-28 00:00:00.0"
"Los Alamos","Contrata","Educación","Contrata","Marcela Alejandra Velasquez Hormazabal","Docente","SIN INFORMACION","Contratados Sin Planta","Profesionales de La Educación Ley N°19.070","2018-03-01 00:00:00.0","2019-02-28 00:00:00.0"
"Los Alamos","Contrata","Educación","Contrata","Nelson Alejandro Bustos Delgado","Docente","SIN INFORMACION","Contratados Sin Planta","Profesionales de La Educación Ley N°19.070","2019-05-08 00:00:00.0","2019-05-20 00:00:00.0"
"Los Alamos","Contrata","Educación","Contrata","Jose Martin Iturrieta Araneda","Docente","SIN INFORMACION","Contratados Sin Planta","Profesionales de La Educación Ley N°19.070","2018-03-01 00:00:00.0","2019-02-28 00:00:00.0"
"Los Alamos","Contrata","Educación","Contrata","Ivonne Marcela Alarcon Caripan","Docente","SIN INFORMACION","Contratados Sin Planta","Profesionales de La Educación Ley N°19.070","2018-03-01 00:00:00.0","2019-02-28 00:00:00.0"
"Los Alamos","Contrata","Educación","Contrata","Delia del Carmen Aguayo Ortiz","Asistente","SIN INFORMACION","Contratados Sin Planta","Asistentes de La Educación Ley N°19.464","2018-03-01 00:00:00.0","2019-02-28 00:00:00.0"
"Los Alamos","Contrata","Educación","Contrata","M¿nica Hortencia Ruiz Ruiz","Docente","SIN INFORMACION","Contratados Sin Planta","Profesionales de La Educación Ley N°19.070","2018-03-07 00:00:00.0","2019-02-28 00:00:00.0"
"Los Alamos","Contrata","Educación","Contrata","Ana Maria Beltran Salgado","Docente","SIN INFORMACION","Contratados Sin Planta","Profesionales de La Educación Ley N°19.070","2018-03-01 00:00:00.0","2019-02-28 00:00:00.0"
"Los Alamos","Contrata","Educación","Contrata","Rodemir Ariel  Herrera Guzman","Vigilante","SIN INFORMACION","Contratados Sin Planta","Asistentes de La Educación Ley N°19.464","2019-03-01 00:00:00.0","2020-02-29 00:00:00.0"
"Los Alamos","Contrata","Educación","Contrata","Victoria Magaly Jara Carrasco","Docente","SIN INFORMACION","Contratados Sin Planta","Profesionales de La Educación Ley N°19.070","2018-03-01 00:00:00.0","2019-02-28 00:00:00.0"
"Los Alamos","Contrata","Educación","Contrata","Katherine Isabel Vasquez Gonzalez","Docente","SIN INFORMACION","Contratados Sin Planta","Profesionales de La Educación Ley N°19.070","2018-03-01 00:00:00.0","2019-02-28 00:00:00.0"
"Los Alamos","Contrata","Educación","Contrata","Ingrid Lorena Troncoso  Sanhueza","Docente","SIN INFORMACION","Contratados Sin Planta","Profesionales de La Educación Ley N°19.070","2018-03-01 00:00:00.0","2019-02-28 00:00:00.0"
"Los Alamos","Contrata","Educación","Contrata","Sheys-lee Karines Saez Meza","Docente","SIN INFORMACION","Contratados Sin Planta","Profesionales de La Educación Ley N°19.070","2018-03-01 00:00:00.0","2019-02-28 00:00:00.0"
"Los Alamos","Contrata","Educación","Contrata","Marioli Maribel Alarcon Jerez","Docente","SIN INFORMACION","Contratados Sin Planta","Profesionales de La Educación Ley N°19.070","2018-03-01 00:00:00.0","2019-02-28 00:00:00.0"
"Los Alamos","Contrata","Educación","Contrata","Ana Maria Burgos Lopez","Docente","SIN INFORMACION","Contratados Sin Planta","Profesionales de La Educación Ley N°19.070","2018-03-01 00:00:00.0","2019-02-28 00:00:00.0"
"Los Alamos","Contrata","Educación","Contrata","Ariela Loreto Ormeño Arevalo","Docente"," ","Contratados Sin Planta","Escala Profesionales de La Educación Llay 19.070)","2014-04-07 00:00:00.0","1900-01-01 00:00:00.0"
"Los Alamos","Contrata","Educación","Contrata","Maritza Yohanna  Aguayo  Salgado","Asistente de La Educación","SIN INFORMACION","Contratados Sin Planta","Asistentes de La Educación Ley N°19.464","2018-03-01 00:00:00.0","2019-02-28 00:00:00.0"
"Los Alamos","Contrata","Educación","Contrata","Viviana del Carmen Araneda  Carrillo","Docente","SIN INFORMACION","Contratados Sin Planta","Profesionales de La Educación Ley N°19.070","2018-03-01 00:00:00.0","2019-02-28 00:00:00.0"
"Los Alamos","Contrata","Educación","Contrata","Isidora del Carmen Riquelme Reyes","Docente","SIN INFORMACION","Contratados Sin Planta","Profesionales de La Educación Ley N°19.070","2018-03-01 00:00:00.0","2019-02-28 00:00:00.0"
"Los Alamos","Contrata","Educación","Contrata","Francisco Fabian Nahuelpan Nain","Vigilante","SIN INFORMACION","Contratados Sin Planta","Asistentes de La Educación Ley N°19.464","2019-07-17 00:00:00.0","2019-07-27 00:00:00.0"
"Los Alamos","Contrata","Educación","Contrata","Analia del Carmen Antileo Sanhueza","Asistente Parvularia","SIN INFORMACION","Contratados Sin Planta","Asistentes de La Educación Ley N°19.464","2018-03-01 00:00:00.0","2019-02-28 00:00:00.0"
"Los Alamos","Contrata","Educación","Contrata","Susana del Carmen Zambrano Ghinelli","Docente","SIN INFORMACION","Contratados Sin Planta","Profesionales de La Educación Ley N°19.070","2018-03-01 00:00:00.0","2019-02-28 00:00:00.0"
"Los Alamos","Contrata","Educación","Contrata","Fabiola Alejandra Carrera Gonzalez","Docente","SIN INFORMACION","Contratados Sin Planta","Profesionales de La Educación Ley N°19.070","2018-03-01 00:00:00.0","2019-02-28 00:00:00.0"
"Los Alamos","Contrata","Educación","Contrata","Johanna Eliselotte Cabrera Arias","Docente","SIN INFORMACION","Contratados Sin Planta","Profesionales de La Educación Ley N°19.070","2018-03-01 00:00:00.0","2019-02-28 00:00:00.0"
"Los Alamos","Contrata","Educación","Contrata","Mabel Angeline Quiroz Bascur","Asistente","SIN INFORMACION","Contratados Sin Planta","Asistentes de La Educación Ley N°19.464","2018-04-19 00:00:00.0","2019-02-28 00:00:00.0"
"Los Alamos","Contrata","Educación","Contrata","Myriam Alejandra Faundez Cuevas","Docente","SIN INFORMACION","Contratados Sin Planta","Profesionales de La Educación Ley N°19.070","2019-08-09 00:00:00.0","2019-09-05 00:00:00.0"
"Los Alamos","Contrata","Educación","Contrata","Claudia  Sepulveda  Aguilera","Docente","SIN INFORMACION","Contratados Sin Planta","Profesionales de La Educación Ley N°19.070","2019-03-11 00:00:00.0","2020-02-29 00:00:00.0"
"Los Alamos","Contrata","Educación","Contrata","Licza Marilin Arias Acuña","Docente","SIN INFORMACION","Contratados Sin Planta","Profesionales de La Educación Ley N°19.070","2018-03-01 00:00:00.0","2019-02-28 00:00:00.0"
"Los Alamos","Contrata","Educación","Contrata","Ruth Elizabeth Acu¿a Carrillo","Asistente","SIN INFORMACION","Contratados Sin Planta","Asistentes de La Educación Ley N°19.464","2019-09-25 00:00:00.0","2019-12-31 00:00:00.0"
"Los Alamos","Contrata","Educación","Contrata","Cristian Eduardo Martinez Citernas","Conductor","SIN INFORMACION","Contratados Sin Planta","Asistentes de La Educación Ley N°19.464","2019-03-13 00:00:00.0","2020-02-29 00:00:00.0"
"Los Alamos","Contrata","Educación","Contrata","Gloria Jeannette Cheuquelen Venegas","Asistente de La Educación","SIN INFORMACION","Contratados Sin Planta","Afectos Al Código del Trabajo","2018-05-01 00:00:00.0","2019-02-28 00:00:00.0"
"Los Alamos","Contrata","Educación","Contrata","Elizabeth Georgina ¿anculef Marin","Docente","SIN INFORMACION","Contratados Sin Planta","Profesionales de La Educación Ley N°19.070","2018-03-01 00:00:00.0","2019-02-28 00:00:00.0"
"Los Alamos","Contrata","Educación","Contrata","Lorena Soledad Asencio Soto","Docente","SIN INFORMACION","Contratados Sin Planta","Profesionales de La Educación Ley N°19.070","2018-03-01 00:00:00.0","2019-02-28 00:00:00.0"
"Los Alamos","Contrata","Educación","Contrata","Victor Raul Ruiz Concha","Docente","SIN INFORMACION","Contratados Sin Planta","Profesionales de La Educación Ley N°19.070","2018-03-01 00:00:00.0","2019-02-28 00:00:00.0"
"Los Alamos","Contrata","Educación","Contrata","Lidia del Carmen Garrido Hernandez","Asistente","SIN INFORMACION","Contratados Sin Planta","Asistentes de La Educación Ley N°19.464","2019-08-05 00:00:00.0","2019-12-31 00:00:00.0"
"Los Alamos","Contrata","Educación","Contrata","Marta Andrea  Varela  Ruiz","Docente"," ","Docente","Escala Profesionales de La Educación Llay 19.070)","2014-04-14 00:00:00.0","1900-01-01 00:00:00.0"
"Los Alamos","Contrata","Educación","Contrata","Valentin Eugenio Solis  Epu¿an","Docente","SIN INFORMACION","Contratados Sin Planta","Profesionales de La Educación Ley N°19.070","2019-04-08 00:00:00.0","2020-02-29 00:00:00.0"
"Los Alamos","Contrata","Educación","Contrata","Pamela Elizabeth Fernandez Neira","Docente","SIN INFORMACION","Contratados Sin Planta","Profesionales de La Educación Ley N°19.070","2018-03-01 00:00:00.0","2019-02-28 00:00:00.0"
"Los Alamos","Contrata","Educación","Contrata","Carolina Marissel  Guzman  Riffo","Asistente Parvularia","SIN INFORMACION","Contratados Sin Planta","Afectos Al Código del Trabajo","2019-01-01 00:00:00.0","2019-12-31 00:00:00.0"
"Los Alamos","Contrata","Educación","Contrata","Jose Ramon Fuentes Provoste","Docente"," ","Contratados Sin Planta","Escala Profesionales de La Educación Llay 19.070)","2014-03-25 00:00:00.0","1900-01-01 00:00:00.0"
"Los Alamos","Contrata","Educación","Contrata","Elizabeth Ang¿lica Pe¿a Garc¿a","Docente","SIN INFORMACION","Contratados Sin Planta","Profesionales de La Educación Ley N°19.070","2018-03-01 00:00:00.0","2019-02-28 00:00:00.0"
"Los Alamos","Contrata","Educación","Contrata","Patricia Macarena Placencia Mendoza","Docente","SIN INFORMACION","Contratados Sin Planta","Profesionales de La Educación Ley N°19.070","2019-03-01 00:00:00.0","2020-02-29 00:00:00.0"
"Los Alamos","Contrata","Educación","Contrata","Rosa Hilda  Guzman Concha","Docente","SIN INFORMACION","Contratados Sin Planta","Profesionales de La Educación Ley N°19.070","2019-04-04 00:00:00.0","2020-02-29 00:00:00.0"
"Los Alamos","Contrata","Educación","Contrata","Olga Ximena  Saavedra Saavedra","Docente"," ","Contratados Sin Planta","Escala Profesionales de La Educación Llay 19.070)","2014-03-31 00:00:00.0","1900-01-01 00:00:00.0"
"Los Alamos","Contrata","Educación","Contrata","Carolina  Lorety Valdivia Jerez","Docente","SIN INFORMACION","Contratados Sin Planta","Profesionales de La Educación Ley N°19.070","2018-03-01 00:00:00.0","2019-02-28 00:00:00.0"
"Los Alamos","Contrata","Educación","Contrata","Antonieta Soledad Pedreros Carvallo","Docente","SIN INFORMACION","Contratados Sin Planta","Profesionales de La Educación Ley N°19.070","2018-03-26 00:00:00.0","2019-02-28 00:00:00.0"
"Los Alamos","Contrata","Educación","Contrata","Tamara Leticia  Aravena Hermosilla","Docente","SIN INFORMACION","Contratados Sin Planta","Profesionales de La Educación Ley N°19.070","2018-03-01 00:00:00.0","2019-02-28 00:00:00.0"
"Los Alamos","Contrata","Educación","Contrata","Aaron Anselmo Marin Aguayo","Maestro","SIN INFORMACION","Contratados Sin Planta","Afectos Al Código del Trabajo","2019-01-02 00:00:00.0","2019-12-31 00:00:00.0"
"Los Alamos","Contrata","Educación","Contrata","Daniela Vanessa Esperguel Silva","Docente","SIN INFORMACION","Contratados Sin Planta","Profesionales de La Educación Ley N°19.070","2018-12-11 00:00:00.0","2019-02-28 00:00:00.0"
"Los Alamos","Contrata","Educación","Contrata","David Alonso Velasquez Villagra","Docente","SIN INFORMACION","Contratados Sin Planta","Profesionales de La Educación Ley N°19.070","2019-09-09 00:00:00.0","2019-09-13 00:00:00.0"
"Los Alamos","Contrata","Educación","Contrata","Maria Cristina Guzman Sura","Docente","SIN INFORMACION","Contratados Sin Planta","Profesionales de La Educación Ley N°19.070","2018-03-01 00:00:00.0","2019-02-28 00:00:00.0"
"Los Alamos","Contrata","Educación","Contrata","Nancy Noemi Lopez Peña","Docente","SIN INFORMACION","Contratados Sin Planta","Profesionales de La Educación Ley N°19.070","2018-03-01 00:00:00.0","2019-02-28 00:00:00.0"
"Los Alamos","Contrata","Educación","Contrata","Loida Noemi Montes Huecha","Docente","SIN INFORMACION","Contratados Sin Planta","Profesionales de La Educación Ley N°19.070","2019-03-01 00:00:00.0","2020-02-29 00:00:00.0"
"Los Alamos","Contrata","Educación","Contrata","Viviana Elizabeth Riquelme Guzman","Asistente Parvularia","SIN INFORMACION","Contratados Sin Planta","Asistentes de La Educación Ley N°19.464","2018-03-05 00:00:00.0","2019-02-28 00:00:00.0"
"Los Alamos","Contrata","Educación","Contrata","Marcia Francesca Gonzalez Colivoro","Docente","SIN INFORMACION","Contratados Sin Planta","Profesionales de La Educación Ley N°19.070","2018-03-01 00:00:00.0","2019-02-28 00:00:00.0"
"Los Alamos","Contrata","Educación","Contrata","Liliana Dariolett Parra Medina","Docente","SIN INFORMACION","Contratados Sin Planta","Profesionales de La Educación Ley N°19.070","2019-10-07 00:00:00.0","2019-10-18 00:00:00.0"
"Los Alamos","Contrata","Educación","Contrata","Andres Alejandro Garces  Carcamo","Docente","SIN INFORMACION","Contratados Sin Planta","Profesionales de La Educación Ley N°19.070","2018-03-01 00:00:00.0","2019-02-28 00:00:00.0"
"Los Alamos","Contrata","Educación","Contrata","Yessica Eresmita Valenzuela  Valenzuela","Docente","SIN INFORMACION","Contratados Sin Planta","Profesionales de La Educación Ley N°19.070","2018-03-01 00:00:00.0","2019-02-28 00:00:00.0"
"Los Alamos","Contrata","Educación","Contrata","Iris Margarita  Cruces Neira","Docente","SIN INFORMACION","Contratados Sin Planta","Profesionales de La Educación Ley N°19.070","2018-03-01 00:00:00.0","2019-02-28 00:00:00.0"
"Los Alamos","Contrata","Educación","Contrata","Mariana Ivonne Fernandez Gallardo","Docente","SIN INFORMACION","Contratados Sin Planta","Profesionales de La Educación Ley N°19.070","2018-03-01 00:00:00.0","2019-02-28 00:00:00.0"
"Los Alamos","Contrata","Educación","Contrata","Claudia Andrea Zuñiga Garrido","Docente","SIN INFORMACION","Contratados Sin Planta","Profesionales de La Educación Ley N°19.070","2018-03-01 00:00:00.0","2019-02-28 00:00:00.0"
"Los Alamos","Contrata","Educación","Contrata","Ximena Maribel Huenchuñir Tripailao","Educadora","SIN INFORMACION","Contratados Sin Planta","Asistentes de La Educación Ley N°19.464","2019-03-04 00:00:00.0","2020-02-29 00:00:00.0"
"Los Alamos","Contrata","Educación","Contrata","Victor Remigio Mansilla Quilodran","Inspector General","SIN INFORMACION","Contratados Sin Planta","Profesionales de La Educación Ley N°19.070","2018-03-01 00:00:00.0","2019-02-28 00:00:00.0"
"Los Alamos","Contrata","Educación","Contrata","Maria Angelica Muñoz Nain","Docente","SIN INFORMACION","Contratados Sin Planta","Profesionales de La Educación Ley N°19.070","2018-03-01 00:00:00.0","2019-02-28 00:00:00.0"
"Los Alamos","Contrata","Educación","Contrata","Monica Ibeth Chaparro Valencia","Docente","SIN INFORMACION","Contratados Sin Planta","Profesionales de La Educación Ley N°19.070","2018-03-21 00:00:00.0","2019-02-28 00:00:00.0"
"Los Alamos","Contrata","Educación","Contrata","Jeannette Adriana Perez Gonzalez","Auxiliar","SIN INFORMACION","Contratados Sin Planta","Afectos Al Código del Trabajo","2019-01-01 00:00:00.0","2019-12-31 00:00:00.0"
"Los Alamos","Contrata","Educación","Contrata","Martina Dols","Monitor","SIN INFORMACION","Contratados Sin Planta","Asistentes de La Educación Ley N°19.464","2018-03-01 00:00:00.0","2019-02-28 00:00:00.0"
"Los Alamos","Contrata","Educación","Contrata","Iris del Carmen Cuevas Diaz","Docente","SIN INFORMACION","Contratados Sin Planta","Profesionales de La Educación Ley N°19.070","2019-04-23 00:00:00.0","2020-02-29 00:00:00.0"
"Los Alamos","Contrata","Educación","Contrata","Susana Alejandra Gonzalez Gonzalez","Docente","SIN INFORMACION","Contratados Sin Planta","Profesionales de La Educación Ley N°19.070","2018-03-01 00:00:00.0","2019-02-28 00:00:00.0"
"Los Alamos","Contrata","Educación","Contrata","Mary Paula Daniela Leal Gutierrez","Docente","SIN INFORMACION","Contratados Sin Planta","Profesionales de La Educación Ley N°19.070","2018-11-03 00:00:00.0","2019-02-28 00:00:00.0"
"Los Alamos","Contrata","Educación","Contrata","Andrea Irene Villagran Riquelme","Docente","SIN INFORMACION","Contratados Sin Planta","Profesionales de La Educación Ley N°19.070","2018-03-01 00:00:00.0","2019-02-28 00:00:00.0"
"Los Alamos","Contrata","Educación","Contrata","Evelyn Marlene Delgado Sanchez","Docente","SIN INFORMACION","Contratados Sin Planta","Profesionales de La Educación Ley N°19.070","2018-03-05 00:00:00.0","2019-02-28 00:00:00.0"
"Los Alamos","Contrata","Educación","Contrata","Pablo  Andres  Leal Pereira","Docente","SIN INFORMACION","Contratados Sin Planta","Profesionales de La Educación Ley N°19.070","2019-01-01 00:00:00.0","2019-01-15 00:00:00.0"
"Los Alamos","Contrata","Educación","Contrata","Pablo Cesar Alarcon  Arratia","Docente","SIN INFORMACION","Contratados Sin Planta","Profesionales de La Educación Ley N°19.070","2018-03-01 00:00:00.0","2019-02-28 00:00:00.0"
"Los Alamos","Contrata","Educación","Contrata","Javiera Ester  Carrera  Pe¿a","Administrativo","SIN INFORMACION","Contratados Sin Planta","Asistentes de La Educación Ley N°19.464","2018-06-20 00:00:00.0","2019-02-28 00:00:00.0"
"Los Alamos","Contrata","Educación","Contrata","Carolina Andrea  Matus Benites","Docente","SIN INFORMACION","Contratados Sin Planta","Profesionales de La Educación Ley N°19.070","2018-03-01 00:00:00.0","2019-02-28 00:00:00.0"
"Los Alamos","Contrata","Educación","Contrata","Daniel Isaac Hormazabal Mellado","Docente","SIN INFORMACION","Contratados Sin Planta","Profesionales de La Educación Ley N°19.070","2018-03-01 00:00:00.0","2019-02-28 00:00:00.0"
"Los Alamos","Contrata","Educación","Contrata","Roxana del Carmen Vega  Garc¿s","Asistente","SIN INFORMACION","Contratados Sin Planta","Asistentes de La Educación Ley N°19.464","2019-03-05 00:00:00.0","2020-02-29 00:00:00.0"
"Los Alamos","Contrata","Educación","Contrata","Elvis Alexis Alvarado Bustos","Vigilante","SIN INFORMACION","Contratados Sin Planta","Asistentes de La Educación Ley N°19.464","2019-02-13 00:00:00.0","2019-03-08 00:00:00.0"
"Los Alamos","Contrata","Educación","Contrata","Abigail Elizabeth Fernandez Flores","Asistente","SIN INFORMACION","Contratados Sin Planta","Asistentes de La Educación Ley N°19.464","2019-08-26 00:00:00.0","2019-12-31 00:00:00.0"
"Los Alamos","Contrata","Educación","Contrata","Angelica  Medina  Pinto","Docente","SIN INFORMACION","Contratados Sin Planta","Profesionales de La Educación Ley N°19.070","2018-03-01 00:00:00.0","2019-02-28 00:00:00.0"
"Los Alamos","Contrata","Educación","Contrata","Rodrigo  Jose  Luis Salazar Gonzalez","Docente","SIN INFORMACION","Contratados Sin Planta","Profesionales de La Educación Ley N°19.070","2018-03-01 00:00:00.0","2019-02-28 00:00:00.0"
"Los Alamos","Contrata","Educación","Contrata","Carolina Andrea Montalva  Fernandez","Docente","SIN INFORMACION","Contratados Sin Planta","Profesionales de La Educación Ley N°19.070","2019-05-08 00:00:00.0","2020-02-29 00:00:00.0"
"Los Alamos","Contrata","Educación","Contrata","Kattiry Dominique Ramirez Lizama","Docente","SIN INFORMACION","Contratados Sin Planta","Profesionales de La Educación Ley N°19.070","2018-03-01 00:00:00.0","2019-02-28 00:00:00.0"
"Los Alamos","Contrata","Educación","Contrata","Johanna Vsaleska Parra Cabrera","Docente","SIN INFORMACION","Contratados Sin Planta","Profesionales de La Educación Ley N°19.070","2018-12-08 00:00:00.0","2019-02-28 00:00:00.0"
"Los Alamos","Contrata","Educación","Contrata","Angela Lorena Mu¿oz Villegas","Asistente","SIN INFORMACION","Contratados Sin Planta","Asistentes de La Educación Ley N°19.464","2019-04-03 00:00:00.0","2019-05-31 00:00:00.0"
"Los Alamos","Contrata","Educación","Contrata","Carolina Scarlett Farias Castillo","Docente","SIN INFORMACION","Contratados Sin Planta","Profesionales de La Educación Ley N°19.070","2018-03-01 00:00:00.0","2019-02-28 00:00:00.0"
"Los Alamos","Contrata","Educación","Contrata","Ana Maria Cruces  Fernandez","Asistente","SIN INFORMACION","Contratados Sin Planta","Afectos Al Código del Trabajo","2019-06-03 00:00:00.0","2020-05-31 00:00:00.0"
"Los Alamos","Contrata","Educación","Contrata","Claudio Edgardo Iturrieta Medina","Docente","SIN INFORMACION","Contratados Sin Planta","Profesionales de La Educación Ley N°19.070","2018-03-01 00:00:00.0","2019-02-28 00:00:00.0"
"Los Alamos","Contrata","Educación","Contrata","Manuel Alejandro Mart¿nez Aravena","Docente","SIN INFORMACION","Contratados Sin Planta","Profesionales de La Educación Ley N°19.070","2018-05-01 00:00:00.0","2019-02-28 00:00:00.0"
"Los Alamos","Contrata","Educación","Contrata","Daniela Maribel Cisterna Jara","Docente","SIN INFORMACION","Contratados Sin Planta","Profesionales de La Educación Ley N°19.070","2019-03-01 00:00:00.0","2020-02-29 00:00:00.0"
"Los Alamos","Contrata","Educación","Contrata","Edgardo Andres Mella Ortuya","Docente","SIN INFORMACION","Contratados Sin Planta","Profesionales de La Educación Ley N°19.070","2019-03-01 00:00:00.0","2020-02-29 00:00:00.0"
"Los Alamos","Contrata","Educación","Contrata","Ruth Cesia  Salazar  Veloso","Docente","SIN INFORMACION","Contratados Sin Planta","Profesionales de La Educación Ley N°19.070","2019-03-04 00:00:00.0","2020-02-29 00:00:00.0"
"Los Alamos","Contrata","Educación","Contrata","Moises Agustin Garrido Espinoza","Docente","SIN INFORMACION","Contratados Sin Planta","Profesionales de La Educación Ley N°19.070","2018-03-01 00:00:00.0","2019-02-28 00:00:00.0"
"Los Alamos","Contrata","Educación","Contrata","Jorge Homero Delgado Mariqueo","Docente","SIN INFORMACION","Contratados Sin Planta","Profesionales de La Educación Ley N°19.070","2018-03-01 00:00:00.0","2019-02-28 00:00:00.0"
"Los Alamos","Contrata","Educación","Contrata","Yessica Alejandra Villegas Levin","Asistente de La Educación","SIN INFORMACION","Contratados Sin Planta","Asistentes de La Educación Ley N°19.464","2018-03-01 00:00:00.0","2019-02-28 00:00:00.0"
"Los Alamos","Contrata","Educación","Contrata","Bernardina Yenifer Valencia Martinez","Docente"," ","Contratados Sin Planta","Escala Profesionales de La Educación Llay 19.070)","2014-03-12 00:00:00.0","1900-01-01 00:00:00.0"
"Los Alamos","Contrata","Educación","Contrata","Brenda del Carmen Saez  Lepe","Docente","SIN INFORMACION","Contratados Sin Planta","Profesionales de La Educación Ley N°19.070","2019-09-03 00:00:00.0","2019-09-09 00:00:00.0"
"Los Alamos","Contrata","Educación","Contrata","Katia  Johana Vera Saavedra","Administrativo","SIN INFORMACION","Contratados Sin Planta","Afectos Al Código del Trabajo","2019-01-01 00:00:00.0","2019-12-31 00:00:00.0"
"Los Alamos","Contrata","Educación","Contrata","Susana Solange  Quilodran  Uribe","Docente","SIN INFORMACION","Contratados Sin Planta","Profesionales de La Educación Ley N°19.070","2019-03-01 00:00:00.0","2020-02-29 00:00:00.0"
"Los Alamos","Contrata","Educación","Contrata","Gabriel Felipe Valenzuela Herrera","Docente","SIN INFORMACION","Contratados Sin Planta","Profesionales de La Educación Ley N°19.070","2019-04-24 00:00:00.0","2019-05-03 00:00:00.0"
"Los Alamos","Contrata","Educación","Contrata","Maria Quiteria Iba¿ez Jerez","Docente","SIN INFORMACION","Contratados Sin Planta","Profesionales de La Educación Ley N°19.070","2019-05-15 00:00:00.0","2019-06-13 00:00:00.0"
"Los Alamos","Contrata","Educación","Contrata","Daisy Estrella Mendez Lazo","Docente","SIN INFORMACION","Contratados Sin Planta","Profesionales de La Educación Ley N°19.070","2018-03-01 00:00:00.0","2019-02-28 00:00:00.0"
"Los Alamos","Contrata","Educación","Contrata","Margarita Graciela Muñoz Castillo","Docente","SIN INFORMACION","Contratados Sin Planta","Profesionales de La Educación Ley N°19.070","2018-03-01 00:00:00.0","2019-02-28 00:00:00.0"
"Los Alamos","Contrata","Educación","Contrata","Maria Margarita Mendoza Silva","Docente"," ","Contratados Sin Planta","Escala Profesionales de La Educación Llay 19.070)","2014-03-01 00:00:00.0","1900-01-01 00:00:00.0"
"Los Alamos","Contrata","Educación","Contrata","Cristopher Alany Sanhueza Yáñez","Docente","SIN INFORMACION","Contratados Sin Planta","Profesionales de La Educación Ley N°19.070","2018-03-01 00:00:00.0","2019-02-28 00:00:00.0"
"Los Alamos","Contrata","Educación","Contrata","Paula Soledad Gonzalez Toloza","Docente","SIN INFORMACION","Contratados Sin Planta","Profesionales de La Educación Ley N°19.070","2018-03-01 00:00:00.0","2019-02-28 00:00:00.0"
"Los Alamos","Contrata","Educación","Contrata","Juan Luis Ñahuelen  Gómez","Docente","SIN INFORMACION","Contratados Sin Planta","Profesionales de La Educación Ley N°19.070","2019-03-01 00:00:00.0","2020-02-29 00:00:00.0"
"Los Alamos","Contrata","Educación","Contrata","Pablo Esteban Vera  Valenzuela","Docente","SIN INFORMACION","Contratados Sin Planta","Profesionales de La Educación Ley N°19.070","2018-03-05 00:00:00.0","2019-02-28 00:00:00.0"
"Los Alamos","Contrata","Educación","Contrata","Daniel Andres Pinto Campos","Docente","SIN INFORMACION","Contratados Sin Planta","Profesionales de La Educación Ley N°19.070","2018-03-01 00:00:00.0","2019-02-28 00:00:00.0"
"Los Alamos","Contrata","Educación","Contrata","Luis Miguel Luengo Ortega","Docente","SIN INFORMACION","Contratados Sin Planta","Profesionales de La Educación Ley N°19.070","2018-03-01 00:00:00.0","2019-02-28 00:00:00.0"
"Los Alamos","Contrata","Educación","Contrata","Elvia Katerine  Martinez Neira","Docente","SIN INFORMACION","Contratados Sin Planta","Profesionales de La Educación Ley N°19.070","2019-08-07 00:00:00.0","2019-08-13 00:00:00.0"
"Los Alamos","Contrata","Educación","Contrata","David Jonathan  Arellano Bahamondez","Docente"," ","Contratados Sin Planta","Escala Única de Sueldos","2014-04-10 00:00:00.0","1900-01-01 00:00:00.0"
"Los Alamos","Contrata","Educación","Contrata","Miriam del Carmen Leal Cruzat","Docente","SIN INFORMACION","Contratados Sin Planta","Profesionales de La Educación Ley N°19.070","2018-03-01 00:00:00.0","2019-02-28 00:00:00.0"
"Los Alamos","Contrata","Educación","Contrata","Elisa Monserrat Pardo Miranda","Docente","SIN INFORMACION","Contratados Sin Planta","Profesionales de La Educación Ley N°19.070","2018-03-01 00:00:00.0","2019-02-28 00:00:00.0"
"Los Alamos","Contrata","Educación","Contrata","Danny Patricio Vira Maldonado","Docente","SIN INFORMACION","Contratados Sin Planta","Profesionales de La Educación Ley N°19.070","2019-06-03 00:00:00.0","2019-07-15 00:00:00.0"
"Los Alamos","Contrata","Educación","Contrata","Katherin Tamara Riffo Berna","Docente","SIN INFORMACION","Contratados Sin Planta","Profesionales de La Educación Ley N°19.070","2018-03-01 00:00:00.0","2019-02-28 00:00:00.0"
"Los Alamos","Contrata","Educación","Contrata","Cristina Isalbel Vasquez Fuentes","Docente","SIN INFORMACION","Contratados Sin Planta","Profesionales de La Educación Ley N°19.070","2018-03-01 00:00:00.0","2019-02-28 00:00:00.0"
"Los Alamos","Contrata","Educación","Contrata","Mariely Carolina Hernandez Larenas","Docente","SIN INFORMACION","Contratados Sin Planta","Profesionales de La Educación Ley N°19.070","2019-03-01 00:00:00.0","2020-02-29 00:00:00.0"
"Los Alamos","Contrata","Educación","Contrata","Gladys Andrea Aguayo Correa","Docente","SIN INFORMACION","Contratados Sin Planta","Profesionales de La Educación Ley N°19.070","2018-03-05 00:00:00.0","2019-02-28 00:00:00.0"
"Los Alamos","Contrata","Educación","Contrata","Evelyn Andrea Araneda Avilez","Arquitecto","SIN INFORMACION","Contratados Sin Planta","Asistentes de La Educación Ley N°19.464","2019-10-23 00:00:00.0","2019-12-31 00:00:00.0"
"Los Alamos","Contrata","Educación","Contrata","Pamela Fresia Villa Ortega","Ingeniero","SIN INFORMACION","Contratados Sin Planta","Afectos Al Código del Trabajo","2019-04-15 00:00:00.0","2019-10-15 00:00:00.0"
"Los Alamos","Contrata","Educación","Contrata","Luis Enrique Retamal Reyes","Docente","SIN INFORMACION","Contratados Sin Planta","Profesionales de La Educación Ley N°19.070","2018-04-02 00:00:00.0","2019-02-28 00:00:00.0"
"Los Alamos","Contrata","Educación","Contrata","Úrsula Lidia Belén Páez Larregla","Docente","SIN INFORMACION","Contratados Sin Planta","Profesionales de La Educación Ley N°19.070","2018-03-01 00:00:00.0","2019-02-28 00:00:00.0"
"Los Alamos","Contrata","Educación","Contrata","Karin Priscilla  Friz  Zuñiga","Fonoaudiologo","SIN INFORMACION","Contratados Sin Planta","Asistentes de La Educación Ley N°19.464","2018-03-16 00:00:00.0","2019-02-28 00:00:00.0"
"Los Alamos","Contrata","Educación","Contrata","Cristian Javier Jimenez  Balvoa","Docente","SIN INFORMACION","Contratados Sin Planta","Profesionales de La Educación Ley N°19.070","2018-03-01 00:00:00.0","2019-02-28 00:00:00.0"
"Los Alamos","Contrata","Educación","Contrata","Arturo Alejandro  Ortega Medina","Docente","SIN INFORMACION","Contratados Sin Planta","Profesionales de La Educación Ley N°19.070","2019-03-08 00:00:00.0","2020-02-29 00:00:00.0"
"Los Alamos","Contrata","Educación","Contrata","Syndy Sthefany  Llancaleo Cartes","Docente","SIN INFORMACION","Contratados Sin Planta","Profesionales de La Educación Ley N°19.070","2018-03-01 00:00:00.0","2019-02-28 00:00:00.0"
"Los Alamos","Contrata","Educación","Contrata","Lady Diana Nu¿ez Velasquez","Docente","SIN INFORMACION","Contratados Sin Planta","Profesionales de La Educación Ley N°19.070","2018-12-01 00:00:00.0","2019-02-28 00:00:00.0"
"Los Alamos","Contrata","Educación","Contrata","Susana del Pilar Hermosilla Cabeza","Docente","SIN INFORMACION","Contratados Sin Planta","Profesionales de La Educación Ley N°19.070","2018-03-01 00:00:00.0","2019-02-28 00:00:00.0"
"Los Alamos","Contrata","Educación","Contrata","Angelo Fabrizzio  Quezada  Fuentealba","Docente","SIN INFORMACION","Contratados Sin Planta","Profesionales de La Educación Ley N°19.070","2019-05-13 00:00:00.0","2020-02-29 00:00:00.0"
"Los Alamos","Contrata","Educación","Contrata","Miguel Angel Depaoli Jerez","Docente","SIN INFORMACION","Contratados Sin Planta","Profesionales de La Educación Ley N°19.070","2019-05-23 00:00:00.0","2019-06-12 00:00:00.0"
"Los Alamos","Contrata","Educación","Contrata","Viviana  Yevilao ¿anco","Docente"," ","Contratados Sin Planta","Escala Profesionales de La Educación Llay 19.070)","2014-04-08 00:00:00.0","1900-01-01 00:00:00.0"
"Los Alamos","Contrata","Educación","Contrata","Walter Felipe Mella  Gomez","Psicólogo","SIN INFORMACION","Contratados Sin Planta","Asistentes de La Educación Ley N°19.464","2018-03-08 00:00:00.0","2019-02-28 00:00:00.0"
"Los Alamos","Contrata","Educación","Contrata","Camila del Pilar Marin Aguayo","Asistente","SIN INFORMACION","Contratados Sin Planta","Asistentes de La Educación Ley N°19.464","2018-03-01 00:00:00.0","2019-02-28 00:00:00.0"
"Los Alamos","Contrata","Educación","Contrata","Cynthia Tamara Nataly Gallegos Moyano","Docente","SIN INFORMACION","Contratados Sin Planta","Profesionales de La Educación Ley N°19.070","2018-03-01 00:00:00.0","2019-02-28 00:00:00.0"
"Los Alamos","Contrata","Educación","Contrata","Cyntia Ximena Molina  Molina","Asistente Social","SIN INFORMACION","Contratados Sin Planta","Asistentes de La Educación Ley N°19.464","2018-03-05 00:00:00.0","2019-02-28 00:00:00.0"
"Los Alamos","Contrata","Educación","Contrata","Daniela Scarlette Rivera Pinto","Docente","SIN INFORMACION","Contratados Sin Planta","Profesionales de La Educación Ley N°19.070","2018-03-01 00:00:00.0","2019-02-28 00:00:00.0"
"Los Alamos","Contrata","Educación","Contrata","Helen Lissette Opazo Navarro","Docente","SIN INFORMACION","Contratados Sin Planta","Profesionales de La Educación Ley N°19.070","2018-04-02 00:00:00.0","2019-02-28 00:00:00.0"
"Los Alamos","Contrata","Educación","Contrata","Nancy Angelica Neira Maril","Técnico En Párvulos","SIN INFORMACION","Contratados Sin Planta","Afectos Al Código del Trabajo","2018-06-13 00:00:00.0","2019-02-28 00:00:00.0"
"Los Alamos","Contrata","Educación","Contrata","Felipe Alexis Nain Nain","Docente","SIN INFORMACION","Contratados Sin Planta","Profesionales de La Educación Ley N°19.070","2018-03-01 00:00:00.0","2019-02-28 00:00:00.0"
"Los Alamos","Contrata","Educación","Contrata","Cecilia Margarita Muñoz Hernandez","Docente","SIN INFORMACION","Contratados Sin Planta","Profesionales de La Educación Ley N°19.070","2019-03-01 00:00:00.0","2020-02-29 00:00:00.0"
"Los Alamos","Contrata","Educación","Contrata","Hans Williams Luengo Silva","Psicólogo","SIN INFORMACION","Contratados Sin Planta","Asistentes de La Educación Ley N°19.464","2018-03-01 00:00:00.0","2019-02-28 00:00:00.0"
"Los Alamos","Contrata","Educación","Contrata","Luis Rolando Salazar  Flores","Docente","SIN INFORMACION","Contratados Sin Planta","Profesionales de La Educación Ley N°19.070","2019-03-05 00:00:00.0","2020-02-29 00:00:00.0"
"Los Alamos","Contrata","Educación","Contrata","Andres Patricio Mardones Mardones","Docente","SIN INFORMACION","Contratados Sin Planta","Profesionales de La Educación Ley N°19.070","2019-08-16 00:00:00.0","2019-12-31 00:00:00.0"
"Los Alamos","Contrata","Educación","Contrata","Fernanda Andrea Mu¿oz Rivas","Asistente","SIN INFORMACION","Contratados Sin Planta","Asistentes de La Educación Ley N°19.464","2019-05-23 00:00:00.0","2020-02-29 00:00:00.0"
"Los Alamos","Contrata","Educación","Contrata","Marioli Nataly Ghinelli Burgos","Administrativo","SIN INFORMACION","Contratados Sin Planta","Asistentes de La Educación Ley N°19.464","2018-03-01 00:00:00.0","2019-02-28 00:00:00.0"
"Los Alamos","Contrata","Educación","Contrata","Maria Hilda Salgado Carril","Docente","SIN INFORMACION","Contratados Sin Planta","Profesionales de La Educación Ley N°19.070","2018-03-05 00:00:00.0","2019-02-28 00:00:00.0"
"Los Alamos","Contrata","Educación","Contrata","Yasna Priscila Bastias Peña","Docente","SIN INFORMACION","Contratados Sin Planta","Profesionales de La Educación Ley N°19.070","2018-03-01 00:00:00.0","2019-02-28 00:00:00.0"
"Los Alamos","Contrata","Educación","Contrata","Lesly Deyanira Moscoso Suazo","Docente","SIN INFORMACION","Contratados Sin Planta","Profesionales de La Educación Ley N°19.070","2018-03-01 00:00:00.0","2019-02-28 00:00:00.0"
"Los Alamos","Contrata","Educación","Contrata","Gerardo Martinez Panchilla","Docente","SIN INFORMACION","Contratados Sin Planta","Profesionales de La Educación Ley N°19.070","2018-03-01 00:00:00.0","2019-02-28 00:00:00.0"
"Los Alamos","Contrata","Educación","Contrata","Johana Carolina Andrea Toledo Toledo","Relator","SIN INFORMACION","Contratados Sin Planta","Asistentes de La Educación Ley N°19.464","2018-04-10 00:00:00.0","2019-02-28 00:00:00.0"
"Los Alamos","Contrata","Educación","Contrata","Vivinia Yaresla Márquez Navarrete","Docente","SIN INFORMACION","Contratados Sin Planta","Profesionales de La Educación Ley N°19.070","2018-12-30 00:00:00.0","2019-02-28 00:00:00.0"
"Los Alamos","Contrata","Educación","Contrata","Ester Villaseca Sanchez","Docente","SIN INFORMACION","Contratados Sin Planta","Profesionales de La Educación Ley N°19.070","2018-03-01 00:00:00.0","2019-02-28 00:00:00.0"
"Los Alamos","Contrata","Educación","Contrata","Marcela Lilian Vidal Hormazabal","Docente","SIN INFORMACION","Contratados Sin Planta","Profesionales de La Educación Ley N°19.070","2018-03-01 00:00:00.0","2019-02-28 00:00:00.0"
"Los Alamos","Contrata","Educación","Contrata","Missi Andrea Vidal Fierro","Docente","SIN INFORMACION","Contratados Sin Planta","Profesionales de La Educación Ley N°19.070","2018-03-01 00:00:00.0","2019-02-28 00:00:00.0"
"Los Alamos","Contrata","Educación","Contrata","Erickson Bastian Ya¿ez Aburto","Docente","SIN INFORMACION","Contratados Sin Planta","Profesionales de La Educación Ley N°19.070","2018-03-01 00:00:00.0","2019-02-28 00:00:00.0"
"Los Alamos","Contrata","Educación","Contrata","Jaime Antonio Cruz  Liencura","Docente","SIN INFORMACION","Contratados Sin Planta","Profesionales de La Educación Ley N°19.070","2018-03-05 00:00:00.0","2019-02-28 00:00:00.0"
"Los Alamos","Contrata","Educación","Contrata","Karen Viviana Zurita  Acevedo","Docente","SIN INFORMACION","Contratados Sin Planta","Profesionales de La Educación Ley N°19.070","2018-03-01 00:00:00.0","2019-02-28 00:00:00.0"
"Los Alamos","Contrata","Educación","Contrata","Maria Jose Vargas Santos","Docente","SIN INFORMACION","Contratados Sin Planta","Profesionales de La Educación Ley N°19.070","2018-03-01 00:00:00.0","2019-02-28 00:00:00.0"
"Los Alamos","Contrata","Educación","Contrata","¿lvaro Hern¿n Navarro  Herrera","Docente","SIN INFORMACION","Contratados Sin Planta","Profesionales de La Educación Ley N°19.070","2018-04-02 00:00:00.0","2019-02-28 00:00:00.0"
"Los Alamos","Contrata","Educación","Contrata","Rebeca Magdalena Adaro Zavala","Docente","SIN INFORMACION","Contratados Sin Planta","Profesionales de La Educación Ley N°19.070","2019-03-01 00:00:00.0","2020-02-29 00:00:00.0"
"Los Alamos","Contrata","Educación","Contrata","Daisy Zulema Rocha Carril","Auxiliar","SIN INFORMACION","Contratados Sin Planta","Afectos Al Código del Trabajo","2019-01-01 00:00:00.0","2019-12-31 00:00:00.0"
"Los Alamos","Contrata","Educación","Contrata","Veronica del Carmen Riquelme  Carrera","Docente","SIN INFORMACION","Contratados Sin Planta","Profesionales de La Educación Ley N°19.070","2018-03-01 00:00:00.0","2019-02-28 00:00:00.0"
"Los Alamos","Contrata","Educación","Contrata","Daniela Alexandra Carrillo Arias","Docente"," ","Contratados Sin Planta","Escala Profesionales de La Educación Llay 19.070)","2014-03-10 00:00:00.0","1900-01-01 00:00:00.0"
"Los Alamos","Contrata","Educación","Contrata","Giselle Elizabeth Suazo Peña","Docente","SIN INFORMACION","Contratados Sin Planta","Profesionales de La Educación Ley N°19.070","2018-03-21 00:00:00.0","2019-02-28 00:00:00.0"
"Los Alamos","Contrata","Educación","Contrata","Angela Karina Cruces Valenzuela","Docente","SIN INFORMACION","Contratados Sin Planta","Profesionales de La Educación Ley N°19.070","2018-03-01 00:00:00.0","2019-02-28 00:00:00.0"
"Los Alamos","Contrata","Educación","Contrata","Maryory Alejandra Garces Campos","Docente","SIN INFORMACION","Contratados Sin Planta","Profesionales de La Educación Ley N°19.070","2019-03-01 00:00:00.0","2020-02-29 00:00:00.0"
"Los Alamos","Contrata","Educación","Contrata","Norma Mariette Fernandez Gonzalez","Docente","SIN INFORMACION","Contratados Sin Planta","Profesionales de La Educación Ley N°19.070","2018-03-01 00:00:00.0","2019-02-28 00:00:00.0"
"Los Alamos","Contrata","Educación","Contrata","Tamara Constanza Sporman Curuchet","Docente","SIN INFORMACION","Contratados Sin Planta","Profesionales de La Educación Ley N°19.070","2019-03-01 00:00:00.0","2020-02-29 00:00:00.0"
"Los Alamos","Contrata","Educación","Contrata","Luis Ricardo Cabezas Conejeros","Docente","SIN INFORMACION","Contratados Sin Planta","Profesionales de La Educación Ley N°19.070","2018-03-01 00:00:00.0","2019-02-28 00:00:00.0"
"Los Alamos","Contrata","Educación","Contrata","Alvaro Andres Lazo Vargas","Docente","SIN INFORMACION","Contratados Sin Planta","Profesionales de La Educación Ley N°19.070","2019-03-01 00:00:00.0","2020-02-29 00:00:00.0"
"Los Alamos","Contrata","Educación","Contrata","Aldo Rene Fierro Peralta","Psicólogo","SIN INFORMACION","Contratados Sin Planta","Asistentes de La Educación Ley N°19.464","2018-05-22 00:00:00.0","2019-02-28 00:00:00.0"
"Los Alamos","Contrata","Educación","Contrata","Johanna Angela Asencio Ibarra","Docente","SIN INFORMACION","Contratados Sin Planta","Profesionales de La Educación Ley N°19.070","2018-03-01 00:00:00.0","2019-02-28 00:00:00.0"
"Los Alamos","Contrata","Educación","Contrata","Yaritza Liselotte Alarcon Iba¿ez","Docente","SIN INFORMACION","Contratados Sin Planta","Profesionales de La Educación Ley N°19.070","2019-03-01 00:00:00.0","2020-02-29 00:00:00.0"
"Los Alamos","Contrata","Educación","Contrata","Mercedes del Pilar Garcia Sanzana","Asistente","SIN INFORMACION","Contratados Sin Planta","Asistentes de La Educación Ley N°19.464","2018-04-09 00:00:00.0","2019-02-28 00:00:00.0"
"Los Alamos","Contrata","Educación","Contrata","Carolina Andrea  Candia  Bustos","Docente","SIN INFORMACION","Contratados Sin Planta","Profesionales de La Educación Ley N°19.070","2018-03-01 00:00:00.0","2019-02-28 00:00:00.0"
"Los Alamos","Contrata","Educación","Contrata","Vanny Edith Delgado Pino","Docente","SIN INFORMACION","Contratados Sin Planta","Profesionales de La Educación Ley N°19.070","2018-11-13 00:00:00.0","2019-02-28 00:00:00.0"
"Los Alamos","Contrata","Educación","Contrata","Nixa Dayana Galaz Ramos","Docente","SIN INFORMACION","Contratados Sin Planta","Profesionales de La Educación Ley N°19.070","2018-03-01 00:00:00.0","2019-02-28 00:00:00.0"
"Los Alamos","Contrata","Educación","Contrata","Ignacio Esteban Droguett  Viveros","Docente","SIN INFORMACION","Contratados Sin Planta","Profesionales de La Educación Ley N°19.070","2019-03-04 00:00:00.0","2020-02-29 00:00:00.0"
"Los Alamos","Contrata","Educación","Contrata","Ana Mar¿a  Mora Medina","Docente","SIN INFORMACION","Contratados Sin Planta","Profesionales de La Educación Ley N°19.070","2018-05-28 00:00:00.0","2019-02-28 00:00:00.0"
"Los Alamos","Contrata","Educación","Contrata","Angelica Alejandra Opazo Bascuñan","Docente","SIN INFORMACION","Contratados Sin Planta","Profesionales de La Educación Ley N°19.070","2018-03-05 00:00:00.0","2019-02-28 00:00:00.0"
"Los Alamos","Contrata","Educación","Contrata","Leslie Alejandra Guzman Contreras","Docente","SIN INFORMACION","Contratados Sin Planta","Profesionales de La Educación Ley N°19.070","2019-05-04 00:00:00.0","2019-06-02 00:00:00.0"
"Los Alamos","Contrata","Educación","Contrata","Yoseline Francisca Salgado Fredes","Docente","SIN INFORMACION","Contratados Sin Planta","Profesionales de La Educación Ley N°19.070","2019-04-11 00:00:00.0","2019-05-08 00:00:00.0"
"Los Alamos","Contrata","Educación","Contrata","Maria Soledad  Toloza Caripan","Asistente Parvularia","SIN INFORMACION","Contratados Sin Planta","Asistentes de La Educación Ley N°19.464","2018-03-01 00:00:00.0","2019-02-28 00:00:00.0"
"Los Alamos","Contrata","Educación","Contrata","Yohanna del Pilar Torres  Navarro","Docente","SIN INFORMACION","Contratados Sin Planta","Profesionales de La Educación Ley N°19.070","2018-03-01 00:00:00.0","2019-02-28 00:00:00.0"
"Los Alamos","Contrata","Educación","Contrata","Georgette Dominguez Romero","Docente","SIN INFORMACION","Contratados Sin Planta","Profesionales de La Educación Ley N°19.070","2019-03-13 00:00:00.0","2020-02-29 00:00:00.0"
"Los Alamos","Contrata","Educación","Contrata","Claudia  Valeria  Vega Lobos","Docente","SIN INFORMACION","Contratados Sin Planta","Profesionales de La Educación Ley N°19.070","2018-03-01 00:00:00.0","2019-02-28 00:00:00.0"
"Los Alamos","Contrata","Educación","Contrata","Hernan Jonathan  Saez  Erices","Conductor","SIN INFORMACION","Contratados Sin Planta","Afectos Al Código del Trabajo","2019-01-23 00:00:00.0","2019-12-31 00:00:00.0"
"Los Alamos","Contrata","Educación","Contrata","Angelica Belen  Arrepol Riffo","Docente","SIN INFORMACION","Contratados Sin Planta","Profesionales de La Educación Ley N°19.070","2019-03-01 00:00:00.0","2020-02-29 00:00:00.0"
"Los Alamos","Contrata","Educación","Contrata","Yuly Marilyn Hermosilla Suazo","Docente","SIN INFORMACION","Contratados Sin Planta","Profesionales de La Educación Ley N°19.070","2018-03-01 00:00:00.0","2019-02-28 00:00:00.0"
"Los Alamos","Contrata","Educación","Contrata","Edgar Joctan  Mellado Olate","Docente","SIN INFORMACION","Contratados Sin Planta","Profesionales de La Educación Ley N°19.070","2018-03-05 00:00:00.0","2019-02-28 00:00:00.0"
"Los Alamos","Contrata","Educación","Contrata","Camila Alejandra Hernandez Hidalgo","Docente","SIN INFORMACION","Contratados Sin Planta","Profesionales de La Educación Ley N°19.070","2018-03-01 00:00:00.0","2019-02-28 00:00:00.0"
"Los Alamos","Contrata","Educación","Contrata","Ysritza Estelia Venegas Pirul","Docente","SIN INFORMACION","Contratados Sin Planta","Profesionales de La Educación Ley N°19.070","2018-03-01 00:00:00.0","2019-02-28 00:00:00.0"
"Los Alamos","Contrata","Educación","Contrata","Cristian Horacio Gavilan Gallardo","Docente","SIN INFORMACION","Contratados Sin Planta","Profesionales de La Educación Ley N°19.070","2018-03-01 00:00:00.0","2019-02-28 00:00:00.0"
"Los Alamos","Contrata","Educación","Contrata","Mariana Pilar Vivanco Salazar","Docente","SIN INFORMACION","Contratados Sin Planta","Profesionales de La Educación Ley N°19.070","2018-03-01 00:00:00.0","2019-02-28 00:00:00.0"
"Los Alamos","Contrata","Educación","Contrata","Alejandra Mabel Neira Morales","Docente","SIN INFORMACION","Contratados Sin Planta","Profesionales de La Educación Ley N°19.070","2018-03-01 00:00:00.0","2019-02-28 00:00:00.0"
"Los Alamos","Contrata","Educación","Contrata","Mariana Belen  Pe¿a O¿ate","Fonoaudiologo","SIN INFORMACION","Contratados Sin Planta","Asistentes de La Educación Ley N°19.464","2019-03-04 00:00:00.0","2020-02-29 00:00:00.0"
"Los Alamos","Contrata","Educación","Contrata","Francisca Solange Guzman Carrillo","Docente","SIN INFORMACION","Contratados Sin Planta","Profesionales de La Educación Ley N°19.070","2019-03-11 00:00:00.0","2020-02-29 00:00:00.0"
"Los Alamos","Contrata","Educación","Contrata","Sergio Alejandro Vejar  Suazo","Docente","SIN INFORMACION","Contratados Sin Planta","Profesionales de La Educación Ley N°19.070","2018-03-01 00:00:00.0","2019-02-28 00:00:00.0"
"Los Alamos","Contrata","Educación","Contrata","Sergio Garces Gomez","Docente","SIN INFORMACION","Contratados Sin Planta","Profesionales de La Educación Ley N°19.070","2018-03-01 00:00:00.0","2019-02-28 00:00:00.0"
"Los Alamos","Contrata","Educación","Contrata","Solange Magdalena  Catrilelbun Viveros","Docente","SIN INFORMACION","Contratados Sin Planta","Profesionales de La Educación Ley N°19.070","2018-05-22 00:00:00.0","2019-02-28 00:00:00.0"
"Los Alamos","Contrata","Educación","Contrata","Elizabeth Alexandra  Roling Aguilera","Docente","SIN INFORMACION","Contratados Sin Planta","Profesionales de La Educación Ley N°19.070","2018-03-05 00:00:00.0","2019-02-28 00:00:00.0"
"Los Alamos","Contrata","Educación","Contrata","Mara Dominique  Tapia  Riffo","Docente","SIN INFORMACION","Contratados Sin Planta","Profesionales de La Educación Ley N°19.070","2018-03-05 00:00:00.0","2019-02-28 00:00:00.0"
"Los Alamos","Contrata","Educación","Contrata","Samuel Eliseo Acuña Maldonado","Docente","SIN INFORMACION","Contratados Sin Planta","Profesionales de La Educación Ley N°19.070","2018-12-12 00:00:00.0","2019-02-28 00:00:00.0"
"Los Alamos","Contrata","Educación","Contrata","Maria Jose Urra Delgado","Docente","SIN INFORMACION","Contratados Sin Planta","Profesionales de La Educación Ley N°19.070","2019-04-28 00:00:00.0","2019-06-07 00:00:00.0"
"Los Alamos","Contrata","Educación","Contrata","Mirko Matias  Cartes Lara","Docente","SIN INFORMACION","Contratados Sin Planta","Profesionales de La Educación Ley N°19.070","2018-05-16 00:00:00.0","2019-02-28 00:00:00.0"
"Los Alamos","Contrata","Educación","Contrata","Genesis Ester Carrasco Roa","Docente","SIN INFORMACION","Contratados Sin Planta","Profesionales de La Educación Ley N°19.070","2018-03-01 00:00:00.0","2019-02-28 00:00:00.0"
"Los Alamos","Contrata","Educación","Contrata","Felipe Gonzalo Catrilelbun Catrilelbun","Educadora","SIN INFORMACION","Contratados Sin Planta","Asistentes de La Educación Ley N°19.464","2019-09-23 00:00:00.0","2019-12-31 00:00:00.0"
"Los Alamos","Contrata","Educación","Contrata","Karen Fabiola Guzman Contreras","Docente","SIN INFORMACION","Contratados Sin Planta","Profesionales de La Educación Ley N°19.070","2019-03-19 00:00:00.0","2020-02-29 00:00:00.0"
"Los Alamos","Contrata","Educación","Contrata","Cristina del Pilar Mansilla Vallejos","Docente","SIN INFORMACION","Contratados Sin Planta","Profesionales de La Educación Ley N°19.070","2019-09-25 00:00:00.0","2019-10-10 00:00:00.0"
"Los Alamos","Contrata","Educación","Contrata","Angello Aroldo Vivallo Suazo","Fonoaudiologo","SIN INFORMACION","Contratados Sin Planta","Asistentes de La Educación Ley N°19.464","2018-04-06 00:00:00.0","2019-02-28 00:00:00.0"
"Los Alamos","Contrata","Educación","Contrata","Maria Jose Rivas  Fernandez","Asistente de La Educación","SIN INFORMACION","Contratados Sin Planta","Asistentes de La Educación Ley N°19.464","2018-05-16 00:00:00.0","2019-02-28 00:00:00.0"
"Los Alamos","Contrata","Educación","Contrata","Katherine Eliana  Sandoval Navarro","Docente","SIN INFORMACION","Contratados Sin Planta","Profesionales de La Educación Ley N°19.070","2018-03-01 00:00:00.0","2019-02-28 00:00:00.0"
"Los Alamos","Contrata","Educación","Contrata","Omar Arnoldo Pacheco Núñez","Docente","SIN INFORMACION","Contratados Sin Planta","Profesionales de La Educación Ley N°19.070","2019-05-02 00:00:00.0","2020-02-29 00:00:00.0"
"Los Alamos","Contrata","Educación","Contrata","Jhoselyn Teresa Lev¿n Castillo","Docente","SIN INFORMACION","Contratados Sin Planta","Profesionales de La Educación Ley N°19.070","2018-05-08 00:00:00.0","2019-02-28 00:00:00.0"
"Los Alamos","Contrata","Educación","Contrata","Francesca Elisa Mendez Neira","Docente","SIN INFORMACION","Contratados Sin Planta","Profesionales de La Educación Ley N°19.070","2018-03-05 00:00:00.0","2019-02-28 00:00:00.0"
"Los Alamos","Contrata","Educación","Contrata","Benjamin Alejandro Burgos Rivera","Docente","SIN INFORMACION","Contratados Sin Planta","Profesionales de La Educación Ley N°19.070","2018-03-05 00:00:00.0","2019-02-28 00:00:00.0"
"Los Alamos","Contrata","Educación","Contrata","Lissette Andrea Medina Huenchu¿ir","Docente","SIN INFORMACION","Contratados Sin Planta","Profesionales de La Educación Ley N°19.070","2019-03-01 00:00:00.0","2019-05-14 00:00:00.0"
"Los Alamos","Contrata","Educación","Contrata","Lidia Paz Carcamo Zu¿iga","Docente"," ","Docente","Escala Profesionales de La Educación Llay 19.070)","2014-06-09 00:00:00.0","1900-01-01 00:00:00.0"
"Los Alamos","Contrata","Educación","Contrata","Tatiana Elizabeth Bustos Henríquez","Asistente","SIN INFORMACION","Contratados Sin Planta","Asistentes de La Educación Ley N°19.464","2019-03-05 00:00:00.0","2020-02-29 00:00:00.0"
"Los Alamos","Contrata","Educación","Contrata","Camila Belen Smirna Catril Salazar","Docente","SIN INFORMACION","Contratados Sin Planta","Profesionales de La Educación Ley N°19.070","2018-03-01 00:00:00.0","2019-02-28 00:00:00.0"
"Los Alamos","Contrata","Educación","Contrata","Diego Alejandro Leal Pereira","Docente","SIN INFORMACION","Contratados Sin Planta","Profesionales de La Educación Ley N°19.070","2018-03-01 00:00:00.0","2019-02-28 00:00:00.0"
"Los Alamos","Contrata","Educación","Contrata","Osmán Aaron González Lizama","Docente","SIN INFORMACION","Contratados Sin Planta","Profesionales de La Educación Ley N°19.070","2018-03-01 00:00:00.0","2019-02-28 00:00:00.0"
"Los Alamos","Contrata","Educación","Contrata","Sandra Estela Robles Huenchuman","Asistente","SIN INFORMACION","Contratados Sin Planta","Asistentes de La Educación Ley N°19.464","2018-03-07 00:00:00.0","2019-02-28 00:00:00.0"
"Los Alamos","Contrata","Educación","Contrata","Jairo Jair Maldonado Gui¿ez","Docente","SIN INFORMACION","Contratados Sin Planta","Profesionales de La Educación Ley N°19.070","2019-03-11 00:00:00.0","2020-02-29 00:00:00.0"
"Los Alamos","Contrata","Educación","Contrata","Carolaine Milexa Rivas Garcia","Docente","SIN INFORMACION","Contratados Sin Planta","Profesionales de La Educación Ley N°19.070","2019-06-01 00:00:00.0","2019-06-30 00:00:00.0"
"Los Alamos","Contrata","Educación","Contrata","Treissy Estefania Cruces Salgado","Fonoaudiologo","SIN INFORMACION","Contratados Sin Planta","Asistentes de La Educación Ley N°19.464","2019-11-07 00:00:00.0","2019-11-30 00:00:00.0"
"Los Alamos","Contrata","Educación","Contrata","Camila Estefania Cruces Fernandez","Relator","SIN INFORMACION","Contratados Sin Planta","Asistentes de La Educación Ley N°19.464","2019-04-01 00:00:00.0","2020-02-29 00:00:00.0"
"Los Alamos","Contrata","Educación","Contrata","Elizabeth Susana Morelia Figueroa Gatica","Docente","SIN INFORMACION","Contratados Sin Planta","Profesionales de La Educación Ley N°19.070","2018-03-05 00:00:00.0","2019-02-28 00:00:00.0"
"Los Alamos","Contrata","Educación","Contrata","Alison Madelein D'appollonio Villa","Docente","SIN INFORMACION","Contratados Sin Planta","Asistentes de La Educación Ley N°19.464","2019-04-01 00:00:00.0","2020-02-29 00:00:00.0"
"Los Alamos","Contrata","Educación","Contrata","Daniela Alejandra Cisternas Espinoza","Docente","SIN INFORMACION","Contratados Sin Planta","Profesionales de La Educación Ley N°19.070","2018-03-01 00:00:00.0","2019-02-28 00:00:00.0"
"Los Alamos","Contrata","Educación","Contrata","Maria Jose Yevenes Mu¿oz","Docente","SIN INFORMACION","Contratados Sin Planta","Profesionales de La Educación Ley N°19.070","2019-05-12 00:00:00.0","2019-06-01 00:00:00.0"
"Los Alamos","Contrata","Educación","Contrata","Samuel Alfonso Cubillos  Sanchez","Docente","SIN INFORMACION","Contratados Sin Planta","Profesionales de La Educación Ley N°19.070","2018-06-07 00:00:00.0","2019-02-28 00:00:00.0"
"Los Alamos","Contrata","Educación","Contrata","Elisabeth Sarai Troncoso Burgos","Docente","SIN INFORMACION","Contratados Sin Planta","Profesionales de La Educación Ley N°19.070","2018-10-24 00:00:00.0","2019-02-28 00:00:00.0"
"Los Alamos","Contrata","Educación","Contrata","Danissa Lisette  Baez Fuentes","Docente","SIN INFORMACION","Contratados Sin Planta","Profesionales de La Educación Ley N°19.070","2018-03-01 00:00:00.0","2019-02-28 00:00:00.0"
"Los Alamos","Contrata","Educación","Contrata","Karla del Pilar Villagra Martinez","Docente","SIN INFORMACION","Contratados Sin Planta","Profesionales de La Educación Ley N°19.070","2018-03-01 00:00:00.0","2019-02-28 00:00:00.0"
"Los Alamos","Contrata","Educación","Contrata","Yanaret Macarena Torres Neira","Docente","SIN INFORMACION","Contratados Sin Planta","Profesionales de La Educación Ley N°19.070","2018-03-05 00:00:00.0","2019-02-28 00:00:00.0"
"Los Alamos","Contrata","Educación","Contrata","Brenda Patricia Jorquera Quilodran","Asistente","SIN INFORMACION","Contratados Sin Planta","Afectos Al Código del Trabajo","2019-10-03 00:00:00.0","2019-12-31 00:00:00.0"
"Los Alamos","Contrata","Educación","Contrata","Orlando Javier Naranjo Pantoja","Psicólogo","SIN INFORMACION","Contratados Sin Planta","Asistentes de La Educación Ley N°19.464","2019-08-05 00:00:00.0","2019-12-31 00:00:00.0"
"Los Alamos","Contrata","Educación","Contrata","Gerardo Patricio Rifo Mancilla","Psicólogo","SIN INFORMACION","Contratados Sin Planta","Asistentes de La Educación Ley N°19.464","2019-03-18 00:00:00.0","2020-02-29 00:00:00.0"
"Los Alamos","Contrata","Educación","Contrata","Marina Francisca Rodriguez Aguilar","Docente","SIN INFORMACION","Contratados Sin Planta","Profesionales de La Educación Ley N°19.070","2018-03-05 00:00:00.0","2019-02-28 00:00:00.0"
"Los Alamos","Contrata","Educación","Contrata","Javiera Elena  Fuentes Hidalgo","Docente","SIN INFORMACION","Contratados Sin Planta","Profesionales de La Educación Ley N°19.070","2018-03-01 00:00:00.0","2019-02-28 00:00:00.0"
"Los Alamos","Contrata","Educación","Contrata","Sabina Soledad Gomez Faundez","Docente","SIN INFORMACION","Contratados Sin Planta","Profesionales de La Educación Ley N°19.070","2018-03-01 00:00:00.0","2019-02-28 00:00:00.0"
"Los Alamos","Contrata","Educación","Contrata","Maria Fernanda Pe¿a Carrera","Docente","SIN INFORMACION","Contratados Sin Planta","Profesionales de La Educación Ley N°19.070","2019-03-01 00:00:00.0","2020-02-29 00:00:00.0"
"Los Alamos","Contrata","Educación","Contrata","Alejandra Andrea Suazo Marin","Terapeuta Ocupacional","SIN INFORMACION","Contratados Sin Planta","Afectos Al Código del Trabajo","2019-03-18 00:00:00.0","2020-02-29 00:00:00.0"
"Los Alamos","Contrata","Educación","Contrata","Yennifer Andrea  Araneda  Perez","Docente","SIN INFORMACION","Contratados Sin Planta","Profesionales de La Educación Ley N°19.070","2018-03-01 00:00:00.0","2019-02-28 00:00:00.0"
"Los Alamos","Contrata","Educación","Contrata","Luz Catherine Castro Bastias","Terapeuta Ocupacional","SIN INFORMACION","Contratados Sin Planta","Asistentes de La Educación Ley N°19.464","2019-05-13 00:00:00.0","2020-02-29 00:00:00.0"
"Los Alamos","Contrata","Educación","Contrata","Constanza Elena  Martinez  Neira","Docente","SIN INFORMACION","Contratados Sin Planta","Profesionales de La Educación Ley N°19.070","2019-08-01 00:00:00.0","2019-09-10 00:00:00.0"
"Los Alamos","Contrata","Educación","Contrata","Camila Andrea Jerez Sanchez","Docente","SIN INFORMACION","Contratados Sin Planta","Profesionales de La Educación Ley N°19.070","2019-09-11 00:00:00.0","2019-09-13 00:00:00.0"
"Los Alamos","Contrata","Educación","Contrata","Angela Ester Peso Leal","Asistente","SIN INFORMACION","Contratados Sin Planta","Asistentes de La Educación Ley N°19.464","2019-03-01 00:00:00.0","2020-02-29 00:00:00.0"
"Los Alamos","Contrata","Educación","Contrata","Daniel Alexi  Ortega Cruces","Panolero","SIN INFORMACION","Contratados Sin Planta","Asistentes de La Educación Ley N°19.464","2019-06-05 00:00:00.0","2020-02-29 00:00:00.0"
"Los Alamos","Contrata","Educación","Contrata","Daniela Fernanda Chavez Zu¿iga","Docente","SIN INFORMACION","Contratados Sin Planta","Profesionales de La Educación Ley N°19.070","2019-04-23 00:00:00.0","2020-02-29 00:00:00.0"
"Los Alamos","Contrata","Educación","Contrata","Claudia Franshesca Saavedra Ulloa","Auxiliar","SIN INFORMACION","Contratados Sin Planta","Afectos Al Código del Trabajo","2019-07-09 00:00:00.0","2020-06-30 00:00:00.0"
"Los Alamos","Contrata","Educación","Contrata","Isabel Victoria Burdiles  Ramirez","Asistente","SIN INFORMACION","Contratados Sin Planta","Asistentes de La Educación Ley N°19.464","2019-03-01 00:00:00.0","2020-02-29 00:00:00.0"
"Los Alamos","Contrata","Educación","Contrata","Jocelyn Andrea Valenzuela Vargas","Docente","SIN INFORMACION","Contratados Sin Planta","Profesionales de La Educación Ley N°19.070","2019-09-11 00:00:00.0","2019-12-03 00:00:00.0"
"Los Alamos","Contrata","Educación","Contrata","Moira Valentina Gajardo  Soto","Docente","SIN INFORMACION","Contratados Sin Planta","Profesionales de La Educación Ley N°19.070","2019-03-20 00:00:00.0","2020-02-29 00:00:00.0"
"Los Alamos","Contrata","Educación","Contrata","Maria Fernanda Caceres Millanao","Asistente","SIN INFORMACION","Contratados Sin Planta","Asistentes de La Educación Ley N°19.464","2019-04-01 00:00:00.0","2020-02-29 00:00:00.0"
"Los Alamos","Contrata","Educación","Contrata","Lady Maryorie Novoa Chamblas","Docente","SIN INFORMACION","Contratados Sin Planta","Profesionales de La Educación Ley N°19.070","2019-09-11 00:00:00.0","2019-09-13 00:00:00.0"
"Los Alamos","Contrata","Educación","Contrata","Jean Pierre Abimalec Caripán Caripán","Monitor","SIN INFORMACION","Contratados Sin Planta","Asistentes de La Educación Ley N°19.464","2019-10-02 00:00:00.0","2019-12-31 00:00:00.0"
"Los Alamos","Contrata","Educación","Contrata","Paola Andrea Huentelao Qui¿imil","Asistente","SIN INFORMACION","Contratados Sin Planta","Asistentes de La Educación Ley N°19.464","2019-03-05 00:00:00.0","2020-02-29 00:00:00.0"
"Los Alamos","Contrata","Educación","Contrata","Camila Aracely Soledad Aedo Gonzalez","Auxiliar","SIN INFORMACION","Contratados Sin Planta","Afectos Al Código del Trabajo","2019-01-01 00:00:00.0","2019-12-31 00:00:00.0"
"Los Alamos","Contrata","Educación","Contrata","Juan Manuel Diaz Fernandez","Docente","SIN INFORMACION","Contratados Sin Planta","Profesionales de La Educación Ley N°19.070","2019-03-01 00:00:00.0","2020-02-29 00:00:00.0"
"Los Alamos","Contrata","Educación","Contrata","Natali Nacinovic","Monitor","SIN INFORMACION","Contratados Sin Planta","Asistentes de La Educación Ley N°19.464","2019-04-01 00:00:00.0","2019-07-21 00:00:00.0"
"Los Alamos","Contrata","Educación","Contrata","Zhou Yupeng","Monitor","SIN INFORMACION","Contratados Sin Planta","Asistentes de La Educación Ley N°19.464","2019-03-27 00:00:00.0","2019-12-31 00:00:00.0"
"Los Alamos","Contrata","Educación","Contrata","Liao Xiangzhi","Monitor","SIN INFORMACION","Contratados Sin Planta","Asistentes de La Educación Ley N°19.464","2019-03-27 00:00:00.0","2019-12-31 00:00:00.0"
"Los Alamos","Contrata","Educación","Contrata","Erica Leigh Standal","Monitor","SIN INFORMACION","Contratados Sin Planta","Asistentes de La Educación Ley N°19.464","2019-07-22 00:00:00.0","2019-11-24 00:00:00.0"
"Los Alamos","Contrata","Educación","Contrata","Sylvia del Carmen Mora Rivas","Docente","SIN INFORMACION","Contratados Sin Planta","Profesionales de La Educación Ley N°19.070","2018-03-01 00:00:00.0","2019-02-28 00:00:00.0"
"Los Alamos","Contrata","Educación","Contrata","Gina Elena Rodriguez Becar","Docente","SIN INFORMACION","Contratados Sin Planta","Profesionales de La Educación Ley N°19.070","2019-03-01 00:00:00.0","2020-02-29 00:00:00.0"
"Los Alamos","Contrata","Educación","Contrata","Ana Maria Caceres Araneda","Docente","SIN INFORMACION","Contratados Sin Planta","Profesionales de La Educación Ley N°19.070","2018-12-27 00:00:00.0","2019-01-15 00:00:00.0"
"Los Alamos","Contrata","Educación","Contrata","Alfredo Ani¿ir Millahual","Monitor","SIN INFORMACION","Contratados Sin Planta","Asistentes de La Educación Ley N°19.464","2019-03-01 00:00:00.0","2020-02-29 00:00:00.0"
"Los Alamos","Contrata","Educación","Contrata","Reinaldo Arnoldo Hidalgo Varela","Docente","SIN INFORMACION","Contratados Sin Planta","Profesionales de La Educación Ley N°19.070","2018-03-01 00:00:00.0","2019-02-28 00:00:00.0"
"Los Alamos","Contrata","Educación","Contrata","Jaime Eduardo Baeza Acuña","Docente","SIN INFORMACION","Contratados Sin Planta","Profesionales de La Educación Ley N°19.070","2018-03-01 00:00:00.0","2019-02-28 00:00:00.0"
"Los Alamos","Contrata","Educación","Contrata","Fernando Benitez Muñoz","Docente","SIN INFORMACION","Contratados Sin Planta","Profesionales de La Educación Ley N°19.070","2018-03-01 00:00:00.0","2019-02-28 00:00:00.0"
"Los Alamos","Contrata","Educación","Contrata","Angel Abelino Mendez Reyes","Docente"," ","Profesional Docente","Escala Profesionales de La Educación Llay 19.070)","2014-03-03 00:00:00.0","1900-01-01 00:00:00.0"
"Los Alamos","Contrata","Educación","Contrata","Ruth Claudina Gallardo Gajardo","Docente","SIN INFORMACION","Contratados Sin Planta","Profesionales de La Educación Ley N°19.070","2018-04-03 00:00:00.0","2019-02-28 00:00:00.0"
"Los Alamos","Contrata","Educación","Contrata","Avelino Gajardo Villarroel","Docente","SIN INFORMACION","Contratados Sin Planta","Profesionales de La Educación Ley N°19.070","2018-03-01 00:00:00.0","2019-02-28 00:00:00.0"
"Los Alamos","Contrata","Educación","Contrata","Margot del Carmen Obreque Villa","Docente","SIN INFORMACION","Contratados Sin Planta","Profesionales de La Educación Ley N°19.070","2018-03-01 00:00:00.0","2019-02-28 00:00:00.0"
"Los Alamos","Contrata","Educación","Contrata","Mireya Mercedes Gutierrez San Juan","Docente","SIN INFORMACION","Contratados Sin Planta","Profesionales de La Educación Ley N°19.070","2018-03-01 00:00:00.0","2019-02-28 00:00:00.0"
"Los Alamos","Contrata","Educación","Contrata","Saturnino Segundo Vidal Riquelme","Docente","SIN INFORMACION","Contratados Sin Planta","Profesionales de La Educación Ley N°19.070","2018-03-01 00:00:00.0","2019-02-28 00:00:00.0"
"Los Alamos","Contrata","Educación","Contrata","Gloria Elisabeth Mendoza Rifo","Docente","SIN INFORMACION","Contratados Sin Planta","Profesionales de La Educación Ley N°19.070","2018-03-01 00:00:00.0","2019-02-28 00:00:00.0"
"Los Alamos","Contrata","Educación","Contrata","Elba Edita Jara Contreras","Docente","SIN INFORMACION","Contratados Sin Planta","Profesionales de La Educación Ley N°19.070","2018-03-01 00:00:00.0","2019-02-28 00:00:00.0"
"Los Alamos","Contrata","Educación","Contrata","Nilde del Carmen Gatica Rosas","Docente","SIN INFORMACION","Contratados Sin Planta","Profesionales de La Educación Ley N°19.070","2018-03-01 00:00:00.0","2019-02-28 00:00:00.0"
"Los Alamos","Contrata","Educación","Contrata","Elsa Isolina del Carmen Saez Paz","Docente"," ","Profesional Docente","Escala Profesionales de La Educación Llay 19.070)","2014-03-03 00:00:00.0","1900-01-01 00:00:00.0"
"Los Alamos","Contrata","Educación","Contrata","Jaime Marcelo Torres Sanhueza","Docente","SIN INFORMACION","Contratados Sin Planta","Profesionales de La Educación Ley N°19.070","2018-03-01 00:00:00.0","2019-02-28 00:00:00.0"
"Los Alamos","Contrata","Educación","Contrata","Cristina Gabriela de Lourdes Faundez Valdebenito","Jefe Unidad Técnica Pedagógica","SIN INFORMACION","Contratados Sin Planta","Profesionales de La Educación Ley N°19.070","2018-03-01 00:00:00.0","2019-02-28 00:00:00.0"
"Los Alamos","Contrata","Educación","Contrata","Ana Patricia Crespo Rojas","Docente","SIN INFORMACION","Contratados Sin Planta","Profesionales de La Educación Ley N°19.070","2019-03-01 00:00:00.0","2020-02-29 00:00:00.0"
"Los Alamos","Contrata","Educación","Contrata","Liliana de Las Mercedes Melita Fierro","Docente","SIN INFORMACION","Contratados Sin Planta","Profesionales de La Educación Ley N°19.070","2018-03-01 00:00:00.0","2019-02-28 00:00:00.0"
"Los Alamos","Contrata","Educación","Contrata","Rosa Ulda Zuñiga Gutierrez","Docente","SIN INFORMACION","Contratados Sin Planta","Profesionales de La Educación Ley N°19.070","2018-03-01 00:00:00.0","2019-02-28 00:00:00.0"
"Los Alamos","Contrata","Educación","Contrata","Viviana Lucía Antonieta Berna Chacón","Docente Superior","SIN INFORMACION","Contratados Sin Planta","Profesionales de La Educación Ley N°19.070","2018-03-01 00:00:00.0","2019-02-28 00:00:00.0"
"Los Alamos","Contrata","Educación","Contrata","Blanca Elicena Muñoz Freire","Docente","SIN INFORMACION","Contratados Sin Planta","Profesionales de La Educación Ley N°19.070","2018-03-01 00:00:00.0","2019-02-28 00:00:00.0"
"Los Alamos","Contrata","Educación","Contrata","Jose Manuel Mendez Hormazabal","Docente","SIN INFORMACION","Contratados Sin Planta","Profesionales de La Educación Ley N°19.070","2018-03-01 00:00:00.0","2019-02-28 00:00:00.0"
"Los Alamos","Contrata","Educación","Contrata","Cecilia Veronica Viveros Pincheira","Docente","SIN INFORMACION","Contratados Sin Planta","Profesionales de La Educación Ley N°19.070","2018-03-01 00:00:00.0","2019-02-28 00:00:00.0"
"Los Alamos","Contrata","Educación","Contrata","Carmen Gloria Gutierrez Orellana","Docente","SIN INFORMACION","Contratados Sin Planta","Profesionales de La Educación Ley N°19.070","2018-03-01 00:00:00.0","2019-02-28 00:00:00.0"
"Los Alamos","Contrata","Educación","Contrata","Veronica Petronila Leiva Salgado","Docente","SIN INFORMACION","Contratados Sin Planta","Profesionales de La Educación Ley N°19.070","2018-03-01 00:00:00.0","2019-02-28 00:00:00.0"
"Los Alamos","Contrata","Educación","Contrata","Irene del Carmen Parra Muñoz","Jefe Unidad Técnica Pedagógica","SIN INFORMACION","Contratados Sin Planta","Profesionales de La Educación Ley N°19.070","2018-03-01 00:00:00.0","2019-02-28 00:00:00.0"
"Los Alamos","Contrata","Educación","Contrata","Herminia Elena Cisternas Aguilar","Docente","SIN INFORMACION","Contratados Sin Planta","Profesionales de La Educación Ley N°19.070","2018-03-01 00:00:00.0","2019-02-28 00:00:00.0"
"Los Alamos","Contrata","Educación","Contrata","Esteban Alejandro Salazar Sepulveda","Docente","SIN INFORMACION","Contratados Sin Planta","Profesionales de La Educación Ley N°19.070","2018-03-01 00:00:00.0","2019-02-28 00:00:00.0"
"Los Alamos","Contrata","Educación","Contrata","Ronaldo Emilio Vera Diaz","Docente","SIN INFORMACION","Contratados Sin Planta","Profesionales de La Educación Ley N°19.070","2018-03-01 00:00:00.0","2019-02-28 00:00:00.0"
"Los Alamos","Contrata","Educación","Contrata","Rayen Felicita del Transito Saez Paz","Docente","SIN INFORMACION","Contratados Sin Planta","Profesionales de La Educación Ley N°19.070","2018-03-01 00:00:00.0","2019-02-28 00:00:00.0"
"Los Alamos","Contrata","Educación","Contrata","Teresa Soledad Mendez Rodriguez","Docente","SIN INFORMACION","Contratados Sin Planta","Profesionales de La Educación Ley N°19.070","2018-03-01 00:00:00.0","2019-02-28 00:00:00.0"
"Los Alamos","Contrata","Educación","Contrata","Maria Isabel Strobel Pinto","Jefe Unidad Técnica Pedagógica","SIN INFORMACION","Contratados Sin Planta","Profesionales de La Educación Ley N°19.070","2018-03-01 00:00:00.0","2019-02-28 00:00:00.0"
"Los Alamos","Contrata","Educación","Contrata","Romualda del Carmen Varela Manriquez","Docente","SIN INFORMACION","Contratados Sin Planta","Profesionales de La Educación Ley N°19.070","2018-03-01 00:00:00.0","2019-02-28 00:00:00.0"
"Los Alamos","Contrata","Educación","Contrata","Luisa Eugenia Zambrano Sanchez","Docente","SIN INFORMACION","Contratados Sin Planta","Profesionales de La Educación Ley N°19.070","2018-03-01 00:00:00.0","2019-02-28 00:00:00.0"
"Los Alamos","Contrata","Educación","Contrata","Sandra Elizabeth Maldonado Herrera","Docente","SIN INFORMACION","Contratados Sin Planta","Profesionales de La Educación Ley N°19.070","2018-03-01 00:00:00.0","2019-02-28 00:00:00.0"
"Los Alamos","Contrata","Educación","Contrata","Lucy Magaly Garrido Jara","Docente","SIN INFORMACION","Contratados Sin Planta","Profesionales de La Educación Ley N°19.070","2018-03-01 00:00:00.0","2019-02-28 00:00:00.0"
"Los Alamos","Contrata","Educación","Contrata","Miriam Ruth Fuentealba Perez","Docente","SIN INFORMACION","Contratados Sin Planta","Profesionales de La Educación Ley N°19.070","2018-03-01 00:00:00.0","2019-02-28 00:00:00.0"
"Los Alamos","Contrata","Educación","Contrata","Jose Aladino Grandon Saez","Vigilante","SIN INFORMACION","Contratados Sin Planta","Afectos Al Código del Trabajo","2019-08-19 00:00:00.0","2019-09-26 00:00:00.0"
"Los Alamos","Contrata","Educación","Contrata","Iris Jacqueline Soto Lopez","Docente","SIN INFORMACION","Contratados Sin Planta","Profesionales de La Educación Ley N°19.070","2018-03-01 00:00:00.0","2019-02-28 00:00:00.0"
"Los Alamos","Contrata","Educación","Contrata","Ana Maria Palma Acuña","Docente","SIN INFORMACION","Contratados Sin Planta","Profesionales de La Educación Ley N°19.070","2018-03-01 00:00:00.0","2019-02-28 00:00:00.0"
"Los Alamos","Contrata","Educación","Contrata","Enrique Luis Pereira Cordova","Docente","SIN INFORMACION","Contratados Sin Planta","Profesionales de La Educación Ley N°19.070","2019-08-01 00:00:00.0","2019-08-18 00:00:00.0"
"Los Alamos","Contrata","Educación","Contrata","Solange de Lourdes Griño Jerez","Docente","SIN INFORMACION","Contratados Sin Planta","Profesionales de La Educación Ley N°19.070","2018-03-01 00:00:00.0","2019-02-28 00:00:00.0"
"Los Alamos","Contrata","Educación","Contrata","Doris Veronica Cecilia Carola Fariña Pastene","Docente","SIN INFORMACION","Contratados Sin Planta","Profesionales de La Educación Ley N°19.070","2018-03-01 00:00:00.0","2019-02-28 00:00:00.0"
"Los Alamos","Contrata","Educación","Contrata","Olga Elena Quiroga Catrivil","Docente","SIN INFORMACION","Contratados Sin Planta","Profesionales de La Educación Ley N°19.070","2019-03-01 00:00:00.0","2020-02-29 00:00:00.0"
"Los Alamos","Contrata","Educación","Contrata","Carlos Alfonso Muñoz Lobos","Docente","SIN INFORMACION","Contratados Sin Planta","Profesionales de La Educación Ley N°19.070","2019-05-06 00:00:00.0","2020-02-29 00:00:00.0"
"Los Alamos","Contrata","Educación","Contrata","Sara Monica Muñoz San Martin","Docente","SIN INFORMACION","Contratados Sin Planta","Profesionales de La Educación Ley N°19.070","2018-03-01 00:00:00.0","2019-02-28 00:00:00.0"
"Los Alamos","Contrata","Educación","Contrata","Augusto Neftali Ojeda Diaz","Docente","SIN INFORMACION","Contratados Sin Planta","Profesionales de La Educación Ley N°19.070","2018-03-01 00:00:00.0","2019-02-28 00:00:00.0"
"Los Alamos","Contrata","Educación","Contrata","Carmen   Gloria   Yagi  Muñoz","Docente","SIN INFORMACION","Contratados Sin Planta","Profesionales de La Educación Ley N°19.070","2018-03-01 00:00:00.0","2019-02-28 00:00:00.0"
"Los Alamos","Contrata","Educación","Contrata","America del Carmen Melita Vinett","Docente","SIN INFORMACION","Contratados Sin Planta","Profesionales de La Educación Ley N°19.070","2018-04-01 00:00:00.0","2019-02-28 00:00:00.0"
"Los Alamos","Contrata","Educación","Contrata","Iledy Beldecira Muñoz Gajardo","Docente","SIN INFORMACION","Contratados Sin Planta","Profesionales de La Educación Ley N°19.070","2018-03-01 00:00:00.0","2019-02-28 00:00:00.0"
"Los Alamos","Contrata","Educación","Contrata","Juan Bautista Aniñir Pichún","Monitor","SIN INFORMACION","Contratados Sin Planta","Asistentes de La Educación Ley N°19.464","2019-03-26 00:00:00.0","2020-02-29 00:00:00.0"
"Los Alamos","Contrata","Educación","Contrata","Alejandro Eduardo Burgos Uribe","Inspector","SIN INFORMACION","Contratados Sin Planta","Asistentes de La Educación Ley N°19.464","2019-01-01 00:00:00.0","2019-12-31 00:00:00.0"
"Los Alamos","Contrata","Educación","Contrata","Erica Ruth Medina Pirul","Docente","SIN INFORMACION","Contratados Sin Planta","Profesionales de La Educación Ley N°19.070","2018-03-01 00:00:00.0","2019-02-28 00:00:00.0"
"Los Alamos","Contrata","Educación","Contrata","Violinda Etelvina Andrade Vallejos","Docente","SIN INFORMACION","Contratados Sin Planta","Profesionales de La Educación Ley N°19.070","2018-03-01 00:00:00.0","2019-02-28 00:00:00.0"
"Los Alamos","Contrata","Educación","Contrata","Mariella Alejandra Barria Rojas","Docente","SIN INFORMACION","Contratados Sin Planta","Profesionales de La Educación Ley N°19.070","2018-03-01 00:00:00.0","2019-02-28 00:00:00.0"
"Los Alamos","Contrata","Educación","Contrata","Sonia Leonor  Ormeño Peralta","Auxiliar","SIN INFORMACION","Contratados Sin Planta","Asistentes de La Educación Ley N°19.464","2018-03-01 00:00:00.0","2019-02-28 00:00:00.0"
"Los Alamos","Contrata","Educación","Contrata","Jose Antonio Canovas Vera","Docente","SIN INFORMACION","Contratados Sin Planta","Profesionales de La Educación Ley N°19.070","2018-03-01 00:00:00.0","2019-02-28 00:00:00.0"
"Los Alamos","Contrata","Educación","Contrata","Marta Julia Alarcon Hermosilla","Monitor","SIN INFORMACION","Contratados Sin Planta","Afectos Al Código del Trabajo","2019-03-11 00:00:00.0","2019-12-31 00:00:00.0"
"Los Alamos","Contrata","Educación","Contrata","Jorge Agustin Tome Aguilera","Docente","SIN INFORMACION","Contratados Sin Planta","Profesionales de La Educación Ley N°19.070","2018-03-01 00:00:00.0","2019-02-28 00:00:00.0"
"Los Alamos","Contrata","Educación","Contrata","Oscar Bernardo Cabrera Ortiz","Docente","SIN INFORMACION","Contratados Sin Planta","Profesionales de La Educación Ley N°19.070","2019-03-01 00:00:00.0","2019-03-25 00:00:00.0"
