"Comuna","Tipo de Contratación","Área","Calidad","Nombre","Cargo","Grado","Planta","Remuneración","Fecha desde","Fecha hasta"
"Los Alamos","Planta Titular","Sin Clasificación","Titular","Alvaro Rodrigo Villagran Laurel","Auxiliar de Servicios"," ","Personal Titular","Escala Atención Primaria de Salud Municipal","2012-08-01 00:00:00.0","1900-01-01 00:00:00.0"
"Los Alamos","Planta Titular","Sin Clasificación","Titular","Juan Carlos Lagos Sepulveda","Administrativo","13°","Administrativos","Escala Atención Primaria de Salud Municipal","2010-05-27 00:00:00.0","1900-01-01 00:00:00.0"
"Los Alamos","Planta Titular","Sin Clasificación","Titular","Rosa Reineria Llancao Yevilao","Auxiliar"," ","Auxiliares","Escala Atención Primaria de Salud Municipal","2012-05-02 00:00:00.0","1900-01-01 00:00:00.0"
"Los Alamos","Planta Titular","Sin Clasificación","Titular","Jorge Luis Castro Torres","Auxiliar de Servicios","F","Personal Titular","Escala Atención Primaria de Salud Municipal","2012-08-01 00:00:00.0","1900-01-01 00:00:00.0"
"Los Alamos","Planta Titular","Sin Clasificación","Titular","Dina Elizabeth Martinez Marilao","Administrativo","14°","Administrativos","Escala Atención Primaria de Salud Municipal","2010-05-27 00:00:00.0","1900-01-01 00:00:00.0"
"Los Alamos","Planta Titular","Sin Clasificación","Titular","Rolando Fabian Padilla Mella","Kinesiologo"," ","Profesionales","Escala Atención Primaria de Salud Municipal","2012-08-01 00:00:00.0","1900-01-01 00:00:00.0"
"Los Alamos","Planta Titular","Sin Clasificación","Titular","Ana Isabel Arriagada Diaz","Administrativo"," ","Administrativos","Escala Atención Primaria de Salud Municipal","2012-08-01 00:00:00.0","1900-01-01 00:00:00.0"
"Los Alamos","Planta Titular","Sin Clasificación","Titular","Hector Lisandro Carrasco Catril","Auxiliar de Servicios"," ","Personal Titular","Escala Atención Primaria de Salud Municipal","2012-08-01 00:00:00.0","1900-01-01 00:00:00.0"
"Los Alamos","Planta Titular","Sin Clasificación","Titular","Erica Ivon Bueno Sanchez","Administrativo"," ","Administrativos","Escala Atención Primaria de Salud Municipal","2010-05-27 00:00:00.0","1900-01-01 00:00:00.0"
"Los Alamos","Planta Titular","Sin Clasificación","Titular","Juan Carlos Muñoz Guzman","Técnico"," ","Técnicos","Escala Atención Primaria de Salud Municipal","2012-08-01 00:00:00.0","1900-01-01 00:00:00.0"
"Los Alamos","Planta Titular","Sin Clasificación","Titular","Paola Olaya Quilodran Quintrel","Administrativo"," ","Administrativos","Escala Atención Primaria de Salud Municipal","2012-01-01 00:00:00.0","1900-01-01 00:00:00.0"
"Los Alamos","Planta Titular","Sin Clasificación","Titular","Priscila Viviana Sandoval Figueroa","Administrativo"," ","Administrativos","Escala Atención Primaria de Salud Municipal","2012-01-01 00:00:00.0","1900-01-01 00:00:00.0"
"Los Alamos","Planta Titular","Sin Clasificación","Titular","Anghela Elizabeth Jara Alarcon","Matrona"," ","Profesionales","Escala Atención Primaria de Salud Municipal","2012-05-02 00:00:00.0","1900-01-01 00:00:00.0"
"Los Alamos","Planta Titular","Sin Clasificación","Titular","Christian Andres Gutierrez Sandoval","Directivo","9°","Directivos","","2002-04-19 00:00:00.0","1900-01-01 00:00:00.0"
"Los Alamos","Planta Titular","Sin Clasificación","Titular","Erica Patricia Fernandez Alvial","Profesional","9°","Profesionales","","1997-07-01 00:00:00.0","1900-01-01 00:00:00.0"
"Los Alamos","Planta Titular","Sin Clasificación","Titular","Jacqueline Soledad Acevedo Aniñir","Administrativo"," ","Personal Titular","Escala Atención Primaria de Salud Municipal","2012-08-01 00:00:00.0","1900-01-01 00:00:00.0"
"Los Alamos","Planta Titular","Sin Clasificación","Titular","Patricia Isabel Villagran Vega","Técnico"," ","Técnicos","Escala Atención Primaria de Salud Municipal","2012-08-01 00:00:00.0","1900-01-01 00:00:00.0"
"Los Alamos","Planta Titular","Sin Clasificación","Titular","Vanessa Isidora Gatica Muñoz","Enfermero(a)"," ","Profesionales","Escala Atención Primaria de Salud Municipal","2012-05-02 00:00:00.0","1900-01-01 00:00:00.0"
"Los Alamos","Planta Titular","Sin Clasificación","Titular","Marcia Patricia Aburto Pinto","Administrativo"," ","Administrativos","Escala Atención Primaria de Salud Municipal","2012-08-01 00:00:00.0","1900-01-01 00:00:00.0"
"Los Alamos","Planta Titular","Sin Clasificación","Titular","Maria Romanet Colihuinca Aniñir","Técnico"," ","Técnicos","Escala Atención Primaria de Salud Municipal","2012-05-02 00:00:00.0","1900-01-01 00:00:00.0"
"Los Alamos","Planta Titular","Sin Clasificación","Titular","Nancy Ester Inostroza Solar","Técnico"," ","Técnicos","Escala Atención Primaria de Salud Municipal","2012-05-02 00:00:00.0","1900-01-01 00:00:00.0"
"Los Alamos","Planta Titular","Sin Clasificación","Titular","Marilyn Soledad Aniñir Aniñir","Técnico"," ","Técnicos","Escala Atención Primaria de Salud Municipal","2012-05-02 00:00:00.0","1900-01-01 00:00:00.0"
"Los Alamos","Planta Titular","Sin Clasificación","Titular","Marta Alexandra  Ramirez Neira","Jefatura","10°","Jefaturas","Escala Municipal","2014-12-11 00:00:00.0","1900-01-01 00:00:00.0"
"Los Alamos","Planta Titular","Sin Clasificación","Titular","Mariela Alejandra Quezada Poblete","Psicólogo"," ","Profesionales","Escala Atención Primaria de Salud Municipal","2012-08-01 00:00:00.0","1900-01-01 00:00:00.0"
"Los Alamos","Planta Titular","Sin Clasificación","Titular","Alejandra  Ximena   Colihuinca Aniñir","Técnico"," ","Técnicos","Escala Atención Primaria de Salud Municipal","2012-08-01 00:00:00.0","1900-01-01 00:00:00.0"
"Los Alamos","Planta Titular","Sin Clasificación","Titular","Monica  Elizabeth  Garrido Perez","Técnico"," ","Técnicos","Escala Atención Primaria de Salud Municipal","2012-08-01 00:00:00.0","1900-01-01 00:00:00.0"
"Los Alamos","Planta Titular","Sin Clasificación","Titular","Aylin Pamela Diaz Tirado","Técnico"," ","Técnicos","Escala Atención Primaria de Salud Municipal","2012-08-01 00:00:00.0","1900-01-01 00:00:00.0"
"Los Alamos","Planta Titular","Sin Clasificación","Titular","Hector Guillermo Hermosilla Guzman","Técnico"," ","Técnicos","Escala Atención Primaria de Salud Municipal","2012-01-01 00:00:00.0","1900-01-01 00:00:00.0"
"Los Alamos","Planta Titular","Sin Clasificación","Titular","Fernando Alfredo Villalobos Acuña","Odontologo"," ","Profesionales","Escala Atención Primaria de Salud Municipal","2012-08-01 00:00:00.0","1900-01-01 00:00:00.0"
"Los Alamos","Planta Titular","Sin Clasificación","Titular","Alfredo Patricio Chehuan Carilao","Técnico"," ","Técnicos","Escala Atención Primaria de Salud Municipal","2012-08-01 00:00:00.0","1900-01-01 00:00:00.0"
"Los Alamos","Planta Titular","Sin Clasificación","Titular","Bernardo Alonso Leal Galvez","Auxiliar de Servicios"," ","Personal Titular","Escala Atención Primaria de Salud Municipal","2012-08-01 00:00:00.0","1900-01-01 00:00:00.0"
"Los Alamos","Planta Titular","Sin Clasificación","Titular","Jose  Benjamin  Peña Caniupan","Asistente Social"," ","Profesionales","Escala Atención Primaria de Salud Municipal","2012-08-01 00:00:00.0","1900-01-01 00:00:00.0"
"Los Alamos","Planta Titular","Sin Clasificación","Titular","Guadalupe del Carmen Bizama Pedreros","Administrativo","18°","Personal Titular","Escala Municipal","2012-08-01 00:00:00.0","1900-01-01 00:00:00.0"
"Los Alamos","Planta Titular","Sin Clasificación","Titular","Gonzalo  Alfonso Berna  Viveros","Kinesiologo"," ","Profesionales","Escala Atención Primaria de Salud Municipal","2012-08-01 00:00:00.0","1900-01-01 00:00:00.0"
"Los Alamos","Planta Titular","Sin Clasificación","Titular","Jorge Marcel Fuentes Fetis","Alcalde","7°","Alcaldes","Escala Municipal","2012-12-06 00:00:00.0","1900-01-01 00:00:00.0"
"Los Alamos","Planta Titular","Sin Clasificación","Titular","Carla Francisca Sanchez Carrillo","Técnico"," ","Técnicos","Escala Atención Primaria de Salud Municipal","2012-08-01 00:00:00.0","1900-01-01 00:00:00.0"
"Los Alamos","Planta Titular","Sin Clasificación","Titular","Ruth   Ester Lleufo Sepulveda","Técnico"," ","Técnicos","Escala Atención Primaria de Salud Municipal","2012-08-01 00:00:00.0","1900-01-01 00:00:00.0"
"Los Alamos","Planta Titular","Sin Clasificación","Titular","Floriza Ester  Gonzalez  Bravo","Técnico"," ","Técnicos","Escala Atención Primaria de Salud Municipal","2012-08-01 00:00:00.0","1900-01-01 00:00:00.0"
"Los Alamos","Planta Titular","Sin Clasificación","Titular","Melissa Yasmin  Fierro  Ramirez","Administrativo"," ","Administrativos","Escala Atención Primaria de Salud Municipal","2012-08-01 00:00:00.0","1900-01-01 00:00:00.0"
"Los Alamos","Planta Titular","Sin Clasificación","Titular","Camila Fernanda Monsalve Carrasco","Técnico"," ","Técnicos","Escala Atención Primaria de Salud Municipal","2012-08-01 00:00:00.0","1900-01-01 00:00:00.0"
"Los Alamos","Planta Titular","Sin Clasificación","Titular","Gaston Eduardo Lopez Araneda","Jefe"," ","Docente","Escala Profesionales de La Educación Llay 19.070)","1992-01-01 00:00:00.0","1900-01-01 00:00:00.0"
"Los Alamos","Planta Titular","Sin Clasificación","Titular","Eduardo Herrera Miranda","Subdirector"," ","Docente","Escala Profesionales de La Educación Llay 19.070)","2013-06-04 00:00:00.0","1900-01-01 00:00:00.0"
"Los Alamos","Planta Titular","Sin Clasificación","Titular","Irma Mery Vigueras Guzman","Administrativo","16°","Administrativos","","1994-01-01 00:00:00.0","1900-01-01 00:00:00.0"
"Los Alamos","Planta Titular","Sin Clasificación","Titular","Jose Ricardo Arroyo Melgarejo","Coordinador"," ","Docente","Escala Profesionales de La Educación Llay 19.070)","1992-01-01 00:00:00.0","1900-01-01 00:00:00.0"
"Los Alamos","Planta Titular","Sin Clasificación","Titular","Aida Fresia Ortega Muñoz","Profesional","10°","Profesionales","","1995-02-20 00:00:00.0","1900-01-01 00:00:00.0"
"Los Alamos","Planta Titular","Sin Clasificación","Titular","Alfredo Enrique Venturelli Pumero","Técnico","12°","Personal Titular","Sin Información","2012-08-01 00:00:00.0","1900-01-01 00:00:00.0"
"Los Alamos","Planta Titular","Sin Clasificación","Titular","Benjamin Eliseo Aravena Garrido","Auxiliar de Servicios"," ","Personal Titular","Escala Atención Primaria de Salud Municipal","2012-08-01 00:00:00.0","1900-01-01 00:00:00.0"
"Los Alamos","Planta Titular","Sin Clasificación","Titular","Cesia Elizabeth Bahamondes Nuñez","Administrativo","14°","Administrativos","","2003-01-02 00:00:00.0","1900-01-01 00:00:00.0"
"Los Alamos","Planta Titular","Sin Clasificación","Titular","Maria Angelica Ulloa Saravia","Jefatura","12°","Jefaturas","","2003-01-02 00:00:00.0","1900-01-01 00:00:00.0"
"Los Alamos","Planta Titular","Sin Clasificación","Titular","Rosa del Carmen Villegas Vigueras","Auxiliar Paramedico"," ","Auxiliares Paramedicos","Escala Atención Primaria de Salud Municipal","2012-01-01 00:00:00.0","1900-01-01 00:00:00.0"
