"Comuna","Tipo de Contratación","Área","Calidad","Nombre","Cargo","Grado","Planta","Remuneración","Fecha desde","Fecha hasta"
"Los Alamos","Honorarios","Programa Comunitario","Programa Comunitario","Guillermo Segundo Mesa  Huichalao","","SIN INFORMACION","","","2019-03-29 00:00:00.0","2019-03-29 00:00:00.0"
"Los Alamos","Honorarios","Programa Comunitario","Programa Comunitario","Eduardo Andres Riquelme Illanes","","SIN INFORMACION","","","2019-03-01 00:00:00.0","2019-12-31 00:00:00.0"
"Los Alamos","Honorarios","Programa Comunitario","Programa Comunitario","Ana Maria Gonzalez  Valenzuela","","SIN INFORMACION","","","2019-01-02 00:00:00.0","2019-06-30 00:00:00.0"
"Los Alamos","Honorarios","Programa Comunitario","Programa Comunitario","Lidia Ivonne Cruces Paredes","","SIN INFORMACION","","","2019-01-02 00:00:00.0","2019-06-30 00:00:00.0"
"Los Alamos","Honorarios","Programa Comunitario","Programa Comunitario","Victor Eduardo Branada Altamirano","","SIN INFORMACION","","","2019-01-02 00:00:00.0","2019-06-30 00:00:00.0"
"Los Alamos","Honorarios","Programa Comunitario","Programa Comunitario","Adriana Angelica Cuevas Mendoza","","SIN INFORMACION","","","2019-01-02 00:00:00.0","2019-06-30 00:00:00.0"
"Los Alamos","Honorarios","Programa Comunitario","Programa Comunitario","Juan Antonio Farias Delgado","","SIN INFORMACION","","","2019-08-09 00:00:00.0","2019-08-09 00:00:00.0"
"Los Alamos","Honorarios","Programa Comunitario","Programa Comunitario","Guadalupe del Carmen Guzman Medina","","SIN INFORMACION","","","2019-01-02 00:00:00.0","2019-06-30 00:00:00.0"
"Los Alamos","Honorarios","Programa Comunitario","Programa Comunitario","Bernardita  Burdiles Carrasco","","SIN INFORMACION","","","2019-01-02 00:00:00.0","2019-06-30 00:00:00.0"
"Los Alamos","Honorarios","Programa Comunitario","Programa Comunitario","Lorenza Fabriciana Puen Contreras","","SIN INFORMACION","","","2019-01-02 00:00:00.0","2019-06-30 00:00:00.0"
"Los Alamos","Honorarios","Programa Comunitario","Programa Comunitario","Guillermo Antonio Aedo Ortiz","","SIN INFORMACION","","","2019-01-02 00:00:00.0","2019-06-30 00:00:00.0"
"Los Alamos","Honorarios","Programa Comunitario","Programa Comunitario","Marcela Yolanda Nelly Inostroza Garrido","","SIN INFORMACION","","","2019-11-18 00:00:00.0","2019-12-31 00:00:00.0"
"Los Alamos","Honorarios","Programa Comunitario","Programa Comunitario","Jose Milciades Bustos Jara","","SIN INFORMACION","","","2019-09-18 00:00:00.0","2019-09-18 00:00:00.0"
"Los Alamos","Honorarios","Programa Comunitario","Programa Comunitario","Pablo Javier Aniñir Calbul","","SIN INFORMACION","","","2019-01-02 00:00:00.0","2019-06-30 00:00:00.0"
"Los Alamos","Honorarios","Programa Comunitario","Programa Comunitario","Hector Enrique Leal Lepuman","","SIN INFORMACION","","","2019-05-16 00:00:00.0","2019-12-31 00:00:00.0"
"Los Alamos","Honorarios","Programa Comunitario","Programa Comunitario","Patricio Rolando Jara Torres","","SIN INFORMACION","","","2019-08-31 00:00:00.0","2019-08-31 00:00:00.0"
"Los Alamos","Honorarios","Programa Comunitario","Programa Comunitario","Hector Andres Gutierrez Faundez","","SIN INFORMACION","","","2019-08-24 00:00:00.0","2019-08-24 00:00:00.0"
"Los Alamos","Honorarios","Programa Comunitario","Programa Comunitario","Gladys Iris Sagredo  Henriquez","","SIN INFORMACION","","","2019-01-02 00:00:00.0","2019-06-30 00:00:00.0"
"Los Alamos","Honorarios","Programa Comunitario","Programa Comunitario","Hernan Rodolfo Toledo Pe¿a","","SIN INFORMACION","","","2019-02-13 00:00:00.0","2019-02-17 00:00:00.0"
"Los Alamos","Honorarios","Programa Comunitario","Programa Comunitario","Silvana Jacqueline Gonzalez Toro","","SIN INFORMACION","","","2019-01-02 00:00:00.0","2019-06-30 00:00:00.0"
"Los Alamos","Honorarios","Programa Comunitario","Programa Comunitario","Elia Lugardy Silva Alarcon","","SIN INFORMACION","","","2019-03-11 00:00:00.0","2019-08-31 00:00:00.0"
"Los Alamos","Honorarios","Programa Comunitario","Programa Comunitario","Florinda Celia Garces Friz","","SIN INFORMACION","","","2019-04-01 00:00:00.0","2019-08-31 00:00:00.0"
"Los Alamos","Honorarios","Programa Comunitario","Programa Comunitario","Claudia Veronica Molina Quilodran","","SIN INFORMACION","","","2019-01-02 00:00:00.0","2019-06-30 00:00:00.0"
"Los Alamos","Honorarios","Programa Comunitario","Programa Comunitario","Priscila Viviana Sandoval Figueroa","","SIN INFORMACION","","","2019-01-02 00:00:00.0","2019-06-30 00:00:00.0"
"Los Alamos","Honorarios","Programa Comunitario","Programa Comunitario","Eloy   Alca Mena","","SIN INFORMACION","","","2019-01-02 00:00:00.0","2019-06-30 00:00:00.0"
"Los Alamos","Honorarios","Programa Comunitario","Programa Comunitario","Claudio Hernan Carrasco  Veloso","","SIN INFORMACION","","","2019-02-13 00:00:00.0","2019-02-17 00:00:00.0"
"Los Alamos","Honorarios","Programa Comunitario","Programa Comunitario","Oriana del Carmen Gonzalez Suazo","","SIN INFORMACION","","","2019-02-13 00:00:00.0","2019-02-17 00:00:00.0"
"Los Alamos","Honorarios","Programa Comunitario","Programa Comunitario","Yessica Mariela Parra Moya","","SIN INFORMACION","","","2019-03-11 00:00:00.0","2019-08-31 00:00:00.0"
"Los Alamos","Honorarios","Programa Comunitario","Programa Comunitario","Marcela Alejandra Diaz Iturra","","SIN INFORMACION","","","2019-03-11 00:00:00.0","2019-08-31 00:00:00.0"
"Los Alamos","Honorarios","Programa Comunitario","Programa Comunitario","Luis Orlando Bascur Diaz","","SIN INFORMACION","","","2019-03-29 00:00:00.0","2019-03-29 00:00:00.0"
"Los Alamos","Honorarios","Programa Comunitario","Programa Comunitario","Rodrigo Abecnego Bastias  Sandoval","","SIN INFORMACION","","","2019-01-02 00:00:00.0","2019-06-30 00:00:00.0"
"Los Alamos","Honorarios","Programa Comunitario","Programa Comunitario","Edgardo Valencia Valencia","","SIN INFORMACION","","","2019-09-07 00:00:00.0","2019-09-07 00:00:00.0"
"Los Alamos","Honorarios","Programa Comunitario","Programa Comunitario","Tania Margot  Sandoval Sandoval","","SIN INFORMACION","","","2019-02-13 00:00:00.0","2019-02-17 00:00:00.0"
"Los Alamos","Honorarios","Programa Comunitario","Programa Comunitario","Alexis Claudio Pardo Miranda","","SIN INFORMACION","","","2019-01-02 00:00:00.0","2019-06-30 00:00:00.0"
"Los Alamos","Honorarios","Programa Comunitario","Programa Comunitario","Delfina Irene Medina Toloza","","SIN INFORMACION","","","2019-01-02 00:00:00.0","2019-06-30 00:00:00.0"
"Los Alamos","Honorarios","Programa Comunitario","Programa Comunitario","Jose Rolando Obreque Obreque","","SIN INFORMACION","","","2019-01-02 00:00:00.0","2019-06-30 00:00:00.0"
"Los Alamos","Honorarios","Programa Comunitario","Programa Comunitario","Pedro Alex Pavez   Aravena","","SIN INFORMACION","","","2019-01-02 00:00:00.0","2019-02-28 00:00:00.0"
"Los Alamos","Honorarios","Programa Comunitario","Programa Comunitario","Miriam Haydee Pinto Valenzuela","","SIN INFORMACION","","","2019-01-02 00:00:00.0","2019-06-30 00:00:00.0"
"Los Alamos","Honorarios","Programa Comunitario","Programa Comunitario","Angelina del Carmen Contreras  Martinez","","SIN INFORMACION","","","2019-01-02 00:00:00.0","2019-06-30 00:00:00.0"
"Los Alamos","Honorarios","Programa Comunitario","Programa Comunitario","Rodrigo Andres Reyes Acevedo","","SIN INFORMACION","","","2019-01-02 00:00:00.0","2019-06-30 00:00:00.0"
"Los Alamos","Honorarios","Programa Comunitario","Programa Comunitario","Susan Damaris Aguayo Garcia","","SIN INFORMACION","","","2019-01-02 00:00:00.0","2019-06-30 00:00:00.0"
"Los Alamos","Honorarios","Programa Comunitario","Programa Comunitario","Rene Gonzalo  Valenzuela Esparza","","SIN INFORMACION","","","2019-02-16 00:00:00.0","2019-02-16 00:00:00.0"
"Los Alamos","Honorarios","Programa Comunitario","Programa Comunitario","Elvis Olaguer Solis Oliva","","SIN INFORMACION","","","2019-02-15 00:00:00.0","2019-02-17 00:00:00.0"
"Los Alamos","Honorarios","Programa Comunitario","Programa Comunitario","Lilybeth Marellys Fernandez  Rodriguez","","SIN INFORMACION","","","2019-02-18 00:00:00.0","2019-05-18 00:00:00.0"
"Los Alamos","Honorarios","Programa Comunitario","Programa Comunitario","Sandro Gabriel Valenzuela Sanhueza","","SIN INFORMACION","","","2019-07-01 00:00:00.0","2019-09-30 00:00:00.0"
"Los Alamos","Honorarios","Programa Comunitario","Programa Comunitario","Roxana Isabel Abad Campos","","SIN INFORMACION","","","2019-01-02 00:00:00.0","2019-12-31 00:00:00.0"
"Los Alamos","Honorarios","Programa Comunitario","Programa Comunitario","Carolina Genoveva Pereira Saravia","","SIN INFORMACION","","","2019-01-02 00:00:00.0","2019-12-31 00:00:00.0"
"Los Alamos","Honorarios","Programa Comunitario","Programa Comunitario","Gonzalo Rodrigo Carrrillo Correa","","SIN INFORMACION","","","2019-01-02 00:00:00.0","2019-06-30 00:00:00.0"
"Los Alamos","Honorarios","Programa Comunitario","Programa Comunitario","Paola Andrea Antinao Riquelme","","SIN INFORMACION","","","2019-01-02 00:00:00.0","2019-06-30 00:00:00.0"
"Los Alamos","Honorarios","Programa Comunitario","Programa Comunitario","Isabel Alejandra Sandoval Castro","","SIN INFORMACION","","","2018-04-13 00:00:00.0","2019-04-12 00:00:00.0"
"Los Alamos","Honorarios","Programa Comunitario","Programa Comunitario","James Alexis Barrales  Berna","","SIN INFORMACION","","","2019-01-07 00:00:00.0","2019-06-30 00:00:00.0"
"Los Alamos","Honorarios","Programa Comunitario","Programa Comunitario","Lilibeth D¿az Vigueras","","SIN INFORMACION","","","2019-09-01 00:00:00.0","2019-09-30 00:00:00.0"
"Los Alamos","Honorarios","Programa Comunitario","Programa Comunitario","Marcela Paz Rojas Bustos","","SIN INFORMACION","","","2019-01-02 00:00:00.0","2019-02-28 00:00:00.0"
"Los Alamos","Honorarios","Programa Comunitario","Programa Comunitario","Leyla Evelyn Henriquez Mu¿oz","","SIN INFORMACION","","","2019-01-02 00:00:00.0","2019-06-30 00:00:00.0"
"Los Alamos","Honorarios","Programa Comunitario","Programa Comunitario","Ximena Aurora Fernandez Campos","","SIN INFORMACION","","","2019-01-02 00:00:00.0","2019-06-30 00:00:00.0"
"Los Alamos","Honorarios","Programa Comunitario","Programa Comunitario","Samuel Alexander Landaur Mu¿oz","","SIN INFORMACION","","","2019-05-31 00:00:00.0","2019-05-31 00:00:00.0"
"Los Alamos","Honorarios","Programa Comunitario","Programa Comunitario","Cesar Antonio Amestica Venegas","","SIN INFORMACION","","","2019-05-31 00:00:00.0","2019-05-31 00:00:00.0"
"Los Alamos","Honorarios","Programa Comunitario","Programa Comunitario","Angelica Soledad Burgos Lopez","","SIN INFORMACION","","","2019-01-02 00:00:00.0","2019-06-30 00:00:00.0"
"Los Alamos","Honorarios","Programa Comunitario","Programa Comunitario","Andres Alejandro Garces  Carcamo","","SIN INFORMACION","","","2019-01-02 00:00:00.0","2019-06-30 00:00:00.0"
"Los Alamos","Honorarios","Programa Comunitario","Programa Comunitario","Raquel Gloria Morales  Castro","","SIN INFORMACION","","","2019-01-02 00:00:00.0","2019-06-30 00:00:00.0"
"Los Alamos","Honorarios","Programa Comunitario","Programa Comunitario","Cecilia Andrea Palma Leal","","SIN INFORMACION","","","2019-01-02 00:00:00.0","2019-06-30 00:00:00.0"
"Los Alamos","Honorarios","Programa Comunitario","Programa Comunitario","Maria Eugenia Olate Beltran","","SIN INFORMACION","","","2019-01-02 00:00:00.0","2019-06-30 00:00:00.0"
"Los Alamos","Honorarios","Programa Comunitario","Programa Comunitario","Juan Daniel Gonzalez Bravo","","SIN INFORMACION","","","2019-02-13 00:00:00.0","2019-02-17 00:00:00.0"
"Los Alamos","Honorarios","Programa Comunitario","Programa Comunitario","Idiabeth Gallegos  Hermosilla","","SIN INFORMACION","","","2019-03-11 00:00:00.0","2019-08-31 00:00:00.0"
"Los Alamos","Honorarios","Programa Comunitario","Programa Comunitario","Elena del Carmen Neira Navarro","","SIN INFORMACION","","","2019-01-02 00:00:00.0","2019-06-30 00:00:00.0"
"Los Alamos","Honorarios","Programa Comunitario","Programa Comunitario","Claudina Tamara Montes Huecha","","SIN INFORMACION","","","2019-01-02 00:00:00.0","2019-12-31 00:00:00.0"
"Los Alamos","Honorarios","Programa Comunitario","Programa Comunitario","Ana Maria Arias Acu¿a","","SIN INFORMACION","","","2019-01-02 00:00:00.0","2019-12-31 00:00:00.0"
"Los Alamos","Honorarios","Programa Comunitario","Programa Comunitario","Andrea Libeth Medel San Martín","","SIN INFORMACION","","","2019-05-01 00:00:00.0","2019-07-31 00:00:00.0"
"Los Alamos","Honorarios","Programa Comunitario","Programa Comunitario","Flor Eulalia Gomez Yevilao","","SIN INFORMACION","","","2019-04-01 00:00:00.0","2019-09-30 00:00:00.0"
"Los Alamos","Honorarios","Programa Comunitario","Programa Comunitario","Barbara Andrea  Villar Lincura","","SIN INFORMACION","","","2019-05-01 00:00:00.0","2019-12-31 00:00:00.0"
"Los Alamos","Honorarios","Programa Comunitario","Programa Comunitario","Luis Patricio Monsalves Sandoval","","SIN INFORMACION","","","2019-01-21 00:00:00.0","2019-02-12 00:00:00.0"
"Los Alamos","Honorarios","Programa Comunitario","Programa Comunitario","Maria Cristina Mu¿oz Duran","","SIN INFORMACION","","","2019-01-02 00:00:00.0","2019-06-30 00:00:00.0"
"Los Alamos","Honorarios","Programa Comunitario","Programa Comunitario","Cintia Elizabeth Moraga Fuentes","","SIN INFORMACION","","","2019-03-11 00:00:00.0","2019-08-31 00:00:00.0"
"Los Alamos","Honorarios","Programa Comunitario","Programa Comunitario","Carolina Stefania Aguilera Cifuentes","","SIN INFORMACION","","","2019-02-13 00:00:00.0","2019-02-14 00:00:00.0"
"Los Alamos","Honorarios","Programa Comunitario","Programa Comunitario","Francisco Javier Axel Moncada  Escobar","","SIN INFORMACION","","","2019-02-13 00:00:00.0","2019-02-14 00:00:00.0"
"Los Alamos","Honorarios","Programa Comunitario","Programa Comunitario","Maria Ines Arriagada Carrillo","","SIN INFORMACION","","","2019-01-02 00:00:00.0","2019-06-30 00:00:00.0"
"Los Alamos","Honorarios","Programa Comunitario","Programa Comunitario","Regina Elizabeth Sanhueza Jerez","","SIN INFORMACION","","","2019-01-02 00:00:00.0","2019-12-31 00:00:00.0"
"Los Alamos","Honorarios","Programa Comunitario","Programa Comunitario","Nelson Alexis Riquelme Guzman","","SIN INFORMACION","","","2019-07-01 00:00:00.0","2019-12-31 00:00:00.0"
"Los Alamos","Honorarios","Programa Comunitario","Programa Comunitario","Lorena Andrea Fernandez Fernandez","","SIN INFORMACION","","","2019-01-02 00:00:00.0","2019-06-30 00:00:00.0"
"Los Alamos","Honorarios","Programa Comunitario","Programa Comunitario","Victor Alfonso Rodriguez Riffo","","SIN INFORMACION","","","2019-01-02 00:00:00.0","2019-06-30 00:00:00.0"
"Los Alamos","Honorarios","Programa Comunitario","Programa Comunitario","Carolina del Carmen Silva  Mella","","SIN INFORMACION","","","2019-01-02 00:00:00.0","2019-06-30 00:00:00.0"
"Los Alamos","Honorarios","Programa Comunitario","Programa Comunitario","Karen Lorena Matus Alveal","","SIN INFORMACION","","","2019-01-02 00:00:00.0","2019-06-30 00:00:00.0"
"Los Alamos","Honorarios","Programa Comunitario","Programa Comunitario","Daniela Alejandra Ampuero Chacano","","SIN INFORMACION","","","2019-10-18 00:00:00.0","2019-12-31 00:00:00.0"
"Los Alamos","Honorarios","Programa Comunitario","Programa Comunitario","Ximena Natalia Cuevas Campos","","SIN INFORMACION","","","2019-07-01 00:00:00.0","2019-12-31 00:00:00.0"
"Los Alamos","Honorarios","Programa Comunitario","Programa Comunitario","Andrea Macarena  Henriquez Henriquez","","SIN INFORMACION","","","2019-01-02 00:00:00.0","2019-03-31 00:00:00.0"
"Los Alamos","Honorarios","Programa Comunitario","Programa Comunitario","Analia Vanessa Valdebenito Torres","","SIN INFORMACION","","","2019-01-02 00:00:00.0","2019-06-30 00:00:00.0"
"Los Alamos","Honorarios","Programa Comunitario","Programa Comunitario","Elizabeth Magdalena Duran Ferreira","","SIN INFORMACION","","","2019-01-02 00:00:00.0","2019-12-31 00:00:00.0"
"Los Alamos","Honorarios","Programa Comunitario","Programa Comunitario","Bernardo  Javier Diaz  Saez","","SIN INFORMACION","","","2019-01-02 00:00:00.0","2019-12-31 00:00:00.0"
"Los Alamos","Honorarios","Programa Comunitario","Programa Comunitario","Sandra Pamela  Jarpa Lara","","SIN INFORMACION","","","2019-01-02 00:00:00.0","2019-12-31 00:00:00.0"
"Los Alamos","Honorarios","Programa Comunitario","Programa Comunitario","Corina Amalia Silva Martínez","","SIN INFORMACION","","","2019-01-02 00:00:00.0","2019-06-30 00:00:00.0"
"Los Alamos","Honorarios","Programa Comunitario","Programa Comunitario","Evelyn Makarena Diaz Villa","","SIN INFORMACION","","","2019-02-01 00:00:00.0","2019-06-30 00:00:00.0"
"Los Alamos","Honorarios","Programa Comunitario","Programa Comunitario","Sergio Felipe Elorza  Jorquera","","SIN INFORMACION","","","2019-02-13 00:00:00.0","2019-02-17 00:00:00.0"
"Los Alamos","Honorarios","Programa Comunitario","Programa Comunitario","Francisco Chamblas Velasquez","","SIN INFORMACION","","","2019-01-02 00:00:00.0","2019-06-30 00:00:00.0"
"Los Alamos","Honorarios","Programa Comunitario","Programa Comunitario","Angela Beatriz Retamal Sandoval","","SIN INFORMACION","","","2019-01-02 00:00:00.0","2019-06-30 00:00:00.0"
"Los Alamos","Honorarios","Programa Comunitario","Programa Comunitario","Olga Antonieta Gonzalez Ramirez","","SIN INFORMACION","","","2019-02-13 00:00:00.0","2019-02-17 00:00:00.0"
"Los Alamos","Honorarios","Programa Comunitario","Programa Comunitario","Paola Carolina Varela Sáez","","SIN INFORMACION","","","2019-01-02 00:00:00.0","2019-06-30 00:00:00.0"
"Los Alamos","Honorarios","Programa Comunitario","Programa Comunitario","Marcela Iris Pedraza Beltran","","SIN INFORMACION","","","2019-01-02 00:00:00.0","2019-06-30 00:00:00.0"
"Los Alamos","Honorarios","Programa Comunitario","Programa Comunitario","Luis Matias Virquilao Arias","","SIN INFORMACION","","","2019-01-02 00:00:00.0","2019-12-31 00:00:00.0"
"Los Alamos","Honorarios","Programa Comunitario","Programa Comunitario","Sahid Alejandro Guidotti Azat","","SIN INFORMACION","","","2019-02-02 00:00:00.0","2019-06-30 00:00:00.0"
"Los Alamos","Honorarios","Programa Comunitario","Programa Comunitario","Ana Beatriz Diaz Diaz","","SIN INFORMACION","","","2019-04-01 00:00:00.0","2019-04-30 00:00:00.0"
"Los Alamos","Honorarios","Programa Comunitario","Programa Comunitario","Wilson Fredy Sanhueza  Chandia","","SIN INFORMACION","","","2019-01-02 00:00:00.0","2019-06-30 00:00:00.0"
"Los Alamos","Honorarios","Programa Comunitario","Programa Comunitario","Maria Jose Cruces  Alvarez","","SIN INFORMACION","","","2019-01-02 00:00:00.0","2019-12-31 00:00:00.0"
"Los Alamos","Honorarios","Programa Comunitario","Programa Comunitario","Anselmo Zenen Catril Sanchez","","SIN INFORMACION","","","2019-02-15 00:00:00.0","2019-02-17 00:00:00.0"
"Los Alamos","Honorarios","Programa Comunitario","Programa Comunitario","Cynthia Alejandra Carril Friz","","SIN INFORMACION","","","2019-01-02 00:00:00.0","2019-06-30 00:00:00.0"
"Los Alamos","Honorarios","Programa Comunitario","Programa Comunitario","Sixto Vladimir Opazo Alcaman","","SIN INFORMACION","","","2019-10-18 00:00:00.0","2019-12-31 00:00:00.0"
"Los Alamos","Honorarios","Programa Comunitario","Programa Comunitario","Natalia Soledad Zuñiga Neira","","SIN INFORMACION","","","2019-02-13 00:00:00.0","2019-02-17 00:00:00.0"
"Los Alamos","Honorarios","Programa Comunitario","Programa Comunitario","Margarita Hortencia Mari¿an  Espinoza","","SIN INFORMACION","","","2019-01-02 00:00:00.0","2019-06-30 00:00:00.0"
"Los Alamos","Honorarios","Programa Comunitario","Programa Comunitario","Maria Constanza Salazar Alarcon","","SIN INFORMACION","","","2019-01-02 00:00:00.0","2019-06-30 00:00:00.0"
"Los Alamos","Honorarios","Programa Comunitario","Programa Comunitario","Jacob Alejandro Mohor Flores","","SIN INFORMACION","","","2019-03-22 00:00:00.0","2019-03-22 00:00:00.0"
"Los Alamos","Honorarios","Programa Comunitario","Programa Comunitario","Yeniffer Carolina Cona Toledo","","SIN INFORMACION","","","2019-01-02 00:00:00.0","2019-03-31 00:00:00.0"
"Los Alamos","Honorarios","Programa Comunitario","Programa Comunitario","Ema Marcia Silva Silva","","SIN INFORMACION","","","2019-01-02 00:00:00.0","2019-12-31 00:00:00.0"
"Los Alamos","Honorarios","Programa Comunitario","Programa Comunitario","Gamal Alejandro Azat Suazo","","SIN INFORMACION","","","2019-01-02 00:00:00.0","2019-06-30 00:00:00.0"
"Los Alamos","Honorarios","Programa Comunitario","Programa Comunitario","Javier Alexis Medina Cisternas","","SIN INFORMACION","","","2019-01-02 00:00:00.0","2019-06-30 00:00:00.0"
"Los Alamos","Honorarios","Programa Comunitario","Programa Comunitario","Jose Nicolas Duran Weisse","","SIN INFORMACION","","","2019-04-13 00:00:00.0","2019-06-13 00:00:00.0"
"Los Alamos","Honorarios","Programa Comunitario","Programa Comunitario","Debora Eunice Ani¿ir Llancao","","SIN INFORMACION","","","2019-01-02 00:00:00.0","2019-12-31 00:00:00.0"
"Los Alamos","Honorarios","Programa Comunitario","Programa Comunitario","Anyela Katherinne Parra Salgado","","SIN INFORMACION","","","2019-01-02 00:00:00.0","2019-06-30 00:00:00.0"
"Los Alamos","Honorarios","Programa Comunitario","Programa Comunitario","Rodrigo Neftali Romero Diaz","","SIN INFORMACION","","","2019-01-02 00:00:00.0","2019-06-30 00:00:00.0"
"Los Alamos","Honorarios","Programa Comunitario","Programa Comunitario","Yessenia Loreto Cifuentes  Suazo","","SIN INFORMACION","","","2019-01-02 00:00:00.0","2019-06-30 00:00:00.0"
"Los Alamos","Honorarios","Programa Comunitario","Programa Comunitario","Marilyn Aidee Cuevas  Medina","","SIN INFORMACION","","","2019-01-02 00:00:00.0","2019-06-30 00:00:00.0"
"Los Alamos","Honorarios","Programa Comunitario","Programa Comunitario","Diego Felipe  Fuentealba  Martinez","","SIN INFORMACION","","","2019-01-02 00:00:00.0","2019-06-30 00:00:00.0"
"Los Alamos","Honorarios","Programa Comunitario","Programa Comunitario","Richard Samuel  Fernandez Co¿uel","","SIN INFORMACION","","","2019-01-02 00:00:00.0","2019-06-30 00:00:00.0"
"Los Alamos","Honorarios","Programa Comunitario","Programa Comunitario","Erik Alfredo  Silva  Gajardo","","SIN INFORMACION","","","2019-01-02 00:00:00.0","2019-12-31 00:00:00.0"
"Los Alamos","Honorarios","Programa Comunitario","Programa Comunitario","Ramona Cecilia Moyano Ordenes","","SIN INFORMACION","","","2019-01-02 00:00:00.0","2019-12-31 00:00:00.0"
"Los Alamos","Honorarios","Programa Comunitario","Programa Comunitario","Mariana Andrea  Ramirez Fernandez","","SIN INFORMACION","","","2019-02-01 00:00:00.0","2019-06-30 00:00:00.0"
"Los Alamos","Honorarios","Programa Comunitario","Programa Comunitario","Yoselin Massiel  Tapia Llanos","","SIN INFORMACION","","","2019-01-02 00:00:00.0","2019-06-30 00:00:00.0"
"Los Alamos","Honorarios","Programa Comunitario","Programa Comunitario","Benjamin Esteban Cruces Riquelme","","SIN INFORMACION","","","2019-01-02 00:00:00.0","2019-06-30 00:00:00.0"
"Los Alamos","Honorarios","Programa Comunitario","Programa Comunitario","Jocelyn Estefania Soto Catril","","SIN INFORMACION","","","2019-01-02 00:00:00.0","2019-06-30 00:00:00.0"
"Los Alamos","Honorarios","Programa Comunitario","Programa Comunitario","Yosselyn Denisse Fuentealba Campos","","SIN INFORMACION","","","2019-01-02 00:00:00.0","2019-02-28 00:00:00.0"
"Los Alamos","Honorarios","Programa Comunitario","Programa Comunitario","Liz Bersabe Mardones Santander","","SIN INFORMACION","","","2019-01-02 00:00:00.0","2019-06-30 00:00:00.0"
"Los Alamos","Honorarios","Programa Comunitario","Programa Comunitario","Carmen Luisa Mellado Grandon","","SIN INFORMACION","","","2019-07-01 00:00:00.0","2019-12-31 00:00:00.0"
"Los Alamos","Honorarios","Programa Comunitario","Programa Comunitario","Jeison Damian Saez Estrada","","SIN INFORMACION","","","2019-06-03 00:00:00.0","2019-07-31 00:00:00.0"
"Los Alamos","Honorarios","Programa Comunitario","Programa Comunitario","Yohana Andrea Aguayo García","","SIN INFORMACION","","","2019-01-02 00:00:00.0","2019-06-30 00:00:00.0"
"Los Alamos","Honorarios","Programa Comunitario","Programa Comunitario","Belen Eliset Catril Pe¿a","","SIN INFORMACION","","","2019-01-02 00:00:00.0","2019-02-28 00:00:00.0"
"Los Alamos","Honorarios","Programa Comunitario","Programa Comunitario","Diego Ariel Ramirez  Burdiles","","SIN INFORMACION","","","2019-02-15 00:00:00.0","2019-02-17 00:00:00.0"
"Los Alamos","Honorarios","Programa Comunitario","Programa Comunitario","Daniela  Abigail Adaro Zavala","","SIN INFORMACION","","","2019-01-02 00:00:00.0","2019-12-31 00:00:00.0"
"Los Alamos","Honorarios","Programa Comunitario","Programa Comunitario","Valentina Alejandra Belen Salas San Martin","","SIN INFORMACION","","","2019-11-01 00:00:00.0","2019-12-31 00:00:00.0"
"Los Alamos","Honorarios","Programa Comunitario","Programa Comunitario","Belen Elizabet Hermosilla Gonzalez","","SIN INFORMACION","","","2019-01-02 00:00:00.0","2019-06-30 00:00:00.0"
"Los Alamos","Honorarios","Programa Comunitario","Programa Comunitario","Cassandra del Carmen Castro  Manriquez","","SIN INFORMACION","","","2019-01-02 00:00:00.0","2019-06-30 00:00:00.0"
"Los Alamos","Honorarios","Programa Comunitario","Programa Comunitario","Nayarett Alejandra Mansilla Virquilao","","SIN INFORMACION","","","2019-01-02 00:00:00.0","2019-06-30 00:00:00.0"
"Los Alamos","Honorarios","Programa Comunitario","Programa Comunitario","Karely Anais Lagos Contreras","","SIN INFORMACION","","","2019-08-24 00:00:00.0","2019-09-14 00:00:00.0"
"Los Alamos","Honorarios","Programa Comunitario","Programa Comunitario","Camila Alejandra Peralta  Pinto","","SIN INFORMACION","","","2019-01-02 00:00:00.0","2019-06-30 00:00:00.0"
"Los Alamos","Honorarios","Programa Comunitario","Programa Comunitario","Daniela Lisette Gonzalez Olave","","SIN INFORMACION","","","2019-09-01 00:00:00.0","2019-09-30 00:00:00.0"
"Los Alamos","Honorarios","Programa Comunitario","Programa Comunitario","Yesenia Marlene Suazo Padilla","","SIN INFORMACION","","","2019-03-16 00:00:00.0","2019-12-31 00:00:00.0"
"Los Alamos","Honorarios","Programa Comunitario","Programa Comunitario","David Ignacio  Romero Hernandez","","SIN INFORMACION","","","2019-02-01 00:00:00.0","2019-12-31 00:00:00.0"
"Los Alamos","Honorarios","Programa Comunitario","Programa Comunitario","Omar Aguayo Perez","","SIN INFORMACION","","","2019-01-02 00:00:00.0","2019-06-30 00:00:00.0"
"Los Alamos","Honorarios","Programa Comunitario","Programa Comunitario","Jorge Ernesto Barrera Pino","","SIN INFORMACION","","","2019-01-02 00:00:00.0","2019-12-31 00:00:00.0"
"Los Alamos","Honorarios","Programa Comunitario","Programa Comunitario","Rene Abdal Carin Azat  Gazale","","SIN INFORMACION","","","2019-01-02 00:00:00.0","2019-06-30 00:00:00.0"
"Los Alamos","Honorarios","Programa Comunitario","Programa Comunitario","Segundo Rene Fuentealba  Mu¿oz","","SIN INFORMACION","","","2019-01-02 00:00:00.0","2019-06-30 00:00:00.0"
"Los Alamos","Honorarios","Programa Comunitario","Programa Comunitario","Julieta de Las Mercedes Alvarez Rossel","","SIN INFORMACION","","","2019-01-02 00:00:00.0","2019-02-28 00:00:00.0"
"Los Alamos","Honorarios","Programa Comunitario","Programa Comunitario","Jaime Ulloa  Avila","","SIN INFORMACION","","","2019-02-17 00:00:00.0","2019-02-17 00:00:00.0"
"Los Alamos","Honorarios","Programa Comunitario","Programa Comunitario","Luis Humberto Fuentealba Carrillo","","SIN INFORMACION","","","2019-05-25 00:00:00.0","2019-06-29 00:00:00.0"
"Los Alamos","Honorarios","Programa Comunitario","Programa Comunitario","Cecilia del Pilar Rojas Peña","","SIN INFORMACION","","","2019-01-02 00:00:00.0","2019-06-30 00:00:00.0"
"Los Alamos","Honorarios","Programa Comunitario","Programa Comunitario","Alejandro Rodrigo Vega Moran","","SIN INFORMACION","","","2019-08-01 00:00:00.0","2020-07-31 00:00:00.0"
"Los Alamos","Honorarios","Programa Comunitario","Programa Comunitario","Pedro Segundo Rodriguez Carrillo","","SIN INFORMACION","","","2019-10-15 00:00:00.0","2019-10-30 00:00:00.0"
"Los Alamos","Honorarios","Programa Comunitario","Programa Comunitario","Idiabeth Gallegos Hermosilla","","SIN INFORMACION","","","2019-01-02 00:00:00.0","2019-02-28 00:00:00.0"
"Los Alamos","Honorarios","Programa Comunitario","Programa Comunitario","Octavio Edinson Barra Cea","","SIN INFORMACION","","","2019-08-30 00:00:00.0","2019-08-30 00:00:00.0"
"Los Alamos","Honorarios","Programa Comunitario","Programa Comunitario","Jose David Garc¿a D¿az","","SIN INFORMACION","","","2019-01-02 00:00:00.0","2019-06-30 00:00:00.0"
"Los Alamos","Honorarios","Programa Comunitario","Programa Comunitario","Maria Angelica Perez  Sierra","","SIN INFORMACION","","","2019-07-01 00:00:00.0","2019-12-31 00:00:00.0"
