"Comuna","Tipo de Contratación","Área","Calidad","Nombre","Cargo","Grado","Planta","Remuneración","Fecha desde","Fecha hasta"
"Los Alamos","Codigo del Trabajo","Sin Clasificación","Código del Trabajo","Rosa Elena Llanquileo Aninir","Técnico"," ","Personal No Pertenece A Planta","Afectos Al Código del Trabajo","2012-03-01 00:00:00.0","1900-01-01 00:00:00.0"
"Los Alamos","Codigo del Trabajo","Sin Clasificación","Código del Trabajo","Eva del Carmen Lincuñir Salgado","Director"," ","Personal No Pertenece A Planta","Afectos Al Código del Trabajo","2011-03-01 00:00:00.0","1900-01-01 00:00:00.0"
"Los Alamos","Codigo del Trabajo","Sin Clasificación","Código del Trabajo","Yenny Soledad Contreras Cisternas","Secreto"," ","Personal No Pertenece A Planta","Afectos Al Código del Trabajo","2013-06-04 00:00:00.0","1900-01-01 00:00:00.0"
"Los Alamos","Codigo del Trabajo","Sin Clasificación","Código del Trabajo","Magda del Carmen Galdames Albornoz","Asistente"," ","Personal No Pertenece A Planta","Afectos Al Código del Trabajo","2013-01-01 00:00:00.0","1900-01-01 00:00:00.0"
"Los Alamos","Codigo del Trabajo","Sin Clasificación","Código del Trabajo","Angela Paola Alvarez Vidal","Asistente Parvularia"," ","Personal No Pertenece A Planta","Afectos Al Código del Trabajo","2012-01-02 00:00:00.0","1900-01-01 00:00:00.0"
"Los Alamos","Codigo del Trabajo","Sin Clasificación","Código del Trabajo","Sandra Elizabeth Martinez Campos","Educadora Párvulos"," ","Personal No Pertenece A Planta","Afectos Al Código del Trabajo","2013-01-01 00:00:00.0","1900-01-01 00:00:00.0"
"Los Alamos","Codigo del Trabajo","Sin Clasificación","Código del Trabajo","Evelyn Roxana  Torres  Briones","Asistente Parvularia"," ","Personal No Pertenece A Planta","Afectos Al Código del Trabajo","2013-11-05 00:00:00.0","1900-01-01 00:00:00.0"
"Los Alamos","Codigo del Trabajo","Sin Clasificación","Código del Trabajo","Isaac Marcelo Cifuentes Saez","Conductor"," ","Personal No Pertenece A Planta","Afectos Al Código del Trabajo","2013-03-01 00:00:00.0","1900-01-01 00:00:00.0"
"Los Alamos","Codigo del Trabajo","Sin Clasificación","Código del Trabajo","Angelica Andrea Andrade Gajardo","Educadora Párvulos"," ","Personal No Pertenece A Planta","Afectos Al Código del Trabajo","2014-03-04 00:00:00.0","1900-01-01 00:00:00.0"
"Los Alamos","Codigo del Trabajo","Sin Clasificación","Código del Trabajo","Carlos Patricio Bizama Toloza","Auxiliar"," ","Personal No Pertenece A Planta","Afectos Al Código del Trabajo","2013-03-01 00:00:00.0","1900-01-01 00:00:00.0"
"Los Alamos","Codigo del Trabajo","Sin Clasificación","Código del Trabajo","Jeannette Adriana Perez Gonzalez","Manipuladora de Alimentos"," ","Personal No Pertenece A Planta","Afectos Al Código del Trabajo","2014-04-08 00:00:00.0","1900-01-01 00:00:00.0"
"Los Alamos","Codigo del Trabajo","Sin Clasificación","Código del Trabajo","Julio Rigoberto Fernandez Castillo","Técnico"," ","Personal No Pertenece A Planta","Afectos Al Código del Trabajo","2013-01-01 00:00:00.0","1900-01-01 00:00:00.0"
"Los Alamos","Codigo del Trabajo","Sin Clasificación","Código del Trabajo","Braulio Armando Santander Lagos","Conductor"," ","Personal No Pertenece A Planta","Afectos Al Código del Trabajo","2011-09-27 00:00:00.0","1900-01-01 00:00:00.0"
"Los Alamos","Codigo del Trabajo","Sin Clasificación","Código del Trabajo","Lorena del Carmen Fuentealba Ibañez","Administrativo"," ","Personal No Pertenece A Planta","Afectos Al Código del Trabajo","2011-11-02 00:00:00.0","1900-01-01 00:00:00.0"
"Los Alamos","Codigo del Trabajo","Sin Clasificación","Código del Trabajo","Sandra Jacqueline Cheuquelen Venegas","Asistente de La Educación"," ","Personal No Pertenece A Planta","Afectos Al Código del Trabajo","2013-04-15 00:00:00.0","1900-01-01 00:00:00.0"
"Los Alamos","Codigo del Trabajo","Sin Clasificación","Código del Trabajo","Yessica Alejandra Oviedo Lagos","Asistente Parvularia"," ","Personal No Pertenece A Planta","Afectos Al Código del Trabajo","2013-01-01 00:00:00.0","1900-01-01 00:00:00.0"
"Los Alamos","Codigo del Trabajo","Sin Clasificación","Código del Trabajo","Valeria   Soledad Sotomayor Ojeda","Profesional"," ","Personal No Pertenece A Planta","Afectos Al Código del Trabajo","2014-03-01 00:00:00.0","1900-01-01 00:00:00.0"
"Los Alamos","Codigo del Trabajo","Sin Clasificación","Código del Trabajo","Carolina Joahanna Matamala Sepulveda","Inspector"," ","Personal No Pertenece A Planta","Afectos Al Código del Trabajo","2014-03-26 00:00:00.0","1900-01-01 00:00:00.0"
"Los Alamos","Codigo del Trabajo","Sin Clasificación","Código del Trabajo","Yessica Alejandra Villegas Levin","Asistente de La Educación"," ","Personal No Pertenece A Planta","Afectos Al Código del Trabajo","2008-04-28 00:00:00.0","1900-01-01 00:00:00.0"
"Los Alamos","Codigo del Trabajo","Sin Clasificación","Código del Trabajo","Eliana Tabita Padilla Sandoval","Asistente Social"," ","Personal No Pertenece A Planta","Afectos Al Código del Trabajo","2013-03-01 00:00:00.0","1900-01-01 00:00:00.0"
"Los Alamos","Codigo del Trabajo","Sin Clasificación","Código del Trabajo","Jennifer Andrea Diaz  Gallegos","Asistente de La Educación"," ","Personal No Pertenece A Planta","Afectos Al Código del Trabajo","2013-04-29 00:00:00.0","1900-01-01 00:00:00.0"
"Los Alamos","Codigo del Trabajo","Sin Clasificación","Código del Trabajo","Eva Rudy Nain  Grandon","Director"," ","Personal No Pertenece A Planta","Afectos Al Código del Trabajo","2014-09-24 00:00:00.0","1900-01-01 00:00:00.0"
"Los Alamos","Codigo del Trabajo","Sin Clasificación","Código del Trabajo","Jackeline Roxana Diaz Huenchuman","Asistente de La Educación"," ","Personal No Pertenece A Planta","Afectos Al Código del Trabajo","2014-04-14 00:00:00.0","1900-01-01 00:00:00.0"
"Los Alamos","Codigo del Trabajo","Sin Clasificación","Código del Trabajo","Celinda Amada Pedreros Catrileo","Asistente Parvularia"," ","Personal No Pertenece A Planta","Afectos Al Código del Trabajo","2013-03-01 00:00:00.0","1900-01-01 00:00:00.0"
"Los Alamos","Codigo del Trabajo","Sin Clasificación","Código del Trabajo","Ricardo Esteban Cruz Silva","Encargado"," ","Personal No Pertenece A Planta","Afectos Al Código del Trabajo","2010-05-17 00:00:00.0","1900-01-01 00:00:00.0"
"Los Alamos","Codigo del Trabajo","Sin Clasificación","Código del Trabajo","Cristina Yelena Avello Silva","Técnico Pedagógico"," ","Personal No Pertenece A Planta","Afectos Al Código del Trabajo","2013-01-01 00:00:00.0","1900-01-01 00:00:00.0"
"Los Alamos","Codigo del Trabajo","Sin Clasificación","Código del Trabajo","Luis Augusto Yevilao Yevilao","Asistente"," ","Personal No Pertenece A Planta","Afectos Al Código del Trabajo","2013-03-13 00:00:00.0","1900-01-01 00:00:00.0"
"Los Alamos","Codigo del Trabajo","Sin Clasificación","Código del Trabajo","Solange del Pilar Garrido Espinoza","Asistente Parvularia"," ","Personal No Pertenece A Planta","Afectos Al Código del Trabajo","2013-03-08 00:00:00.0","1900-01-01 00:00:00.0"
"Los Alamos","Codigo del Trabajo","Sin Clasificación","Código del Trabajo","Elizabeth Yolanda Bizama Rifo","Educadora Párvulos"," ","Personal No Pertenece A Planta","Afectos Al Código del Trabajo","2013-01-01 00:00:00.0","1900-01-01 00:00:00.0"
"Los Alamos","Codigo del Trabajo","Sin Clasificación","Código del Trabajo","Danilo Gonzalo Catril Jara","Inspector"," ","Personal No Pertenece A Planta","Afectos Al Código del Trabajo","2014-03-04 00:00:00.0","1900-01-01 00:00:00.0"
"Los Alamos","Codigo del Trabajo","Sin Clasificación","Código del Trabajo","Sergio Antonio Chavez Garcia","Técnico"," ","Personal No Pertenece A Planta","Afectos Al Código del Trabajo","2013-03-01 00:00:00.0","1900-01-01 00:00:00.0"
"Los Alamos","Codigo del Trabajo","Sin Clasificación","Código del Trabajo","Maria Soledad  Toloza Caripan","Asistente Parvularia"," ","Personal No Pertenece A Planta","Afectos Al Código del Trabajo","2013-03-01 00:00:00.0","1900-01-01 00:00:00.0"
"Los Alamos","Codigo del Trabajo","Sin Clasificación","Código del Trabajo","Vieroska Masiel Nu¿ez Bustamante","Asistente de La Educación"," ","Personal No Pertenece A Planta","Afectos Al Código del Trabajo","2013-12-01 00:00:00.0","1900-01-01 00:00:00.0"
"Los Alamos","Codigo del Trabajo","Sin Clasificación","Código del Trabajo","Isamar Andrea Garces Jara","Asistente Parvularia"," ","Personal No Pertenece A Planta","Afectos Al Código del Trabajo","2014-01-01 00:00:00.0","1900-01-01 00:00:00.0"
"Los Alamos","Codigo del Trabajo","Sin Clasificación","Código del Trabajo","Diana Magaly Benitez Cruces","Asistente Parvularia"," ","Personal No Pertenece A Planta","Afectos Al Código del Trabajo","2013-03-01 00:00:00.0","1900-01-01 00:00:00.0"
"Los Alamos","Codigo del Trabajo","Sin Clasificación","Código del Trabajo","Jocelyn Gabriela Sanhueza Andrade","Asistente Parvularia"," ","Personal No Pertenece A Planta","Afectos Al Código del Trabajo","2013-01-01 00:00:00.0","1900-01-01 00:00:00.0"
"Los Alamos","Codigo del Trabajo","Sin Clasificación","Código del Trabajo","Maricela Soledad Burdiles Jerez","Asistente de La Educación"," ","Personal No Pertenece A Planta","Afectos Al Código del Trabajo","2010-04-26 00:00:00.0","1900-01-01 00:00:00.0"
"Los Alamos","Codigo del Trabajo","Sin Clasificación","Código del Trabajo","Rosa Angelica Lopez Cuevas","Administrativo"," ","Personal No Pertenece A Planta","Afectos Al Código del Trabajo","2013-01-01 00:00:00.0","1900-01-01 00:00:00.0"
"Los Alamos","Codigo del Trabajo","Sin Clasificación","Código del Trabajo","Evelin Michell Alvarez Rivas","Asistente Parvularia"," ","Contratados Sin Planta","Afectos Al Código del Trabajo","2013-12-13 00:00:00.0","1900-01-01 00:00:00.0"
"Los Alamos","Codigo del Trabajo","Sin Clasificación","Código del Trabajo","Kassandra Estefani  Riquelme  Burgos","Asistente Parvularia"," ","Contratados Sin Planta","Afectos Al Código del Trabajo","2014-03-01 00:00:00.0","1900-01-01 00:00:00.0"
"Los Alamos","Codigo del Trabajo","Sin Clasificación","Código del Trabajo","Karen Wilma  Ani¿ir  Llancao","Asistente de La Educación"," ","Personal No Pertenece A Planta","Afectos Al Código del Trabajo","2014-03-05 00:00:00.0","1900-01-01 00:00:00.0"
"Los Alamos","Codigo del Trabajo","Sin Clasificación","Código del Trabajo","Teresa de Jesus Varas Caamaño","Jefe de Personal"," ","Contratados Sin Planta","","1982-04-01 00:00:00.0","1900-01-01 00:00:00.0"
"Los Alamos","Codigo del Trabajo","Sin Clasificación","Código del Trabajo","Luis Heriberto Neira Jerez","Conductor"," ","Personal No Pertenece A Planta","Afectos Al Código del Trabajo","2013-03-01 00:00:00.0","1900-01-01 00:00:00.0"
"Los Alamos","Codigo del Trabajo","Sin Clasificación","Código del Trabajo","Patricia Elena Carrillo Matamala","Administrativo"," ","Contratados Sin Planta","","1982-03-01 00:00:00.0","1900-01-01 00:00:00.0"
"Los Alamos","Codigo del Trabajo","Sin Clasificación","Código del Trabajo","Ester Miriam Herrera Herrera","Educadora Párvulos"," ","Personal No Pertenece A Planta","Afectos Al Código del Trabajo","2014-09-24 00:00:00.0","1900-01-01 00:00:00.0"
"Los Alamos","Codigo del Trabajo","Sin Clasificación","Código del Trabajo","Sonia Leonor  Ormeño Peralta","Auxiliar"," ","Personal No Pertenece A Planta","Afectos Al Código del Trabajo","2013-03-01 00:00:00.0","1900-01-01 00:00:00.0"
