"Comuna","Tipo de Contratación","Área","Calidad","Nombre","Cargo","Grado","Planta","Remuneración","Fecha desde","Fecha hasta"
"Los Alamos","Contrata","Municipal","Contrata","Ruth Patricia Arias Manriquez","Administrativo","13°","Administrativos","Escala Municipal","2019-01-02 00:00:00.0","2019-12-31 00:00:00.0"
"Los Alamos","Contrata","Municipal","Contrata","Octavio Flores Retamal","Administrativo","16°","Administrativos","Escala Municipal","2019-01-02 00:00:00.0","2019-01-31 00:00:00.0"
"Los Alamos","Contrata","Municipal","Contrata","Javier Sindulfo Bustos Urrutia","Administrativo","14°","Administrativos","Escala Municipal","2019-01-02 00:00:00.0","2019-12-31 00:00:00.0"
"Los Alamos","Contrata","Municipal","Contrata","Eladio Marcelo Burdiles Perez","Auxiliar","13°","Auxiliares","Escala Municipal","2019-01-02 00:00:00.0","2019-12-31 00:00:00.0"
"Los Alamos","Contrata","Municipal","Contrata","Álvaro Gonzalo Campos Durán","Auxiliar","16°","Auxiliares","Escala Municipal","2019-01-02 00:00:00.0","2019-12-31 00:00:00.0"
"Los Alamos","Contrata","Municipal","Contrata","Luis Ignacio Ani¿ir Rifo","Auxiliar","18°","Auxiliares","Escala Municipal","2019-01-02 00:00:00.0","2019-12-31 00:00:00.0"
"Los Alamos","Contrata","Municipal","Contrata","Franck Eduardo Valeria Araneda","Auxiliar","16°","Auxiliares","Escala Municipal","2019-01-02 00:00:00.0","2019-12-31 00:00:00.0"
"Los Alamos","Contrata","Municipal","Contrata","Moises Abraham Catril Rosal","Auxiliar","16°","Auxiliares","Escala Municipal","2019-01-02 00:00:00.0","2019-12-31 00:00:00.0"
"Los Alamos","Contrata","Municipal","Contrata","Tania Irene Cruces Cruces","Auxiliar","SIN INFORMACION","Contratados Sin Planta","Afectos Al Código del Trabajo","2019-10-03 00:00:00.0","2019-12-31 00:00:00.0"
"Los Alamos","Contrata","Municipal","Contrata","Transito Edgardo Vega  Inzunza","Auxiliar","16°","Auxiliares","Escala Municipal","2019-01-02 00:00:00.0","2019-12-31 00:00:00.0"
"Los Alamos","Contrata","Municipal","Contrata","Romina Andrea Gonzalez Pedraza","Administrativo","18°","Administrativos","Escala Municipal","2019-01-02 00:00:00.0","2019-12-31 00:00:00.0"
"Los Alamos","Contrata","Municipal","Contrata","Carolina Andrea Elorza Jorquera","Administrativo","15°","Administrativos","Escala Municipal","2019-04-01 00:00:00.0","2019-06-25 00:00:00.0"
"Los Alamos","Contrata","Municipal","Contrata","Daniel Jonatan Bahamondes Vidal","Profesional","12°","Profesionales","Escala Municipal","2019-01-02 00:00:00.0","2019-12-31 00:00:00.0"
"Los Alamos","Contrata","Municipal","Contrata","Marta Edith Perez Cabala","Administrativo","15°","Administrativos","Escala Municipal","2019-01-02 00:00:00.0","2019-12-31 00:00:00.0"
"Los Alamos","Contrata","Municipal","Contrata","Jorge Esteban Lagos Lagos","Auxiliar","16°","Auxiliares","Escala Municipal","2019-01-02 00:00:00.0","2019-12-31 00:00:00.0"
"Los Alamos","Contrata","Municipal","Contrata","Marco Andres Cayupi Proboste","Administrativo","14°","Administrativos","Escala Municipal","2019-01-02 00:00:00.0","2019-12-31 00:00:00.0"
"Los Alamos","Contrata","Municipal","Contrata","Joaquín Horacio Hurtado Espinoza","Administrativo","15°","Administrativos","Escala Municipal","2019-01-02 00:00:00.0","2019-12-31 00:00:00.0"
"Los Alamos","Contrata","Municipal","Contrata","Eric Albert Poblete Gallegos","Profesional","12°","Profesionales","Escala Municipal","2019-01-02 00:00:00.0","2019-12-31 00:00:00.0"
"Los Alamos","Contrata","Municipal","Contrata","Javier Eduardo Bahamondes Aedo","Auxiliar","16°","Auxiliares","Escala Municipal","2019-01-02 00:00:00.0","2019-12-31 00:00:00.0"
"Los Alamos","Contrata","Municipal","Contrata","Abdon Isaac Cid Saavedra","Auxiliar","16°","Auxiliares","Escala Municipal","2019-01-02 00:00:00.0","2019-12-31 00:00:00.0"
"Los Alamos","Contrata","Municipal","Contrata","Ana Maria Arias Acu¿a","Administrativo","18°","Administrativos","Escala Municipal","2019-01-02 00:00:00.0","2019-12-31 00:00:00.0"
"Los Alamos","Contrata","Municipal","Contrata","Wladimir Walter Diaz Cea","Medico Cirujano","SIN INFORMACION","Contratados Sin Planta","Afectos Al Código del Trabajo","2019-01-02 00:00:00.0","2019-12-31 00:00:00.0"
"Los Alamos","Contrata","Municipal","Contrata","Daniel Esaú Carril Carrera","Profesional","12°","Profesionales","Escala Municipal","2019-01-02 00:00:00.0","2019-12-31 00:00:00.0"
"Los Alamos","Contrata","Municipal","Contrata","Regina Elizabeth Sanhueza Jerez","Administrativo","18°","Administrativos","Escala Municipal","2019-01-02 00:00:00.0","2019-12-31 00:00:00.0"
"Los Alamos","Contrata","Municipal","Contrata","Jimmy Ronald Romero Diaz","Profesional","12°","Profesionales","Escala Municipal","2019-01-02 00:00:00.0","2019-12-31 00:00:00.0"
"Los Alamos","Contrata","Municipal","Contrata","Fabiola Estefania Hidalgo Pe¿a","Administrativo","18°","Administrativos","Escala Municipal","2019-01-02 00:00:00.0","2019-12-31 00:00:00.0"
"Los Alamos","Contrata","Municipal","Contrata","Claudio Alejandro Araneda  Castro","Administrativo","18°","Administrativos","Escala Municipal","2019-01-02 00:00:00.0","2019-12-31 00:00:00.0"
"Los Alamos","Contrata","Municipal","Contrata","Elizabeth Magdalena Duran Ferreira","Administrativo","18°","Administrativos","Escala Municipal","2019-01-02 00:00:00.0","2019-12-31 00:00:00.0"
"Los Alamos","Contrata","Municipal","Contrata","Carla Maria Alarcon Velozo","Administrativo","18°","Administrativos","Escala Municipal","2019-02-04 00:00:00.0","2019-07-31 00:00:00.0"
"Los Alamos","Contrata","Municipal","Contrata","Luis Matias Virquilao Arias","Administrativo","15°","Administrativos","Escala Municipal","2019-01-02 00:00:00.0","2019-12-31 00:00:00.0"
"Los Alamos","Contrata","Municipal","Contrata","Fernanda Andrea Villa Ortega","Profesional","12°","Profesionales","Escala Municipal","2019-01-02 00:00:00.0","2019-12-31 00:00:00.0"
"Los Alamos","Contrata","Municipal","Contrata","Maria Jose Cruces  Alvarez","Administrativo","15°","Administrativos","Escala Municipal","2019-01-02 00:00:00.0","2019-12-31 00:00:00.0"
"Los Alamos","Contrata","Municipal","Contrata","Alexis Damian Suazo Henriquez","Auxiliar","16°","Auxiliares","Escala Municipal","2019-01-02 00:00:00.0","2019-12-31 00:00:00.0"
"Los Alamos","Contrata","Municipal","Contrata","Melissa Yasmin  Fierro  Ramirez","Auxiliar","19°","Auxiliares","Escala Municipal","2019-01-02 00:00:00.0","2019-12-31 00:00:00.0"
"Los Alamos","Contrata","Municipal","Contrata","Isaac Aaron  Archigur Saravia","Auxiliar","13°","Auxiliares","Escala Municipal","2019-01-02 00:00:00.0","2019-12-31 00:00:00.0"
"Los Alamos","Contrata","Municipal","Contrata","Felipe Andres Saez Alarcon","Administrativo","14°","Administrativos","Escala Municipal","2019-01-02 00:00:00.0","2019-12-31 00:00:00.0"
"Los Alamos","Contrata","Municipal","Contrata","Marcelo Alejandro Fuentealba Burgos","Auxiliar","18°","Auxiliares","Escala Municipal","2019-05-19 00:00:00.0","2019-08-19 00:00:00.0"
"Los Alamos","Contrata","Municipal","Contrata","Jaison Edgardo Castro Barraza","Profesional","12°","Profesionales","Escala Municipal","2019-01-02 00:00:00.0","2019-12-31 00:00:00.0"
"Los Alamos","Contrata","Municipal","Contrata","Erik Alfredo  Silva  Gajardo","Profesional","12°","Profesionales","Escala Municipal","2019-01-02 00:00:00.0","2019-12-31 00:00:00.0"
"Los Alamos","Contrata","Municipal","Contrata","Karen   Ivette Arias Lagos","Profesional","12°","Profesionales","Escala Municipal","2019-01-02 00:00:00.0","2019-12-31 00:00:00.0"
"Los Alamos","Contrata","Municipal","Contrata","Daniela  Abigail Adaro Zavala","Administrativo","15°","Administrativos","Escala Municipal","2019-01-02 00:00:00.0","2019-12-31 00:00:00.0"
"Los Alamos","Contrata","Municipal","Contrata","Francisco Aurelio Sanhueza Riffo","Auxiliar","16°","Auxiliares","Escala Municipal","2019-01-02 00:00:00.0","2019-12-31 00:00:00.0"
"Los Alamos","Contrata","Municipal","Contrata","Jorge Ernesto Barrera Pino","Administrativo","15°","Administrativos","Escala Municipal","2019-01-02 00:00:00.0","2019-12-31 00:00:00.0"
"Los Alamos","Contrata","Municipal","Contrata","Enrique del Rio Mordwinkin","Auxiliar","15°","Auxiliares","Escala Municipal","2019-01-02 00:00:00.0","2019-12-31 00:00:00.0"
"Los Alamos","Contrata","Municipal","Contrata","Herardo Hernan  Gonzalez Rifo","Auxiliar","19°","Auxiliares","Escala Municipal","2019-01-02 00:00:00.0","2019-12-31 00:00:00.0"
