"Comuna","Tipo de Contratación","Área","Calidad","Nombre","Cargo","Grado","Planta","Remuneración","Fecha desde","Fecha hasta"
"Quirihue","Honorarios","Contrato A Honorarios","A Suma Alzada","Miguel Angel Barria Olivarez","","SIN INFORMACION","","","2019-01-01 00:00:00.0","2019-12-31 00:00:00.0"
"Quirihue","Honorarios","Contrato A Honorarios","A Suma Alzada","Baltazar Alberto Morales Espinoza","","SIN INFORMACION","","","2019-01-01 00:00:00.0","2019-12-31 00:00:00.0"
"Quirihue","Honorarios","Contrato A Honorarios","A Suma Alzada","Jose Rodrigo Beltran Herrera","","SIN INFORMACION","","","2019-03-01 00:00:00.0","2019-12-31 00:00:00.0"
"Quirihue","Honorarios","Contrato A Honorarios","A Suma Alzada","Jahzeel Nahaman  Riquelme Mu¿oz","","SIN INFORMACION","","","2019-03-18 00:00:00.0","2019-12-31 00:00:00.0"
"Quirihue","Honorarios","Contrato A Honorarios","A Suma Alzada","Jorge Francisco Jim¿nez  Hern¿ndez","","SIN INFORMACION","","","2019-01-01 00:00:00.0","2019-12-31 00:00:00.0"
"Quirihue","Honorarios","Contrato A Honorarios","A Suma Alzada","Lorena del Carmen Sepulveda San Martin","","SIN INFORMACION","","","2019-01-01 00:00:00.0","2019-12-31 00:00:00.0"
"Quirihue","Honorarios","Contrato A Honorarios","A Suma Alzada","Maria Jesus Caro Araya","","SIN INFORMACION","","","2019-03-19 00:00:00.0","2019-12-15 00:00:00.0"
"Quirihue","Honorarios","Contrato A Honorarios","A Suma Alzada","Ivonne Makarena Cuadra  Salazar","","SIN INFORMACION","","","2019-03-18 00:00:00.0","2019-12-31 00:00:00.0"
"Quirihue","Honorarios","Contrato A Honorarios","A Suma Alzada","Yeniffer Javiera del Campo Placencia","","SIN INFORMACION","","","2019-04-08 00:00:00.0","2019-12-31 00:00:00.0"
"Quirihue","Honorarios","Contrato A Honorarios","A Suma Alzada","Fernando  Farias Villablanca","","SIN INFORMACION","","","2019-08-01 00:00:00.0","2019-12-31 00:00:00.0"
"Quirihue","Honorarios","Contrato A Honorarios","A Suma Alzada","Jorge Ivan Sandoval Romero","","SIN INFORMACION","","","2019-03-01 00:00:00.0","2019-12-31 00:00:00.0"
"Quirihue","Honorarios","Contrato A Honorarios","A Suma Alzada","Maria Inelda Rios Crisostomo","","SIN INFORMACION","","","2019-03-25 00:00:00.0","2019-12-31 00:00:00.0"
"Quirihue","Honorarios","Contrato A Honorarios","A Suma Alzada","Fidela del Carmen Ramirez Torres","","SIN INFORMACION","","","2019-03-01 00:00:00.0","2019-12-31 00:00:00.0"
"Quirihue","Honorarios","Contrato A Honorarios","A Suma Alzada","Roxana Alejandra Manriquez Salvo","","SIN INFORMACION","","","2019-09-02 00:00:00.0","2019-12-31 00:00:00.0"
