"Comuna","Tipo de Contratación","Área","Calidad","Nombre","Cargo","Grado","Planta","Remuneración","Fecha desde","Fecha hasta"
"Quirihue","Contrata","Educación","Contrata","Marcela del Carmen Placencia  Torres","Docente","SIN INFORMACION","Contratados Sin Planta","Profesionales de La Educación Ley N°19.070","2018-03-01 00:00:00.0","2019-02-28 00:00:00.0"
"Quirihue","Contrata","Educación","Contrata","Cristian del Carmen  Medina Rios","Auxiliar","SIN INFORMACION","Contratados Sin Planta","Afectos Al Código del Trabajo","2018-03-26 00:00:00.0","2019-02-28 00:00:00.0"
"Quirihue","Contrata","Educación","Contrata","Helga Lorena  Salgado Ramirez","Docente","SIN INFORMACION","Contratados Sin Planta","Profesionales de La Educación Ley N°19.070","2019-03-01 00:00:00.0","2020-02-29 00:00:00.0"
"Quirihue","Contrata","Educación","Contrata","Maria Sandra Carolina Llanos Pantoja","Monitor","SIN INFORMACION","Contratados Sin Planta","Afectos Al Código del Trabajo","2019-04-01 00:00:00.0","2019-12-31 00:00:00.0"
"Quirihue","Contrata","Educación","Contrata","Gustnara  del Carmen Mardones Zapata","Asistente de La Educación","SIN INFORMACION","Contratados Sin Planta","Afectos Al Código del Trabajo","2019-08-29 00:00:00.0","2019-09-11 00:00:00.0"
"Quirihue","Contrata","Educación","Contrata","Claudia Soledad Quezada Cabrera","Asistente de La Educación","SIN INFORMACION","Contratados Sin Planta","Afectos Al Código del Trabajo","2019-04-05 00:00:00.0","2019-04-22 00:00:00.0"
"Quirihue","Contrata","Educación","Contrata","Cecilia del Carmen Campos San Martin","Docente","SIN INFORMACION","Contratados Sin Planta","Profesionales de La Educación Ley N°19.070","2018-03-09 00:00:00.0","2019-02-28 00:00:00.0"
"Quirihue","Contrata","Educación","Contrata","Israel  Vasquez Crisostomo","Maestro Albanil","SIN INFORMACION","Contratados Sin Planta","Afectos Al Código del Trabajo","2018-12-17 00:00:00.0","2019-01-17 00:00:00.0"
"Quirihue","Contrata","Educación","Contrata","Claudia Veronica  Mendez Sanchez","Docente","SIN INFORMACION","Contratados Sin Planta","Profesionales de La Educación Ley N°19.070","2019-03-01 00:00:00.0","2020-02-29 00:00:00.0"
"Quirihue","Contrata","Educación","Contrata","Gladys Alejandra Romero Concha","Docente","SIN INFORMACION","Contratados Sin Planta","Profesionales de La Educación Ley N°19.070","2018-03-01 00:00:00.0","2019-02-28 00:00:00.0"
"Quirihue","Contrata","Educación","Contrata","Jimena de Lourdes Molina Molina","Docente","SIN INFORMACION","Contratados Sin Planta","Profesionales de La Educación Ley N°19.070","2018-03-01 00:00:00.0","2019-02-28 00:00:00.0"
"Quirihue","Contrata","Educación","Contrata","Diana del Pilar Arias Sobarzo","Docente","SIN INFORMACION","Contratados Sin Planta","Profesionales de La Educación Ley N°19.070","2018-03-01 00:00:00.0","2019-02-28 00:00:00.0"
"Quirihue","Contrata","Educación","Contrata","Mirna  Cuadra Segura","Auxiliar de Servicios Menores","SIN INFORMACION","Contratados Sin Planta","Asistentes de La Educación Ley N°19.464","2017-03-01 00:00:00.0","1900-01-01 00:00:00.0"
"Quirihue","Contrata","Educación","Contrata","Waleska del Pilar Yañez Crisostomo","Docente","SIN INFORMACION","Contratados Sin Planta","Profesionales de La Educación Ley N°19.070","2018-03-01 00:00:00.0","2019-02-28 00:00:00.0"
"Quirihue","Contrata","Educación","Contrata","Ana Gricelda Henriquez Agurto","Asistente Parvularia","SIN INFORMACION","Contratados Sin Planta","Afectos Al Código del Trabajo","2019-01-02 00:00:00.0","2019-01-31 00:00:00.0"
"Quirihue","Contrata","Educación","Contrata","Mariela Ursula Alveal  Aguilera","Docente","SIN INFORMACION","Contratados Sin Planta","Profesionales de La Educación Ley N°19.070","2018-03-01 00:00:00.0","2019-02-28 00:00:00.0"
"Quirihue","Contrata","Educación","Contrata","Nady Rosa Llanos Sepulveda","Docente","SIN INFORMACION","Contratados Sin Planta","Profesionales de La Educación Ley N°19.070","2019-04-04 00:00:00.0","2019-07-11 00:00:00.0"
"Quirihue","Contrata","Educación","Contrata","Hilda del Transito Jara Muñoz","Docente","SIN INFORMACION","Contratados Sin Planta","Profesionales de La Educación Ley N°19.070","2018-03-01 00:00:00.0","2019-02-28 00:00:00.0"
"Quirihue","Contrata","Educación","Contrata","Maribel  Aedo Nova","Asistente de La Educación","SIN INFORMACION","Contratados Sin Planta","Afectos Al Código del Trabajo","2018-03-01 00:00:00.0","2019-02-28 00:00:00.0"
"Quirihue","Contrata","Educación","Contrata","Cristina Ang¿lica Alarcon Bustos","Asistente de La Educación","SIN INFORMACION","Contratados Sin Planta","Afectos Al Código del Trabajo","2019-09-25 00:00:00.0","2019-10-01 00:00:00.0"
"Quirihue","Contrata","Educación","Contrata","Doris Irenia Parra Gomez","Docente","SIN INFORMACION","Contratados Sin Planta","Profesionales de La Educación Ley N°19.070","2018-03-01 00:00:00.0","2019-02-28 00:00:00.0"
"Quirihue","Contrata","Educación","Contrata","Ximena Celinda Gallardo Gamonal","Docente","SIN INFORMACION","Contratados Sin Planta","Profesionales de La Educación Ley N°19.070","2018-03-01 00:00:00.0","2019-02-28 00:00:00.0"
"Quirihue","Contrata","Educación","Contrata","Jose Rodrigo Silva Pino","Docente","SIN INFORMACION","Contratados Sin Planta","Profesionales de La Educación Ley N°19.070","2018-03-01 00:00:00.0","2019-02-28 00:00:00.0"
"Quirihue","Contrata","Educación","Contrata","Pedro Pio Bizama Cadenas","Docente","SIN INFORMACION","Contratados Sin Planta","Profesionales de La Educación Ley N°19.070","2018-03-01 00:00:00.0","2019-02-28 00:00:00.0"
"Quirihue","Contrata","Educación","Contrata","Elizabeth del Carmen Escalona Torres","Docente","SIN INFORMACION","Contratados Sin Planta","Profesionales de La Educación Ley N°19.070","2018-04-15 00:00:00.0","2019-02-28 00:00:00.0"
"Quirihue","Contrata","Educación","Contrata","Maribel Aracely Vera Vera","Asistente de La Educación","SIN INFORMACION","Contratados Sin Planta","Asistentes de La Educación Ley N°19.464","2017-03-01 00:00:00.0","1900-01-01 00:00:00.0"
"Quirihue","Contrata","Educación","Contrata","Marcela Lisette Henríquez Aravena","Docente","SIN INFORMACION","Contratados Sin Planta","Profesionales de La Educación Ley N°19.070","2019-03-01 00:00:00.0","2020-02-29 00:00:00.0"
"Quirihue","Contrata","Educación","Contrata","Patricia Estela Alarcon Inostroza","Asistente de La Educación","SIN INFORMACION","Contratados Sin Planta","Asistentes de La Educación Ley N°19.464","2019-03-01 00:00:00.0","2020-02-29 00:00:00.0"
"Quirihue","Contrata","Educación","Contrata","Alejandro Andres Gasaui Irribarra","Docente","SIN INFORMACION","Contratados Sin Planta","Profesionales de La Educación Ley N°19.070","2018-03-01 00:00:00.0","2019-02-28 00:00:00.0"
"Quirihue","Contrata","Educación","Contrata","Domenica Andrea  Bustos  Bustos","Docente","SIN INFORMACION","Contratados Sin Planta","Profesionales de La Educación Ley N°19.070","2018-03-01 00:00:00.0","2019-02-28 00:00:00.0"
"Quirihue","Contrata","Educación","Contrata","Maria Paz Cantwell Camus","Docente","SIN INFORMACION","Contratados Sin Planta","Profesionales de La Educación Ley N°19.070","2018-03-01 00:00:00.0","2019-02-28 00:00:00.0"
"Quirihue","Contrata","Educación","Contrata","Claudia Celeste Baza Sandoval","Docente","SIN INFORMACION","Contratados Sin Planta","Profesionales de La Educación Ley N°19.070","2018-03-01 00:00:00.0","2019-02-28 00:00:00.0"
"Quirihue","Contrata","Educación","Contrata","Yohana del Carmen Bravo Bravo","Docente","SIN INFORMACION","Contratados Sin Planta","Profesionales de La Educación Ley N°19.070","2019-03-05 00:00:00.0","2020-02-29 00:00:00.0"
"Quirihue","Contrata","Educación","Contrata","Yenny Vera Caceres","Docente","SIN INFORMACION","Contratados Sin Planta","Profesionales de La Educación Ley N°19.070","2018-03-12 00:00:00.0","2019-02-28 00:00:00.0"
"Quirihue","Contrata","Educación","Contrata","Mariela del Carmen Figueroa Gutierrez","Docente","SIN INFORMACION","Contratados Sin Planta","Profesionales de La Educación Ley N°19.070","2018-11-01 00:00:00.0","2019-02-28 00:00:00.0"
"Quirihue","Contrata","Educación","Contrata","Gustavo Eduardo Henriquez Aravena","Docente","SIN INFORMACION","Contratados Sin Planta","Afectos Al Código del Trabajo","2019-07-12 00:00:00.0","2020-02-29 00:00:00.0"
"Quirihue","Contrata","Educación","Contrata","Cristian Marcelo Arrepol Santos","Docente","SIN INFORMACION","Contratados Sin Planta","Profesionales de La Educación Ley N°19.070","2019-04-01 00:00:00.0","2019-06-19 00:00:00.0"
"Quirihue","Contrata","Educación","Contrata","Maria Placencia  Torres","Docente","SIN INFORMACION","Contratados Sin Planta","Profesionales de La Educación Ley N°19.070","2018-03-12 00:00:00.0","2019-02-28 00:00:00.0"
"Quirihue","Contrata","Educación","Contrata","Rafael Alberto Marín Andrade","Docente","SIN INFORMACION","Contratados Sin Planta","Profesionales de La Educación Ley N°19.070","2018-03-01 00:00:00.0","2019-02-28 00:00:00.0"
"Quirihue","Contrata","Educación","Contrata","Maria Isabel Salgado  Rozas","Docente","SIN INFORMACION","Contratados Sin Planta","Profesionales de La Educación Ley N°19.070","2018-03-01 00:00:00.0","2019-02-28 00:00:00.0"
"Quirihue","Contrata","Educación","Contrata","Erik Alonso Canto  Mora","Docente","SIN INFORMACION","Contratados Sin Planta","Profesionales de La Educación Ley N°19.070","2018-03-01 00:00:00.0","2019-02-28 00:00:00.0"
"Quirihue","Contrata","Educación","Contrata","Hilda Angelica Candia Gonzalez","Asistente de La Educación","SIN INFORMACION","Contratados Sin Planta","Afectos Al Código del Trabajo","2018-03-05 00:00:00.0","2019-02-28 00:00:00.0"
"Quirihue","Contrata","Educación","Contrata","Marcelo Alejandro Sandoval Borquez","Docente","SIN INFORMACION","Contratados Sin Planta","Profesionales de La Educación Ley N°19.070","2019-06-01 00:00:00.0","2019-06-02 00:00:00.0"
"Quirihue","Contrata","Educación","Contrata","Carolina Patricia Valenzuela Rozas","Docente","SIN INFORMACION","Contratados Sin Planta","Profesionales de La Educación Ley N°19.070","2018-03-01 00:00:00.0","2019-02-28 00:00:00.0"
"Quirihue","Contrata","Educación","Contrata","Cristian Reinaldo Quezada Bustos","Docente","SIN INFORMACION","Contratados Sin Planta","Profesionales de La Educación Ley N°19.070","2018-03-01 00:00:00.0","2019-02-28 00:00:00.0"
"Quirihue","Contrata","Educación","Contrata","Malvina Ester Molina Moya","Asistente de La Educación","SIN INFORMACION","Contratados Sin Planta","Afectos Al Código del Trabajo","2018-03-06 00:00:00.0","2019-02-28 00:00:00.0"
"Quirihue","Contrata","Educación","Contrata","Urzula Angelica Valenzuela Oviedo","Docente","SIN INFORMACION","Contratados Sin Planta","Profesionales de La Educación Ley N°19.070","2018-03-01 00:00:00.0","2019-02-28 00:00:00.0"
"Quirihue","Contrata","Educación","Contrata","Julio Cesar Molina Vergara","Docente","SIN INFORMACION","Contratados Sin Planta","Profesionales de La Educación Ley N°19.070","2018-04-01 00:00:00.0","2019-02-28 00:00:00.0"
"Quirihue","Contrata","Educación","Contrata","Maria Eloina Bustos Santos","Asistente Parvularia","SIN INFORMACION","Contratados Sin Planta","Afectos Al Código del Trabajo","2018-04-09 00:00:00.0","2019-02-28 00:00:00.0"
"Quirihue","Contrata","Educación","Contrata","Alejandra Jimena Agurto Sanhueza","Docente","SIN INFORMACION","Contratados Sin Planta","Profesionales de La Educación Ley N°19.070","2018-03-01 00:00:00.0","2019-02-28 00:00:00.0"
"Quirihue","Contrata","Educación","Contrata","Roxelia Bastias  Henriquez","Auxiliar de Servicios Menores","SIN INFORMACION","Contratados Sin Planta","Asistentes de La Educación Ley N°19.464","2017-03-01 00:00:00.0","1900-01-01 00:00:00.0"
"Quirihue","Contrata","Educación","Contrata","Ivon Elcira Placencia Constazo","Docente","SIN INFORMACION","Contratados Sin Planta","Profesionales de La Educación Ley N°19.070","2018-03-01 00:00:00.0","2019-02-28 00:00:00.0"
"Quirihue","Contrata","Educación","Contrata","Ana Maria Sandoval Muñoz","Docente","SIN INFORMACION","Contratados Sin Planta","Profesionales de La Educación Ley N°19.070","2019-03-18 00:00:00.0","2020-02-29 00:00:00.0"
"Quirihue","Contrata","Educación","Contrata","Maria Agustina Sandoval Rios","Docente","SIN INFORMACION","Contratados Sin Planta","Profesionales de La Educación Ley N°19.070","2018-03-01 00:00:00.0","2019-02-28 00:00:00.0"
"Quirihue","Contrata","Educación","Contrata","Ramon Ignacio Duarte Espinoza","Maestro Albanil","SIN INFORMACION","Contratados Sin Planta","Afectos Al Código del Trabajo","2018-12-17 00:00:00.0","2019-01-17 00:00:00.0"
"Quirihue","Contrata","Educación","Contrata","Ricardo Andrés Oviedo Caro","Docente","SIN INFORMACION","Contratados Sin Planta","Profesionales de La Educación Ley N°19.070","2018-03-01 00:00:00.0","2019-02-28 00:00:00.0"
"Quirihue","Contrata","Educación","Contrata","Richard Andres  Aravena Ibarra","Auxiliar de Servicios Menores","SIN INFORMACION","Contratados Sin Planta","Asistentes de La Educación Ley N°19.464","2017-03-01 00:00:00.0","1900-01-01 00:00:00.0"
"Quirihue","Contrata","Educación","Contrata","Mirta Elena Sandoval Frnaco","Docente","SIN INFORMACION","Contratados Sin Planta","Profesionales de La Educación Ley N°19.070","2018-03-01 00:00:00.0","2019-02-28 00:00:00.0"
"Quirihue","Contrata","Educación","Contrata","Marina Crisostomo Pino","Docente","SIN INFORMACION","Contratados Sin Planta","Profesionales de La Educación Ley N°19.070","2018-03-12 00:00:00.0","2019-02-28 00:00:00.0"
"Quirihue","Contrata","Educación","Contrata","Sofia Fernanda Ester Escalona  Barrera","Docente","SIN INFORMACION","Contratados Sin Planta","Profesionales de La Educación Ley N°19.070","2018-03-01 00:00:00.0","2019-02-28 00:00:00.0"
"Quirihue","Contrata","Educación","Contrata","Denis Cristina Bustos Ojeda","Docente","SIN INFORMACION","Contratados Sin Planta","Profesionales de La Educación Ley N°19.070","2018-03-01 00:00:00.0","2019-02-28 00:00:00.0"
"Quirihue","Contrata","Educación","Contrata","Mary Selva Castillo San Martin","Docente","SIN INFORMACION","Contratados Sin Planta","Profesionales de La Educación Ley N°19.070","2018-03-01 00:00:00.0","2019-02-28 00:00:00.0"
"Quirihue","Contrata","Educación","Contrata","Luis Miguel Ramirez Placencia","Docente","SIN INFORMACION","Contratados Sin Planta","Profesionales de La Educación Ley N°19.070","2018-03-01 00:00:00.0","2019-02-28 00:00:00.0"
"Quirihue","Contrata","Educación","Contrata","Jennette Andrea  Suazo  Venegas","Docente","SIN INFORMACION","Contratados Sin Planta","Profesionales de La Educación Ley N°19.070","2018-03-01 00:00:00.0","2019-02-28 00:00:00.0"
"Quirihue","Contrata","Educación","Contrata","Catalina de Los Angeles Aravena Concha","Docente","SIN INFORMACION","Contratados Sin Planta","Profesionales de La Educación Ley N°19.070","2018-03-02 00:00:00.0","2019-02-28 00:00:00.0"
"Quirihue","Contrata","Educación","Contrata","Paola Andrea Hernandez Placencia","Asistente de La Educación","SIN INFORMACION","Contratados Sin Planta","Asistentes de La Educación Ley N°19.464","2019-10-23 00:00:00.0","2019-12-31 00:00:00.0"
"Quirihue","Contrata","Educación","Contrata","Natalia Campos Astudillo","Docente","SIN INFORMACION","Contratados Sin Planta","Profesionales de La Educación Ley N°19.070","2019-11-05 00:00:00.0","2019-12-03 00:00:00.0"
"Quirihue","Contrata","Educación","Contrata","Karina Andrea Carrasco Carrasco","Docente","SIN INFORMACION","Contratados Sin Planta","Profesionales de La Educación Ley N°19.070","2018-03-01 00:00:00.0","2019-02-28 00:00:00.0"
"Quirihue","Contrata","Educación","Contrata","Deisy Dayana del Carmen Vergara Vera","Docente","SIN INFORMACION","Contratados Sin Planta","Profesionales de La Educación Ley N°19.070","2018-03-01 00:00:00.0","2019-02-28 00:00:00.0"
"Quirihue","Contrata","Educación","Contrata","Daniela Andrea Andrades Inostroza","Docente","SIN INFORMACION","Contratados Sin Planta","Profesionales de La Educación Ley N°19.070","2018-03-01 00:00:00.0","2019-02-28 00:00:00.0"
"Quirihue","Contrata","Educación","Contrata","Helen Irribarra Cabrera","Docente","SIN INFORMACION","Contratados Sin Planta","Profesionales de La Educación Ley N°19.070","2018-03-01 00:00:00.0","2019-02-28 00:00:00.0"
"Quirihue","Contrata","Educación","Contrata","Paula Evelyn  Placencia  Alarcon","Docente","SIN INFORMACION","Contratados Sin Planta","Profesionales de La Educación Ley N°19.070","2018-03-19 00:00:00.0","2019-02-28 00:00:00.0"
"Quirihue","Contrata","Educación","Contrata","Mariela  Vargas  Rios","Docente","SIN INFORMACION","Contratados Sin Planta","Profesionales de La Educación Ley N°19.070","2019-03-01 00:00:00.0","2020-02-28 00:00:00.0"
"Quirihue","Contrata","Educación","Contrata","Felipe Andres Covarrubias Pizarro","Docente","SIN INFORMACION","Contratados Sin Planta","Profesionales de La Educación Ley N°19.070","2018-03-01 00:00:00.0","2019-02-28 00:00:00.0"
"Quirihue","Contrata","Educación","Contrata","Carla  Fuentealba Cuadra","Auxiliar de Servicios Menores","SIN INFORMACION","Contratados Sin Planta","Afectos Al Código del Trabajo","2018-03-06 00:00:00.0","2019-03-02 00:00:00.0"
"Quirihue","Contrata","Educación","Contrata","Yeimy Farat  Vera Rivera","Asistente de La Educación","SIN INFORMACION","Contratados Sin Planta","Afectos Al Código del Trabajo","2019-03-01 00:00:00.0","2020-02-29 00:00:00.0"
"Quirihue","Contrata","Educación","Contrata","Priscila Lorena  Villalobos Escalona","Docente","SIN INFORMACION","Contratados Sin Planta","Profesionales de La Educación Ley N°19.070","2018-03-12 00:00:00.0","2019-02-28 00:00:00.0"
"Quirihue","Contrata","Educación","Contrata","Fernando Alfonso  Monjes  Morales","Docente","SIN INFORMACION","Contratados Sin Planta","Profesionales de La Educación Ley N°19.070","2018-03-01 00:00:00.0","2019-02-28 00:00:00.0"
"Quirihue","Contrata","Educación","Contrata","Paula Ximena Salgado Urrutia","Docente","SIN INFORMACION","Contratados Sin Planta","Profesionales de La Educación Ley N°19.070","2018-03-01 00:00:00.0","2019-02-28 00:00:00.0"
"Quirihue","Contrata","Educación","Contrata","Jose Rodrigo Beltran Herrera","Encargado","SIN INFORMACION","Contratados Sin Planta","Afectos Al Código del Trabajo","2019-03-06 00:00:00.0","2020-02-29 00:00:00.0"
"Quirihue","Contrata","Educación","Contrata","Yohana Reineria Bustos Hernandez","Asistente de La Educación","SIN INFORMACION","Contratados Sin Planta","Asistentes de La Educación Ley N°19.464","2016-12-01 00:00:00.0","1900-01-01 00:00:00.0"
"Quirihue","Contrata","Educación","Contrata","Kimberly Dennisse Rivas Luarte","Docente","SIN INFORMACION","Contratados Sin Planta","Profesionales de La Educación Ley N°19.070","2019-03-01 00:00:00.0","2020-02-29 00:00:00.0"
"Quirihue","Contrata","Educación","Contrata","Valeska Angélica Pérez Retamal","Asistente de La Educación","SIN INFORMACION","Contratados Sin Planta","Asistentes de La Educación Ley N°19.464","2019-03-07 00:00:00.0","2019-08-23 00:00:00.0"
"Quirihue","Contrata","Educación","Contrata","Stephanie Andrea Godoy  Villagran","Docente","SIN INFORMACION","Contratados Sin Planta","Profesionales de La Educación Ley N°19.070","2018-03-01 00:00:00.0","2019-02-28 00:00:00.0"
"Quirihue","Contrata","Educación","Contrata","Claudia Andrea Curinao Sepulveda","Asistente de La Educación","SIN INFORMACION","Contratados Sin Planta","Afectos Al Código del Trabajo","2018-03-06 00:00:00.0","2019-02-28 00:00:00.0"
"Quirihue","Contrata","Educación","Contrata","Marcela Fernanda Espinoza Alvear","Auxiliar de Servicios","SIN INFORMACION","Contratados Sin Planta","Asistentes de La Educación Ley N°19.464","2019-08-21 00:00:00.0","2019-12-31 00:00:00.0"
"Quirihue","Contrata","Educación","Contrata","Flor Lorena  Rifo Segura","Docente","SIN INFORMACION","Contratados Sin Planta","Profesionales de La Educación Ley N°19.070","2018-03-01 00:00:00.0","2019-02-28 00:00:00.0"
"Quirihue","Contrata","Educación","Contrata","Karen Andrea Campos Espinoza","Docente","SIN INFORMACION","Contratados Sin Planta","Profesionales de La Educación Ley N°19.070","2019-03-05 00:00:00.0","2020-02-29 00:00:00.0"
"Quirihue","Contrata","Educación","Contrata","Jeannette  Neira Alarcon","Docente","SIN INFORMACION","Contratados Sin Planta","Profesionales de La Educación Ley N°19.070","2018-03-01 00:00:00.0","2019-02-28 00:00:00.0"
"Quirihue","Contrata","Educación","Contrata","Fernando Santino Joos Salgado","Docente","SIN INFORMACION","Contratados Sin Planta","Profesionales de La Educación Ley N°19.070","2018-03-01 00:00:00.0","2019-02-28 00:00:00.0"
"Quirihue","Contrata","Educación","Contrata","Edison Emilio Roa Mardones","Docente","SIN INFORMACION","Contratados Sin Planta","Profesionales de La Educación Ley N°19.070","2018-03-01 00:00:00.0","2019-02-28 00:00:00.0"
"Quirihue","Contrata","Educación","Contrata","Gustavo Adolfo Placencia Retamal","Fonoaudiologo","SIN INFORMACION","Contratados Sin Planta","Afectos Al Código del Trabajo","2018-04-02 00:00:00.0","2019-02-28 00:00:00.0"
"Quirihue","Contrata","Educación","Contrata","Shamara Alejandra Bustos Sobarzo","Docente","SIN INFORMACION","Contratados Sin Planta","Profesionales de La Educación Ley N°19.070","2018-03-01 00:00:00.0","2019-02-28 00:00:00.0"
"Quirihue","Contrata","Educación","Contrata","Katherine Goret Cuevas Oviedo","Docente","SIN INFORMACION","Contratados Sin Planta","Profesionales de La Educación Ley N°19.070","2018-03-01 00:00:00.0","2019-02-28 00:00:00.0"
"Quirihue","Contrata","Educación","Contrata","Marcela Alejandra Villa Sepulveda","Docente","SIN INFORMACION","Contratados Sin Planta","Profesionales de La Educación Ley N°19.070","2018-03-01 00:00:00.0","2019-02-28 00:00:00.0"
"Quirihue","Contrata","Educación","Contrata","Francisco Javier Toro Azocar","Docente","SIN INFORMACION","Contratados Sin Planta","Profesionales de La Educación Ley N°19.070","2018-03-01 00:00:00.0","2019-02-28 00:00:00.0"
"Quirihue","Contrata","Educación","Contrata","Angelica Maria Acevedo Pereira","Docente","SIN INFORMACION","Contratados Sin Planta","Profesionales de La Educación Ley N°19.070","2018-03-01 00:00:00.0","2019-02-28 00:00:00.0"
"Quirihue","Contrata","Educación","Contrata","Nathalia Ivonne Montecinos Gonzalez","Docente","SIN INFORMACION","Contratados Sin Planta","Profesionales de La Educación Ley N°19.070","2018-05-22 00:00:00.0","1900-01-01 00:00:00.0"
"Quirihue","Contrata","Educación","Contrata","Allan Frank Riquelme Muñoz","Docente","SIN INFORMACION","Contratados Sin Planta","Profesionales de La Educación Ley N°19.070","2018-03-01 00:00:00.0","2019-02-28 00:00:00.0"
"Quirihue","Contrata","Educación","Contrata","Jorge Ramon Roa Castillo","Docente","SIN INFORMACION","Contratados Sin Planta","Profesionales de La Educación Ley N°19.070","2018-03-01 00:00:00.0","2019-02-28 00:00:00.0"
"Quirihue","Contrata","Educación","Contrata","Paulina Debora Ancan Bao","Docente","SIN INFORMACION","Contratados Sin Planta","Profesionales de La Educación Ley N°19.070","2018-03-01 00:00:00.0","2019-02-28 00:00:00.0"
"Quirihue","Contrata","Educación","Contrata","Roberto Andres Ferrada Venegas","Docente","SIN INFORMACION","Contratados Sin Planta","Profesionales de La Educación Ley N°19.070","2019-05-02 00:00:00.0","1900-01-01 00:00:00.0"
"Quirihue","Contrata","Educación","Contrata","Veronica Roxana de Lourdes Valdes Aravena","Psicopedagogo","SIN INFORMACION","Contratados Sin Planta","Afectos Al Código del Trabajo","2018-03-01 00:00:00.0","2019-02-28 00:00:00.0"
"Quirihue","Contrata","Educación","Contrata","Jose Antonio Ramirez Ramirez","Docente","SIN INFORMACION","Contratados Sin Planta","Profesionales de La Educación Ley N°19.070","2018-03-01 00:00:00.0","2019-02-28 00:00:00.0"
"Quirihue","Contrata","Educación","Contrata","Jocelyn Alejandra Guerrero Caceres","Docente","SIN INFORMACION","Contratados Sin Planta","Profesionales de La Educación Ley N°19.070","2018-03-01 00:00:00.0","2019-02-28 00:00:00.0"
"Quirihue","Contrata","Educación","Contrata","Marianela  Alejandra Espinoza Ortiz","Docente","SIN INFORMACION","Contratados Sin Planta","Profesionales de La Educación Ley N°19.070","2018-03-01 00:00:00.0","2019-02-28 00:00:00.0"
"Quirihue","Contrata","Educación","Contrata","César Eduardo Rivas Rivas","Docente","SIN INFORMACION","Contratados Sin Planta","Profesionales de La Educación Ley N°19.070","2018-03-01 00:00:00.0","2019-02-28 00:00:00.0"
"Quirihue","Contrata","Educación","Contrata","Marcela Andrea Reyes Barrera","Docente","SIN INFORMACION","Contratados Sin Planta","Profesionales de La Educación Ley N°19.070","2018-03-01 00:00:00.0","2019-02-28 00:00:00.0"
"Quirihue","Contrata","Educación","Contrata","Mackarena de Lourdes Rivas Torres","Asistente de La Educación","SIN INFORMACION","Contratados Sin Planta","Afectos Al Código del Trabajo","2019-03-16 00:00:00.0","2020-02-29 00:00:00.0"
"Quirihue","Contrata","Educación","Contrata","Marlen Rocio Cadenas Vera","Docente","SIN INFORMACION","Contratados Sin Planta","Profesionales de La Educación Ley N°19.070","2018-03-01 00:00:00.0","2019-02-28 00:00:00.0"
"Quirihue","Contrata","Educación","Contrata","Juan Pablo  Alarcon Rodriguez","Docente","SIN INFORMACION","Contratados Sin Planta","Profesionales de La Educación Ley N°19.070","2019-03-01 00:00:00.0","2020-02-29 00:00:00.0"
"Quirihue","Contrata","Educación","Contrata","Felipe Andrés Ojeda Torres","Docente","SIN INFORMACION","Contratados Sin Planta","Profesionales de La Educación Ley N°19.070","2018-03-01 00:00:00.0","2019-02-28 00:00:00.0"
"Quirihue","Contrata","Educación","Contrata","Adela del Carmen Avila Fuentes","Asistente de La Educación","SIN INFORMACION","Contratados Sin Planta","Asistentes de La Educación Ley N°19.464","2019-05-14 00:00:00.0","2019-11-06 00:00:00.0"
"Quirihue","Contrata","Educación","Contrata","Felipe Antonio Pérez Retamal","Docente","SIN INFORMACION","Contratados Sin Planta","Profesionales de La Educación Ley N°19.070","2018-03-01 00:00:00.0","2019-02-28 00:00:00.0"
"Quirihue","Contrata","Educación","Contrata","Katerin Andrea Pérez Vargas","Docente","SIN INFORMACION","Contratados Sin Planta","Profesionales de La Educación Ley N°19.070","2018-03-01 00:00:00.0","2019-02-28 00:00:00.0"
"Quirihue","Contrata","Educación","Contrata","Jonathan Alfredo Escobar Bustos","Auxiliar de Servicios Menores","SIN INFORMACION","Contratados Sin Planta","Afectos Al Código del Trabajo","2019-01-06 00:00:00.0","2019-02-28 00:00:00.0"
"Quirihue","Contrata","Educación","Contrata","Ana Maria Vargas Palma","Terapeuta Ocupacional","SIN INFORMACION","Contratados Sin Planta","Afectos Al Código del Trabajo","2017-03-06 00:00:00.0","1900-01-01 00:00:00.0"
"Quirihue","Contrata","Educación","Contrata","Luis Felipe Suarez  Arancibia","Docente","SIN INFORMACION","Contratados Sin Planta","Profesionales de La Educación Ley N°19.070","2018-11-21 00:00:00.0","1900-01-01 00:00:00.0"
"Quirihue","Contrata","Educación","Contrata","Estefania Alejandra Hernandez Canales","Docente","SIN INFORMACION","Contratados Sin Planta","Profesionales de La Educación Ley N°19.070","2019-03-26 00:00:00.0","2020-02-29 00:00:00.0"
"Quirihue","Contrata","Educación","Contrata","Maria Cristina Chandia Irribarra","Docente","SIN INFORMACION","Contratados Sin Planta","Profesionales de La Educación Ley N°19.070","2018-03-01 00:00:00.0","2019-02-28 00:00:00.0"
"Quirihue","Contrata","Educación","Contrata","Juanita Macarena Nova Placencia","Docente","SIN INFORMACION","Contratados Sin Planta","Profesionales de La Educación Ley N°19.070","2018-03-01 00:00:00.0","2019-02-28 00:00:00.0"
"Quirihue","Contrata","Educación","Contrata","Ruth Steffy Gavilan  Sandoval","Docente","SIN INFORMACION","Contratados Sin Planta","Profesionales de La Educación Ley N°19.070","2018-03-01 00:00:00.0","2019-02-28 00:00:00.0"
"Quirihue","Contrata","Educación","Contrata","Evelin Margarita  Alarcon Jara","Docente","SIN INFORMACION","Contratados Sin Planta","Profesionales de La Educación Ley N°19.070","2018-03-01 00:00:00.0","2019-02-28 00:00:00.0"
"Quirihue","Contrata","Educación","Contrata","Evelyn Eliana Velozo Pantoja","Asistente de La Educación","SIN INFORMACION","Contratados Sin Planta","Afectos Al Código del Trabajo","2018-03-01 00:00:00.0","2019-02-28 00:00:00.0"
"Quirihue","Contrata","Educación","Contrata","Maricel Jimena  Sandoval Mu¿oz","Docente","SIN INFORMACION","Contratados Sin Planta","Profesionales de La Educación Ley N°19.070","2018-03-01 00:00:00.0","2019-02-28 00:00:00.0"
"Quirihue","Contrata","Educación","Contrata","Marcelo Andres Santos Barrera","Auxiliar de Servicios Menores","SIN INFORMACION","Contratados Sin Planta","Asistentes de La Educación Ley N°19.464","2017-03-01 00:00:00.0","1900-01-01 00:00:00.0"
"Quirihue","Contrata","Educación","Contrata","Wilson Eduardo Escalona Escalona","Fonoaudiologo","SIN INFORMACION","Contratados Sin Planta","Afectos Al Código del Trabajo","2019-03-11 00:00:00.0","2020-02-29 00:00:00.0"
"Quirihue","Contrata","Educación","Contrata","Lizbeth Macarena  Faundez Barrera","Docente","SIN INFORMACION","Contratados Sin Planta","Profesionales de La Educación Ley N°19.070","2018-03-01 00:00:00.0","2019-02-28 00:00:00.0"
"Quirihue","Contrata","Educación","Contrata","Liliana Isabel Garrido Bastias","Docente","SIN INFORMACION","Contratados Sin Planta","Profesionales de La Educación Ley N°19.070","2018-03-12 00:00:00.0","2019-02-28 00:00:00.0"
"Quirihue","Contrata","Educación","Contrata","Gerardo Alfredo Sandoval Aguilera","Docente","SIN INFORMACION","Contratados Sin Planta","Profesionales de La Educación Ley N°19.070","2018-03-01 00:00:00.0","2019-02-28 00:00:00.0"
"Quirihue","Contrata","Educación","Contrata","Nicolle Escarlett Muñoz Sandoval","Docente","SIN INFORMACION","Contratados Sin Planta","Profesionales de La Educación Ley N°19.070","2018-03-01 00:00:00.0","2019-02-28 00:00:00.0"
"Quirihue","Contrata","Educación","Contrata","Patricio Fernando Sepulveda Quezada","Docente","SIN INFORMACION","Contratados Sin Planta","Profesionales de La Educación Ley N°19.070","2018-03-01 00:00:00.0","2019-02-28 00:00:00.0"
"Quirihue","Contrata","Educación","Contrata","Fadmy Rocio Hizmeri Blanco","Psicólogo","SIN INFORMACION","Contratados Sin Planta","Afectos Al Código del Trabajo","2018-03-13 00:00:00.0","2019-02-28 00:00:00.0"
"Quirihue","Contrata","Educación","Contrata","Mari-jo Saravia Agurto","Docente","SIN INFORMACION","Contratados Sin Planta","Profesionales de La Educación Ley N°19.070","2018-04-02 00:00:00.0","2019-02-28 00:00:00.0"
"Quirihue","Contrata","Educación","Contrata","Katheryn Maria Carrillo de La Hoz","Docente","SIN INFORMACION","Contratados Sin Planta","Profesionales de La Educación Ley N°19.070","2018-03-01 00:00:00.0","2019-02-28 00:00:00.0"
"Quirihue","Contrata","Educación","Contrata","Juan Luis  Villouta Campos","Docente","SIN INFORMACION","Contratados Sin Planta","Profesionales de La Educación Ley N°19.070","2018-03-01 00:00:00.0","2019-02-28 00:00:00.0"
"Quirihue","Contrata","Educación","Contrata","Christopher Alexis Fuentealba Baeza","Docente","SIN INFORMACION","Contratados Sin Planta","Profesionales de La Educación Ley N°19.070","2018-03-01 00:00:00.0","2019-02-28 00:00:00.0"
"Quirihue","Contrata","Educación","Contrata","Miguel Humberto Gajardo Obinu","Monitor","SIN INFORMACION","Contratados Sin Planta","Afectos Al Código del Trabajo","2019-09-02 00:00:00.0","2020-02-29 00:00:00.0"
"Quirihue","Contrata","Educación","Contrata","Rodrigo  Gomez Molina","Docente","SIN INFORMACION","Contratados Sin Planta","Profesionales de La Educación Ley N°19.070","2018-03-01 00:00:00.0","2019-02-28 00:00:00.0"
"Quirihue","Contrata","Educación","Contrata","Valeria Cleopatra Alexandra Elgueta Irribarra","Docente","SIN INFORMACION","Contratados Sin Planta","Profesionales de La Educación Ley N°19.070","2018-03-01 00:00:00.0","2019-02-28 00:00:00.0"
"Quirihue","Contrata","Educación","Contrata","Maria Jose Arellano Molina","Docente","SIN INFORMACION","Contratados Sin Planta","Profesionales de La Educación Ley N°19.070","2018-03-01 00:00:00.0","2019-02-28 00:00:00.0"
"Quirihue","Contrata","Educación","Contrata","Maricel Yesenia Cerro Chavez","Docente","SIN INFORMACION","Contratados Sin Planta","Profesionales de La Educación Ley N°19.070","2018-03-01 00:00:00.0","2019-02-28 00:00:00.0"
"Quirihue","Contrata","Educación","Contrata","Patricia Alejandra Rios  Lagos","Docente","SIN INFORMACION","Contratados Sin Planta","Profesionales de La Educación Ley N°19.070","2018-03-01 00:00:00.0","2019-02-28 00:00:00.0"
"Quirihue","Contrata","Educación","Contrata","Alexandra Carolina Escares Venegas","Docente","SIN INFORMACION","Contratados Sin Planta","Profesionales de La Educación Ley N°19.070","2019-03-01 00:00:00.0","2020-02-29 00:00:00.0"
"Quirihue","Contrata","Educación","Contrata","Raul Andres Silva Montecinos","Asistente de La Educación","SIN INFORMACION","Contratados Sin Planta","Asistentes de La Educación Ley N°19.464","2019-04-01 00:00:00.0","2020-02-29 00:00:00.0"
"Quirihue","Contrata","Educación","Contrata","Francisco Javier Joos Salgado","Monitor","SIN INFORMACION","Contratados Sin Planta","Afectos Al Código del Trabajo","2018-04-02 00:00:00.0","2019-02-28 00:00:00.0"
"Quirihue","Contrata","Educación","Contrata","Camila  Irribarra Salgado","Fonoaudiologo","SIN INFORMACION","Contratados Sin Planta","Afectos Al Código del Trabajo","2018-03-12 00:00:00.0","2019-02-28 00:00:00.0"
"Quirihue","Contrata","Educación","Contrata","Claudio Andres Lineros Gonzalez","Docente","SIN INFORMACION","Contratados Sin Planta","Profesionales de La Educación Ley N°19.070","2018-03-01 00:00:00.0","2019-02-28 00:00:00.0"
"Quirihue","Contrata","Educación","Contrata","Lissette de Las Rosa  Manriquez Fernandez","Docente","SIN INFORMACION","Contratados Sin Planta","Profesionales de La Educación Ley N°19.070","2018-03-01 00:00:00.0","2019-02-28 00:00:00.0"
"Quirihue","Contrata","Educación","Contrata","Daniela Alejandra Espinoza Alarcon","Asistente Parvularia","SIN INFORMACION","Contratados Sin Planta","Afectos Al Código del Trabajo","2019-01-02 00:00:00.0","2019-01-31 00:00:00.0"
"Quirihue","Contrata","Educación","Contrata","Karina Alejandra Arriagada Monsalve","Asistente de La Educación","SIN INFORMACION","Contratados Sin Planta","Asistentes de La Educación Ley N°19.464","2019-03-28 00:00:00.0","2020-02-29 00:00:00.0"
"Quirihue","Contrata","Educación","Contrata","Marilyn Lisandra Irribarra Silva","Auxiliar de Servicios Menores","SIN INFORMACION","Contratados Sin Planta","Asistentes de La Educación Ley N°19.464","2019-04-15 00:00:00.0","2019-07-30 00:00:00.0"
"Quirihue","Contrata","Educación","Contrata","Scarllett Carrasco Parra","Docente","SIN INFORMACION","Contratados Sin Planta","Profesionales de La Educación Ley N°19.070","2018-03-01 00:00:00.0","2019-02-28 00:00:00.0"
"Quirihue","Contrata","Educación","Contrata","Andrea Alarcon Inostroza","Asistente de La Educación","SIN INFORMACION","Contratados Sin Planta","Afectos Al Código del Trabajo","2019-03-05 00:00:00.0","2019-06-03 00:00:00.0"
"Quirihue","Contrata","Educación","Contrata","Yenifer Nicole Rojas Sepulveda","Docente","SIN INFORMACION","Contratados Sin Planta","Profesionales de La Educación Ley N°19.070","2018-03-01 00:00:00.0","2019-02-28 00:00:00.0"
"Quirihue","Contrata","Educación","Contrata","Carolina Andrea Rivas Fernandez","Asistente de La Educación","SIN INFORMACION","Contratados Sin Planta","Afectos Al Código del Trabajo","2019-05-14 00:00:00.0","2019-12-31 00:00:00.0"
"Quirihue","Contrata","Educación","Contrata","Valeska Soledad Cisterna  Franco","Docente","SIN INFORMACION","Contratados Sin Planta","Profesionales de La Educación Ley N°19.070","2018-03-01 00:00:00.0","2019-02-28 00:00:00.0"
"Quirihue","Contrata","Educación","Contrata","Paulina Gemita Venegas Torres","Docente","SIN INFORMACION","Contratados Sin Planta","Profesionales de La Educación Ley N°19.070","2018-04-05 00:00:00.0","2019-02-28 00:00:00.0"
"Quirihue","Contrata","Educación","Contrata","Patricia Zapata Neira","Fonoaudiologo","SIN INFORMACION","Contratados Sin Planta","Asistentes de La Educación Ley N°19.464","2018-03-05 00:00:00.0","2019-02-28 00:00:00.0"
"Quirihue","Contrata","Educación","Contrata","Paulina  Vergara  Zapata","Docente","SIN INFORMACION","Contratados Sin Planta","Profesionales de La Educación Ley N°19.070","2018-03-01 00:00:00.0","2019-02-28 00:00:00.0"
"Quirihue","Contrata","Educación","Contrata","Claudia Sofia Vasquez Garcia","Psicólogo","SIN INFORMACION","Contratados Sin Planta","Afectos Al Código del Trabajo","2018-09-01 00:00:00.0","2019-02-28 00:00:00.0"
"Quirihue","Contrata","Educación","Contrata","Maria Fernanda  Fuentes Vera","Docente","SIN INFORMACION","Contratados Sin Planta","Profesionales de La Educación Ley N°19.070","2018-03-01 00:00:00.0","2019-02-28 00:00:00.0"
"Quirihue","Contrata","Educación","Contrata","Jocelin de La Torre de La Torre","Docente","SIN INFORMACION","Contratados Sin Planta","Profesionales de La Educación Ley N°19.070","2018-03-01 00:00:00.0","2019-02-28 00:00:00.0"
"Quirihue","Contrata","Educación","Contrata","Maria Graciela Moraga Llanos","Docente","SIN INFORMACION","Contratados Sin Planta","Profesionales de La Educación Ley N°19.070","2018-03-01 00:00:00.0","2019-02-28 00:00:00.0"
"Quirihue","Contrata","Educación","Contrata","Sara Antonia Roa Silva","Docente","SIN INFORMACION","Contratados Sin Planta","Profesionales de La Educación Ley N°19.070","2018-03-01 00:00:00.0","2019-02-28 00:00:00.0"
"Quirihue","Contrata","Educación","Contrata","Maria Deisy  Garrido Inostroza","Docente","SIN INFORMACION","Contratados Sin Planta","Profesionales de La Educación Ley N°19.070","2018-03-01 00:00:00.0","2019-02-28 00:00:00.0"
"Quirihue","Contrata","Educación","Contrata","Adan Patricio Rifo Segura","Monitor","SIN INFORMACION","Contratados Sin Planta","Afectos Al Código del Trabajo","2018-04-05 00:00:00.0","2019-02-28 00:00:00.0"
"Quirihue","Contrata","Educación","Contrata","Luis Felipe Riveros Garrido","Docente","SIN INFORMACION","Contratados Sin Planta","Profesionales de La Educación Ley N°19.070","2018-03-01 00:00:00.0","2019-02-28 00:00:00.0"
"Quirihue","Contrata","Educación","Contrata","Jacqueline  Alejandra Leyton Luengo","Docente","SIN INFORMACION","Contratados Sin Planta","Profesionales de La Educación Ley N°19.070","2018-03-01 00:00:00.0","2019-02-28 00:00:00.0"
"Quirihue","Contrata","Educación","Contrata","Cinthia Caterinne Espinoza Caceres","Auxiliar de Servicios Menores","SIN INFORMACION","Contratados Sin Planta","Afectos Al Código del Trabajo","2018-06-07 00:00:00.0","2019-02-28 00:00:00.0"
"Quirihue","Contrata","Educación","Contrata","Alexandra Estefania Reyes Barrera","Docente","SIN INFORMACION","Contratados Sin Planta","Profesionales de La Educación Ley N°19.070","2018-03-05 00:00:00.0","2019-02-28 00:00:00.0"
"Quirihue","Contrata","Educación","Contrata","Bárbara Jimena Pantoja Parra","Docente","SIN INFORMACION","Contratados Sin Planta","Profesionales de La Educación Ley N°19.070","2018-03-01 00:00:00.0","2019-02-28 00:00:00.0"
"Quirihue","Contrata","Educación","Contrata","Marcela del Carmen Inostroza Fuentes","Docente","SIN INFORMACION","Contratados Sin Planta","Profesionales de La Educación Ley N°19.070","2018-07-20 00:00:00.0","1900-01-01 00:00:00.0"
"Quirihue","Contrata","Educación","Contrata","Valentina Elizabeth de Lourdes Vasquez Hernandez","Profesional","SIN INFORMACION","Contratados Sin Planta","Afectos Al Código del Trabajo","2017-01-01 00:00:00.0","1900-01-01 00:00:00.0"
"Quirihue","Contrata","Educación","Contrata","Marcia Camila Placencia Retamal","Docente","SIN INFORMACION","Contratados Sin Planta","Profesionales de La Educación Ley N°19.070","2019-04-01 00:00:00.0","2020-02-29 00:00:00.0"
"Quirihue","Contrata","Educación","Contrata","Natalia Alexandra Sánchez Rivas","Docente","SIN INFORMACION","Contratados Sin Planta","Profesionales de La Educación Ley N°19.070","2018-10-13 00:00:00.0","2019-02-28 00:00:00.0"
"Quirihue","Contrata","Educación","Contrata","Maria Fernanda Vera Concha","Asistente Parvularia","SIN INFORMACION","Contratados Sin Planta","Afectos Al Código del Trabajo","2019-04-08 00:00:00.0","2019-07-31 00:00:00.0"
"Quirihue","Contrata","Educación","Contrata","Carolina Andrea Vasquez Briones","Docente","SIN INFORMACION","Contratados Sin Planta","Profesionales de La Educación Ley N°19.070","2018-03-01 00:00:00.0","2019-02-28 00:00:00.0"
"Quirihue","Contrata","Educación","Contrata","Grisel Rocio Romero Pe¿a","Asistente Parvularia","SIN INFORMACION","Contratados Sin Planta","Afectos Al Código del Trabajo","2018-12-06 00:00:00.0","2019-01-04 00:00:00.0"
"Quirihue","Contrata","Educación","Contrata","Alejandro Yahir Benitez Constanzo","Docente","SIN INFORMACION","Contratados Sin Planta","Profesionales de La Educación Ley N°19.070","2018-03-01 00:00:00.0","2019-02-28 00:00:00.0"
"Quirihue","Contrata","Educación","Contrata","Katerine Andrea Concha Gallegos","Docente","SIN INFORMACION","Contratados Sin Planta","Profesionales de La Educación Ley N°19.070","2018-03-01 00:00:00.0","2019-02-28 00:00:00.0"
"Quirihue","Contrata","Educación","Contrata","Estefania Margarita Canales Mu¿oz","Docente","SIN INFORMACION","Contratados Sin Planta","Profesionales de La Educación Ley N°19.070","2019-03-12 00:00:00.0","1900-01-01 00:00:00.0"
"Quirihue","Contrata","Educación","Contrata","Makarena Ines Acuña Landeros","Docente","SIN INFORMACION","Contratados Sin Planta","Profesionales de La Educación Ley N°19.070","2018-07-06 00:00:00.0","1900-01-01 00:00:00.0"
"Quirihue","Contrata","Educación","Contrata","Marcelo Sebastián Sandoval Cruces","Docente","SIN INFORMACION","Contratados Sin Planta","Profesionales de La Educación Ley N°19.070","2018-03-01 00:00:00.0","2019-02-28 00:00:00.0"
"Quirihue","Contrata","Educación","Contrata","Masiel Estefania Hernandez Placencia","Docente","SIN INFORMACION","Contratados Sin Planta","Profesionales de La Educación Ley N°19.070","2019-04-29 00:00:00.0","1900-01-01 00:00:00.0"
"Quirihue","Contrata","Educación","Contrata","Boris Rodrigo Torres Vega","Docente","SIN INFORMACION","Contratados Sin Planta","Profesionales de La Educación Ley N°19.070","2018-03-12 00:00:00.0","2019-02-28 00:00:00.0"
"Quirihue","Contrata","Educación","Contrata","Evelin Alexsandra Urrutia Romero","Administrativo","SIN INFORMACION","Contratados Sin Planta","Afectos Al Código del Trabajo","2019-03-01 00:00:00.0","2019-04-11 00:00:00.0"
"Quirihue","Contrata","Educación","Contrata","Miguel Angel Medina Morales","Auxiliar de Servicios Menores","SIN INFORMACION","Contratados Sin Planta","Asistentes de La Educación Ley N°19.464","2017-03-01 00:00:00.0","1900-01-01 00:00:00.0"
"Quirihue","Contrata","Educación","Contrata","Pia Valentina Araya  Morales","Docente","SIN INFORMACION","Contratados Sin Planta","Profesionales de La Educación Ley N°19.070","2019-06-15 00:00:00.0","2019-09-06 00:00:00.0"
"Quirihue","Contrata","Educación","Contrata","Pamela Belen Valencia Landeros","Nutricionista","SIN INFORMACION","Contratados Sin Planta","Afectos Al Código del Trabajo","2019-03-18 00:00:00.0","2020-02-29 00:00:00.0"
"Quirihue","Contrata","Educación","Contrata","Cervante Ignacio Sandoval Saldias","Docente","SIN INFORMACION","Contratados Sin Planta","Profesionales de La Educación Ley N°19.070","2019-03-11 00:00:00.0","2019-04-30 00:00:00.0"
"Quirihue","Contrata","Educación","Contrata","Camila Nicole Gutierrez Sanhueza","Docente","SIN INFORMACION","Contratados Sin Planta","Profesionales de La Educación Ley N°19.070","2018-03-05 00:00:00.0","2019-02-28 00:00:00.0"
"Quirihue","Contrata","Educación","Contrata","Monica Andrea Fuentes  Aguayo","Docente","SIN INFORMACION","Contratados Sin Planta","Profesionales de La Educación Ley N°19.070","2019-06-11 00:00:00.0","1900-01-01 00:00:00.0"
"Quirihue","Contrata","Educación","Contrata","Fernanda Rocio Irribarra Molina","Docente","SIN INFORMACION","Contratados Sin Planta","Profesionales de La Educación Ley N°19.070","2019-03-01 00:00:00.0","2020-02-29 00:00:00.0"
"Quirihue","Contrata","Educación","Contrata","Carolina Francisca Ivone  Saavedra Vera","Docente","SIN INFORMACION","Contratados Sin Planta","Profesionales de La Educación Ley N°19.070","2019-03-01 00:00:00.0","2020-02-29 00:00:00.0"
"Quirihue","Contrata","Educación","Contrata","Valentina Sofia Mu¿oz Alarcon","Docente","SIN INFORMACION","Contratados Sin Planta","Profesionales de La Educación Ley N°19.070","2019-03-06 00:00:00.0","1900-01-01 00:00:00.0"
"Quirihue","Contrata","Educación","Contrata","Carolayn Alejandra Fuentes Garcia","Asistente de La Educación","SIN INFORMACION","Contratados Sin Planta","Afectos Al Código del Trabajo","2018-03-01 00:00:00.0","2019-02-28 00:00:00.0"
"Quirihue","Contrata","Educación","Contrata","Estefany Alejandra Irribarra Palavecino","Asistente de La Educación","SIN INFORMACION","Contratados Sin Planta","Afectos Al Código del Trabajo","2018-03-06 00:00:00.0","2019-02-28 00:00:00.0"
"Quirihue","Contrata","Educación","Contrata","Carolina Andrea Urrutia  Diaz","Asistente de La Educación","SIN INFORMACION","Contratados Sin Planta","Afectos Al Código del Trabajo","2018-03-06 00:00:00.0","2019-02-28 00:00:00.0"
"Quirihue","Contrata","Educación","Contrata","Valeria Fernanda Concha Nova","Terapeuta Ocupacional","SIN INFORMACION","Contratados Sin Planta","Afectos Al Código del Trabajo","2019-05-17 00:00:00.0","2019-10-31 00:00:00.0"
"Quirihue","Contrata","Educación","Contrata","Yeniffer Romina  Castillo Parra","Asistente de La Educación","SIN INFORMACION","Contratados Sin Planta","Afectos Al Código del Trabajo","2019-03-19 00:00:00.0","2020-02-29 00:00:00.0"
"Quirihue","Contrata","Educación","Contrata","Jimena Soledad Espinoza Caceres","Asistente de La Educación","SIN INFORMACION","Contratados Sin Planta","Afectos Al Código del Trabajo","2018-03-07 00:00:00.0","2019-02-28 00:00:00.0"
"Quirihue","Contrata","Educación","Contrata","Maciel Elizabeth Carvajal  Constanzo","Asistente Parvularia","SIN INFORMACION","Contratados Sin Planta","Afectos Al Código del Trabajo","2018-12-12 00:00:00.0","2019-01-31 00:00:00.0"
"Quirihue","Contrata","Educación","Contrata","Ivan Emilio Jose Echeverria Herrera","Auxiliar de Servicios Menores","SIN INFORMACION","Contratados Sin Planta","Afectos Al Código del Trabajo","2019-01-03 00:00:00.0","2019-02-28 00:00:00.0"
"Quirihue","Contrata","Educación","Contrata","Alla Mialo","Asistente de La Educación","SIN INFORMACION","Contratados Sin Planta","Afectos Al Código del Trabajo","2019-03-11 00:00:00.0","2020-02-29 00:00:00.0"
"Quirihue","Contrata","Educación","Contrata","Emilia Ester Aravena Torres","Docente","SIN INFORMACION","Contratados Sin Planta","Profesionales de La Educación Ley N°19.070","2018-03-01 00:00:00.0","2019-02-28 00:00:00.0"
"Quirihue","Contrata","Educación","Contrata","Manuel Ramon Valencia Rivas","Docente","SIN INFORMACION","Contratados Sin Planta","Profesionales de La Educación Ley N°19.070","2019-03-11 00:00:00.0","2020-02-29 00:00:00.0"
"Quirihue","Contrata","Educación","Contrata","Raul Humberto Herrera Mella","Docente","SIN INFORMACION","Contratados Sin Planta","Profesionales de La Educación Ley N°19.070","2018-03-01 00:00:00.0","2019-02-28 00:00:00.0"
"Quirihue","Contrata","Educación","Contrata","Marta Irene Vega Salgado","Docente","SIN INFORMACION","Contratados Sin Planta","Profesionales de La Educación Ley N°19.070","2018-03-01 00:00:00.0","2019-02-28 00:00:00.0"
"Quirihue","Contrata","Educación","Contrata","Luis Rodrigo Saavedra Vargas","Docente","SIN INFORMACION","Contratados Sin Planta","Profesionales de La Educación Ley N°19.070","2018-03-09 00:00:00.0","2019-02-28 00:00:00.0"
"Quirihue","Contrata","Educación","Contrata","Dora Lidia Arriagada Arriagada","Docente","SIN INFORMACION","Contratados Sin Planta","Profesionales de La Educación Ley N°19.070","2018-03-01 00:00:00.0","2019-02-28 00:00:00.0"
"Quirihue","Contrata","Educación","Contrata","Marta del Carmen Urrutia Alarcon","Docente","SIN INFORMACION","Contratados Sin Planta","Profesionales de La Educación Ley N°19.070","2018-03-01 00:00:00.0","2019-02-28 00:00:00.0"
"Quirihue","Contrata","Educación","Contrata","Roberto del Carmen Venegas Hernandez","Docente","SIN INFORMACION","Contratados Sin Planta","Profesionales de La Educación Ley N°19.070","2018-03-19 00:00:00.0","2019-02-28 00:00:00.0"
"Quirihue","Contrata","Educación","Contrata","Violeta del Carmen Gatica Fuentes","Docente","SIN INFORMACION","Contratados Sin Planta","Profesionales de La Educación Ley N°19.070","2018-03-01 00:00:00.0","2019-02-28 00:00:00.0"
"Quirihue","Contrata","Educación","Contrata","Diego Raul Garrido Acuña","Docente","SIN INFORMACION","Contratados Sin Planta","Profesionales de La Educación Ley N°19.070","2018-03-01 00:00:00.0","2019-02-28 00:00:00.0"
"Quirihue","Contrata","Educación","Contrata","Joel Alejandro Vasquez Zuñiga","Docente","SIN INFORMACION","Contratados Sin Planta","Profesionales de La Educación Ley N°19.070","2018-03-01 00:00:00.0","2019-02-28 00:00:00.0"
"Quirihue","Contrata","Educación","Contrata","Tamara Ninoska Oyarzun Hadi","Docente","SIN INFORMACION","Contratados Sin Planta","Profesionales de La Educación Ley N°19.070","2018-03-01 00:00:00.0","2019-02-28 00:00:00.0"
"Quirihue","Contrata","Educación","Contrata","Diego Enrique Valdes Villablanca","Docente","SIN INFORMACION","Contratados Sin Planta","Profesionales de La Educación Ley N°19.070","2018-03-01 00:00:00.0","2019-02-28 00:00:00.0"
"Quirihue","Contrata","Educación","Contrata","Marianela del Carmen Mu¿oz Fuentealba","Auxiliar de Servicios Menores","SIN INFORMACION","Contratados Sin Planta","Afectos Al Código del Trabajo","2018-09-25 00:00:00.0","2019-01-11 00:00:00.0"
"Quirihue","Contrata","Educación","Contrata","Nancy Jesus Irribarra Espinoza","Docente","SIN INFORMACION","Contratados Sin Planta","Profesionales de La Educación Ley N°19.070","2018-03-01 00:00:00.0","2019-02-28 00:00:00.0"
"Quirihue","Contrata","Educación","Contrata","Gloria Marina Pavez Faundez","Docente","SIN INFORMACION","Contratados Sin Planta","Profesionales de La Educación Ley N°19.070","2018-03-01 00:00:00.0","2019-02-28 00:00:00.0"
"Quirihue","Contrata","Educación","Contrata","Rosa Estelia Mora Riffo","Docente","SIN INFORMACION","Contratados Sin Planta","Profesionales de La Educación Ley N°19.070","2018-03-01 00:00:00.0","2019-02-28 00:00:00.0"
"Quirihue","Contrata","Educación","Contrata","Jacqueline del Carmen Aqueveque Toro","Docente","SIN INFORMACION","Contratados Sin Planta","Profesionales de La Educación Ley N°19.070","2018-03-19 00:00:00.0","2019-02-28 00:00:00.0"
"Quirihue","Contrata","Educación","Contrata","Eduardo Alberto Zamorano Fuentealba","Auxiliar de Servicios Menores","SIN INFORMACION","Contratados Sin Planta","Afectos Al Código del Trabajo","2019-03-11 00:00:00.0","2020-02-29 00:00:00.0"
"Quirihue","Contrata","Educación","Contrata","Rigoberto Nu¿ez Lagos","Chófer","SIN INFORMACION","Contratados Sin Planta","Afectos Al Código del Trabajo","2017-03-01 00:00:00.0","1900-01-01 00:00:00.0"
"Quirihue","Contrata","Educación","Contrata","Teresa de Jesus Espinosa Cadena","Docente","SIN INFORMACION","Contratados Sin Planta","Profesionales de La Educación Ley N°19.070","2018-03-01 00:00:00.0","2019-02-28 00:00:00.0"
"Quirihue","Contrata","Educación","Contrata","Eulogia de Las Mercedes Castillo Torres","Administrativo","SIN INFORMACION","Contratados Sin Planta","Afectos Al Código del Trabajo","2018-09-01 00:00:00.0","1900-01-01 00:00:00.0"
"Quirihue","Contrata","Educación","Contrata","Luis Romulo Carrasco Iturrieta","Auxiliar de Servicios Menores","SIN INFORMACION","Contratados Sin Planta","Asistentes de La Educación Ley N°19.464","2017-03-01 00:00:00.0","1900-01-01 00:00:00.0"
"Quirihue","Contrata","Educación","Contrata","Otilia del Carmen Concha Alarcon","Docente","SIN INFORMACION","Contratados Sin Planta","Profesionales de La Educación Ley N°19.070","2018-03-01 00:00:00.0","2019-02-28 00:00:00.0"
"Quirihue","Contrata","Educación","Contrata","Rosa de Lourdes Rivera Alarcon","Docente","SIN INFORMACION","Contratados Sin Planta","Profesionales de La Educación Ley N°19.070","2019-06-13 00:00:00.0","1900-01-01 00:00:00.0"
"Quirihue","Contrata","Educación","Contrata","Mario Anibal Robayo Idrovo","Docente","SIN INFORMACION","Contratados Sin Planta","Profesionales de La Educación Ley N°19.070","2018-04-02 00:00:00.0","2019-02-28 00:00:00.0"
"Quirihue","Contrata","Educación","Contrata","Susana Magdalena Santibañez Royer","Docente","SIN INFORMACION","Contratados Sin Planta","Profesionales de La Educación Ley N°19.070","2018-03-01 00:00:00.0","2019-02-28 00:00:00.0"
"Quirihue","Contrata","Educación","Contrata","Jose Gaspar Espinoza Garcia","Asistente de La Educación","SIN INFORMACION","Contratados Sin Planta","Afectos Al Código del Trabajo","2018-03-01 00:00:00.0","2019-02-28 00:00:00.0"
"Quirihue","Contrata","Educación","Contrata","Francia Patricia Ester Fuentes Merino","Docente","SIN INFORMACION","Contratados Sin Planta","Profesionales de La Educación Ley N°19.070","2018-03-01 00:00:00.0","2019-02-28 00:00:00.0"
"Quirihue","Contrata","Educación","Contrata","Luis Arturo Echeverria  Santos","Auxiliar de Aseo","SIN INFORMACION","Contratados Sin Planta","Asistentes de La Educación Ley N°19.464","2019-06-03 00:00:00.0","2020-02-29 00:00:00.0"
"Quirihue","Contrata","Educación","Contrata","Maria Graciela Seguel Torres","Auxiliar de Servicios Menores","SIN INFORMACION","Contratados Sin Planta","Afectos Al Código del Trabajo","2019-03-01 00:00:00.0","2020-02-29 00:00:00.0"
"Quirihue","Contrata","Educación","Contrata","Lucy Fernanda Pinto Cartes","Docente","SIN INFORMACION","Contratados Sin Planta","Profesionales de La Educación Ley N°19.070","2018-03-01 00:00:00.0","2019-02-28 00:00:00.0"
"Quirihue","Contrata","Educación","Contrata","Mariela Parra Fuentes","Profesional","SIN INFORMACION","Contratados Sin Planta","Afectos Al Código del Trabajo","2019-04-08 00:00:00.0","2019-05-30 00:00:00.0"
"Quirihue","Contrata","Educación","Contrata","Nora Elizabeth Arrau Cancino","Docente","SIN INFORMACION","Contratados Sin Planta","Profesionales de La Educación Ley N°19.070","2018-10-30 00:00:00.0","1900-01-01 00:00:00.0"
