"Comuna","Tipo de Contratación","Área","Calidad","Nombre","Cargo","Grado","Planta","Remuneración","Fecha desde","Fecha hasta"
"Quirihue","Planta Titular","Municipal","Titular","Laura Angelica Inostroza Arriagada","Administrativo","15°","Administrativos","Escala Municipal","2019-05-01 00:00:00.0","1900-01-01 00:00:00.0"
"Quirihue","Planta Titular","Municipal","Titular","Maria Teresa Vilches Cid","Administrativo","13°","Administrativos","Escala Municipal","2017-01-01 00:00:00.0","1900-01-01 00:00:00.0"
"Quirihue","Planta Titular","Municipal","Titular","Maritza Alejandra Sanhueza Parra","Jefatura","11°","Jefaturas","Escala Municipal","2019-01-01 00:00:00.0","1900-01-01 00:00:00.0"
"Quirihue","Planta Titular","Municipal","Titular","Sandra Jacqueline Torres Silva","Director","7°","Directivos","Escala Municipal","2019-01-01 00:00:00.0","1900-01-01 00:00:00.0"
"Quirihue","Planta Titular","Municipal","Titular","Patricio Alberto Contreras Aguayo","Administrativo","16°","Administrativos","Escala Municipal","2019-12-01 00:00:00.0","1900-01-01 00:00:00.0"
"Quirihue","Planta Titular","Municipal","Titular","Hector Gerardo Alvarez Pino","Jefatura","10°","Jefaturas","Escala Municipal","2019-01-01 00:00:00.0","1900-01-01 00:00:00.0"
"Quirihue","Planta Titular","Municipal","Titular","Yesica Patricia Vera Vidal","Administrativo","14°","Administrativos","Escala Municipal","2019-01-01 00:00:00.0","1900-01-01 00:00:00.0"
"Quirihue","Planta Titular","Municipal","Titular","Jose Eduardo San Martin Segura","Auxiliar","14°","Auxiliares","Escala Municipal","2019-08-01 00:00:00.0","1900-01-01 00:00:00.0"
"Quirihue","Planta Titular","Municipal","Titular","Dixon Eugenio Sandoval Franco","Auxiliar","16°","Auxiliares","Escala Municipal","2019-08-01 00:00:00.0","1900-01-01 00:00:00.0"
"Quirihue","Planta Titular","Municipal","Titular","Mabel Alejandra San Martin Vera","Técnico","12°","Técnicos","Escala Municipal","2019-01-01 00:00:00.0","1900-01-01 00:00:00.0"
"Quirihue","Planta Titular","Municipal","Titular","Christian Marcelo Sanhueza Medina","Administrativo","17°","Administrativos","Escala Municipal","2019-12-01 00:00:00.0","1900-01-01 00:00:00.0"
"Quirihue","Planta Titular","Municipal","Titular","Silvio Rodrigo Palma Torres","Administrador Municipal","16°","Administrativos","Escala Municipal","2016-01-01 00:00:00.0","1900-01-01 00:00:00.0"
"Quirihue","Planta Titular","Municipal","Titular","Victor Hugo Roa Arias","Jefatura","11°","Jefaturas","Escala Municipal","2014-04-11 00:00:00.0","1900-01-01 00:00:00.0"
"Quirihue","Planta Titular","Municipal","Titular","Maria Teresa Alarcon Parra","Administrativo","15°","Administrativos","Escala Municipal","2018-09-01 00:00:00.0","1900-01-01 00:00:00.0"
"Quirihue","Planta Titular","Municipal","Titular","Victor Eduardo Alarcon  Rodriguez","Auxiliar","18°","Auxiliares","Escala Municipal","2019-01-21 00:00:00.0","2019-06-30 00:00:00.0"
"Quirihue","Planta Titular","Municipal","Titular","Cyntya Patricia Basoalto Calabran","Director","7°","Directivos","Escala Municipal","2019-01-01 00:00:00.0","1900-01-01 00:00:00.0"
"Quirihue","Planta Titular","Municipal","Titular","Eric Felipe Jara Parra","Director","7°","Directivos","Escala Municipal","2019-01-01 00:00:00.0","1900-01-01 00:00:00.0"
"Quirihue","Planta Titular","Municipal","Titular","David Alejandro Rivas Espinoza","Auxiliar","18°","Auxiliares","Escala Municipal","2019-12-01 00:00:00.0","1900-01-01 00:00:00.0"
"Quirihue","Planta Titular","Municipal","Titular","Angie Amalia Toro Lopez","Administrativo","17°","Administrativos","Escala Municipal","2019-06-17 00:00:00.0","2019-07-31 00:00:00.0"
"Quirihue","Planta Titular","Municipal","Titular","Daniela Alejandra Sanhueza Sanhueza","Administrativo","15°","Administrativos","Escala Municipal","2019-01-01 00:00:00.0","1900-01-01 00:00:00.0"
"Quirihue","Planta Titular","Municipal","Titular","Paulina  Belmar Duran","Director","7°","Directivos","Escala Municipal","2019-01-01 00:00:00.0","1900-01-01 00:00:00.0"
"Quirihue","Planta Titular","Municipal","Titular","Claudio Alberto Contreras Campos","Auxiliar","13°","Auxiliares","Escala Municipal","2019-05-01 00:00:00.0","1900-01-01 00:00:00.0"
"Quirihue","Planta Titular","Municipal","Titular","Marcelo Ignacio San Martín Flores","Medico Cirujano","SIN INFORMACION","Contratados Sin Planta","Afectos Al Código del Trabajo","2016-04-01 00:00:00.0","1900-01-01 00:00:00.0"
"Quirihue","Planta Titular","Municipal","Titular","Juan Patricio Sepulveda Espinoza","Director","7°","Directivos","Escala Municipal","2019-01-01 00:00:00.0","1900-01-01 00:00:00.0"
"Quirihue","Planta Titular","Municipal","Titular","Pablo Andres  Arias Montecinos","Auxiliar","13°","Auxiliares","Escala Municipal","2019-08-01 00:00:00.0","1900-01-01 00:00:00.0"
"Quirihue","Planta Titular","Municipal","Titular","Liliana Yudit Rivas Oviedo","Administrativo","15°","Administrativos","Escala Municipal","2019-12-01 00:00:00.0","1900-01-01 00:00:00.0"
"Quirihue","Planta Titular","Municipal","Titular","Milena  Retamal Retamal","Psicólogo","SIN INFORMACION","Contratados Sin Planta","Afectos Al Código del Trabajo","2017-03-01 00:00:00.0","1900-01-01 00:00:00.0"
"Quirihue","Planta Titular","Municipal","Titular","Adolfo Esteban Cisterna Franco","Técnico","13°","Técnicos","Escala Municipal","2019-08-01 00:00:00.0","1900-01-01 00:00:00.0"
"Quirihue","Planta Titular","Municipal","Titular","Tamara Claro Marquez","Medico","SIN INFORMACION","Contratados Sin Planta","Afectos Al Código del Trabajo","2018-06-20 00:00:00.0","1900-01-01 00:00:00.0"
"Quirihue","Planta Titular","Municipal","Titular","Antonio Ramirez Torres","Juez Policía Local","7°","Directivos","Escala Municipal","2019-02-22 00:00:00.0","2019-03-08 00:00:00.0"
"Quirihue","Planta Titular","Municipal","Titular","Luis Ivan Irribarra Concha","Auxiliar","13°","Auxiliares","Escala Municipal","2017-01-01 00:00:00.0","1900-01-01 00:00:00.0"
"Quirihue","Planta Titular","Municipal","Titular","Francisco Eduardo Enrique Almendra Riquelme","Director","7°","Directivos","Escala Municipal","2019-01-01 00:00:00.0","1900-01-01 00:00:00.0"
"Quirihue","Planta Titular","Municipal","Titular","Juan Andres Quijada Sandoval","Secreto Municipal","8°","Directivos","Escala Municipal","2014-11-06 00:00:00.0","1900-01-01 00:00:00.0"
"Quirihue","Planta Titular","Municipal","Titular","Eliana Jetrudis Torres Concha","Administrativo","14°","Administrativos","Escala Municipal","2017-01-01 00:00:00.0","1900-01-01 00:00:00.0"
"Quirihue","Planta Titular","Municipal","Titular","Clara Elena San Martin Bello","Profesional","9°","Profesionales","Escala Municipal","2019-01-01 00:00:00.0","1900-01-01 00:00:00.0"
"Quirihue","Planta Titular","Municipal","Titular","Carmelo Gavilan Mariguala","Administrativo","13°","Administrativos","Escala Municipal","2018-07-01 00:00:00.0","1900-01-01 00:00:00.0"
"Quirihue","Planta Titular","Municipal","Titular","Abel David Perez Huichalaf","Técnico","10°","Técnicos","Escala Municipal","2016-01-01 00:00:00.0","1900-01-01 00:00:00.0"
"Quirihue","Planta Titular","Municipal","Titular","Eduardo Edelberto Leon Troncoso","Juez","7°","Directivos","Escala Municipal","2019-01-01 00:00:00.0","1900-01-01 00:00:00.0"
"Quirihue","Planta Titular","Municipal","Titular","Claudinet Vasquez Aravena","Técnico","11°","Técnicos","Escala Municipal","2019-01-01 00:00:00.0","1900-01-01 00:00:00.0"
"Quirihue","Planta Titular","Municipal","Titular","Antonia del Carmen San Martin Jara","Jefatura","9°","Jefaturas","Escala Municipal","2019-01-01 00:00:00.0","1900-01-01 00:00:00.0"
"Quirihue","Planta Titular","Municipal","Titular","Maria Dolores Garcia Salgado","Administrativo","13°","Administrativos","Escala Municipal","2016-01-01 00:00:00.0","1900-01-01 00:00:00.0"
"Quirihue","Planta Titular","Municipal","Titular","Luzmira del Carmen Briones Hernandez","Administrativo","12°","Administrativos","Escala Municipal","2019-01-01 00:00:00.0","1900-01-01 00:00:00.0"
"Quirihue","Planta Titular","Municipal","Titular","Juana del Pilar Cisterna Sepulveda","Administrador","7°","Directivos","Escala Municipal","2019-01-01 00:00:00.0","1900-01-01 00:00:00.0"
"Quirihue","Planta Titular","Municipal","Titular","Richard Patricio Irribarra Ramirez","Alcalde","5°","Alcaldes","Escala Municipal","2019-01-01 00:00:00.0","1900-01-01 00:00:00.0"
"Quirihue","Planta Titular","Municipal","Titular","Waldimiro Enrique Arriagada Valenzuela","Administrativo","12°","Administrativos","Escala Municipal","2019-01-01 00:00:00.0","1900-01-01 00:00:00.0"
"Quirihue","Planta Titular","Municipal","Titular","Patricio Hernan Rodriguez Rodriguez","Administrativo","13°","Administrativos","Escala Municipal","2019-05-01 00:00:00.0","1900-01-01 00:00:00.0"
"Quirihue","Planta Titular","Municipal","Titular","Luis Humberto Moya Rojas","Técnico","10°","Técnicos","Escala Municipal","2019-01-01 00:00:00.0","1900-01-01 00:00:00.0"
"Quirihue","Planta Titular","Municipal","Titular","Caciano del Carmen Hernandez Bustos","Auxiliar","13°","Auxiliares","Escala Municipal","2016-01-01 00:00:00.0","1900-01-01 00:00:00.0"
"Quirihue","Planta Titular","Municipal","Titular","Luis Alberto Vasquez Hernandez","Auxiliar","13°","Auxiliares","Escala Municipal","2019-01-01 00:00:00.0","1900-01-01 00:00:00.0"
"Quirihue","Planta Titular","Municipal","Titular","Rosalba Molina Molina","Administrativo","13°","Administrativos","Escala Municipal","2019-01-01 00:00:00.0","1900-01-01 00:00:00.0"
