"Comuna","Tipo de Contratación","Área","Calidad","Nombre","Cargo","Grado","Planta","Remuneración","Fecha desde","Fecha hasta"
"Portezuelo","Contrata","Educación","Contrata","Veronica Patricia Parada Medina","Docente","SIN INFORMACION","Contratados Sin Planta","Profesionales de La Educación Ley N°19.070","2018-03-01 00:00:00.0","2019-02-28 00:00:00.0"
"Portezuelo","Contrata","Educación","Contrata","Angelica del Pilar Aguilera Cortez","Docente","SIN INFORMACION","Contratados Sin Planta","Profesionales de La Educación Ley N°19.070","2018-03-01 00:00:00.0","2019-02-28 00:00:00.0"
"Portezuelo","Contrata","Educación","Contrata","Alonso Fernando Riquelme Navarrete","Docente","SIN INFORMACION","Contratados Sin Planta","Profesionales de La Educación Ley N°19.070","2018-03-01 00:00:00.0","2019-02-28 00:00:00.0"
"Portezuelo","Contrata","Educación","Contrata","Jacqueline Pamela Figueroa  Rivas","Docente","SIN INFORMACION","Contratados Sin Planta","Profesionales de La Educación Ley N°19.070","2018-03-01 00:00:00.0","2019-02-28 00:00:00.0"
"Portezuelo","Contrata","Educación","Contrata","Humilde del Carmen  Duran Duran","Docente","SIN INFORMACION","Contratados Sin Planta","Profesionales de La Educación Ley N°19.070","2018-03-01 00:00:00.0","2019-02-28 00:00:00.0"
"Portezuelo","Contrata","Educación","Contrata","Marcela Elizabeth Cortez Zapata","Docente","SIN INFORMACION","Contratados Sin Planta","Profesionales de La Educación Ley N°19.070","2018-03-01 00:00:00.0","2019-02-28 00:00:00.0"
"Portezuelo","Contrata","Educación","Contrata","Johanna Loretto Diaz Provost","Docente","SIN INFORMACION","Contratados Sin Planta","Profesionales de La Educación Ley N°19.070","2019-03-01 00:00:00.0","2020-02-29 00:00:00.0"
"Portezuelo","Contrata","Educación","Contrata","Jessica Pamela Peña Herrera","Docente","SIN INFORMACION","Contratados Sin Planta","Profesionales de La Educación Ley N°19.070","2019-03-25 00:00:00.0","2019-04-19 00:00:00.0"
"Portezuelo","Contrata","Educación","Contrata","Maria Alejandra Muñoz Muñoz","Docente","SIN INFORMACION","Contratados Sin Planta","Profesionales de La Educación Ley N°19.070","2018-03-01 00:00:00.0","2019-02-28 00:00:00.0"
"Portezuelo","Contrata","Educación","Contrata","Sussy Erleti Avila Soto","Docente","SIN INFORMACION","Contratados Sin Planta","Profesionales de La Educación Ley N°19.070","2018-03-01 00:00:00.0","2019-02-28 00:00:00.0"
"Portezuelo","Contrata","Educación","Contrata","Lorena Lugardy Montenegro Lagos","Docente","SIN INFORMACION","Contratados Sin Planta","Profesionales de La Educación Ley N°19.070","2018-03-01 00:00:00.0","2019-02-28 00:00:00.0"
"Portezuelo","Contrata","Educación","Contrata","Maria Magdalena Parra Ortiz","Docente","SIN INFORMACION","Contratados Sin Planta","Profesionales de La Educación Ley N°19.070","2018-03-01 00:00:00.0","2019-02-28 00:00:00.0"
"Portezuelo","Contrata","Educación","Contrata","Domingo Enrique Pozo Coliñanco","Docente","SIN INFORMACION","Contratados Sin Planta","Profesionales de La Educación Ley N°19.070","2018-03-01 00:00:00.0","2019-02-28 00:00:00.0"
"Portezuelo","Contrata","Educación","Contrata","Victor Manuel Herrera Perez","Docente","SIN INFORMACION","Contratados Sin Planta","Profesionales de La Educación Ley N°19.070","2018-03-01 00:00:00.0","2019-02-28 00:00:00.0"
"Portezuelo","Contrata","Educación","Contrata","Karina Elena San Martin Muñoz","Docente","SIN INFORMACION","Contratados Sin Planta","Profesionales de La Educación Ley N°19.070","2018-03-01 00:00:00.0","2019-02-28 00:00:00.0"
"Portezuelo","Contrata","Educación","Contrata","Melchisedec Esteban Rabanal Ravanal","Docente","SIN INFORMACION","Contratados Sin Planta","Profesionales de La Educación Ley N°19.070","2018-03-01 00:00:00.0","2019-02-28 00:00:00.0"
"Portezuelo","Contrata","Educación","Contrata","Claudio Armando Fernandez Fernandez","Docente","SIN INFORMACION","Contratados Sin Planta","Profesionales de La Educación Ley N°19.070","2018-03-01 00:00:00.0","2019-02-28 00:00:00.0"
"Portezuelo","Contrata","Educación","Contrata","Marite Hortencia de La Torre Molina","Docente","SIN INFORMACION","Contratados Sin Planta","Profesionales de La Educación Ley N°19.070","2018-03-01 00:00:00.0","2019-02-28 00:00:00.0"
"Portezuelo","Contrata","Educación","Contrata","Margot Acu¿a  Ya¿ez","Docente","SIN INFORMACION","Contratados Sin Planta","Profesionales de La Educación Ley N°19.070","2018-03-01 00:00:00.0","1900-01-01 00:00:00.0"
"Portezuelo","Contrata","Educación","Contrata","Gabriela Marlene Dunn Carvajal","Docente","SIN INFORMACION","Contratados Sin Planta","Profesionales de La Educación Ley N°19.070","2018-03-01 00:00:00.0","2019-02-28 00:00:00.0"
"Portezuelo","Contrata","Educación","Contrata","Claudio Andres Cofre Fuentealba","Docente","SIN INFORMACION","Contratados Sin Planta","Profesionales de La Educación Ley N°19.070","2018-03-01 00:00:00.0","2019-02-28 00:00:00.0"
"Portezuelo","Contrata","Educación","Contrata","Javier Alejandro Salgado  Herrera","Docente","SIN INFORMACION","Contratados Sin Planta","Profesionales de La Educación Ley N°19.070","2018-03-01 00:00:00.0","2019-02-28 00:00:00.0"
"Portezuelo","Contrata","Educación","Contrata","Roxana Cecilia Ceballos Jara","Docente","SIN INFORMACION","Contratados Sin Planta","Profesionales de La Educación Ley N°19.070","2018-03-01 00:00:00.0","2019-02-28 00:00:00.0"
"Portezuelo","Contrata","Educación","Contrata","Loreto Ivonne Valenzuela Parra","Docente","SIN INFORMACION","Contratados Sin Planta","Profesionales de La Educación Ley N°19.070","2018-03-01 00:00:00.0","2019-02-28 00:00:00.0"
"Portezuelo","Contrata","Educación","Contrata","Victor Robinson Ojeda Ojeda","Inspector General","SIN INFORMACION","Contratados Sin Planta","Profesionales de La Educación Ley N°19.070","2018-03-01 00:00:00.0","2019-02-28 00:00:00.0"
"Portezuelo","Contrata","Educación","Contrata","Roxana Isabel Sanhueza Prado","Docente","SIN INFORMACION","Contratados Sin Planta","Profesionales de La Educación Ley N°19.070","2018-04-06 00:00:00.0","2019-02-28 00:00:00.0"
"Portezuelo","Contrata","Educación","Contrata","Ronald Alexis Tassara Espinoza","Docente","SIN INFORMACION","Contratados Sin Planta","Profesionales de La Educación Ley N°19.070","2018-03-01 00:00:00.0","2019-02-28 00:00:00.0"
"Portezuelo","Contrata","Educación","Contrata","Macarena Soledad Martinez Fernandez","Docente","SIN INFORMACION","Contratados Sin Planta","Profesionales de La Educación Ley N°19.070","2018-03-01 00:00:00.0","2019-02-28 00:00:00.0"
"Portezuelo","Contrata","Educación","Contrata","Cesar Antonio Santibañez Pantoja","Docente","SIN INFORMACION","Contratados Sin Planta","Profesionales de La Educación Ley N°19.070","2018-03-01 00:00:00.0","2019-02-28 00:00:00.0"
"Portezuelo","Contrata","Educación","Contrata","Rosana  Maribel Quiroz Perez","Docente","SIN INFORMACION","Contratados Sin Planta","Profesionales de La Educación Ley N°19.070","2018-03-01 00:00:00.0","2019-02-28 00:00:00.0"
"Portezuelo","Contrata","Educación","Contrata","Carolina Ivett Segura Torres","Docente","SIN INFORMACION","Contratados Sin Planta","Profesionales de La Educación Ley N°19.070","2018-03-01 00:00:00.0","2019-02-28 00:00:00.0"
"Portezuelo","Contrata","Educación","Contrata","Claudia Elena Rodriguez Riquelme","Docente","SIN INFORMACION","Contratados Sin Planta","Profesionales de La Educación Ley N°19.070","2018-03-01 00:00:00.0","2019-02-28 00:00:00.0"
"Portezuelo","Contrata","Educación","Contrata","Karen Marlie Marilaf Rodriguez","Docente","SIN INFORMACION","Contratados Sin Planta","Profesionales de La Educación Ley N°19.070","2018-12-14 00:00:00.0","2019-01-12 00:00:00.0"
"Portezuelo","Contrata","Educación","Contrata","Luisa del Pilar  Arevalo  Arevalo","Docente","SIN INFORMACION","Contratados Sin Planta","Profesionales de La Educación Ley N°19.070","2018-03-01 00:00:00.0","2019-02-28 00:00:00.0"
"Portezuelo","Contrata","Educación","Contrata","Paula  Carolina Jimenez Bahamondez","Docente","SIN INFORMACION","Contratados Sin Planta","Profesionales de La Educación Ley N°19.070","2018-03-01 00:00:00.0","2019-02-28 00:00:00.0"
"Portezuelo","Contrata","Educación","Contrata","Juan Carlos Nemesio Reyes Nuñez","Jefe Unidad Técnica Pedagógica","SIN INFORMACION","Contratados Sin Planta","Profesionales de La Educación Ley N°19.070","2018-03-01 00:00:00.0","2019-02-28 00:00:00.0"
"Portezuelo","Contrata","Educación","Contrata","Miyellina del Rosario de La Torre Rojas","Docente","SIN INFORMACION","Contratados Sin Planta","Profesionales de La Educación Ley N°19.070","2018-03-01 00:00:00.0","2019-02-28 00:00:00.0"
"Portezuelo","Contrata","Educación","Contrata","Lidia Ines  Quiroz Orellana","Docente","SIN INFORMACION","Contratados Sin Planta","Profesionales de La Educación Ley N°19.070","2018-03-01 00:00:00.0","2019-02-28 00:00:00.0"
"Portezuelo","Contrata","Educación","Contrata","Miguel Angel Pantoja Salgado","Jefe Unidad Técnica Pedagógica","SIN INFORMACION","Contratados Sin Planta","Profesionales de La Educación Ley N°19.070","2019-03-01 00:00:00.0","2020-02-29 00:00:00.0"
"Portezuelo","Contrata","Educación","Contrata","Cristian Andres Muñoz Arjel","Docente","SIN INFORMACION","Contratados Sin Planta","Profesionales de La Educación Ley N°19.070","2018-03-01 00:00:00.0","2019-02-28 00:00:00.0"
"Portezuelo","Contrata","Educación","Contrata","Cristian Andres Perez Ruiz","Docente","SIN INFORMACION","Contratados Sin Planta","Profesionales de La Educación Ley N°19.070","2019-03-01 00:00:00.0","2020-02-29 00:00:00.0"
"Portezuelo","Contrata","Educación","Contrata","Natalia Celeste  Osses Carrasco","Docente","SIN INFORMACION","Contratados Sin Planta","Profesionales de La Educación Ley N°19.070","2018-03-01 00:00:00.0","2019-02-28 00:00:00.0"
"Portezuelo","Contrata","Educación","Contrata","Héctor Andrés Hernández Cortez","Docente","SIN INFORMACION","Contratados Sin Planta","Profesionales de La Educación Ley N°19.070","2018-03-01 00:00:00.0","2019-02-28 00:00:00.0"
"Portezuelo","Contrata","Educación","Contrata","David Ariel Muñoz Muñoz","Docente","SIN INFORMACION","Contratados Sin Planta","Profesionales de La Educación Ley N°19.070","2019-03-01 00:00:00.0","2020-02-29 00:00:00.0"
"Portezuelo","Contrata","Educación","Contrata","Angel Luis  Herrera  Jara","Docente","SIN INFORMACION","Contratados Sin Planta","Profesionales de La Educación Ley N°19.070","2018-03-01 00:00:00.0","2019-02-28 00:00:00.0"
"Portezuelo","Contrata","Educación","Contrata","Karen Andrea Fuentes Cifuentes","Educadora Párvulos","SIN INFORMACION","Contratados Sin Planta","Afectos Al Código del Trabajo","2018-03-01 00:00:00.0","2019-01-31 00:00:00.0"
"Portezuelo","Contrata","Educación","Contrata","Ariel Edgardo Montecinos Jimenez","Docente","SIN INFORMACION","Contratados Sin Planta","Profesionales de La Educación Ley N°19.070","2018-03-01 00:00:00.0","2019-02-28 00:00:00.0"
"Portezuelo","Contrata","Educación","Contrata","Evelyn Valezca  Duran  de La Fuente","Docente","SIN INFORMACION","Contratados Sin Planta","Profesionales de La Educación Ley N°19.070","2019-03-01 00:00:00.0","2019-04-08 00:00:00.0"
"Portezuelo","Contrata","Educación","Contrata","Helen Abigail Cofre  Concha","Psicólogo","SIN INFORMACION","Contratados Sin Planta","Afectos Al Código del Trabajo","2019-01-01 00:00:00.0","2019-12-31 00:00:00.0"
"Portezuelo","Contrata","Educación","Contrata","Mariela del Rosario Mendoza Molina","Docente","SIN INFORMACION","Contratados Sin Planta","Profesionales de La Educación Ley N°19.070","2018-03-26 00:00:00.0","2019-02-28 00:00:00.0"
"Portezuelo","Contrata","Educación","Contrata","Paulina Andrea Vejar  Gatica","Docente","SIN INFORMACION","Contratados Sin Planta","Profesionales de La Educación Ley N°19.070","2018-12-01 00:00:00.0","2019-02-28 00:00:00.0"
"Portezuelo","Contrata","Educación","Contrata","Miriam Liliana Arevalo Yevenes","Docente","SIN INFORMACION","Contratados Sin Planta","Profesionales de La Educación Ley N°19.070","2018-03-01 00:00:00.0","2019-02-28 00:00:00.0"
"Portezuelo","Contrata","Educación","Contrata","Esteban Andres Garcia Mu¿oz","Docente","SIN INFORMACION","Contratados Sin Planta","Profesionales de La Educación Ley N°19.070","2018-03-01 00:00:00.0","2019-02-28 00:00:00.0"
"Portezuelo","Contrata","Educación","Contrata","Danilo Alejandro   Vejar  Villagran","Docente","SIN INFORMACION","Contratados Sin Planta","Profesionales de La Educación Ley N°19.070","2019-03-01 00:00:00.0","2020-02-29 00:00:00.0"
"Portezuelo","Contrata","Educación","Contrata","Marisela del Rosadio Garcia Reyes","Asistente","SIN INFORMACION","Contratados Sin Planta","Asistentes de La Educación Ley N°19.464","2018-03-01 00:00:00.0","2020-02-28 00:00:00.0"
"Portezuelo","Contrata","Educación","Contrata","Maria Isabel Vera Jara","Asistente","SIN INFORMACION","Contratados Sin Planta","Asistentes de La Educación Ley N°19.464","2019-03-04 00:00:00.0","2019-06-30 00:00:00.0"
"Portezuelo","Contrata","Educación","Contrata","Yisabel Valentina Arias Alarcon","Docente","SIN INFORMACION","Contratados Sin Planta","Profesionales de La Educación Ley N°19.070","2019-04-10 00:00:00.0","2019-05-09 00:00:00.0"
"Portezuelo","Contrata","Educación","Contrata","María Fernanda Vejar Arias","Docente","SIN INFORMACION","Contratados Sin Planta","Profesionales de La Educación Ley N°19.070","2019-04-09 00:00:00.0","2019-04-15 00:00:00.0"
"Portezuelo","Contrata","Educación","Contrata","Pamela del Pilar Yevenes  Neira","Docente","SIN INFORMACION","Contratados Sin Planta","Profesionales de La Educación Ley N°19.070","2019-03-29 00:00:00.0","2019-04-27 00:00:00.0"
"Portezuelo","Contrata","Educación","Contrata","Paulina Andrea Bello  Bello","Educadora Párvulos","SIN INFORMACION","Contratados Sin Planta","Afectos Al Código del Trabajo","2018-01-31 00:00:00.0","2019-01-31 00:00:00.0"
"Portezuelo","Contrata","Educación","Contrata","Fernanda Paulina  Concha  Fuentealba","Docente","SIN INFORMACION","Contratados Sin Planta","Profesionales de La Educación Ley N°19.070","2018-03-01 00:00:00.0","2019-02-28 00:00:00.0"
"Portezuelo","Contrata","Educación","Contrata","Olga del Carmen Zapata Rinc¿n","Ayudante","SIN INFORMACION","Contratados Sin Planta","Afectos Al Código del Trabajo","2019-01-28 00:00:00.0","2019-02-28 00:00:00.0"
"Portezuelo","Contrata","Educación","Contrata","Erica Estefania  Mu¿oz Agurto","Asistente","SIN INFORMACION","Contratados Sin Planta","Asistentes de La Educación Ley N°19.464","2019-03-05 00:00:00.0","2019-07-31 00:00:00.0"
"Portezuelo","Contrata","Educación","Contrata","Jorge Gustavo Prado Gomez","Docente","SIN INFORMACION","Contratados Sin Planta","Profesionales de La Educación Ley N°19.070","2018-03-01 00:00:00.0","2019-02-28 00:00:00.0"
"Portezuelo","Contrata","Educación","Contrata","Enrique Alfredo Tolosa Riquelme","Docente","SIN INFORMACION","Contratados Sin Planta","Profesionales de La Educación Ley N°19.070","2018-03-01 00:00:00.0","2019-02-28 00:00:00.0"
"Portezuelo","Contrata","Educación","Contrata","Ines Marisol Lopez Burgos","Docente","SIN INFORMACION","Contratados Sin Planta","Profesionales de La Educación Ley N°19.070","2018-03-01 00:00:00.0","2019-02-28 00:00:00.0"
"Portezuelo","Contrata","Educación","Contrata","Maria Isabel Verdugo Silva","Docente","SIN INFORMACION","Contratados Sin Planta","Profesionales de La Educación Ley N°19.070","2018-03-01 00:00:00.0","2019-02-28 00:00:00.0"
"Portezuelo","Contrata","Educación","Contrata","Maria Elena Escares Cortes","Docente","SIN INFORMACION","Contratados Sin Planta","Profesionales de La Educación Ley N°19.070","2018-03-01 00:00:00.0","2019-02-28 00:00:00.0"
"Portezuelo","Contrata","Educación","Contrata","Maria Soledad Ortiz Alarcon","Docente","SIN INFORMACION","Contratados Sin Planta","Profesionales de La Educación Ley N°19.070","2018-03-01 00:00:00.0","2019-02-28 00:00:00.0"
"Portezuelo","Contrata","Educación","Contrata","Rosalia del Carmen Mendoza Parra","Docente","SIN INFORMACION","Contratados Sin Planta","Profesionales de La Educación Ley N°19.070","2018-03-01 00:00:00.0","2019-02-28 00:00:00.0"
"Portezuelo","Contrata","Educación","Contrata","Candelaria del Carmen Jimenez Jaque","Docente","SIN INFORMACION","Contratados Sin Planta","Profesionales de La Educación Ley N°19.070","2018-03-01 00:00:00.0","2019-02-28 00:00:00.0"
"Portezuelo","Contrata","Educación","Contrata","Christian Gerardo Salgado Duhart","Docente","SIN INFORMACION","Contratados Sin Planta","Profesionales de La Educación Ley N°19.070","2018-03-01 00:00:00.0","2019-02-28 00:00:00.0"
