"Comuna","Tipo de Contratación","Área","Calidad","Nombre","Cargo","Grado","Planta","Remuneración","Fecha desde","Fecha hasta"
"Portezuelo","Contrata","Municipal","Contrata","Laurentina  Bustamante Parra","Auxiliar","19°","Auxiliares","Escala Municipal","2019-01-01 00:00:00.0","2019-12-31 00:00:00.0"
"Portezuelo","Contrata","Municipal","Contrata","Jose Tomas Osses Cortez","Auxiliar","19°","Auxiliares","Escala Municipal","2019-01-01 00:00:00.0","2019-12-31 00:00:00.0"
"Portezuelo","Contrata","Municipal","Contrata","Veronica del Rosario Cortez Zapata","Técnico","16°","Técnicos","Escala Municipal","2019-01-01 00:00:00.0","2019-12-31 00:00:00.0"
"Portezuelo","Contrata","Municipal","Contrata","Mabel del Rosario Cartes Marin","Auxiliar","19°","Contratados Sin Planta","Escala Municipal","2019-01-01 00:00:00.0","2019-12-31 00:00:00.0"
"Portezuelo","Contrata","Municipal","Contrata","David Salomon Quiroz Orellana","Auxiliar","19°","Auxiliares","Escala Municipal","2019-01-01 00:00:00.0","2019-12-31 00:00:00.0"
"Portezuelo","Contrata","Municipal","Contrata","Rodrigo Jesus Ponce Ponce","Profesional","11°","Profesionales","Escala Municipal","2019-01-01 00:00:00.0","2019-12-31 00:00:00.0"
"Portezuelo","Contrata","Municipal","Contrata","Karina Yanett Urrutia Mendoza","Administrativo","18°","Contratados Sin Planta","Escala Municipal","2019-01-01 00:00:00.0","2019-12-31 00:00:00.0"
"Portezuelo","Contrata","Municipal","Contrata","Boris Mauricio Montecinos Bravo","Auxiliar","19°","Auxiliares","Escala Municipal","2019-01-01 00:00:00.0","2019-12-31 00:00:00.0"
"Portezuelo","Contrata","Municipal","Contrata","Ruben Onofre Figueroa Llanos","Profesional","11°","Profesionales","Escala Municipal","2019-01-01 00:00:00.0","2019-12-31 00:00:00.0"
"Portezuelo","Contrata","Municipal","Contrata","Paloma Betsabe Tapia Parada","Técnico","13°","Técnicos","Escala Municipal","2019-01-01 00:00:00.0","2019-12-31 00:00:00.0"
"Portezuelo","Contrata","Municipal","Contrata","Claudia Viviana Silva Acu¿a","Técnico","16°","Técnicos","Escala Municipal","2019-01-01 00:00:00.0","2019-12-31 00:00:00.0"
"Portezuelo","Contrata","Municipal","Contrata","Eduardo Alexis Otarola Puentes","Auxiliar","19°","Auxiliares","Escala Municipal","2019-01-09 00:00:00.0","2019-01-31 00:00:00.0"
"Portezuelo","Contrata","Municipal","Contrata","Guillermo Eduardo Lara Villanueva","Auxiliar","19°","Auxiliares","Escala Municipal","2019-01-01 00:00:00.0","2019-12-31 00:00:00.0"
