"Comuna","Tipo de Contratación","Área","Calidad","Nombre","Cargo","Grado","Planta","Remuneración","Fecha desde","Fecha hasta"
"Portezuelo","Codigo del Trabajo","Educación","Código del Trabajo","Patricio Alberto Quezada Petersen","Encargado"," ","Contratados Sin Planta","Afectos Al Código del Trabajo","2011-01-01 00:00:00.0","1900-01-01 00:00:00.0"
"Portezuelo","Codigo del Trabajo","Educación","Código del Trabajo","Alexis Alejandro Duran de La Torre","Administrativo"," ","Contratados Sin Planta","Afectos Al Código del Trabajo","2015-01-01 00:00:00.0","1900-01-01 00:00:00.0"
"Portezuelo","Codigo del Trabajo","Educación","Código del Trabajo","Adrian Alfredo Ortega Henriquez","Afectos Al Código del Trabajo"," ","Contratados Sin Planta","Afectos Al Código del Trabajo","2015-01-01 00:00:00.0","1900-01-01 00:00:00.0"
"Portezuelo","Codigo del Trabajo","Educación","Código del Trabajo","Margarita del Pilar Zapata Mendoza","Asistente Social"," ","Contratados Sin Planta","Afectos Al Código del Trabajo","2018-01-01 00:00:00.0","1900-01-01 00:00:00.0"
"Portezuelo","Codigo del Trabajo","Educación","Código del Trabajo","Claudia Marisa Zapata Orme¿o","Asistente de La Educación"," ","Contratados Sin Planta","Afectos Al Código del Trabajo","2018-06-30 00:00:00.0","2019-02-28 00:00:00.0"
"Portezuelo","Codigo del Trabajo","Educación","Código del Trabajo","Luisa del Pilar  Arevalo  Arevalo","Asistente Parvularia"," ","Contratados Sin Planta","Afectos Al Código del Trabajo","2016-01-25 00:00:00.0","1900-01-01 00:00:00.0"
"Portezuelo","Codigo del Trabajo","Educación","Código del Trabajo","Christopher Alexis Acuña Molina","Administrativo"," ","Contratados Sin Planta","Afectos Al Código del Trabajo","2015-01-01 00:00:00.0","1900-01-01 00:00:00.0"
"Portezuelo","Codigo del Trabajo","Educación","Código del Trabajo","Ruth Pamela Escalona Palma","Jefe de Departamento"," ","Contratados Sin Planta","Afectos Al Código del Trabajo","2015-01-01 00:00:00.0","1900-01-01 00:00:00.0"
"Portezuelo","Codigo del Trabajo","Educación","Código del Trabajo","Sindell Karina Riquelme Metayer","Asistente de La Educación"," ","Contratados Sin Planta","Afectos Al Código del Trabajo","2016-08-01 00:00:00.0","1900-01-01 00:00:00.0"
"Portezuelo","Codigo del Trabajo","Educación","Código del Trabajo","Marisela del Rosadio Garcia Reyes","Asistente"," ","Contratados Sin Planta","Afectos Al Código del Trabajo","2018-07-01 00:00:00.0","2019-02-28 00:00:00.0"
"Portezuelo","Codigo del Trabajo","Educación","Código del Trabajo","Pamela Andrea Martinez Nova","Nutricionista"," ","Contratados Sin Planta","Afectos Al Código del Trabajo","2016-04-29 00:00:00.0","1900-01-01 00:00:00.0"
"Portezuelo","Codigo del Trabajo","Educación","Código del Trabajo","Maritza Cecilia Montecinos Martinez","Asistente Parvularia"," ","Contratados Sin Planta","Afectos Al Código del Trabajo","2016-01-25 00:00:00.0","1900-01-01 00:00:00.0"
"Portezuelo","Codigo del Trabajo","Educación","Código del Trabajo","Pamela del Pilar Yevenes  Neira","Asistente de La Educación"," ","Contratados Sin Planta","Afectos Al Código del Trabajo","2016-02-02 00:00:00.0","1900-01-01 00:00:00.0"
"Portezuelo","Codigo del Trabajo","Educación","Código del Trabajo","Luis Gustavo Jara Ramirez","Auxiliar"," ","Contratados Sin Planta","Afectos Al Código del Trabajo","2003-02-28 00:00:00.0","1900-01-01 00:00:00.0"
