"Comuna","Tipo de Contratación","Área","Calidad","Nombre","Cargo","Grado","Planta","Remuneración","Fecha desde","Fecha hasta"
"Bulnes","Planta Titular","Municipal","Titular","Maria Elena Sandoval Muñoz","Administrativo","13°","Administrativos","Escala Municipal","2016-01-01 00:00:00.0","1900-01-01 00:00:00.0"
"Bulnes","Planta Titular","Municipal","Titular","Jacqueline del Carmen Candia Mora","Administrativo","13°","Administrativos","Escala Municipal","2017-01-01 00:00:00.0","1900-01-01 00:00:00.0"
"Bulnes","Planta Titular","Municipal","Titular","Maria Isabel Quintana Acuña","Administrativo","13°","Administrativos","Escala Municipal","2016-01-01 00:00:00.0","1900-01-01 00:00:00.0"
"Bulnes","Planta Titular","Municipal","Titular","Lorena del Carmen Roa Rodriguez","Administrativo","15°","Administrativos","Escala Municipal","2016-01-01 00:00:00.0","1900-01-01 00:00:00.0"
"Bulnes","Planta Titular","Municipal","Titular","Yury Andres Espinoza Sanchez","Director de Desarrollo Comunitario","8°","Directivos","Escala Municipal","2017-10-17 00:00:00.0","1900-01-01 00:00:00.0"
"Bulnes","Planta Titular","Municipal","Titular","Christian Manuel Palma Rivas","Auxiliar","13°","Auxiliares","Escala Municipal","2016-01-01 00:00:00.0","1900-01-01 00:00:00.0"
"Bulnes","Planta Titular","Municipal","Titular","Luis Alejandro Acuña Orellana","Auxiliar","15°","Auxiliares","Escala Municipal","2017-01-01 00:00:00.0","1900-01-01 00:00:00.0"
"Bulnes","Planta Titular","Municipal","Titular","Jose Luis Muñoz Romero","Auxiliar","18°","Auxiliares","Escala Municipal","2019-05-02 00:00:00.0","2019-10-30 00:00:00.0"
"Bulnes","Planta Titular","Municipal","Titular","Patricia del Carmen Aguayo Cuevas","Auxiliar","15°","Auxiliares","Escala Municipal","2019-01-31 00:00:00.0","1900-01-01 00:00:00.0"
"Bulnes","Planta Titular","Municipal","Titular","Carlos Alejandro Rodriguez Saez","Director","9°","Directivos","Escala Municipal","2009-09-07 00:00:00.0","1900-01-01 00:00:00.0"
"Bulnes","Planta Titular","Municipal","Titular","Ricardo Rodrigo Espinoza Vidaurre","Administrador Municipal","7°","Directivos","Escala Municipal","2019-08-12 00:00:00.0","1900-01-01 00:00:00.0"
"Bulnes","Planta Titular","Municipal","Titular","Claudia Fernanda Muñoz Riquelme","Asistente Social","10°","Profesionales","Escala Municipal","2016-04-01 00:00:00.0","1900-01-01 00:00:00.0"
"Bulnes","Planta Titular","Municipal","Titular","Marcela  Rivera Hermosilla","Administrador Municipal","7°","Directivos","Escala Municipal","2016-12-06 00:00:00.0","1900-01-01 00:00:00.0"
"Bulnes","Planta Titular","Municipal","Titular","Angelica Maria Caro Orellana","Técnico","12°","Técnicos","Escala Municipal","2016-01-01 00:00:00.0","1900-01-01 00:00:00.0"
"Bulnes","Planta Titular","Municipal","Titular","Carlos Mauricio Contreras Rios","Técnico","14°","Técnicos","Escala Municipal","2017-01-01 00:00:00.0","1900-01-01 00:00:00.0"
"Bulnes","Planta Titular","Municipal","Titular","Marcela del Carmen Cuevas Chavez","Administrativo","14°","Administrativos","Escala Municipal","2017-01-01 00:00:00.0","1900-01-01 00:00:00.0"
"Bulnes","Planta Titular","Municipal","Titular","Cristian Andrés Pérez González","Secretario Comunal de Planificación Y Coordinación","8°","Directivos","Escala Municipal","2018-12-05 00:00:00.0","1900-01-01 00:00:00.0"
"Bulnes","Planta Titular","Municipal","Titular","Pascuala Andrea Alcarruz Prado","Profesional","11°","Profesionales","Escala Municipal","2015-08-01 00:00:00.0","1900-01-01 00:00:00.0"
"Bulnes","Planta Titular","Municipal","Titular","Guillermo Alejandro Yeber Rodríguez","Director de Desarrollo Comunitario","8°","Directivos","Escala Municipal","2014-09-01 00:00:00.0","1900-01-01 00:00:00.0"
"Bulnes","Planta Titular","Municipal","Titular","Angélica María Hinojosa Pérez","Director de Desarrollo Comunitario","8°","Directivos","Escala Municipal","2016-12-14 00:00:00.0","1900-01-01 00:00:00.0"
"Bulnes","Planta Titular","Municipal","Titular","David Alexis Sanchez Avalos","Director de Control","8°","Directivos","Escala Municipal","2016-04-01 00:00:00.0","1900-01-01 00:00:00.0"
"Bulnes","Planta Titular","Municipal","Titular","Clemente Alexis Guzman Mu¿oz","Secretario Comunal de Planificación Y Coordinación","8°","Directivos","Escala Municipal","2016-05-10 00:00:00.0","1900-01-01 00:00:00.0"
"Bulnes","Planta Titular","Municipal","Titular","Guillermina del Pilar Parra Parra","Técnico","17°","Técnicos","Escala Municipal","2015-08-01 00:00:00.0","1900-01-01 00:00:00.0"
"Bulnes","Planta Titular","Municipal","Titular","Carolina Elizabeth Mendoza Contreras","Director de Desarrollo Comunitario","8°","Directivos","Escala Municipal","2019-08-12 00:00:00.0","1900-01-01 00:00:00.0"
"Bulnes","Planta Titular","Municipal","Titular","Ricardo Eugenio Soto Torres","Secreto Municipal","8°","Directivos","Escala Municipal","2014-10-23 00:00:00.0","1900-01-01 00:00:00.0"
"Bulnes","Planta Titular","Municipal","Titular","Jose Gerardo Contreras Navarrete","Administrativo","14°","Administrativos","Escala Municipal","2017-01-01 00:00:00.0","1900-01-01 00:00:00.0"
"Bulnes","Planta Titular","Municipal","Titular","María Eugenia Aguayo Oviedo","Director de Desarrollo Comunitario","8°","Directivos","Escala Municipal","2016-03-28 00:00:00.0","1900-01-01 00:00:00.0"
"Bulnes","Planta Titular","Municipal","Titular","Nicolas Ricardo Moreno Gallardo","Auxiliar","13°","Auxiliares","Escala Municipal","2017-01-01 00:00:00.0","1900-01-01 00:00:00.0"
"Bulnes","Planta Titular","Municipal","Titular","Marcos Antonio Sandoval Sepulveda","Auxiliar","16°","Administrativos","Escala Municipal","2016-01-01 00:00:00.0","1900-01-01 00:00:00.0"
"Bulnes","Planta Titular","Municipal","Titular","Hugo Mariano Pino Valenzuela","Auxiliar","15°","Auxiliares","Escala Municipal","2017-01-01 00:00:00.0","1900-01-01 00:00:00.0"
"Bulnes","Planta Titular","Municipal","Titular","Jose Eliecer Troncoso Roa","Auxiliar","14°","Auxiliares","Escala Municipal","2017-01-01 00:00:00.0","1900-01-01 00:00:00.0"
"Bulnes","Planta Titular","Municipal","Titular","Hugo Jose Cabrera  Contreras","Auxiliar","18°","Auxiliares","Escala Municipal","2015-10-01 00:00:00.0","1900-01-01 00:00:00.0"
"Bulnes","Planta Titular","Municipal","Titular","Alejandro Antonio Jimenez Orellana","Auxiliar","15°","Auxiliares","Escala Municipal","2016-01-01 00:00:00.0","1900-01-01 00:00:00.0"
"Bulnes","Planta Titular","Municipal","Titular","Raquel Ermelinda Jofre Montero","Administrativo","12°","Administrativos","Escala Municipal","2016-01-01 00:00:00.0","1900-01-01 00:00:00.0"
"Bulnes","Planta Titular","Municipal","Titular","Pablo Arturo Parra Osorio","Auxiliar","13°","Auxiliares","Escala Municipal","2016-01-01 00:00:00.0","1900-01-01 00:00:00.0"
"Bulnes","Planta Titular","Municipal","Titular","Ernesto Segundo Sanchez Fuentes","Alcalde","6°","Alcaldes","Escala Municipal de Remuneraciones(ley 18.883)","2012-12-06 00:00:00.0","1900-01-01 00:00:00.0"
"Bulnes","Planta Titular","Municipal","Titular","Myriam Eliana Herrera Ramirez","Administrativo","13°","Administrativos","Escala Municipal","2017-01-01 00:00:00.0","1900-01-01 00:00:00.0"
"Bulnes","Planta Titular","Municipal","Titular","Ana del Carmen Aedo Viveros","Administrativo","12°","Administrativos","Escala Municipal","2016-01-01 00:00:00.0","1900-01-01 00:00:00.0"
"Bulnes","Planta Titular","Municipal","Titular","Bernardita de Las Mercedes Anavalon Baeza","Técnico","15°","Técnicos","Escala Municipal","2017-01-01 00:00:00.0","1900-01-01 00:00:00.0"
"Bulnes","Planta Titular","Municipal","Titular","Cecilia del Carmen Muñoz Salazar","Técnico","11°","Técnicos","Escala Municipal","2016-01-01 00:00:00.0","1900-01-01 00:00:00.0"
"Bulnes","Planta Titular","Municipal","Titular","Milady Margarita Zapata Lagos","Administrativo","14°","Administrativos","Escala Municipal","2017-01-01 00:00:00.0","1900-01-01 00:00:00.0"
"Bulnes","Planta Titular","Municipal","Titular","Francisco Javier Roa Rodriguez","Auxiliar","16°","Auxiliares","Escala Municipal","2016-01-01 00:00:00.0","1900-01-01 00:00:00.0"
