"Comuna","Tipo de Contratación","Área","Calidad","Nombre","Cargo","Grado","Planta","Remuneración","Fecha desde","Fecha hasta"
"Bulnes","Contrata","Municipal","Contrata","Claudio Rafael Cabrera Penrroz","Administrativo","16°","Administrativos","Escala Municipal","2013-03-01 00:00:00.0","1900-01-01 00:00:00.0"
"Bulnes","Contrata","Municipal","Contrata","Margarita Isabel Flores Pereira","Secretaria","16°","Administrativos","Escala Municipal","2019-01-01 00:00:00.0","2019-12-31 00:00:00.0"
"Bulnes","Contrata","Municipal","Contrata","Jose Luis Muñoz Romero","Auxiliar","18°","Auxiliares","Escala Municipal","2019-01-01 00:00:00.0","2019-12-31 00:00:00.0"
"Bulnes","Contrata","Municipal","Contrata","Ximena Alejandra Ceballos Mardones","Administrativo","16°","Administrativos","Escala Municipal","2013-03-01 00:00:00.0","1900-01-01 00:00:00.0"
"Bulnes","Contrata","Municipal","Contrata","Juan Pedro Silva Espinoza","Auxiliar","18°","Auxiliares","Escala Municipal","2019-01-01 00:00:00.0","2019-12-31 00:00:00.0"
"Bulnes","Contrata","Municipal","Contrata","Johanna Andrea Baltierra Baltierra","Administrativo","17°","Administrativos","Escala Municipal","2019-01-01 00:00:00.0","2019-12-31 00:00:00.0"
"Bulnes","Contrata","Municipal","Contrata","Pablo Alexis Victoriano Durán","Psicólogo","12°","Técnicos","Escala Municipal","2019-01-01 00:00:00.0","2019-12-31 00:00:00.0"
"Bulnes","Contrata","Municipal","Contrata","Gonzalo Andrés Bustamante Troncoso","Asistente Social","12°","Técnicos","Escala Municipal","2019-01-01 00:00:00.0","2019-12-31 00:00:00.0"
"Bulnes","Contrata","Municipal","Contrata","Tomas Ivan General Toloza","Director de Obras Municipales","10°","Profesionales","Escala Municipal","2019-01-01 00:00:00.0","2019-12-31 00:00:00.0"
"Bulnes","Contrata","Municipal","Contrata","Luis Miguel Acuña Godoy","Técnico","12°","Técnicos","Escala Municipal","2019-01-01 00:00:00.0","2019-12-31 00:00:00.0"
"Bulnes","Contrata","Municipal","Contrata","Oscar Mora Vasquez","Administrativo","17°","Administrativos","Escala Municipal","2019-01-01 00:00:00.0","2019-12-31 00:00:00.0"
"Bulnes","Contrata","Municipal","Contrata","Priscila Fabiola Figueroa  Vera","Administrativo","15°","Administrativos","Escala Municipal","2019-01-01 00:00:00.0","2019-12-31 00:00:00.0"
"Bulnes","Contrata","Municipal","Contrata","Cristobal Andres Aranda Ya¿ez","Profesional","11°","Profesionales","Escala Municipal","2019-01-01 00:00:00.0","2019-12-31 00:00:00.0"
"Bulnes","Contrata","Municipal","Contrata","Hector Michel Morales Aliaga","Administrativo","17°","Administrativos","Escala Municipal","2019-01-01 00:00:00.0","2019-12-31 00:00:00.0"
"Bulnes","Contrata","Municipal","Contrata","Javiera Soledad  Alcarruz Flores","Administrativo","17°","Administrativos","Escala Municipal","2019-01-01 00:00:00.0","2019-12-31 00:00:00.0"
"Bulnes","Contrata","Municipal","Contrata","Hector Manuel Gutierrez Cuevas","Administrativo","17°","Administrativos","Escala Municipal","2019-01-01 00:00:00.0","2019-12-31 00:00:00.0"
