"Comuna","Tipo de Contratación","Área","Calidad","Nombre","Cargo","Grado","Planta","Remuneración","Fecha desde","Fecha hasta"
"Bulnes","Contrata","Sin Clasificación","Contrata","Narly Romanina San Martin Ibarra","Encargado"," ","Contratados Sin Planta","Escala Atención Primaria de Salud Municipal","2010-02-01 00:00:00.0","1900-01-01 00:00:00.0"
"Bulnes","Contrata","Sin Clasificación","Contrata","Claudia Fernanda Muñoz Riquelme","Asistente Social","11°","Contratados Sin Planta","Escala Municipal","2011-03-01 00:00:00.0","1900-01-01 00:00:00.0"
"Bulnes","Contrata","Sin Clasificación","Contrata","Gumercindo Segundo Quezada Blanco","Juez Policía Local","7°","Directivos","Escala Municipal","2010-08-01 00:00:00.0","1900-01-01 00:00:00.0"
"Bulnes","Contrata","Sin Clasificación","Contrata","Rosa del Pilar Cofre del Pino","Enfermero(a)","B","Contratados Sin Planta","","1997-09-01 00:00:00.0","1900-01-01 00:00:00.0"
"Bulnes","Contrata","Sin Clasificación","Contrata","Mictor Hugo Nuñez Valenzuela","Auxiliar","18°","Contratados Sin Planta","Escala Municipal","2011-03-01 00:00:00.0","1900-01-01 00:00:00.0"
"Bulnes","Contrata","Sin Clasificación","Contrata","Marcos Antonio Sandoval Sepulveda","Auxiliar","18°","Contratados Sin Planta","Escala Municipal","2011-03-01 00:00:00.0","1900-01-01 00:00:00.0"
"Bulnes","Contrata","Sin Clasificación","Contrata","Margarita Eliana Sandoval Aedo","Docente"," ","Contratados Sin Planta","Escala Profesionales de La Educación Llay 19.070)","2012-02-29 00:00:00.0","1900-01-01 00:00:00.0"
"Bulnes","Contrata","Sin Clasificación","Contrata","Javiera de La Cruz Chandia Cabrera","Docente"," ","Contratados Sin Planta","Escala Profesionales de La Educación Llay 19.070)","2004-05-01 00:00:00.0","1900-01-01 00:00:00.0"
