"Comuna","Tipo de Contratación","Área","Calidad","Nombre","Cargo","Grado","Planta","Remuneración","Fecha desde","Fecha hasta"
"Bulnes","Planta Titular","Educación","Titular","Maria Elena Perez Troncoso","Asistente de La Educación","SIN INFORMACION","Contratados Sin Planta","Afectos Al Código del Trabajo","2015-03-02 00:00:00.0","1900-01-01 00:00:00.0"
"Bulnes","Planta Titular","Educación","Titular","Mario Antonio Silva Vega","Docente"," ","Docente","Escala Profesionales de La Educación Llay 19.070)","2004-05-01 00:00:00.0","1900-01-01 00:00:00.0"
"Bulnes","Planta Titular","Educación","Titular","Maria Isabel Velenzuela  Romero","Asistente de La Educación","SIN INFORMACION","Contratados Sin Planta","Asistentes de La Educación Ley N°19.464","2018-03-01 00:00:00.0","1900-01-01 00:00:00.0"
"Bulnes","Planta Titular","Educación","Titular","Jose Gustavo Cortes Cortes","Docente","SIN INFORMACION","Docente","Profesionales de La Educación Ley N°19.070","2015-01-31 00:00:00.0","1900-01-01 00:00:00.0"
"Bulnes","Planta Titular","Educación","Titular","Marcia Makarena Flores Valladares","Encargado de Bodega","SIN INFORMACION","Contratados Sin Planta","Afectos Al Código del Trabajo","2014-10-13 00:00:00.0","1900-01-01 00:00:00.0"
"Bulnes","Planta Titular","Educación","Titular","Rita Belen Vallejos Ottone","Secretaria","SIN INFORMACION","Contratados Sin Planta","Asistentes de La Educación Ley N°19.464","2012-03-12 00:00:00.0","1900-01-01 00:00:00.0"
"Bulnes","Planta Titular","Educación","Titular","Ana Maria Godoy Chavez","Administrativo","SIN INFORMACION","Contratados Sin Planta","Afectos Al Código del Trabajo","2016-06-16 00:00:00.0","1900-01-01 00:00:00.0"
"Bulnes","Planta Titular","Educación","Titular","Alejandro Enrique Contreras Vivallobos","Ingeniero de Ejecución Computación E Informatica","SIN INFORMACION","Contratados Sin Planta","Afectos Al Código del Trabajo","2016-03-14 00:00:00.0","1900-01-01 00:00:00.0"
"Bulnes","Planta Titular","Educación","Titular","Juan Daniel Mu¿oz Sandpval","Asistente de La Educación","SIN INFORMACION","Contratados Sin Planta","Afectos Al Código del Trabajo","2016-03-01 00:00:00.0","1900-01-01 00:00:00.0"
"Bulnes","Planta Titular","Educación","Titular","Luis Humberto Cartes Cartes","Inspector 3","SIN INFORMACION","Contratados Sin Planta","Asistentes de La Educación Ley N°19.464","2016-05-02 00:00:00.0","1900-01-01 00:00:00.0"
"Bulnes","Planta Titular","Educación","Titular","Bernarda del Carmen Avila  Carcamo","Inspector Para Docente","SIN INFORMACION","Contratados Sin Planta","Asistentes de La Educación Ley N°19.464","2015-03-01 00:00:00.0","1900-01-01 00:00:00.0"
"Bulnes","Planta Titular","Educación","Titular","Jeannette del Carmen Silva Lopez","Docente"," ","Docente","Escala Profesionales de La Educación Llay 19.070)","2004-05-01 00:00:00.0","1900-01-01 00:00:00.0"
