"Comuna","Tipo de Contratación","Área","Calidad","Nombre","Cargo","Grado","Planta","Remuneración","Fecha desde","Fecha hasta"
"Valdivia","Codigo del Trabajo","Municipal","Código del Trabajo","Lucila de Lourdes Leveque Ortiz","Asistente Parvularia"," ","Funcionarios","Afectos Al Código del Trabajo","2010-03-08 00:00:00.0","1900-01-01 00:00:00.0"
"Valdivia","Codigo del Trabajo","Municipal","Código del Trabajo","Gladys Llamile Vera Huenul","Paradocente"," ","Funcionarios","Afectos Al Código del Trabajo","2010-03-03 00:00:00.0","1900-01-01 00:00:00.0"
"Valdivia","Codigo del Trabajo","Municipal","Código del Trabajo","Claudio Bernardino Sotomayor  Arauco","Auxiliar"," ","Contratados Sin Planta","Afectos Al Código del Trabajo","2012-10-01 00:00:00.0","1900-01-01 00:00:00.0"
"Valdivia","Codigo del Trabajo","Municipal","Código del Trabajo","Claudio Alejandro Pacheco Rosales","Profesional"," ","Funcionarios","Asistentes de La Educación Ley N°19.464","2012-03-01 00:00:00.0","1900-01-01 00:00:00.0"
"Valdivia","Codigo del Trabajo","Municipal","Código del Trabajo","Sara Eulogia Cardenas Navarro","Paradocente"," ","Contratados Sin Planta","Asistentes de La Educación Ley N°19.464","2011-03-01 00:00:00.0","1900-01-01 00:00:00.0"
"Valdivia","Codigo del Trabajo","Municipal","Código del Trabajo","Maria de Los Angeles Sotomayor Agurto","Asistente Parvularia"," ","Contratados Sin Planta","Afectos Al Código del Trabajo","2013-03-01 00:00:00.0","1900-01-01 00:00:00.0"
"Valdivia","Codigo del Trabajo","Municipal","Código del Trabajo","Carolina Adriela Oyarzun Alarcon","Fonoaudiologo"," ","Contratados Sin Planta","Asistentes de La Educación Ley N°19.464","2010-03-08 00:00:00.0","1900-01-01 00:00:00.0"
"Valdivia","Codigo del Trabajo","Municipal","Código del Trabajo","Alejandra Belen Barrera Hernandez","Asistente Parvularia"," ","Contratados Sin Planta","Afectos Al Código del Trabajo","2013-03-01 00:00:00.0","1900-01-01 00:00:00.0"
"Valdivia","Codigo del Trabajo","Municipal","Código del Trabajo","Cristobal Alberto Zapata Navarrete","Asistente de La Educación"," ","Contratados Sin Planta","Asistentes de La Educación Ley N°19.464","2019-03-01 00:00:00.0","1900-01-01 00:00:00.0"
"Valdivia","Codigo del Trabajo","Municipal","Código del Trabajo","Miguel Ramirez Ulloa","Asistente de La Educación"," ","Funcionarios","Afectos Al Código del Trabajo","2013-03-01 00:00:00.0","1900-01-01 00:00:00.0"
"Valdivia","Codigo del Trabajo","Municipal","Código del Trabajo","Sandra Isabel Herrera Ceballos","Técnico"," ","Contratados Sin Planta","Afectos Al Código del Trabajo","2019-01-03 00:00:00.0","1900-01-01 00:00:00.0"
"Valdivia","Codigo del Trabajo","Municipal","Código del Trabajo","Maria Paulina Benavente Palacio","Profesional"," ","Funcionarios","Afectos Al Código del Trabajo","2013-03-01 00:00:00.0","1900-01-01 00:00:00.0"
"Valdivia","Codigo del Trabajo","Municipal","Código del Trabajo","Roberto Alvarez Alvarez","Contratado"," ","Sin Información","Afectos Al Código del Trabajo","2013-07-01 00:00:00.0","1900-01-01 00:00:00.0"
