"Comuna","Tipo de Contratación","Área","Calidad","Nombre","Cargo","Grado","Planta","Remuneración","Fecha desde","Fecha hasta"
"Valdivia","Contrata","Sin Clasificación","Contrata","Luz Eliana Cortez Bastias","Técnico"," ","Empleados","Escala Atención Primaria de Salud Municipal","2010-01-01 00:00:00.0","1900-01-01 00:00:00.0"
"Valdivia","Contrata","Sin Clasificación","Contrata","Sila Leonor Ceballos Godoy","Técnico"," ","Empleados","Escala Atención Primaria de Salud Municipal","2010-01-01 00:00:00.0","1900-01-01 00:00:00.0"
"Valdivia","Contrata","Sin Clasificación","Contrata","Juan Andrés Meza Rojas","Técnico"," ","Empleados","Escala Atención Primaria de Salud Municipal","2010-01-01 00:00:00.0","1900-01-01 00:00:00.0"
"Valdivia","Contrata","Sin Clasificación","Contrata","Lucia Magali Sanchez Coronado","Técnico"," ","Empleados","Escala Atención Primaria de Salud Municipal","2010-01-01 00:00:00.0","1900-01-01 00:00:00.0"
"Valdivia","Contrata","Sin Clasificación","Contrata","Alex Rolando Jaramillo Carrasco","Docente"," ","Contratados Sin Planta","Escala Profesionales de La Educación Llay 19.070)","2010-03-11 00:00:00.0","1900-01-01 00:00:00.0"
"Valdivia","Contrata","Sin Clasificación","Contrata","Katherine Ilein Tirapegui Yevenes","Técnico"," ","Empleados","Escala Atención Primaria de Salud Municipal","2010-01-01 00:00:00.0","1900-01-01 00:00:00.0"
"Valdivia","Contrata","Sin Clasificación","Contrata","Karen Andrea Buchholtz Sperberg","Docente"," ","Docente","Escala Profesionales de La Educación Llay 19.070)","2013-03-01 00:00:00.0","1900-01-01 00:00:00.0"
"Valdivia","Contrata","Sin Clasificación","Contrata","Janina Alejandra Garnica Reyes","Docente"," ","Contratados Sin Planta","Escala Profesionales de La Educación Llay 19.070)","2010-03-08 00:00:00.0","2211-02-28 00:00:00.0"
"Valdivia","Contrata","Sin Clasificación","Contrata","Maria Pia Ayun Garcia Parodi","Asistente Social"," ","Asistente Social","Afectos Al Código del Trabajo","2012-09-01 00:00:00.0","1900-01-01 00:00:00.0"
"Valdivia","Contrata","Sin Clasificación","Contrata","José Norberto González Guerrero","Técnico"," ","Sin Información","Escala Atención Primaria de Salud Municipal","2010-01-01 00:00:00.0","1900-01-01 00:00:00.0"
"Valdivia","Contrata","Sin Clasificación","Contrata","Lesley Silvana Lemari Silva","Técnico"," ","Empleados","Escala Atención Primaria de Salud Municipal","2010-01-01 00:00:00.0","1900-01-01 00:00:00.0"
"Valdivia","Contrata","Sin Clasificación","Contrata","Evelyn Makarena Gajardo Olivera","Técnico"," ","Empleados","Escala Atención Primaria de Salud Municipal","2010-01-01 00:00:00.0","1900-01-01 00:00:00.0"
"Valdivia","Contrata","Sin Clasificación","Contrata","Paola Andrea Hueche Arias","Psicólogo"," ","Profesionales","Afectos Al Código del Trabajo","2012-10-24 00:00:00.0","1900-01-01 00:00:00.0"
"Valdivia","Contrata","Sin Clasificación","Contrata","Maria Magdalena Montecinos Villarroel","Auxiliar de Párvulos"," ","Contratados Sin Planta","Afectos Al Código del Trabajo","2009-12-03 00:00:00.0","1900-01-01 00:00:00.0"
"Valdivia","Contrata","Sin Clasificación","Contrata","Susana Beatriz Montesinos Larrañaga","Administrativo"," ","Administrativos","Afectos Al Código del Trabajo","2012-09-01 00:00:00.0","1900-01-01 00:00:00.0"
"Valdivia","Contrata","Sin Clasificación","Contrata","Hernan Gaston Segundo Martinez Martinez","Técnico"," ","Empleados","Escala Atención Primaria de Salud Municipal","2010-01-01 00:00:00.0","1900-01-01 00:00:00.0"
"Valdivia","Contrata","Sin Clasificación","Contrata","Maria Ericka Ibañez Diaz","Técnico"," ","Empleados","Escala Atención Primaria de Salud Municipal","2011-01-01 00:00:00.0","1900-01-01 00:00:00.0"
"Valdivia","Contrata","Sin Clasificación","Contrata","Fernando Cancino Ortiz","Vigilante"," ","Sin Información","Sin Información","1987-02-01 00:00:00.0","1900-01-01 00:00:00.0"
"Valdivia","Contrata","Sin Clasificación","Contrata","Patricio Eduardo Hermosilla Aparicio","Profesional"," ","Contratados Sin Planta","Escala Atención Primaria de Salud Municipal","2009-01-01 00:00:00.0","1900-01-01 00:00:00.0"
"Valdivia","Contrata","Sin Clasificación","Contrata","Rina Isabel Paillaman Infante","Enfermero(a)"," ","Contratados Sin Planta","Escala Atención Primaria de Salud Municipal","2012-08-01 00:00:00.0","1900-01-01 00:00:00.0"
