"Comuna","Tipo de Contratación","Área","Calidad","Nombre","Cargo","Grado","Planta","Remuneración","Fecha desde","Fecha hasta"
"Valdivia","Contrata","Municipal","Contrata","Leonardo Alfredo Sandoval Montoya","Profesional","8°","Profesionales","Escala Municipal","2019-01-01 00:00:00.0","2019-12-31 00:00:00.0"
"Valdivia","Contrata","Municipal","Contrata","Santiago Esau Mendez Vargas","Administrativo","15°","Administrativos","Escala Municipal","2019-01-01 00:00:00.0","2019-12-31 00:00:00.0"
"Valdivia","Contrata","Municipal","Contrata","Carmen Gloria Sepulveda San Martin","Administrativo","12°","Administrativos","Escala Municipal","2019-01-01 00:00:00.0","2019-12-31 00:00:00.0"
"Valdivia","Contrata","Municipal","Contrata","Patricia Danae Rueda Santana","Administrativo","11°","Administrativos","Escala Municipal","2019-01-01 00:00:00.0","2019-12-31 00:00:00.0"
"Valdivia","Contrata","Municipal","Contrata","Hernan Amador Godoy Leal","Chófer","16°","Auxiliares","Escala Municipal","2019-01-01 00:00:00.0","2019-12-31 00:00:00.0"
"Valdivia","Contrata","Municipal","Contrata","Max Mauricio Rodriguez Rapiman","Chófer","13°","Auxiliares","Escala Municipal","2019-01-01 00:00:00.0","2019-12-31 00:00:00.0"
"Valdivia","Contrata","Municipal","Contrata","Henry Alex Chipon Silva","Chófer","16°","Auxiliares","Escala Municipal","2019-01-01 00:00:00.0","2019-12-31 00:00:00.0"
"Valdivia","Contrata","Municipal","Contrata","Alvaro Cesar Riesco Quezada","Profesional","10°","Profesionales","Escala Municipal","2019-01-01 00:00:00.0","2019-12-31 00:00:00.0"
"Valdivia","Contrata","Municipal","Contrata","Aliro Hernan Inzunza Vargas","Auxiliar","17°","Auxiliares","Escala Municipal","2019-01-01 00:00:00.0","2019-12-31 00:00:00.0"
"Valdivia","Contrata","Municipal","Contrata","Gladys Patricia Perez Oyarzun","Administrativo","15°","Administrativos","Escala Municipal","2019-01-01 00:00:00.0","2019-12-31 00:00:00.0"
"Valdivia","Contrata","Municipal","Contrata","Leon Alfredo Matamala Perez","Profesional","8°","Profesionales","Escala Municipal","2019-01-01 00:00:00.0","2019-12-31 00:00:00.0"
"Valdivia","Contrata","Municipal","Contrata","Yohans Francisco Mena Bozzo","Administrativo","13°","Administrativos","Escala Municipal","2019-01-01 00:00:00.0","2019-12-31 00:00:00.0"
"Valdivia","Contrata","Municipal","Contrata","Paulina Isabel Catalán Pérez","Administrativo","17°","Administrativos","Escala Municipal","2019-03-05 00:00:00.0","2019-04-05 00:00:00.0"
"Valdivia","Contrata","Municipal","Contrata","Genny del Carmen Matus Velasquez","Administrativo","15°","Administrativos","Escala Municipal","2019-01-01 00:00:00.0","2019-12-31 00:00:00.0"
"Valdivia","Contrata","Municipal","Contrata","Claudio Andres Jaramillo Rosas","Chófer","16°","Auxiliares","Escala Municipal","2019-01-01 00:00:00.0","2019-12-31 00:00:00.0"
"Valdivia","Contrata","Municipal","Contrata","Paola Waleska Guiñez Miranda","Administrativo","11°","Administrativos","Escala Municipal","2019-01-01 00:00:00.0","2019-12-31 00:00:00.0"
"Valdivia","Contrata","Municipal","Contrata","Hector Antonio Diaz Mardones","Chófer","16°","Auxiliares","Escala Municipal","2019-01-01 00:00:00.0","2019-12-31 00:00:00.0"
"Valdivia","Contrata","Municipal","Contrata","Johny Antonio Curguan Medina","Auxiliar","18°","Auxiliares","Escala Municipal","2019-01-01 00:00:00.0","2019-12-31 00:00:00.0"
"Valdivia","Contrata","Municipal","Contrata","Erwin Adriel Guarda Puschel","Chófer","16°","Auxiliares","Escala Municipal","2019-01-01 00:00:00.0","2019-12-31 00:00:00.0"
"Valdivia","Contrata","Municipal","Contrata","Rodrigo Ulises Ordoñez Mera","Administrativo","16°","Administrativos","Escala Municipal","2019-02-01 00:00:00.0","2019-12-31 00:00:00.0"
"Valdivia","Contrata","Municipal","Contrata","Miguel Eduardo Arriagada Rosales","Administrativo","15°","Administrativos","Escala Municipal","2019-01-01 00:00:00.0","2019-12-31 00:00:00.0"
"Valdivia","Contrata","Municipal","Contrata","Beatriz Arlenne Estrada Manriquez","Profesional","9°","Profesionales","Escala Municipal","2019-01-01 00:00:00.0","2019-12-31 00:00:00.0"
"Valdivia","Contrata","Municipal","Contrata","Hugo Elizardo Huechucoi Oyarzun","Administrativo","16°","Administrativos","Escala Municipal","2019-01-01 00:00:00.0","2019-12-31 00:00:00.0"
"Valdivia","Contrata","Municipal","Contrata","Paola Donelia Barrera Pinela","Profesional","11°","Profesionales","Escala Municipal","2019-01-01 00:00:00.0","2019-12-31 00:00:00.0"
"Valdivia","Contrata","Municipal","Contrata","Cristian Javier Luengo Maluenda","Administrativo","15°","Administrativos","Escala Municipal","2019-01-01 00:00:00.0","2019-12-31 00:00:00.0"
"Valdivia","Contrata","Municipal","Contrata","Alejandro Javier de Vicenci Cifuentes","Administrativo","13°","Administrativos","Escala Municipal","2019-01-01 00:00:00.0","2019-12-31 00:00:00.0"
"Valdivia","Contrata","Municipal","Contrata","Miguel Alejandro Carrillo Paillapan","Administrativo","15°","Administrativos","Escala Municipal","2019-01-01 00:00:00.0","2019-12-31 00:00:00.0"
"Valdivia","Contrata","Municipal","Contrata","Claudia Jeanette Alarcon Muñoz","Administrativo","14°","Administrativos","Escala Municipal","2019-01-01 00:00:00.0","2019-12-31 00:00:00.0"
"Valdivia","Contrata","Municipal","Contrata","Thamara Mabel Herrera Navarrete","Profesional","9°","Profesionales","Escala Municipal","2019-01-01 00:00:00.0","2019-12-31 00:00:00.0"
"Valdivia","Contrata","Municipal","Contrata","Carolina Jara Vergara","Profesional","11°","Profesionales","Escala Municipal","2019-01-01 00:00:00.0","2019-12-31 00:00:00.0"
"Valdivia","Contrata","Municipal","Contrata","Luis Eduardo Salazar Figueroa","Chófer","15°","Auxiliares","Escala Municipal","2019-09-01 00:00:00.0","2019-12-31 00:00:00.0"
"Valdivia","Contrata","Municipal","Contrata","Roberto Osvaldo Lizama Toledo","Chófer","13°","Auxiliares","Escala Municipal","2019-01-01 00:00:00.0","2019-12-31 00:00:00.0"
"Valdivia","Contrata","Municipal","Contrata","Leidy Elizabeth Perez Clasing","Profesional","9°","Profesionales","Escala Municipal","2019-01-01 00:00:00.0","2019-12-31 00:00:00.0"
"Valdivia","Contrata","Municipal","Contrata","Paola Carolina Figueroa Duran","Profesional","9°","Profesionales","Escala Municipal","2019-01-01 00:00:00.0","2019-12-31 00:00:00.0"
"Valdivia","Contrata","Municipal","Contrata","Alvaro Eric Palacios Klagges","Profesional","6°","Profesionales","Escala Municipal","2019-01-01 00:00:00.0","2019-12-31 00:00:00.0"
"Valdivia","Contrata","Municipal","Contrata","Fabiola de Lourdes Caro Biott","Administrativo","16°","Administrativos","Escala Municipal","2019-01-01 00:00:00.0","2019-12-31 00:00:00.0"
"Valdivia","Contrata","Municipal","Contrata","Fabian Sanchez Oyarzun","Administrativo","SIN INFORMACION","Contratados Sin Planta","Afectos Al Código del Trabajo","2019-03-20 00:00:00.0","2019-04-30 00:00:00.0"
"Valdivia","Contrata","Municipal","Contrata","Daniel Alejandro Cruchet Carrillo","Profesional","10°","Profesionales","Escala Municipal","2019-01-01 00:00:00.0","2019-12-31 00:00:00.0"
"Valdivia","Contrata","Municipal","Contrata","Roberto Andres Delgado Bustamante","Administrativo","11°","Administrativos","Escala Municipal","2019-01-01 00:00:00.0","2019-12-31 00:00:00.0"
"Valdivia","Contrata","Municipal","Contrata","Fabiola Keren Baeza Gallardo","Administrativo","13°","Administrativos","Escala Municipal","2019-01-01 00:00:00.0","2019-12-31 00:00:00.0"
"Valdivia","Contrata","Municipal","Contrata","Yissel Elisabeth Villanueva Medina","Administrativo","16°","Administrativos","Escala Municipal","2019-01-01 00:00:00.0","2019-03-31 00:00:00.0"
"Valdivia","Contrata","Municipal","Contrata","Rene Edgardo Antio Acuña","Profesional","10°","Profesionales","Escala Municipal","2019-01-01 00:00:00.0","2019-12-31 00:00:00.0"
"Valdivia","Contrata","Municipal","Contrata","Leslie Katherine Sandoval Mora","Profesional","8°","Profesionales","Escala Municipal","2019-01-01 00:00:00.0","2019-12-31 00:00:00.0"
"Valdivia","Contrata","Municipal","Contrata","Marcelo Alejandro Calfuquir  Uribe","Profesional","10°","Profesionales","Escala Municipal","2019-01-01 00:00:00.0","2019-12-31 00:00:00.0"
"Valdivia","Contrata","Municipal","Contrata","Marcos Cristian Blank Vio","Administrativo","16°","Administrativos","Escala Municipal","2019-01-01 00:00:00.0","2019-12-31 00:00:00.0"
"Valdivia","Contrata","Municipal","Contrata","Adriana Ester Simao Coronado","Profesional","10°","Profesionales","Escala Municipal","2019-01-01 00:00:00.0","2019-12-31 00:00:00.0"
"Valdivia","Contrata","Municipal","Contrata","Paola Johana Flores  Contreras","Administrativo","18°","Administrativos","Escala Municipal","2019-01-01 00:00:00.0","2019-12-31 00:00:00.0"
"Valdivia","Contrata","Municipal","Contrata","Jessica Karina Azócar Fontealba","Profesional","11°","Profesionales","Escala Municipal","2019-01-01 00:00:00.0","2019-12-31 00:00:00.0"
"Valdivia","Contrata","Municipal","Contrata","Karina Cecilia Riquelme Rivera","Administrativo","14°","Administrativos","Escala Municipal","2019-01-01 00:00:00.0","2019-12-31 00:00:00.0"
"Valdivia","Contrata","Municipal","Contrata","Fabiola Monserrat Barrera Cañoles","Administrativo","17°","Administrativos","Escala Municipal","2019-01-01 00:00:00.0","2019-12-31 00:00:00.0"
"Valdivia","Contrata","Municipal","Contrata","Fernanda Javiera Jaramillo Barrera","Administrativo","17°","Administrativos","Escala Municipal","2019-01-01 00:00:00.0","2019-12-31 00:00:00.0"
"Valdivia","Contrata","Municipal","Contrata","Rodolfo Andres Nuñez Abello","Administrativo","15°","Administrativos","Escala Municipal","2019-01-01 00:00:00.0","2019-12-31 00:00:00.0"
"Valdivia","Contrata","Municipal","Contrata","Madelaine Etme Barreira Duhalde","Administrativo","14°","Administrativos","Escala Municipal","2019-01-01 00:00:00.0","2019-12-31 00:00:00.0"
"Valdivia","Contrata","Municipal","Contrata","Ruben Alejandro Navarro Leal","Profesional","11°","Profesionales","Escala Municipal","2019-01-01 00:00:00.0","2019-12-31 00:00:00.0"
"Valdivia","Contrata","Municipal","Contrata","Ariana Cabrera Flores","Profesional","11°","Profesionales","Escala Municipal","2019-01-01 00:00:00.0","2019-12-31 00:00:00.0"
"Valdivia","Contrata","Municipal","Contrata","César Claudio Aravena Carrasco","Administrativo","16°","Administrativos","Escala Municipal","2019-01-01 00:00:00.0","2019-02-28 00:00:00.0"
"Valdivia","Contrata","Municipal","Contrata","Roberto Cesar Lopez Venegas","Auxiliar Chófer","17°","Auxiliares","Escala Municipal","2013-07-01 00:00:00.0","1900-01-01 00:00:00.0"
"Valdivia","Contrata","Municipal","Contrata","Edgardo Enrique Oyarzun Oyarzun","Técnico","13°","Técnicos","Escala Municipal","2019-01-01 00:00:00.0","2019-12-31 00:00:00.0"
"Valdivia","Contrata","Municipal","Contrata","Miguel Angel Carrasco Garcia","Medico","SIN INFORMACION","Contratados Sin Planta","Afectos Al Código del Trabajo","2019-01-01 00:00:00.0","2019-12-31 00:00:00.0"
"Valdivia","Contrata","Municipal","Contrata","Jaime Marcelo Yud Elissetche","Administrativo","12°","Administrativos","Escala Municipal","2019-01-01 00:00:00.0","2019-12-31 00:00:00.0"
"Valdivia","Contrata","Municipal","Contrata","Macarena Astorga Pasten","Profesional","11°","Profesionales","Escala Municipal","2019-01-01 00:00:00.0","2019-12-31 00:00:00.0"
"Valdivia","Contrata","Municipal","Contrata","Cristian Rolando Rickemberg Savelle","Administrativo","14°","Administrativos","Escala Municipal","2019-01-01 00:00:00.0","2019-12-31 00:00:00.0"
"Valdivia","Contrata","Municipal","Contrata","Isaias Job Huerta Dominguez","Administrador","SIN INFORMACION","Contratados Sin Planta","Afectos Al Código del Trabajo","2019-03-18 00:00:00.0","2019-06-18 00:00:00.0"
"Valdivia","Contrata","Municipal","Contrata","Marcela Evelyn Riquelme Mendoza","Profesional","10°","Profesionales","Escala Municipal","2019-01-01 00:00:00.0","2019-12-31 00:00:00.0"
"Valdivia","Contrata","Municipal","Contrata","Alejandro Patricio Rojas Alvarez","Administrativo","15°","Administrativos","Escala Municipal","2019-01-01 00:00:00.0","2019-12-31 00:00:00.0"
"Valdivia","Contrata","Municipal","Contrata","Herta Danitza Sotomayor Arauco","Administrativo","17°","Administrativos","Escala Municipal","2019-01-01 00:00:00.0","2019-12-31 00:00:00.0"
"Valdivia","Contrata","Municipal","Contrata","Mackarenna del Pilar Yunge Abdon","Profesional","9°","Profesionales","Escala Municipal","2019-03-06 00:00:00.0","2019-05-31 00:00:00.0"
"Valdivia","Contrata","Municipal","Contrata","German Andres Ancacoy Martinez","Chófer","16°","Auxiliares","Escala Municipal","2019-01-01 00:00:00.0","2019-12-31 00:00:00.0"
"Valdivia","Contrata","Municipal","Contrata","Doris Quinchagual Salvo","Profesional","8°","Profesionales","Escala Municipal","2019-01-01 00:00:00.0","2019-12-31 00:00:00.0"
"Valdivia","Contrata","Municipal","Contrata","Carolina Noemi Navarro Ortiz","Profesional","7°","Profesionales","Escala Municipal","2019-01-01 00:00:00.0","2019-12-31 00:00:00.0"
"Valdivia","Contrata","Municipal","Contrata","Marcos Javier Andrade Herrera","Administrativo","17°","Administrativos","Escala Municipal","2019-01-01 00:00:00.0","2019-12-31 00:00:00.0"
"Valdivia","Contrata","Municipal","Contrata","Patricia Isabel Loebel Jara","Profesional","10°","Profesionales","Escala Municipal","2019-01-01 00:00:00.0","2019-12-31 00:00:00.0"
"Valdivia","Contrata","Municipal","Contrata","Robert Edward Fierro Briones","Chófer","18°","Auxiliares","Escala Municipal","2019-10-04 00:00:00.0","2019-12-31 00:00:00.0"
"Valdivia","Contrata","Municipal","Contrata","Helmuth Salustiano Palma Oyarzo","Profesional","11°","Profesionales","Escala Municipal","2019-01-17 00:00:00.0","2019-12-31 00:00:00.0"
"Valdivia","Contrata","Municipal","Contrata","Victor Alfonso Rivera  Escalona","Auxiliar","SIN INFORMACION","Contratados Sin Planta","Afectos Al Código del Trabajo","2018-10-01 00:00:00.0","2019-09-30 00:00:00.0"
"Valdivia","Contrata","Municipal","Contrata","Cristina Beroisa Henriquez","Profesional","11°","Profesionales","Escala Municipal","2019-01-01 00:00:00.0","2019-12-31 00:00:00.0"
"Valdivia","Contrata","Municipal","Contrata","Yarko Alexis Ojeda Biott","Administrativo","18°","Administrativos","Escala Municipal","2019-01-01 00:00:00.0","2019-12-31 00:00:00.0"
"Valdivia","Contrata","Municipal","Contrata","Nataly Magdalena Peña Gajardo","Administrativo","17°","Administrativos","Escala Municipal","2019-01-01 00:00:00.0","2019-12-31 00:00:00.0"
"Valdivia","Contrata","Municipal","Contrata","Carlos Alfonso Siegel Reyes","Profesional","9°","Profesionales","Escala Municipal","2019-01-01 00:00:00.0","2019-12-31 00:00:00.0"
"Valdivia","Contrata","Municipal","Contrata","Victor Francisco Escalona Aldana","Profesional","7°","Profesionales","Escala Municipal","2019-01-01 00:00:00.0","2019-12-31 00:00:00.0"
"Valdivia","Contrata","Municipal","Contrata","Jorge Andres Caroca Peralta","Profesional","10°","Profesionales","Escala Municipal","2019-01-01 00:00:00.0","2019-12-31 00:00:00.0"
"Valdivia","Contrata","Municipal","Contrata","Fernando Cristobal  Burgos  Carrillo","Chófer","18°","Auxiliares","Escala Municipal","2019-09-23 00:00:00.0","2019-12-31 00:00:00.0"
"Valdivia","Contrata","Municipal","Contrata","Leonardo Enrique Aguilera Orellana","Profesional","11°","Profesionales","Escala Municipal","2019-01-01 00:00:00.0","2019-12-31 00:00:00.0"
"Valdivia","Contrata","Municipal","Contrata","Carla Andrea Cea Schwarzemberg","Profesional","10°","Profesionales","Escala Municipal","2019-01-01 00:00:00.0","2019-12-31 00:00:00.0"
"Valdivia","Contrata","Municipal","Contrata","Sergio Andres Echeverria  Mena","Profesional","8°","Profesionales","Escala Municipal","2019-01-01 00:00:00.0","2019-12-31 00:00:00.0"
"Valdivia","Contrata","Municipal","Contrata","Lorenzo Tomas Candia Sandoval","Profesional","11°","Profesionales","Escala Municipal","2019-01-01 00:00:00.0","2019-12-31 00:00:00.0"
"Valdivia","Contrata","Municipal","Contrata","María Paz Sandoval Becerra","Administrativo","17°","Administrativos","Escala Municipal","2019-01-01 00:00:00.0","2019-12-31 00:00:00.0"
"Valdivia","Contrata","Municipal","Contrata","Luis Ignacio Reyes Cabezas","Profesional","10°","Profesionales","Escala Municipal","2019-05-01 00:00:00.0","2019-12-31 00:00:00.0"
"Valdivia","Contrata","Municipal","Contrata","Ignacio Nicolas Gonzalez Angulo","Profesional","9°","Profesionales","Escala Municipal","2019-01-01 00:00:00.0","2019-12-31 00:00:00.0"
"Valdivia","Contrata","Municipal","Contrata","Pia Illesca Oyarzun","Profesional","11°","Profesionales","Escala Municipal","2019-01-01 00:00:00.0","2019-12-31 00:00:00.0"
"Valdivia","Contrata","Municipal","Contrata","Patricio Antonio Villagra Inostroza","Profesional","9°","Profesionales","Escala Municipal","2019-01-01 00:00:00.0","2019-12-31 00:00:00.0"
"Valdivia","Contrata","Municipal","Contrata","Beatriz Alejandra Sanhueza Becerra","Profesional","9°","Profesionales","Escala Municipal","2019-01-01 00:00:00.0","2019-12-31 00:00:00.0"
"Valdivia","Contrata","Municipal","Contrata","Xaviera Zu¿iga Docmac","Profesional","11°","Profesionales","Escala Municipal","2019-01-01 00:00:00.0","2019-12-31 00:00:00.0"
"Valdivia","Contrata","Municipal","Contrata","Erik Rodrigo Villegas  Rogel","Profesional","9°","Profesionales","Escala Municipal","2019-06-17 00:00:00.0","2019-12-31 00:00:00.0"
"Valdivia","Contrata","Municipal","Contrata","Alvaro Alexander Pacheco Pacheco","Técnico","15°","Técnicos","Escala Municipal","2019-01-01 00:00:00.0","2019-12-31 00:00:00.0"
"Valdivia","Contrata","Municipal","Contrata","Poliana Alejandra Bustos Carcamo","Técnico","14°","Técnicos","Escala Municipal","2019-01-01 00:00:00.0","2019-12-31 00:00:00.0"
"Valdivia","Contrata","Municipal","Contrata","Cristian Heriberto Villegas Lizama","Chófer","18°","Auxiliares","Escala Municipal","2019-01-01 00:00:00.0","2019-12-31 00:00:00.0"
"Valdivia","Contrata","Municipal","Contrata","Camila Alejandra Aviles Villanueva","Técnico","14°","Técnicos","Escala Municipal","2019-09-01 00:00:00.0","2019-12-31 00:00:00.0"
"Valdivia","Contrata","Municipal","Contrata","Karin Tamara Velasquez Mu¿oz","Administrativo","17°","Administrativos","Escala Municipal","2019-03-01 00:00:00.0","2019-04-05 00:00:00.0"
"Valdivia","Contrata","Municipal","Contrata","Patricio Mauro Gustavo Barrera Alarcon","Administrativo","17°","Administrativos","Escala Municipal","2019-03-01 00:00:00.0","2019-04-05 00:00:00.0"
"Valdivia","Contrata","Municipal","Contrata","Cecilia Tamara Burgos Contreras","Técnico","SIN INFORMACION","Contratados Sin Planta","Asistentes de La Educación Ley N°19.464","2019-06-03 00:00:00.0","2019-06-28 00:00:00.0"
"Valdivia","Contrata","Municipal","Contrata","Javiera Belen Soto Aguayo","Administrativo","16°","Administrativos","Escala Municipal","2019-01-01 00:00:00.0","2019-12-31 00:00:00.0"
"Valdivia","Contrata","Municipal","Contrata","Alex Vinicio Yepez Alvarez","Medico","SIN INFORMACION","Contratados Sin Planta","Afectos Al Código del Trabajo","2019-01-01 00:00:00.0","2019-12-31 00:00:00.0"
"Valdivia","Contrata","Municipal","Contrata","Moises Antonio Alarcon Chavez","Chófer","13°","Auxiliares","Escala Municipal","2019-01-01 00:00:00.0","2019-12-31 00:00:00.0"
"Valdivia","Contrata","Municipal","Contrata","Luis Alberto Pillampel Mu¿oz","Auxiliar","18°","Auxiliares","Escala Municipal","2019-01-01 00:00:00.0","2019-12-31 00:00:00.0"
"Valdivia","Contrata","Municipal","Contrata","Pedro Vicente Alvarez Gajardo","Chófer","13°","Auxiliares","Escala Municipal","2019-01-01 00:00:00.0","2019-12-31 00:00:00.0"
"Valdivia","Contrata","Municipal","Contrata","Carlos Leonardo Segura Campos","Administrativo","12°","Administrativos","Escala Municipal","2019-01-01 00:00:00.0","2019-12-31 00:00:00.0"
"Valdivia","Contrata","Municipal","Contrata","Luis Humberto Cerda Fuenzalida","Administrativo","11°","Administrativos","Escala Municipal","2019-01-01 00:00:00.0","2019-12-31 00:00:00.0"
"Valdivia","Contrata","Municipal","Contrata","Omar Edixio Valdes Parra","Auxiliar","13°","Auxiliares","Escala Municipal","2019-01-01 00:00:00.0","2019-12-31 00:00:00.0"
"Valdivia","Contrata","Municipal","Contrata","Elizabeth Angelica Cid Millao","Administrativo","13°","Administrativos","Escala Municipal","2019-01-01 00:00:00.0","2019-12-31 00:00:00.0"
"Valdivia","Contrata","Municipal","Contrata","Gaston Alberto Seguel Campos","Chófer","13°","Auxiliares","Escala Municipal","2019-01-01 00:00:00.0","2019-12-31 00:00:00.0"
"Valdivia","Contrata","Municipal","Contrata","Juan Nolberto Burgos Cardenas","Chófer","13°","Auxiliares","Escala Municipal","2019-01-01 00:00:00.0","2019-12-31 00:00:00.0"
"Valdivia","Contrata","Municipal","Contrata","Juan Luis Romero Llancafil","Chófer","13°","Auxiliares","Escala Municipal","2019-01-01 00:00:00.0","2019-12-31 00:00:00.0"
"Valdivia","Contrata","Municipal","Contrata","Jorge Hernan Salazar Contreras","Chófer","13°","Auxiliares","Escala Municipal","2019-01-01 00:00:00.0","2019-12-31 00:00:00.0"
"Valdivia","Contrata","Municipal","Contrata","Fernando Sergio Serey Jorquera","Chófer","15°","Auxiliares","Escala Municipal","2019-01-01 00:00:00.0","2019-12-31 00:00:00.0"
"Valdivia","Contrata","Municipal","Contrata","Cristian Eric Becker Ceron","Administrativo","15°","Administrativos","Escala Municipal","2019-01-01 00:00:00.0","2019-12-31 00:00:00.0"
"Valdivia","Contrata","Municipal","Contrata","Juan Patricio Jerez Castañeda","Cajera","13°","Administrativos","Escala Municipal","2019-01-01 00:00:00.0","2019-12-31 00:00:00.0"
"Valdivia","Contrata","Municipal","Contrata","Washington Enrique Sanchez Viera","Profesional","6°","Profesionales","Escala Municipal","2019-01-01 00:00:00.0","2019-12-31 00:00:00.0"
"Valdivia","Contrata","Municipal","Contrata","Carlos Ramon Quezada Zapata","Chófer","13°","Auxiliares","Escala Municipal","2019-01-01 00:00:00.0","2019-12-31 00:00:00.0"
"Valdivia","Contrata","Municipal","Contrata","Jose Eduardo Gomez Neira","Auxiliar","13°","Auxiliares","Escala Municipal","2019-01-01 00:00:00.0","2019-12-31 00:00:00.0"
"Valdivia","Contrata","Municipal","Contrata","Francisco Jose Hernandez Perez","Cajera","13°","Administrativos","Escala Municipal","2019-01-01 00:00:00.0","2019-12-31 00:00:00.0"
"Valdivia","Contrata","Municipal","Contrata","Manuel Aristides Silva Torres","Administrativo","16°","Administrativos","Escala Municipal","2019-01-01 00:00:00.0","2019-12-31 00:00:00.0"
"Valdivia","Contrata","Municipal","Contrata","Juan Orlando Aburto Navarro","Chófer","13°","Auxiliares","Escala Municipal","2019-01-01 00:00:00.0","2019-12-31 00:00:00.0"
"Valdivia","Contrata","Municipal","Contrata","Natacha Marisa Astorga Valenzuela","Administrativo","13°","Administrativos","Escala Municipal","2019-01-01 00:00:00.0","2019-12-31 00:00:00.0"
"Valdivia","Contrata","Municipal","Contrata","Sergio Antonio Paineñanco Alvarez","Chófer","13°","Auxiliares","Escala Municipal","2019-01-01 00:00:00.0","2019-12-31 00:00:00.0"
"Valdivia","Contrata","Municipal","Contrata","Gerardo Jose Saavedra Concha","Auxiliar","SIN INFORMACION","Contratados Sin Planta","Afectos Al Código del Trabajo","2019-07-01 00:00:00.0","2019-08-31 00:00:00.0"
"Valdivia","Contrata","Municipal","Contrata","Juan Bautista Renato Diaz Alvarez","Auxiliar","15°","Auxiliares","Escala Municipal","2019-01-01 00:00:00.0","2019-12-31 00:00:00.0"
"Valdivia","Contrata","Municipal","Contrata","Edelberto Raul Catrigual Colil","Auxiliar","18°","Auxiliares","Escala Municipal","2019-01-01 00:00:00.0","2019-12-31 00:00:00.0"
"Valdivia","Contrata","Municipal","Contrata","Pamela Alejandra Bañados Blaya","Profesional","11°","Profesionales","Escala Municipal","2019-01-01 00:00:00.0","2019-12-31 00:00:00.0"
"Valdivia","Contrata","Municipal","Contrata","Luis Alejandro Zapata Henriquez","Administrativo","14°","Administrativos","Escala Municipal","2019-01-01 00:00:00.0","2019-12-31 00:00:00.0"
"Valdivia","Contrata","Municipal","Contrata","Ricardo David Hernandez Coliñir","Administrativo","13°","Administrativos","Escala Municipal","2019-01-01 00:00:00.0","2019-12-31 00:00:00.0"
"Valdivia","Contrata","Municipal","Contrata","Jose Victorino Gallardo Pe¿a","Chófer","18°","Auxiliares","Escala Municipal","2019-01-01 00:00:00.0","2019-12-31 00:00:00.0"
"Valdivia","Contrata","Municipal","Contrata","Sylvia Sandra Pradenas Sanchez","Administrativo","16°","Administrativos","Escala Municipal","2019-01-01 00:00:00.0","2019-12-31 00:00:00.0"
"Valdivia","Contrata","Municipal","Contrata","Nelson Rodrigo Riquelme Jaramillo","Chófer","13°","Auxiliares","Escala Municipal","2019-01-01 00:00:00.0","2019-12-31 00:00:00.0"
"Valdivia","Contrata","Municipal","Contrata","Sergio Alberto Oyarzo Navarro","Cajera","13°","Administrativos","Escala Municipal","2019-01-01 00:00:00.0","2019-12-31 00:00:00.0"
"Valdivia","Contrata","Municipal","Contrata","Jose Angel Trench Gonzalez","Auxiliar","18°","Auxiliares","Escala Municipal","2019-03-01 00:00:00.0","2019-12-31 00:00:00.0"
"Valdivia","Contrata","Municipal","Contrata","Walter Mauricio Wolff  Sanino","Chófer","18°","Auxiliares","Escala Municipal","2019-02-11 00:00:00.0","2019-12-31 00:00:00.0"
"Valdivia","Contrata","Municipal","Contrata","Alonso Victor Pichicona Mu¿oz","Auxiliar","18°","Auxiliares","Escala Municipal","2019-01-01 00:00:00.0","2019-12-31 00:00:00.0"
"Valdivia","Contrata","Municipal","Contrata","Madelaine Agdina Robles Jelvez","Administrativo","14°","Administrativos","Escala Municipal","2019-01-01 00:00:00.0","2019-12-31 00:00:00.0"
