"Comuna","Tipo de Contratación","Área","Calidad","Nombre","Cargo","Grado","Planta","Remuneración","Fecha desde","Fecha hasta"
"Valdivia","Contrata","Salud","Contrata","Luz Eliana Cortez Bastias","Técnico"," ","Contratados Sin Planta","Escala Atención Primaria de Salud Municipal","2012-11-01 00:00:00.0","1900-01-01 00:00:00.0"
"Valdivia","Contrata","Salud","Contrata","Daniela Constanza Donoso Henriquez","Profesional","SIN INFORMACION","Contratados Sin Planta","Estatuto Atención Primaria de Salud Municipal  Ley N°19.378","2019-01-01 00:00:00.0","2019-04-30 00:00:00.0"
"Valdivia","Contrata","Salud","Contrata","Nelson Fermín Antillanca  Ñanco","Administrativo Crea de Salud","SIN INFORMACION","Contratados Sin Planta","Estatuto Atención Primaria de Salud Municipal  Ley N°19.378","2019-03-13 00:00:00.0","2019-07-12 00:00:00.0"
"Valdivia","Contrata","Salud","Contrata","Marcela Orietta Sanchez Hodges","Administrativo"," ","Administrativos","Escala Atención Primaria de Salud Municipal","2012-11-01 00:00:00.0","1900-01-01 00:00:00.0"
"Valdivia","Contrata","Salud","Contrata","Gloria Paola Wiehoff Marquez","Técnico de Salud","SIN INFORMACION","Contratados Sin Planta","Estatuto Atención Primaria de Salud Municipal  Ley N°19.378","2019-01-01 00:00:00.0","2019-12-31 00:00:00.0"
"Valdivia","Contrata","Salud","Contrata","Juan Carlos Bastias Acuña","Auxiliar de Servicio de Salud","SIN INFORMACION","Contratados Sin Planta","Estatuto Atención Primaria de Salud Municipal  Ley N°19.378","2019-01-01 00:00:00.0","2019-12-31 00:00:00.0"
"Valdivia","Contrata","Salud","Contrata","Jorge Andres Lefno Empulef","Chófer"," ","Contratados Sin Planta","Escala Atención Primaria de Salud Municipal","2012-11-01 00:00:00.0","1900-01-01 00:00:00.0"
"Valdivia","Contrata","Salud","Contrata","Veronica Cecilia Bernales Candia","Profesional","SIN INFORMACION","Contratados Sin Planta","Estatuto Atención Primaria de Salud Municipal  Ley N°19.378","2019-01-01 00:00:00.0","2019-12-31 00:00:00.0"
"Valdivia","Contrata","Salud","Contrata","Ferial Sajer Simo","Profesional","SIN INFORMACION","Contratados Sin Planta","Estatuto Atención Primaria de Salud Municipal  Ley N°19.378","2019-01-01 00:00:00.0","2019-12-31 00:00:00.0"
"Valdivia","Contrata","Salud","Contrata","Christian Edgardo Scheel Monsalve","Profesional","SIN INFORMACION","Contratados Sin Planta","Estatuto Atención Primaria de Salud Municipal  Ley N°19.378","2019-01-01 00:00:00.0","2019-12-31 00:00:00.0"
"Valdivia","Contrata","Salud","Contrata","Claudio Alejandro Altamirano Navarrete","Profesional","SIN INFORMACION","Contratados Sin Planta","Estatuto Atención Primaria de Salud Municipal  Ley N°19.378","2019-01-01 00:00:00.0","2019-12-31 00:00:00.0"
"Valdivia","Contrata","Salud","Contrata","Juan Luis Lopez Trivi¿os","Profesional","SIN INFORMACION","Contratados Sin Planta","Estatuto Atención Primaria de Salud Municipal  Ley N°19.378","2019-01-01 00:00:00.0","2019-12-31 00:00:00.0"
"Valdivia","Contrata","Salud","Contrata","Ana Maria Igor Barrientos","Profesional"," ","Profesionales","Escala Atención Primaria de Salud Municipal","2011-12-01 00:00:00.0","1900-01-01 00:00:00.0"
"Valdivia","Contrata","Salud","Contrata","Patricio Gregorio Vallette Flores","Kinesiologo"," ","Contratados Sin Planta","Escala Atención Primaria de Salud Municipal","2012-11-01 00:00:00.0","1900-01-01 00:00:00.0"
"Valdivia","Contrata","Salud","Contrata","Graciela Patricia Alvarado Alvial","Profesional","SIN INFORMACION","Contratados Sin Planta","Estatuto Atención Primaria de Salud Municipal  Ley N°19.378","2019-01-01 00:00:00.0","2019-12-31 00:00:00.0"
"Valdivia","Contrata","Salud","Contrata","Cesar Antonio Coronado Fritz","Auxiliar de Servicios"," ","Contratados Sin Planta","Escala Atención Primaria de Salud Municipal","2012-11-01 00:00:00.0","1900-01-01 00:00:00.0"
"Valdivia","Contrata","Salud","Contrata","Julia Valentina Monje Castro","Profesional","SIN INFORMACION","Contratados Sin Planta","Estatuto Atención Primaria de Salud Municipal  Ley N°19.378","2019-03-04 00:00:00.0","2019-12-31 00:00:00.0"
"Valdivia","Contrata","Salud","Contrata","Jorgejavier Gonzalez Ojeda","Administrativo"," ","Administrativos","Escala Atención Primaria de Salud Municipal","2012-12-01 00:00:00.0","1900-01-01 00:00:00.0"
"Valdivia","Contrata","Salud","Contrata","Luis Alberto Vera Benavides","Profesional","SIN INFORMACION","Contratados Sin Planta","Estatuto Atención Primaria de Salud Municipal  Ley N°19.378","2019-01-01 00:00:00.0","2019-12-31 00:00:00.0"
"Valdivia","Contrata","Salud","Contrata","Simonne Viviana Lopez Barrientos","Enfermero(a)"," ","Contratados Sin Planta","Escala Atención Primaria de Salud Municipal","2012-07-01 00:00:00.0","1900-01-01 00:00:00.0"
"Valdivia","Contrata","Salud","Contrata","Erwin Patricio Otey Alvarado","Administrativo"," ","Administrativos","Escala Atención Primaria de Salud Municipal","2012-11-01 00:00:00.0","1900-01-01 00:00:00.0"
"Valdivia","Contrata","Salud","Contrata","Karin Magaly Diaz Benis","Administrativo Crea de Salud","SIN INFORMACION","Contratados Sin Planta","Estatuto Atención Primaria de Salud Municipal  Ley N°19.378","2019-01-01 00:00:00.0","2019-09-30 00:00:00.0"
"Valdivia","Contrata","Salud","Contrata","Abel Patricio Sepulveda Valenzuela","Profesional","SIN INFORMACION","Contratados Sin Planta","Estatuto Atención Primaria de Salud Municipal  Ley N°19.378","2019-01-01 00:00:00.0","2019-12-31 00:00:00.0"
"Valdivia","Contrata","Salud","Contrata","Paola Soledad Mella Aravena","Técnico de Nivel Superior","SIN INFORMACION","Contratados Sin Planta","Estatuto Atención Primaria de Salud Municipal  Ley N°19.378","2019-01-14 00:00:00.0","2019-03-31 00:00:00.0"
"Valdivia","Contrata","Salud","Contrata","Dominica Luisa Arriagada Puentes","Profesional","SIN INFORMACION","Contratados Sin Planta","Estatuto Atención Primaria de Salud Municipal  Ley N°19.378","2019-01-01 00:00:00.0","2019-12-31 00:00:00.0"
"Valdivia","Contrata","Salud","Contrata","Hilda Graciela Carrasco Suazo","Técnico de Nivel Superior","SIN INFORMACION","Contratados Sin Planta","Estatuto Atención Primaria de Salud Municipal  Ley N°19.378","2019-03-04 00:00:00.0","2019-04-10 00:00:00.0"
"Valdivia","Contrata","Salud","Contrata","Leticia del Carmen Hernandez Coñuecar","Administrativo"," ","Contratados Sin Planta","Escala Atención Primaria de Salud Municipal","2012-07-01 00:00:00.0","1900-01-01 00:00:00.0"
"Valdivia","Contrata","Salud","Contrata","Jimena del Carmen Vargas Vera","Técnico de Nivel Superior","SIN INFORMACION","Contratados Sin Planta","Estatuto Atención Primaria de Salud Municipal  Ley N°19.378","2019-01-01 00:00:00.0","2019-12-31 00:00:00.0"
"Valdivia","Contrata","Salud","Contrata","Alejandro Constantino Bustamante Antillanca","Auxiliar de Servicio de Salud","SIN INFORMACION","Contratados Sin Planta","Estatuto Atención Primaria de Salud Municipal  Ley N°19.378","2019-01-01 00:00:00.0","2019-12-31 00:00:00.0"
"Valdivia","Contrata","Salud","Contrata","Andrea del Pilar Ortiz Ortiz","Técnico de Salud","SIN INFORMACION","Contratados Sin Planta","Estatuto Atención Primaria de Salud Municipal  Ley N°19.378","2019-02-01 00:00:00.0","2019-05-31 00:00:00.0"
"Valdivia","Contrata","Salud","Contrata","Humberto Enrique Santana Leal","Técnico de Nivel Superior"," ","Técnicos","Escala Atención Primaria de Salud Municipal","2012-12-01 00:00:00.0","1900-01-01 00:00:00.0"
"Valdivia","Contrata","Salud","Contrata","Angelina Rosa Canales Melinao","Contador Auditor"," ","Profesionales","Escala Atención Primaria de Salud Municipal","2013-02-01 00:00:00.0","1900-01-01 00:00:00.0"
"Valdivia","Contrata","Salud","Contrata","Luisa Alejandra Barrera Pinto","Profesional","SIN INFORMACION","Contratados Sin Planta","Estatuto Atención Primaria de Salud Municipal  Ley N°19.378","2019-01-01 00:00:00.0","2019-04-30 00:00:00.0"
"Valdivia","Contrata","Salud","Contrata","Ingrid Elizabeth Montecinos Silva","Técnico de Salud","SIN INFORMACION","Contratados Sin Planta","Estatuto Atención Primaria de Salud Municipal  Ley N°19.378","2019-02-11 00:00:00.0","2019-12-31 00:00:00.0"
"Valdivia","Contrata","Salud","Contrata","Claudia Andrea Rivera  Brito","Técnico de Salud","SIN INFORMACION","Contratados Sin Planta","Estatuto Atención Primaria de Salud Municipal  Ley N°19.378","2019-01-01 00:00:00.0","2019-03-31 00:00:00.0"
"Valdivia","Contrata","Salud","Contrata","Beatriz Marisol Salazar Gonzalez","Técnico de Nivel Superior","SIN INFORMACION","Contratados Sin Planta","Estatuto Atención Primaria de Salud Municipal  Ley N°19.378","2019-01-01 00:00:00.0","2019-12-31 00:00:00.0"
"Valdivia","Contrata","Salud","Contrata","Fredy Heraldo Provoste Rojas","Auxiliar de Servicio de Salud","SIN INFORMACION","Contratados Sin Planta","Estatuto Atención Primaria de Salud Municipal  Ley N°19.378","2019-01-01 00:00:00.0","2019-12-31 00:00:00.0"
"Valdivia","Contrata","Salud","Contrata","Victor Rodrigo Rebolledo Barraza","Auxiliar de Servicio de Salud","SIN INFORMACION","Contratados Sin Planta","Estatuto Atención Primaria de Salud Municipal  Ley N°19.378","2019-01-01 00:00:00.0","2019-12-31 00:00:00.0"
"Valdivia","Contrata","Salud","Contrata","Veronica Angelica Diaz Martinez","Profesional","SIN INFORMACION","Contratados Sin Planta","Estatuto Atención Primaria de Salud Municipal  Ley N°19.378","2019-01-01 00:00:00.0","2019-04-30 00:00:00.0"
"Valdivia","Contrata","Salud","Contrata","Eny Maccarena Orostica Aguilar","Profesional","SIN INFORMACION","Contratados Sin Planta","Estatuto Atención Primaria de Salud Municipal  Ley N°19.378","2019-05-06 00:00:00.0","2019-06-30 00:00:00.0"
"Valdivia","Contrata","Salud","Contrata","Maria Alejandra Mansilla Sanchez","Asistente Social"," ","Asistente Social","Escala Atención Primaria de Salud Municipal","2013-04-01 00:00:00.0","1900-01-01 00:00:00.0"
"Valdivia","Contrata","Salud","Contrata","Aníbal Andrés Larenas Julio","Profesional","SIN INFORMACION","Contratados Sin Planta","Estatuto Atención Primaria de Salud Municipal  Ley N°19.378","2019-01-01 00:00:00.0","2019-12-31 00:00:00.0"
"Valdivia","Contrata","Salud","Contrata","Ulises Marcelo Madrid Cereceda","Profesional","SIN INFORMACION","Contratados Sin Planta","Estatuto Atención Primaria de Salud Municipal  Ley N°19.378","2019-01-01 00:00:00.0","2019-12-31 00:00:00.0"
"Valdivia","Contrata","Salud","Contrata","Marcela Alejandra Azua Delgado","Técnico de Nivel Superior","SIN INFORMACION","Contratados Sin Planta","Estatuto Atención Primaria de Salud Municipal  Ley N°19.378","2019-04-01 00:00:00.0","2019-12-31 00:00:00.0"
"Valdivia","Contrata","Salud","Contrata","Baltazar Reinaldo Vergara Navarrete","Auxiliar de Servicio de Salud","SIN INFORMACION","Contratados Sin Planta","Estatuto Atención Primaria de Salud Municipal  Ley N°19.378","2019-01-01 00:00:00.0","2019-12-31 00:00:00.0"
"Valdivia","Contrata","Salud","Contrata","Carolina Isabel López Valenzuela","Profesional","SIN INFORMACION","Contratados Sin Planta","Estatuto Atención Primaria de Salud Municipal  Ley N°19.378","2019-01-01 00:00:00.0","2019-04-30 00:00:00.0"
"Valdivia","Contrata","Salud","Contrata","Victor Antonio Sahr Corral","Técnico de Nivel Superior","SIN INFORMACION","Contratados Sin Planta","Estatuto Atención Primaria de Salud Municipal  Ley N°19.378","2019-01-01 00:00:00.0","2019-12-31 00:00:00.0"
"Valdivia","Contrata","Salud","Contrata","Yoheny Veronica Evaristi Mu¿oz","Técnico de Salud","SIN INFORMACION","Contratados Sin Planta","Estatuto Atención Primaria de Salud Municipal  Ley N°19.378","2019-01-01 00:00:00.0","2019-12-31 00:00:00.0"
"Valdivia","Contrata","Salud","Contrata","Katia Jacquelinne Barra Bascur","Técnico Paramedico"," ","Técnicos","Escala Atención Primaria de Salud Municipal","2013-05-01 00:00:00.0","1900-01-01 00:00:00.0"
"Valdivia","Contrata","Salud","Contrata","Judith Scarlett Alcaino Navarro","Medico Cirujano"," ","Contratados Sin Planta","Escala Atención Primaria de Salud Municipal","2012-07-01 00:00:00.0","1900-01-01 00:00:00.0"
"Valdivia","Contrata","Salud","Contrata","Eva Eterlina Sobino Salas","Profesional","SIN INFORMACION","Contratados Sin Planta","Estatuto Atención Primaria de Salud Municipal  Ley N°19.378","2019-01-01 00:00:00.0","2019-12-31 00:00:00.0"
"Valdivia","Contrata","Salud","Contrata","Lorena Carola Fica Eyzaguirre","Profesional","SIN INFORMACION","Contratados Sin Planta","Estatuto Atención Primaria de Salud Municipal  Ley N°19.378","2019-01-01 00:00:00.0","2019-12-31 00:00:00.0"
"Valdivia","Contrata","Salud","Contrata","Ivonne Aline Gipoulou Brule","Profesional","SIN INFORMACION","Contratados Sin Planta","Estatuto Atención Primaria de Salud Municipal  Ley N°19.378","2019-01-01 00:00:00.0","2019-12-31 00:00:00.0"
"Valdivia","Contrata","Salud","Contrata","Cinthia Loreto Soto Arancibia","Profesional","SIN INFORMACION","Contratados Sin Planta","Estatuto Atención Primaria de Salud Municipal  Ley N°19.378","2019-01-01 00:00:00.0","2019-12-31 00:00:00.0"
"Valdivia","Contrata","Salud","Contrata","Karin Marcela Colpo Roig","Profesional","SIN INFORMACION","Contratados Sin Planta","Estatuto Atención Primaria de Salud Municipal  Ley N°19.378","2019-01-01 00:00:00.0","2019-04-30 00:00:00.0"
"Valdivia","Contrata","Salud","Contrata","Victoria Andrea Huenupan Soto","Administrativo Crea de Salud","SIN INFORMACION","Contratados Sin Planta","Estatuto Atención Primaria de Salud Municipal  Ley N°19.378","2019-01-01 00:00:00.0","2019-12-31 00:00:00.0"
"Valdivia","Contrata","Salud","Contrata","Pamela Andrea Diaz Amigo","Kinesiologo"," ","Kinesiologo","Escala Atención Primaria de Salud Municipal","2012-12-01 00:00:00.0","1900-01-01 00:00:00.0"
"Valdivia","Contrata","Salud","Contrata","Marianne Stephanie Brummer Ferreira","Profesional","SIN INFORMACION","Contratados Sin Planta","Estatuto Atención Primaria de Salud Municipal  Ley N°19.378","2019-01-01 00:00:00.0","2019-04-30 00:00:00.0"
"Valdivia","Contrata","Salud","Contrata","Carolina Andrea Zuñiga Gonzalez","Psicólogo"," ","Contratados Sin Planta","Escala Atención Primaria de Salud Municipal","2012-07-01 00:00:00.0","1900-01-01 00:00:00.0"
"Valdivia","Contrata","Salud","Contrata","Natalia Azócar Cuevas","Profesional","SIN INFORMACION","Contratados Sin Planta","Estatuto Atención Primaria de Salud Municipal  Ley N°19.378","2019-01-01 00:00:00.0","2019-03-20 00:00:00.0"
"Valdivia","Contrata","Salud","Contrata","Jocsan Ivonne Venegas Silva","Profesional","SIN INFORMACION","Contratados Sin Planta","Estatuto Atención Primaria de Salud Municipal  Ley N°19.378","2019-01-01 00:00:00.0","2019-12-31 00:00:00.0"
"Valdivia","Contrata","Salud","Contrata","Ericka Cecilia Paredes Ibáñez","Profesional","SIN INFORMACION","Contratados Sin Planta","Estatuto Atención Primaria de Salud Municipal  Ley N°19.378","2019-01-01 00:00:00.0","2019-12-31 00:00:00.0"
"Valdivia","Contrata","Salud","Contrata","Manuel Alejandro Cardenas Cardenas","Técnico de Salud","SIN INFORMACION","Contratados Sin Planta","Estatuto Atención Primaria de Salud Municipal  Ley N°19.378","2019-01-01 00:00:00.0","2019-04-30 00:00:00.0"
"Valdivia","Contrata","Salud","Contrata","Paula Andrea Rosas Gomez","Técnico de Nivel Superior","SIN INFORMACION","Contratados Sin Planta","Estatuto Atención Primaria de Salud Municipal  Ley N°19.378","2019-01-01 00:00:00.0","2019-12-31 00:00:00.0"
"Valdivia","Contrata","Salud","Contrata","Macarena Consuelo Garrido Lorca","Técnico de Nivel Superior","SIN INFORMACION","Contratados Sin Planta","Estatuto Atención Primaria de Salud Municipal  Ley N°19.378","2019-04-01 00:00:00.0","2019-12-31 00:00:00.0"
"Valdivia","Contrata","Salud","Contrata","Katherine Soledad Muñoz Villarroel","Profesional","SIN INFORMACION","Contratados Sin Planta","Estatuto Atención Primaria de Salud Municipal  Ley N°19.378","2019-05-20 00:00:00.0","2019-09-19 00:00:00.0"
"Valdivia","Contrata","Salud","Contrata","Lorena Patricia Gallardo Gallardo","Matrona"," ","Matrona","Escala Atención Primaria de Salud Municipal","2012-11-01 00:00:00.0","1900-01-01 00:00:00.0"
"Valdivia","Contrata","Salud","Contrata","Alvaro Sebastian Berner Jiménez","Profesional","SIN INFORMACION","Contratados Sin Planta","Estatuto Atención Primaria de Salud Municipal  Ley N°19.378","2019-01-01 00:00:00.0","2019-12-31 00:00:00.0"
"Valdivia","Contrata","Salud","Contrata","Alejandro Rodrigo Andías Campos","Auxiliar de Servicio de Salud","SIN INFORMACION","Contratados Sin Planta","Estatuto Atención Primaria de Salud Municipal  Ley N°19.378","2019-07-08 00:00:00.0","2019-11-08 00:00:00.0"
"Valdivia","Contrata","Salud","Contrata","Monica del Pilar Ojeda Silva","Técnico de Nivel Superior"," ","Técnicos","Escala Atención Primaria de Salud Municipal","2013-02-01 00:00:00.0","1900-01-01 00:00:00.0"
"Valdivia","Contrata","Salud","Contrata","María José Meza Carreño","Técnico de Nivel Superior","SIN INFORMACION","Contratados Sin Planta","Estatuto Atención Primaria de Salud Municipal  Ley N°19.378","2019-03-04 00:00:00.0","2019-04-30 00:00:00.0"
"Valdivia","Contrata","Salud","Contrata","Alejandra Andrea Badilla Badilla","Profesional","SIN INFORMACION","Contratados Sin Planta","Estatuto Atención Primaria de Salud Municipal  Ley N°19.378","2019-01-01 00:00:00.0","2019-04-30 00:00:00.0"
"Valdivia","Contrata","Salud","Contrata","Pedro Emilio Yusef Lincopan","Profesional","SIN INFORMACION","Contratados Sin Planta","Estatuto Atención Primaria de Salud Municipal  Ley N°19.378","2019-01-01 00:00:00.0","2019-12-31 00:00:00.0"
"Valdivia","Contrata","Salud","Contrata","Leticia Caamaño Hernandez","Técnico de Nivel Superior","SIN INFORMACION","Contratados Sin Planta","Estatuto Atención Primaria de Salud Municipal  Ley N°19.378","2019-01-01 00:00:00.0","2019-12-31 00:00:00.0"
"Valdivia","Contrata","Salud","Contrata","Javiera Inés Corbalán Possel","Profesional","SIN INFORMACION","Contratados Sin Planta","Estatuto Atención Primaria de Salud Municipal  Ley N°19.378","2019-01-01 00:00:00.0","2019-12-31 00:00:00.0"
"Valdivia","Contrata","Salud","Contrata","Johanna Carolina Pino Garrido","Técnico de Nivel Superior","SIN INFORMACION","Contratados Sin Planta","Estatuto Atención Primaria de Salud Municipal  Ley N°19.378","2019-01-01 00:00:00.0","2019-04-30 00:00:00.0"
"Valdivia","Contrata","Salud","Contrata","Alex Gamaliel Lopez Rosas","Técnico de Nivel Superior","SIN INFORMACION","Contratados Sin Planta","Estatuto Atención Primaria de Salud Municipal  Ley N°19.378","2019-01-01 00:00:00.0","2019-12-31 00:00:00.0"
"Valdivia","Contrata","Salud","Contrata","Adriana Maribel  Vidal Vargas","Auxiliar de Servicio de Salud","SIN INFORMACION","Contratados Sin Planta","Estatuto Atención Primaria de Salud Municipal  Ley N°19.378","2019-01-01 00:00:00.0","2019-12-31 00:00:00.0"
"Valdivia","Contrata","Salud","Contrata","Carlos Manuel Pereira Rosas","Medico"," ","Profesionales","Escala Atención Primaria de Salud Municipal","2012-12-01 00:00:00.0","1900-01-01 00:00:00.0"
"Valdivia","Contrata","Salud","Contrata","Gloria Paola Gonzalez Ojeda","Administrativo"," ","Administrativos","Escala Atención Primaria de Salud Municipal","2012-12-01 00:00:00.0","1900-01-01 00:00:00.0"
"Valdivia","Contrata","Salud","Contrata","Paola Alejandra Montenegro Mora","Administrativo Crea de Salud","SIN INFORMACION","Contratados Sin Planta","Estatuto Atención Primaria de Salud Municipal  Ley N°19.378","2019-01-07 00:00:00.0","2019-05-07 00:00:00.0"
"Valdivia","Contrata","Salud","Contrata","Ximena Veronica Seguel Mendoza","Profesional","SIN INFORMACION","Contratados Sin Planta","Estatuto Atención Primaria de Salud Municipal  Ley N°19.378","2019-05-02 00:00:00.0","2019-12-31 00:00:00.0"
"Valdivia","Contrata","Salud","Contrata","Yesica Paola Sandoval Carcamo","Profesional","SIN INFORMACION","Contratados Sin Planta","Estatuto Atención Primaria de Salud Municipal  Ley N°19.378","2019-01-01 00:00:00.0","2019-12-31 00:00:00.0"
"Valdivia","Contrata","Salud","Contrata","Enrique Marino Villa Acosta","Profesional","SIN INFORMACION","Contratados Sin Planta","Estatuto Atención Primaria de Salud Municipal  Ley N°19.378","2019-01-01 00:00:00.0","2019-12-31 00:00:00.0"
"Valdivia","Contrata","Salud","Contrata","Cristian Javier Campos Cortes","Profesional","SIN INFORMACION","Contratados Sin Planta","Estatuto Atención Primaria de Salud Municipal  Ley N°19.378","2019-04-22 00:00:00.0","2019-08-22 00:00:00.0"
"Valdivia","Contrata","Salud","Contrata","Valentina Graciela Coronado Zuñiga","Profesional","SIN INFORMACION","Contratados Sin Planta","Estatuto Atención Primaria de Salud Municipal  Ley N°19.378","2019-01-01 00:00:00.0","2019-12-31 00:00:00.0"
"Valdivia","Contrata","Salud","Contrata","Erika Maritza Coloma Oyarce","Profesional","SIN INFORMACION","Contratados Sin Planta","Estatuto Atención Primaria de Salud Municipal  Ley N°19.378","2019-01-01 00:00:00.0","2019-04-04 00:00:00.0"
"Valdivia","Contrata","Salud","Contrata","Rodrigo Alejandro Rojas Betancour","Profesional","SIN INFORMACION","Contratados Sin Planta","Estatuto Atención Primaria de Salud Municipal  Ley N°19.378","2019-01-01 00:00:00.0","2019-12-31 00:00:00.0"
"Valdivia","Contrata","Salud","Contrata","Tatiana Andrea Beltran Hernandez","Profesional","SIN INFORMACION","Contratados Sin Planta","Estatuto Atención Primaria de Salud Municipal  Ley N°19.378","2019-01-01 00:00:00.0","2019-12-31 00:00:00.0"
"Valdivia","Contrata","Salud","Contrata","Marlys Elizabeth Acuña Sandoval","Profesional","SIN INFORMACION","Contratados Sin Planta","Estatuto Atención Primaria de Salud Municipal  Ley N°19.378","2019-01-01 00:00:00.0","2019-12-31 00:00:00.0"
"Valdivia","Contrata","Salud","Contrata","Paulina del Pilar Lagos Mediavilla","Profesional","SIN INFORMACION","Contratados Sin Planta","Estatuto Atención Primaria de Salud Municipal  Ley N°19.378","2019-01-01 00:00:00.0","2019-12-31 00:00:00.0"
"Valdivia","Contrata","Salud","Contrata","Elías Omar Contreras Dinamarca","Auxiliar de Servicio de Salud","SIN INFORMACION","Contratados Sin Planta","Estatuto Atención Primaria de Salud Municipal  Ley N°19.378","2019-01-01 00:00:00.0","2019-12-31 00:00:00.0"
"Valdivia","Contrata","Salud","Contrata","Gaston Galvarino Matus Sanchez","Técnico de Nivel Superior","SIN INFORMACION","Contratados Sin Planta","Estatuto Atención Primaria de Salud Municipal  Ley N°19.378","2019-01-01 00:00:00.0","2019-12-31 00:00:00.0"
"Valdivia","Contrata","Salud","Contrata","Irma Soledad Soto Urrutia","Nutricionista"," ","Nutricionista","Escala Atención Primaria de Salud Municipal","2013-04-01 00:00:00.0","1900-01-01 00:00:00.0"
"Valdivia","Contrata","Salud","Contrata","Ana Maria Dumont Valdeavellano","Profesional","SIN INFORMACION","Contratados Sin Planta","Estatuto Atención Primaria de Salud Municipal  Ley N°19.378","2019-01-01 00:00:00.0","2019-04-30 00:00:00.0"
"Valdivia","Contrata","Salud","Contrata","Tatiana  Diaz Arcos","Profesional","SIN INFORMACION","Contratados Sin Planta","Estatuto Atención Primaria de Salud Municipal  Ley N°19.378","2019-01-01 00:00:00.0","2019-02-28 00:00:00.0"
"Valdivia","Contrata","Salud","Contrata","Richard Alejandro Mattar  Barrientos","Auxiliar de Servicio de Salud","SIN INFORMACION","Contratados Sin Planta","Estatuto Atención Primaria de Salud Municipal  Ley N°19.378","2019-01-01 00:00:00.0","2019-12-31 00:00:00.0"
"Valdivia","Contrata","Salud","Contrata","Karina Luisa Gonzalez Barrientos","Técnico de Nivel Superior","SIN INFORMACION","Contratados Sin Planta","Estatuto Atención Primaria de Salud Municipal  Ley N°19.378","2019-01-01 00:00:00.0","2019-04-01 00:00:00.0"
"Valdivia","Contrata","Salud","Contrata","Yasna Yoselin Panes Gutiérrez","Técnico de Nivel Superior","SIN INFORMACION","Contratados Sin Planta","Estatuto Atención Primaria de Salud Municipal  Ley N°19.378","2019-04-04 00:00:00.0","2019-04-26 00:00:00.0"
"Valdivia","Contrata","Salud","Contrata","Maria Elizabeth Quilaleo Hinojosa","Técnico de Nivel Superior","SIN INFORMACION","Contratados Sin Planta","Estatuto Atención Primaria de Salud Municipal  Ley N°19.378","2019-04-01 00:00:00.0","2019-12-31 00:00:00.0"
"Valdivia","Contrata","Salud","Contrata","Jacquelin del Carmen Quilaleo Hinojosa","Técnico de Nivel Superior","SIN INFORMACION","Contratados Sin Planta","Estatuto Atención Primaria de Salud Municipal  Ley N°19.378","2019-01-01 00:00:00.0","2019-04-30 00:00:00.0"
"Valdivia","Contrata","Salud","Contrata","Ximena Carolina Andrea Arellano Oyarzun","Técnico de Nivel Superior","SIN INFORMACION","Contratados Sin Planta","Estatuto Atención Primaria de Salud Municipal  Ley N°19.378","2019-05-17 00:00:00.0","2019-09-17 00:00:00.0"
"Valdivia","Contrata","Salud","Contrata","Lorena Patricia Loncon Paredes","Profesional","SIN INFORMACION","Contratados Sin Planta","Estatuto Atención Primaria de Salud Municipal  Ley N°19.378","2019-01-01 00:00:00.0","2019-12-31 00:00:00.0"
"Valdivia","Contrata","Salud","Contrata","Leonardo Rodrigo Villarroel Soto","Profesional","SIN INFORMACION","Contratados Sin Planta","Estatuto Atención Primaria de Salud Municipal  Ley N°19.378","2019-01-01 00:00:00.0","2019-12-31 00:00:00.0"
"Valdivia","Contrata","Salud","Contrata","Leonora Andrea Fuentes Lepe","Profesional","SIN INFORMACION","Contratados Sin Planta","Estatuto Atención Primaria de Salud Municipal  Ley N°19.378","2019-01-01 00:00:00.0","2019-12-31 00:00:00.0"
"Valdivia","Contrata","Salud","Contrata","Erika García Núñez","Técnico de Nivel Superior","SIN INFORMACION","Contratados Sin Planta","Estatuto Atención Primaria de Salud Municipal  Ley N°19.378","2019-01-01 00:00:00.0","2019-09-30 00:00:00.0"
"Valdivia","Contrata","Salud","Contrata","Valeria Desiree Hermosilla  Alvarado","Profesional","SIN INFORMACION","Contratados Sin Planta","Estatuto Atención Primaria de Salud Municipal  Ley N°19.378","2019-01-01 00:00:00.0","2019-12-31 00:00:00.0"
"Valdivia","Contrata","Salud","Contrata","Paulina Loreto Figueroa Sotomayor","Profesional","SIN INFORMACION","Contratados Sin Planta","Estatuto Atención Primaria de Salud Municipal  Ley N°19.378","2019-01-01 00:00:00.0","2019-09-30 00:00:00.0"
"Valdivia","Contrata","Salud","Contrata","Marta Magdalena Avila Acosta","Profesional","SIN INFORMACION","Contratados Sin Planta","Estatuto Atención Primaria de Salud Municipal  Ley N°19.378","2019-05-20 00:00:00.0","2019-05-30 00:00:00.0"
"Valdivia","Contrata","Salud","Contrata","Pablo Gallegos Ojeda","Técnico de Nivel Superior","SIN INFORMACION","Contratados Sin Planta","Estatuto Atención Primaria de Salud Municipal  Ley N°19.378","2019-02-07 00:00:00.0","2019-02-17 00:00:00.0"
"Valdivia","Contrata","Salud","Contrata","Deyse Macarena Carrasco Matamala","Técnico de Nivel Superior","SIN INFORMACION","Contratados Sin Planta","Estatuto Atención Primaria de Salud Municipal  Ley N°19.378","2019-01-01 00:00:00.0","2019-12-31 00:00:00.0"
"Valdivia","Contrata","Salud","Contrata","Eduardo Nicolas Mansilla Cortez","Auxiliar de Servicio de Salud","SIN INFORMACION","Contratados Sin Planta","Estatuto Atención Primaria de Salud Municipal  Ley N°19.378","2019-01-01 00:00:00.0","2019-12-31 00:00:00.0"
"Valdivia","Contrata","Salud","Contrata","Anyela Yannet Igor Bravo","Administrativo Crea de Salud","SIN INFORMACION","Contratados Sin Planta","Estatuto Atención Primaria de Salud Municipal  Ley N°19.378","2019-09-01 00:00:00.0","2019-12-31 00:00:00.0"
"Valdivia","Contrata","Salud","Contrata","Carolina del Carmen Navarro Aguilar","Administrativo Crea de Salud","SIN INFORMACION","Contratados Sin Planta","Estatuto Atención Primaria de Salud Municipal  Ley N°19.378","2019-01-01 00:00:00.0","2019-04-30 00:00:00.0"
"Valdivia","Contrata","Salud","Contrata","Deyse Dayana López Delgado","Técnico de Nivel Superior","SIN INFORMACION","Contratados Sin Planta","Estatuto Atención Primaria de Salud Municipal  Ley N°19.378","2019-01-01 00:00:00.0","2019-04-30 00:00:00.0"
"Valdivia","Contrata","Salud","Contrata","Maria Eugenia Rios Rivera","Administrativo"," ","Contratados Sin Planta","Escala Atención Primaria de Salud Municipal","2012-07-01 00:00:00.0","1900-01-01 00:00:00.0"
"Valdivia","Contrata","Salud","Contrata","Jasmin Elizabeth  Madrid Iturra","Técnico de Nivel Superior","SIN INFORMACION","Contratados Sin Planta","Estatuto Atención Primaria de Salud Municipal  Ley N°19.378","2019-01-01 00:00:00.0","2019-12-31 00:00:00.0"
"Valdivia","Contrata","Salud","Contrata","Natalia Katherina Gonzalez Manquelafquen","Profesional","SIN INFORMACION","Contratados Sin Planta","Estatuto Atención Primaria de Salud Municipal  Ley N°19.378","2019-01-01 00:00:00.0","2019-12-31 00:00:00.0"
"Valdivia","Contrata","Salud","Contrata","Alan Ivan Rios Sanhueza","Profesional","SIN INFORMACION","Contratados Sin Planta","Estatuto Atención Primaria de Salud Municipal  Ley N°19.378","2019-01-01 00:00:00.0","2019-12-31 00:00:00.0"
"Valdivia","Contrata","Salud","Contrata","Patricio Javier Álvarez Kocher","Profesional","SIN INFORMACION","Contratados Sin Planta","Estatuto Atención Primaria de Salud Municipal  Ley N°19.378","2019-01-01 00:00:00.0","2019-12-31 00:00:00.0"
"Valdivia","Contrata","Salud","Contrata","Ana Maria Vera Benitez","Profesional","SIN INFORMACION","Contratados Sin Planta","Estatuto Atención Primaria de Salud Municipal  Ley N°19.378","2019-01-01 00:00:00.0","2019-12-31 00:00:00.0"
"Valdivia","Contrata","Salud","Contrata","Paul Heriberto Ya¿ez Mancilla","Técnico de Nivel Superior","SIN INFORMACION","Contratados Sin Planta","Estatuto Atención Primaria de Salud Municipal  Ley N°19.378","2019-01-01 00:00:00.0","2019-12-31 00:00:00.0"
"Valdivia","Contrata","Salud","Contrata","Susana del Pilar Oyedo Pinto","Químico Farmacéutico"," ","Profesionales","Escala Atención Primaria de Salud Municipal","2013-01-01 00:00:00.0","1900-01-01 00:00:00.0"
"Valdivia","Contrata","Salud","Contrata","Marcela Andrea de Lourdes Currieco Borneck","Profesional","SIN INFORMACION","Contratados Sin Planta","Estatuto Atención Primaria de Salud Municipal  Ley N°19.378","2019-01-01 00:00:00.0","2019-12-31 00:00:00.0"
"Valdivia","Contrata","Salud","Contrata","Cristina Raquel Pinuer Espinoza","Administrativo Crea de Salud","SIN INFORMACION","Contratados Sin Planta","Estatuto Atención Primaria de Salud Municipal  Ley N°19.378","2019-01-01 00:00:00.0","2019-12-31 00:00:00.0"
"Valdivia","Contrata","Salud","Contrata","Julia Maribel Pinuer Espinoza","Administrativo Crea de Salud","SIN INFORMACION","Contratados Sin Planta","Estatuto Atención Primaria de Salud Municipal  Ley N°19.378","2019-01-01 00:00:00.0","2019-04-30 00:00:00.0"
"Valdivia","Contrata","Salud","Contrata","Hugo Andres Parada Caro","Medico"," ","Contratados Sin Planta","Escala Atención Primaria de Salud Municipal","2012-07-01 00:00:00.0","1900-01-01 00:00:00.0"
"Valdivia","Contrata","Salud","Contrata","Silvana Pamela Bruzzone Bravo","Profesional","SIN INFORMACION","Contratados Sin Planta","Estatuto Atención Primaria de Salud Municipal  Ley N°19.378","2019-01-01 00:00:00.0","2019-12-31 00:00:00.0"
"Valdivia","Contrata","Salud","Contrata","Maria Paulina Elena Letelier Bopp","Profesional","SIN INFORMACION","Contratados Sin Planta","Estatuto Atención Primaria de Salud Municipal  Ley N°19.378","2019-01-01 00:00:00.0","2019-12-31 00:00:00.0"
"Valdivia","Contrata","Salud","Contrata","Miguel Karim Jarufe Kuncar","Profesional","SIN INFORMACION","Contratados Sin Planta","Estatuto Atención Primaria de Salud Municipal  Ley N°19.378","2019-01-01 00:00:00.0","2019-12-31 00:00:00.0"
"Valdivia","Contrata","Salud","Contrata","Felipe German Godoy Suarez","Profesional","SIN INFORMACION","Contratados Sin Planta","Estatuto Atención Primaria de Salud Municipal  Ley N°19.378","2019-01-01 00:00:00.0","2019-12-31 00:00:00.0"
"Valdivia","Contrata","Salud","Contrata","Priscila Emperatriz Gutierrez Lagos","Técnico de Nivel Superior","SIN INFORMACION","Contratados Sin Planta","Estatuto Atención Primaria de Salud Municipal  Ley N°19.378","2019-01-01 00:00:00.0","2019-12-31 00:00:00.0"
"Valdivia","Contrata","Salud","Contrata","Paola Andrea Espinoza Navarrete","Profesional","SIN INFORMACION","Contratados Sin Planta","Estatuto Atención Primaria de Salud Municipal  Ley N°19.378","2019-01-01 00:00:00.0","2019-12-31 00:00:00.0"
"Valdivia","Contrata","Salud","Contrata","Yoselin Alejandra Gavilan Vasquez","Técnico de Nivel Superior","SIN INFORMACION","Contratados Sin Planta","Estatuto Atención Primaria de Salud Municipal  Ley N°19.378","2019-01-01 00:00:00.0","2019-12-31 00:00:00.0"
"Valdivia","Contrata","Salud","Contrata","Karina Franchesca Martinez Trujillo","Matrona"," ","Contratados Sin Planta","Escala Atención Primaria de Salud Municipal","2012-07-01 00:00:00.0","1900-01-01 00:00:00.0"
"Valdivia","Contrata","Salud","Contrata","Victoria Paz Nieto Velásquez","Técnico de Nivel Superior","SIN INFORMACION","Contratados Sin Planta","Estatuto Atención Primaria de Salud Municipal  Ley N°19.378","2019-02-18 00:00:00.0","2019-02-27 00:00:00.0"
"Valdivia","Contrata","Salud","Contrata","Jenny Belen Hidalgo Saez","Técnico de Nivel Superior","SIN INFORMACION","Contratados Sin Planta","Estatuto Atención Primaria de Salud Municipal  Ley N°19.378","2019-01-01 00:00:00.0","2019-12-31 00:00:00.0"
"Valdivia","Contrata","Salud","Contrata","Hernan Cristobal Yampara Gutierrez","Profesional","SIN INFORMACION","Contratados Sin Planta","Estatuto Atención Primaria de Salud Municipal  Ley N°19.378","2019-01-01 00:00:00.0","2019-12-31 00:00:00.0"
"Valdivia","Contrata","Salud","Contrata","Hector Jorge Alarcon Carvajal","Profesional","SIN INFORMACION","Contratados Sin Planta","Estatuto Atención Primaria de Salud Municipal  Ley N°19.378","2019-01-01 00:00:00.0","2019-12-31 00:00:00.0"
"Valdivia","Contrata","Salud","Contrata","Andrea Soledad Flores Guzman","Profesional","SIN INFORMACION","Contratados Sin Planta","Estatuto Atención Primaria de Salud Municipal  Ley N°19.378","2019-01-01 00:00:00.0","2019-04-30 00:00:00.0"
"Valdivia","Contrata","Salud","Contrata","Fabian Andres Obreque Castro","Profesional","SIN INFORMACION","Contratados Sin Planta","Estatuto Atención Primaria de Salud Municipal  Ley N°19.378","2019-01-01 00:00:00.0","2019-04-30 00:00:00.0"
"Valdivia","Contrata","Salud","Contrata","Ignacio Eche¿ique Rodas","Profesional","SIN INFORMACION","Contratados Sin Planta","Estatuto Atención Primaria de Salud Municipal  Ley N°19.378","2019-02-01 00:00:00.0","2019-05-31 00:00:00.0"
"Valdivia","Contrata","Salud","Contrata","Jennifer Soledad Figueroa Molina","Técnico de Nivel Superior","SIN INFORMACION","Contratados Sin Planta","Estatuto Atención Primaria de Salud Municipal  Ley N°19.378","2019-08-30 00:00:00.0","2019-10-11 00:00:00.0"
"Valdivia","Contrata","Salud","Contrata","Daniela Patricia Peters","Profesional","SIN INFORMACION","Contratados Sin Planta","Estatuto Atención Primaria de Salud Municipal  Ley N°19.378","2019-01-01 00:00:00.0","2019-04-30 00:00:00.0"
"Valdivia","Contrata","Salud","Contrata","Beatriz Opazo  Vergara","Profesional","SIN INFORMACION","Contratados Sin Planta","Estatuto Atención Primaria de Salud Municipal  Ley N°19.378","2019-01-01 00:00:00.0","2019-04-30 00:00:00.0"
"Valdivia","Contrata","Salud","Contrata","Ayleen Maribel  Canales Antipan","Técnico de Nivel Superior","SIN INFORMACION","Contratados Sin Planta","Estatuto Atención Primaria de Salud Municipal  Ley N°19.378","2019-04-26 00:00:00.0","2019-05-07 00:00:00.0"
"Valdivia","Contrata","Salud","Contrata","Lisette de Lourdes Santana  Rioseco","Administrativo Crea de Salud","SIN INFORMACION","Contratados Sin Planta","Estatuto Atención Primaria de Salud Municipal  Ley N°19.378","2019-01-01 00:00:00.0","2019-12-31 00:00:00.0"
"Valdivia","Contrata","Salud","Contrata","Cristofer Alexi Silva Santana","Profesional","SIN INFORMACION","Contratados Sin Planta","Estatuto Atención Primaria de Salud Municipal  Ley N°19.378","2019-01-01 00:00:00.0","2019-04-30 00:00:00.0"
"Valdivia","Contrata","Salud","Contrata","Kimberly Duarte Fuentealba","Administrativo Crea de Salud","SIN INFORMACION","Contratados Sin Planta","Estatuto Atención Primaria de Salud Municipal  Ley N°19.378","2019-01-01 00:00:00.0","2019-12-31 00:00:00.0"
"Valdivia","Contrata","Salud","Contrata","Fernando  Badilla Saldivia","Profesional","SIN INFORMACION","Contratados Sin Planta","Estatuto Atención Primaria de Salud Municipal  Ley N°19.378","2019-01-01 00:00:00.0","2019-12-31 00:00:00.0"
"Valdivia","Contrata","Salud","Contrata","Marcela Valentina Henriquez Veloso","Profesional","SIN INFORMACION","Contratados Sin Planta","Estatuto Atención Primaria de Salud Municipal  Ley N°19.378","2019-01-01 00:00:00.0","2019-01-30 00:00:00.0"
"Valdivia","Contrata","Salud","Contrata","Rocio Daniela Conejeros  Morales","Profesional","SIN INFORMACION","Contratados Sin Planta","Estatuto Atención Primaria de Salud Municipal  Ley N°19.378","2019-01-01 00:00:00.0","2019-12-31 00:00:00.0"
"Valdivia","Contrata","Salud","Contrata","Veronica Margoth Asencio Cancino","Profesional","SIN INFORMACION","Contratados Sin Planta","Estatuto Atención Primaria de Salud Municipal  Ley N°19.378","2019-01-01 00:00:00.0","2019-04-30 00:00:00.0"
"Valdivia","Contrata","Salud","Contrata","Patricia Soledad Escobar Bertran","Profesional","SIN INFORMACION","Contratados Sin Planta","Estatuto Atención Primaria de Salud Municipal  Ley N°19.378","2019-05-08 00:00:00.0","2019-05-17 00:00:00.0"
"Valdivia","Contrata","Salud","Contrata","Felipe Eduardo Moreno Marchant","Profesional","SIN INFORMACION","Contratados Sin Planta","Estatuto Atención Primaria de Salud Municipal  Ley N°19.378","2019-01-01 00:00:00.0","2019-04-30 00:00:00.0"
"Valdivia","Contrata","Salud","Contrata","Jéssica Jeanette Barría Muñoz","Profesional","SIN INFORMACION","Contratados Sin Planta","Estatuto Atención Primaria de Salud Municipal  Ley N°19.378","2019-03-08 00:00:00.0","2019-03-21 00:00:00.0"
"Valdivia","Contrata","Salud","Contrata","Daniela Paz Diaz Oporto","Profesional","SIN INFORMACION","Contratados Sin Planta","Estatuto Atención Primaria de Salud Municipal  Ley N°19.378","2019-01-01 00:00:00.0","2019-12-31 00:00:00.0"
"Valdivia","Contrata","Salud","Contrata","Soledad Cristina Rubilar Silva","Técnico de Nivel Superior","SIN INFORMACION","Contratados Sin Planta","Estatuto Atención Primaria de Salud Municipal  Ley N°19.378","2019-01-01 00:00:00.0","2019-09-30 00:00:00.0"
"Valdivia","Contrata","Salud","Contrata","Danitza Alejandra Diaz Sandoval","Técnico de Salud","SIN INFORMACION","Contratados Sin Planta","Estatuto Atención Primaria de Salud Municipal  Ley N°19.378","2019-01-01 00:00:00.0","2019-03-31 00:00:00.0"
"Valdivia","Contrata","Salud","Contrata","Cynthia Amapola Alvarado Gomez","Profesional","SIN INFORMACION","Contratados Sin Planta","Estatuto Atención Primaria de Salud Municipal  Ley N°19.378","2019-01-01 00:00:00.0","2019-12-31 00:00:00.0"
"Valdivia","Contrata","Salud","Contrata","Yanett Magaly Maldonado Go¿i","Profesional","SIN INFORMACION","Contratados Sin Planta","Estatuto Atención Primaria de Salud Municipal  Ley N°19.378","2019-01-01 00:00:00.0","2019-12-31 00:00:00.0"
"Valdivia","Contrata","Salud","Contrata","Daniela Isable Fica Ampuero","Profesional","SIN INFORMACION","Contratados Sin Planta","Estatuto Atención Primaria de Salud Municipal  Ley N°19.378","2019-01-01 00:00:00.0","2019-12-31 00:00:00.0"
"Valdivia","Contrata","Salud","Contrata","Gabriela Mackarena Rosas Lopez","Profesional","SIN INFORMACION","Contratados Sin Planta","Estatuto Atención Primaria de Salud Municipal  Ley N°19.378","2019-01-01 00:00:00.0","2019-12-31 00:00:00.0"
"Valdivia","Contrata","Salud","Contrata","Pamela Alejandra Rivas Pe¿a","Técnico de Salud","SIN INFORMACION","Contratados Sin Planta","Estatuto Atención Primaria de Salud Municipal  Ley N°19.378","2019-01-01 00:00:00.0","2019-12-31 00:00:00.0"
"Valdivia","Contrata","Salud","Contrata","Daniela Alejandra  Rosas Gomez","Técnico de Nivel Superior","SIN INFORMACION","Contratados Sin Planta","Estatuto Atención Primaria de Salud Municipal  Ley N°19.378","2019-04-01 00:00:00.0","2019-12-31 00:00:00.0"
"Valdivia","Contrata","Salud","Contrata","Carina Evelin Otey Alvarado","Técnico de Salud","SIN INFORMACION","Contratados Sin Planta","Estatuto Atención Primaria de Salud Municipal  Ley N°19.378","2019-01-01 00:00:00.0","2019-04-30 00:00:00.0"
"Valdivia","Contrata","Salud","Contrata","Lorena Andrea Saavedra Castaldini","Técnico"," ","Contratados Sin Planta","Escala Atención Primaria de Salud Municipal","2012-11-01 00:00:00.0","1900-01-01 00:00:00.0"
"Valdivia","Contrata","Salud","Contrata","Mariela Hayd¿e Caull¿n  Nanco","Profesional","SIN INFORMACION","Contratados Sin Planta","Estatuto Atención Primaria de Salud Municipal  Ley N°19.378","2019-01-01 00:00:00.0","2019-04-30 00:00:00.0"
"Valdivia","Contrata","Salud","Contrata","Luis Alberto Castillo Opazo","Administrativo Crea de Salud","SIN INFORMACION","Contratados Sin Planta","Estatuto Atención Primaria de Salud Municipal  Ley N°19.378","2019-01-01 00:00:00.0","2019-12-31 00:00:00.0"
"Valdivia","Contrata","Salud","Contrata","Rocio Tamara Fierro Alarcon","Profesional","SIN INFORMACION","Contratados Sin Planta","Estatuto Atención Primaria de Salud Municipal  Ley N°19.378","2019-01-01 00:00:00.0","2019-12-31 00:00:00.0"
"Valdivia","Contrata","Salud","Contrata","Daniela Regina Alderete Salazar","Profesional","SIN INFORMACION","Contratados Sin Planta","Estatuto Atención Primaria de Salud Municipal  Ley N°19.378","2019-01-01 00:00:00.0","2019-03-31 00:00:00.0"
"Valdivia","Contrata","Salud","Contrata","Felipe Esteban Peralta Correa","Profesional","SIN INFORMACION","Contratados Sin Planta","Estatuto Atención Primaria de Salud Municipal  Ley N°19.378","2019-01-01 00:00:00.0","2019-04-30 00:00:00.0"
"Valdivia","Contrata","Salud","Contrata","Karol Lara Merino","Profesional","SIN INFORMACION","Contratados Sin Planta","Estatuto Atención Primaria de Salud Municipal  Ley N°19.378","2019-01-01 00:00:00.0","2019-09-30 00:00:00.0"
"Valdivia","Contrata","Salud","Contrata","Pamela Andrea Luarte Soria","Profesional","SIN INFORMACION","Contratados Sin Planta","Estatuto Atención Primaria de Salud Municipal  Ley N°19.378","2019-01-01 00:00:00.0","2019-04-30 00:00:00.0"
"Valdivia","Contrata","Salud","Contrata","Patricia Marlen Kouro Parali","Profesional","SIN INFORMACION","Contratados Sin Planta","Estatuto Atención Primaria de Salud Municipal  Ley N°19.378","2019-01-01 00:00:00.0","2019-12-31 00:00:00.0"
"Valdivia","Contrata","Salud","Contrata","Marly  Villa  Soto","Profesional","SIN INFORMACION","Contratados Sin Planta","Estatuto Atención Primaria de Salud Municipal  Ley N°19.378","2019-01-01 00:00:00.0","2019-12-31 00:00:00.0"
"Valdivia","Contrata","Salud","Contrata","Susana Elena Delgado Pincheira","Técnico de Nivel Superior","SIN INFORMACION","Contratados Sin Planta","Estatuto Atención Primaria de Salud Municipal  Ley N°19.378","2019-01-01 00:00:00.0","2019-12-31 00:00:00.0"
"Valdivia","Contrata","Salud","Contrata","Cristina Andrea Ojeda Ojeda","Profesional","SIN INFORMACION","Contratados Sin Planta","Estatuto Atención Primaria de Salud Municipal  Ley N°19.378","2019-01-01 00:00:00.0","2019-02-28 00:00:00.0"
"Valdivia","Contrata","Salud","Contrata","Paola Andrea Vargas Perez","Técnico de Nivel Superior","SIN INFORMACION","Contratados Sin Planta","Estatuto Atención Primaria de Salud Municipal  Ley N°19.378","2019-01-01 00:00:00.0","2019-12-31 00:00:00.0"
"Valdivia","Contrata","Salud","Contrata","Fernando Andres Escobar Delgado","Profesional","SIN INFORMACION","Contratados Sin Planta","Estatuto Atención Primaria de Salud Municipal  Ley N°19.378","2019-01-01 00:00:00.0","2019-03-31 00:00:00.0"
"Valdivia","Contrata","Salud","Contrata","Paola Odett Mansilla Espinoza","Técnico de Nivel Superior","SIN INFORMACION","Contratados Sin Planta","Estatuto Atención Primaria de Salud Municipal  Ley N°19.378","2019-01-01 00:00:00.0","2019-04-06 00:00:00.0"
"Valdivia","Contrata","Salud","Contrata","Katherine Andrea Sanchez Figueroa","Profesional","SIN INFORMACION","Contratados Sin Planta","Estatuto Atención Primaria de Salud Municipal  Ley N°19.378","2019-01-01 00:00:00.0","2019-05-31 00:00:00.0"
"Valdivia","Contrata","Salud","Contrata","Paulina Alejandra Soto Galaz","Técnico de Salud","SIN INFORMACION","Contratados Sin Planta","Estatuto Atención Primaria de Salud Municipal  Ley N°19.378","2019-01-01 00:00:00.0","2019-09-30 00:00:00.0"
"Valdivia","Contrata","Salud","Contrata","Angela  Martinez  Gonzalez","Profesional","SIN INFORMACION","Contratados Sin Planta","Estatuto Atención Primaria de Salud Municipal  Ley N°19.378","2019-04-01 00:00:00.0","2019-04-30 00:00:00.0"
"Valdivia","Contrata","Salud","Contrata","Diego Alberto Mu¿oz Delgado","Administrativo Crea de Salud","SIN INFORMACION","Contratados Sin Planta","Estatuto Atención Primaria de Salud Municipal  Ley N°19.378","2019-03-01 00:00:00.0","2019-06-30 00:00:00.0"
"Valdivia","Contrata","Salud","Contrata","Camila Soledad Rosas  Maldonado","Profesional","SIN INFORMACION","Contratados Sin Planta","Estatuto Atención Primaria de Salud Municipal  Ley N°19.378","2019-01-01 00:00:00.0","2019-04-30 00:00:00.0"
"Valdivia","Contrata","Salud","Contrata","Conny Javiera Bitterlich Konning","Profesional","SIN INFORMACION","Contratados Sin Planta","Estatuto Atención Primaria de Salud Municipal  Ley N°19.378","2019-01-01 00:00:00.0","2019-12-31 00:00:00.0"
"Valdivia","Contrata","Salud","Contrata","Kimmy Elieen Hood Maldonado","Profesional","SIN INFORMACION","Contratados Sin Planta","Estatuto Atención Primaria de Salud Municipal  Ley N°19.378","2019-01-01 00:00:00.0","2019-12-31 00:00:00.0"
"Valdivia","Contrata","Salud","Contrata","Sebastiana Emiliana Valentina Rosas ´perez","Profesional","SIN INFORMACION","Contratados Sin Planta","Estatuto Atención Primaria de Salud Municipal  Ley N°19.378","2019-01-01 00:00:00.0","2019-04-30 00:00:00.0"
"Valdivia","Contrata","Salud","Contrata","Lorena Analia Jara Ramírez","Técnico de Nivel Superior","SIN INFORMACION","Contratados Sin Planta","Estatuto Atención Primaria de Salud Municipal  Ley N°19.378","2019-04-01 00:00:00.0","2019-08-31 00:00:00.0"
"Valdivia","Contrata","Salud","Contrata","Atala Victoria Leon Arriagada","Profesional","SIN INFORMACION","Contratados Sin Planta","Estatuto Atención Primaria de Salud Municipal  Ley N°19.378","2019-01-01 00:00:00.0","2019-09-30 00:00:00.0"
"Valdivia","Contrata","Salud","Contrata","Catalina Victoria Ramirez Alvarez","Profesional","SIN INFORMACION","Contratados Sin Planta","Estatuto Atención Primaria de Salud Municipal  Ley N°19.378","2019-01-01 00:00:00.0","2019-04-30 00:00:00.0"
"Valdivia","Contrata","Salud","Contrata","Marcela Beatriz Fierro Neipan","Profesional","SIN INFORMACION","Contratados Sin Planta","Estatuto Atención Primaria de Salud Municipal  Ley N°19.378","2019-01-01 00:00:00.0","2019-03-31 00:00:00.0"
"Valdivia","Contrata","Salud","Contrata","Flavio Antonio Pacheco Mayor","Profesional","SIN INFORMACION","Contratados Sin Planta","Estatuto Atención Primaria de Salud Municipal  Ley N°19.378","2019-01-01 00:00:00.0","2019-04-30 00:00:00.0"
"Valdivia","Contrata","Salud","Contrata","Claudia Carolina Peña Fica","Técnico de Nivel Superior","SIN INFORMACION","Contratados Sin Planta","Estatuto Atención Primaria de Salud Municipal  Ley N°19.378","2016-01-01 00:00:00.0","1900-01-01 00:00:00.0"
"Valdivia","Contrata","Salud","Contrata","Romina Andrea Martinez Millan","Técnico de Nivel Superior","SIN INFORMACION","Contratados Sin Planta","Estatuto Atención Primaria de Salud Municipal  Ley N°19.378","2019-01-01 00:00:00.0","2019-04-30 00:00:00.0"
"Valdivia","Contrata","Salud","Contrata","Claudio Rodrigo Duarte Mansilla","Profesional","SIN INFORMACION","Contratados Sin Planta","Estatuto Atención Primaria de Salud Municipal  Ley N°19.378","2019-01-01 00:00:00.0","2019-12-31 00:00:00.0"
"Valdivia","Contrata","Salud","Contrata","Pedro Jose de La Fuente Valderrama","Profesional","SIN INFORMACION","Contratados Sin Planta","Estatuto Atención Primaria de Salud Municipal  Ley N°19.378","2019-01-01 00:00:00.0","2019-12-31 00:00:00.0"
"Valdivia","Contrata","Salud","Contrata","María José Matamala Cárdenas","Profesional","SIN INFORMACION","Contratados Sin Planta","Estatuto Atención Primaria de Salud Municipal  Ley N°19.378","2019-01-01 00:00:00.0","2019-12-31 00:00:00.0"
"Valdivia","Contrata","Salud","Contrata","Claudia  Alejandra  Jara  Muñoz","Profesional","SIN INFORMACION","Contratados Sin Planta","Estatuto Atención Primaria de Salud Municipal  Ley N°19.378","2019-04-01 00:00:00.0","2019-05-06 00:00:00.0"
"Valdivia","Contrata","Salud","Contrata","Pablo Nicolás Gayoso Vio","Profesional"," ","Contratados Sin Planta","Estatuto Atención Primaria de Salud Municipal  Ley N°19.378","2019-01-01 00:00:00.0","2019-12-31 00:00:00.0"
"Valdivia","Contrata","Salud","Contrata","Catherine Ivonne Cardenas  Turra","Profesional","SIN INFORMACION","Contratados Sin Planta","Estatuto Atención Primaria de Salud Municipal  Ley N°19.378","2019-01-21 00:00:00.0","2019-09-30 00:00:00.0"
"Valdivia","Contrata","Salud","Contrata","Jordana Rita Soto Cardenas","Técnico de Nivel Superior","SIN INFORMACION","Contratados Sin Planta","Estatuto Atención Primaria de Salud Municipal  Ley N°19.378","2019-01-01 00:00:00.0","2019-12-31 00:00:00.0"
"Valdivia","Contrata","Salud","Contrata","Nataly Elizabeth Grandon Rosales","Técnico de Salud","SIN INFORMACION","Contratados Sin Planta","Estatuto Atención Primaria de Salud Municipal  Ley N°19.378","2019-01-01 00:00:00.0","2019-04-30 00:00:00.0"
"Valdivia","Contrata","Salud","Contrata","Yessica del Pilar Inzunza Nauto","Administrativo Crea de Salud","SIN INFORMACION","Contratados Sin Planta","Estatuto Atención Primaria de Salud Municipal  Ley N°19.378","2019-04-24 00:00:00.0","2019-08-31 00:00:00.0"
"Valdivia","Contrata","Salud","Contrata","Patricia Camila Vidal Grau","Profesional","SIN INFORMACION","Contratados Sin Planta","Estatuto Atención Primaria de Salud Municipal  Ley N°19.378","2019-01-01 00:00:00.0","2019-12-31 00:00:00.0"
"Valdivia","Contrata","Salud","Contrata","Constanza Nicole Barria Guzman","Profesional","SIN INFORMACION","Contratados Sin Planta","Estatuto Atención Primaria de Salud Municipal  Ley N°19.378","2019-01-01 00:00:00.0","2019-12-31 00:00:00.0"
"Valdivia","Contrata","Salud","Contrata","Freddy Danniel Siegel Reyes","Profesional","SIN INFORMACION","Contratados Sin Planta","Estatuto Atención Primaria de Salud Municipal  Ley N°19.378","2019-01-01 00:00:00.0","2019-04-30 00:00:00.0"
"Valdivia","Contrata","Salud","Contrata","Alex Heinz Bratz  Gudenschwager","Profesional","SIN INFORMACION","Contratados Sin Planta","Estatuto Atención Primaria de Salud Municipal  Ley N°19.378","2019-01-01 00:00:00.0","2019-12-31 00:00:00.0"
"Valdivia","Contrata","Salud","Contrata","Karina Valeria Torres Morales","Profesional","SIN INFORMACION","Contratados Sin Planta","Estatuto Atención Primaria de Salud Municipal  Ley N°19.378","2019-01-01 00:00:00.0","2019-04-30 00:00:00.0"
"Valdivia","Contrata","Salud","Contrata","Leslie Marisela  Guarda  Quijada","Administrativo Crea de Salud","SIN INFORMACION","Contratados Sin Planta","Estatuto Atención Primaria de Salud Municipal  Ley N°19.378","2019-02-26 00:00:00.0","2019-05-31 00:00:00.0"
"Valdivia","Contrata","Salud","Contrata","Jose Renan Cardenas Zunino","Profesional","SIN INFORMACION","Contratados Sin Planta","Estatuto Atención Primaria de Salud Municipal  Ley N°19.378","2019-07-15 00:00:00.0","2019-11-30 00:00:00.0"
"Valdivia","Contrata","Salud","Contrata","Loreto Calderon  Naoum","Profesional","SIN INFORMACION","Contratados Sin Planta","Estatuto Atención Primaria de Salud Municipal  Ley N°19.378","2019-01-01 00:00:00.0","2019-04-30 00:00:00.0"
"Valdivia","Contrata","Salud","Contrata","Mauricio Enrique Yung  Villalobos","Profesional","SIN INFORMACION","Contratados Sin Planta","Estatuto Atención Primaria de Salud Municipal  Ley N°19.378","2019-01-01 00:00:00.0","2019-04-30 00:00:00.0"
"Valdivia","Contrata","Salud","Contrata","Cecilia Alejandra Venegas Monsalvez","Profesional","SIN INFORMACION","Contratados Sin Planta","Estatuto Atención Primaria de Salud Municipal  Ley N°19.378","2019-01-01 00:00:00.0","2019-09-30 00:00:00.0"
"Valdivia","Contrata","Salud","Contrata","Viviana Andrea Navarrete Cardenas","Técnico de Nivel Superior","SIN INFORMACION","Contratados Sin Planta","Estatuto Atención Primaria de Salud Municipal  Ley N°19.378","2019-04-01 00:00:00.0","2019-09-30 00:00:00.0"
"Valdivia","Contrata","Salud","Contrata","Yenifer  Catalan  Cabrapan","Auxiliar de Servicio de Salud","SIN INFORMACION","Contratados Sin Planta","Estatuto Atención Primaria de Salud Municipal  Ley N°19.378","2019-03-14 00:00:00.0","2019-03-27 00:00:00.0"
"Valdivia","Contrata","Salud","Contrata","Vanessa Trivi¿os  Rubilar","Profesional","SIN INFORMACION","Contratados Sin Planta","Estatuto Atención Primaria de Salud Municipal  Ley N°19.378","2019-01-01 00:00:00.0","2019-03-31 00:00:00.0"
"Valdivia","Contrata","Salud","Contrata","Camila Francisca Ceballo Matus","Profesional","SIN INFORMACION","Contratados Sin Planta","Estatuto Atención Primaria de Salud Municipal  Ley N°19.378","2019-01-01 00:00:00.0","2019-12-31 00:00:00.0"
"Valdivia","Contrata","Salud","Contrata","Vanessa Jesudith Diaz  Torres","Técnico de Nivel Superior","SIN INFORMACION","Contratados Sin Planta","Estatuto Atención Primaria de Salud Municipal  Ley N°19.378","2019-01-01 00:00:00.0","2019-04-30 00:00:00.0"
"Valdivia","Contrata","Salud","Contrata","Claudia Andrea Cartes Rodriguez","Profesional","SIN INFORMACION","Contratados Sin Planta","Estatuto Atención Primaria de Salud Municipal  Ley N°19.378","2019-01-01 00:00:00.0","2019-03-31 00:00:00.0"
"Valdivia","Contrata","Salud","Contrata","Ignacio Esteban Cordova Gaete","Profesional","SIN INFORMACION","Contratados Sin Planta","Estatuto Atención Primaria de Salud Municipal  Ley N°19.378","2019-01-01 00:00:00.0","2019-12-31 00:00:00.0"
"Valdivia","Contrata","Salud","Contrata","Yessica Macarena Burgos Carmona","Profesional","SIN INFORMACION","Contratados Sin Planta","Estatuto Atención Primaria de Salud Municipal  Ley N°19.378","2019-02-01 00:00:00.0","2019-03-31 00:00:00.0"
"Valdivia","Contrata","Salud","Contrata","Daniel Sebastian Castillo Fernandez","Profesional","SIN INFORMACION","Contratados Sin Planta","Estatuto Atención Primaria de Salud Municipal  Ley N°19.378","2019-01-01 00:00:00.0","2019-12-31 00:00:00.0"
"Valdivia","Contrata","Salud","Contrata","Nicole Estefani Barriga Reyes","Técnico de Salud","SIN INFORMACION","Contratados Sin Planta","Estatuto Atención Primaria de Salud Municipal  Ley N°19.378","2019-03-11 00:00:00.0","2019-03-30 00:00:00.0"
"Valdivia","Contrata","Salud","Contrata","Camila Beatriz Alvayay Barrientos","Profesional","SIN INFORMACION","Contratados Sin Planta","Estatuto Atención Primaria de Salud Municipal  Ley N°19.378","2019-01-01 00:00:00.0","2019-12-31 00:00:00.0"
"Valdivia","Contrata","Salud","Contrata","Jorge Roberto Obando  Hernandez","Administrativo Crea de Salud","SIN INFORMACION","Contratados Sin Planta","Estatuto Atención Primaria de Salud Municipal  Ley N°19.378","2019-01-01 00:00:00.0","2019-12-31 00:00:00.0"
"Valdivia","Contrata","Salud","Contrata","Patricia Andrea Lespay Obando","Técnico de Nivel Superior","SIN INFORMACION","Contratados Sin Planta","Estatuto Atención Primaria de Salud Municipal  Ley N°19.378","2019-04-01 00:00:00.0","2019-04-23 00:00:00.0"
"Valdivia","Contrata","Salud","Contrata","Kimberli Gutierrez Salazar","Técnico de Nivel Superior","SIN INFORMACION","Contratados Sin Planta","Estatuto Atención Primaria de Salud Municipal  Ley N°19.378","2019-01-23 00:00:00.0","2019-04-22 00:00:00.0"
"Valdivia","Contrata","Salud","Contrata","Exequiel Ignacio Novoa Padilla","Profesional","SIN INFORMACION","Contratados Sin Planta","Estatuto Atención Primaria de Salud Municipal  Ley N°19.378","2019-01-01 00:00:00.0","2019-04-30 00:00:00.0"
"Valdivia","Contrata","Salud","Contrata","Camila Paz Gallardo Gomez","Profesional","SIN INFORMACION","Contratados Sin Planta","Estatuto Atención Primaria de Salud Municipal  Ley N°19.378","2019-01-01 00:00:00.0","2019-12-31 00:00:00.0"
"Valdivia","Contrata","Salud","Contrata","Javier Rojas  Rivera","Profesional","SIN INFORMACION","Contratados Sin Planta","Estatuto Atención Primaria de Salud Municipal  Ley N°19.378","2019-01-01 00:00:00.0","2019-03-31 00:00:00.0"
"Valdivia","Contrata","Salud","Contrata","Catalina Ebel Barrera","Profesional","SIN INFORMACION","Contratados Sin Planta","Estatuto Atención Primaria de Salud Municipal  Ley N°19.378","2019-08-06 00:00:00.0","2019-10-28 00:00:00.0"
"Valdivia","Contrata","Salud","Contrata","Nidia Alejandra Pino Ilabel","Profesional","SIN INFORMACION","Contratados Sin Planta","Estatuto Atención Primaria de Salud Municipal  Ley N°19.378","2019-01-01 00:00:00.0","2019-04-30 00:00:00.0"
"Valdivia","Contrata","Salud","Contrata","Gissela Lisbeth Rivera Punoñanco","Técnico de Nivel Superior","SIN INFORMACION","Contratados Sin Planta","Estatuto Atención Primaria de Salud Municipal  Ley N°19.378","2019-01-01 00:00:00.0","2019-12-31 00:00:00.0"
"Valdivia","Contrata","Salud","Contrata","Ibis Fabiola Obando Ramirez","Técnico de Salud","SIN INFORMACION","Contratados Sin Planta","Estatuto Atención Primaria de Salud Municipal  Ley N°19.378","2019-01-01 00:00:00.0","2019-12-31 00:00:00.0"
"Valdivia","Contrata","Salud","Contrata","Paola Francisca Gual Venegas","Profesional","SIN INFORMACION","Contratados Sin Planta","Estatuto Atención Primaria de Salud Municipal  Ley N°19.378","2019-01-01 00:00:00.0","2019-04-30 00:00:00.0"
"Valdivia","Contrata","Salud","Contrata","Hector  Morales Lorca","Técnico de Nivel Superior","SIN INFORMACION","Contratados Sin Planta","Estatuto Atención Primaria de Salud Municipal  Ley N°19.378","2019-09-08 00:00:00.0","2019-10-31 00:00:00.0"
"Valdivia","Contrata","Salud","Contrata","Ruby Pamela Simao Malpu","Profesional","SIN INFORMACION","Contratados Sin Planta","Estatuto Atención Primaria de Salud Municipal  Ley N°19.378","2019-01-01 00:00:00.0","2019-12-31 00:00:00.0"
"Valdivia","Contrata","Salud","Contrata","María José Levio Altamirano","Profesional","SIN INFORMACION","Contratados Sin Planta","Estatuto Atención Primaria de Salud Municipal  Ley N°19.378","2019-01-01 00:00:00.0","2019-09-30 00:00:00.0"
"Valdivia","Contrata","Salud","Contrata","Fabiola Alejandra Galaz Salazar","Profesional","SIN INFORMACION","Contratados Sin Planta","Estatuto Atención Primaria de Salud Municipal  Ley N°19.378","2019-01-01 00:00:00.0","2019-12-31 00:00:00.0"
"Valdivia","Contrata","Salud","Contrata","Diego Alejandro Oberreuter Sanhueza","Profesional","SIN INFORMACION","Contratados Sin Planta","Estatuto Atención Primaria de Salud Municipal  Ley N°19.378","2019-01-01 00:00:00.0","2019-04-30 00:00:00.0"
"Valdivia","Contrata","Salud","Contrata","Fabiola Loreto Riquelme Parra","Profesional","SIN INFORMACION","Contratados Sin Planta","Estatuto Atención Primaria de Salud Municipal  Ley N°19.378","2019-01-01 00:00:00.0","2019-04-30 00:00:00.0"
"Valdivia","Contrata","Salud","Contrata","Tamara Lissete Petre Saavedra","Técnico de Nivel Superior","SIN INFORMACION","Contratados Sin Planta","Estatuto Atención Primaria de Salud Municipal  Ley N°19.378","2019-05-06 00:00:00.0","2019-05-14 00:00:00.0"
"Valdivia","Contrata","Salud","Contrata","Nicole Francisca Soto Perez","Profesional","SIN INFORMACION","Contratados Sin Planta","Estatuto Atención Primaria de Salud Municipal  Ley N°19.378","2019-03-01 00:00:00.0","2019-12-31 00:00:00.0"
"Valdivia","Contrata","Salud","Contrata","Pamela Sofia Rojas  Escarate","Profesional","SIN INFORMACION","Contratados Sin Planta","Estatuto Atención Primaria de Salud Municipal  Ley N°19.378","2019-01-01 00:00:00.0","2019-05-31 00:00:00.0"
"Valdivia","Contrata","Salud","Contrata","Maria Isidora Rojo  Fernandez","Profesional","SIN INFORMACION","Contratados Sin Planta","Estatuto Atención Primaria de Salud Municipal  Ley N°19.378","2019-01-01 00:00:00.0","2019-04-30 00:00:00.0"
"Valdivia","Contrata","Salud","Contrata","Yassmin Lorena Marchant Delgado","Profesional","SIN INFORMACION","Contratados Sin Planta","Estatuto Atención Primaria de Salud Municipal  Ley N°19.378","2019-05-20 00:00:00.0","2019-05-30 00:00:00.0"
"Valdivia","Contrata","Salud","Contrata","Rocio Elizabeth Santana Montesinos","Técnico de Salud","SIN INFORMACION","Contratados Sin Planta","Estatuto Atención Primaria de Salud Municipal  Ley N°19.378","2019-01-01 00:00:00.0","2019-12-31 00:00:00.0"
"Valdivia","Contrata","Salud","Contrata","Sandra  Castillo Mu¿oz","Técnico de Nivel Superior","SIN INFORMACION","Contratados Sin Planta","Estatuto Atención Primaria de Salud Municipal  Ley N°19.378","2019-01-01 00:00:00.0","2019-12-31 00:00:00.0"
"Valdivia","Contrata","Salud","Contrata","Natalia Mauren Monasterio Ojeda","Profesional","SIN INFORMACION","Contratados Sin Planta","Estatuto Atención Primaria de Salud Municipal  Ley N°19.378","2019-01-01 00:00:00.0","2019-04-30 00:00:00.0"
"Valdivia","Contrata","Salud","Contrata","Paola Francisca Garay  Rosemberg","Profesional","SIN INFORMACION","Contratados Sin Planta","Estatuto Atención Primaria de Salud Municipal  Ley N°19.378","2019-01-01 00:00:00.0","2019-04-30 00:00:00.0"
"Valdivia","Contrata","Salud","Contrata","Juan Hidalgo Guerrero","Profesional","SIN INFORMACION","Contratados Sin Planta","Estatuto Atención Primaria de Salud Municipal  Ley N°19.378","2019-01-01 00:00:00.0","2019-09-30 00:00:00.0"
"Valdivia","Contrata","Salud","Contrata","Paulina Andrea  Gomez Ortiz","Profesional","SIN INFORMACION","Contratados Sin Planta","Estatuto Atención Primaria de Salud Municipal  Ley N°19.378","2019-01-01 00:00:00.0","2019-12-31 00:00:00.0"
"Valdivia","Contrata","Salud","Contrata","Joaquin Alejandro Catalan Gomez","Administrativo Crea de Salud","SIN INFORMACION","Contratados Sin Planta","Estatuto Atención Primaria de Salud Municipal  Ley N°19.378","2019-01-01 00:00:00.0","2019-12-31 00:00:00.0"
"Valdivia","Contrata","Salud","Contrata","Jos¿ Osvaldo Alarc¿n  Quezada","Profesional","SIN INFORMACION","Contratados Sin Planta","Estatuto Atención Primaria de Salud Municipal  Ley N°19.378","2019-06-09 00:00:00.0","2019-09-13 00:00:00.0"
"Valdivia","Contrata","Salud","Contrata","Evelyn Yissenia Candia Abarzua","Técnico de Nivel Superior","SIN INFORMACION","Contratados Sin Planta","Estatuto Atención Primaria de Salud Municipal  Ley N°19.378","2019-01-01 00:00:00.0","2019-12-31 00:00:00.0"
"Valdivia","Contrata","Salud","Contrata","Denisse Alejandra Delgado Guíñez","Técnico de Nivel Superior","SIN INFORMACION","Contratados Sin Planta","Estatuto Atención Primaria de Salud Municipal  Ley N°19.378","2019-03-18 00:00:00.0","2019-03-29 00:00:00.0"
"Valdivia","Contrata","Salud","Contrata","Tania Torres Diaz","Administrativo Crea de Salud","SIN INFORMACION","Contratados Sin Planta","Estatuto Atención Primaria de Salud Municipal  Ley N°19.378","2019-05-01 00:00:00.0","2019-09-30 00:00:00.0"
"Valdivia","Contrata","Salud","Contrata","Rodrigo Ignacio Álvarez Ávila","Profesional","SIN INFORMACION","Contratados Sin Planta","Estatuto Atención Primaria de Salud Municipal  Ley N°19.378","2019-04-01 00:00:00.0","2019-07-31 00:00:00.0"
"Valdivia","Contrata","Salud","Contrata","Ana Ester Barria  Soto","Técnico de Nivel Superior","SIN INFORMACION","Contratados Sin Planta","Estatuto Atención Primaria de Salud Municipal  Ley N°19.378","2019-01-01 00:00:00.0","2019-12-31 00:00:00.0"
"Valdivia","Contrata","Salud","Contrata","Ingar Lia Machmar Benitez","Profesional","SIN INFORMACION","Contratados Sin Planta","Estatuto Atención Primaria de Salud Municipal  Ley N°19.378","2019-01-14 00:00:00.0","2019-04-13 00:00:00.0"
"Valdivia","Contrata","Salud","Contrata","Melissa Cid Escobar","Profesional","SIN INFORMACION","Contratados Sin Planta","Estatuto Atención Primaria de Salud Municipal  Ley N°19.378","2019-01-01 00:00:00.0","2019-03-31 00:00:00.0"
"Valdivia","Contrata","Salud","Contrata","Mario Alejandro Rodriguez de Pablo","Profesional","SIN INFORMACION","Contratados Sin Planta","Estatuto Atención Primaria de Salud Municipal  Ley N°19.378","2019-01-01 00:00:00.0","2019-04-16 00:00:00.0"
"Valdivia","Contrata","Salud","Contrata","Romina Andrea  Galaz  Fuentealba","Profesional","SIN INFORMACION","Contratados Sin Planta","Estatuto Atención Primaria de Salud Municipal  Ley N°19.378","2019-01-01 00:00:00.0","2019-04-30 00:00:00.0"
"Valdivia","Contrata","Salud","Contrata","Rodrigo Ignacio Palma Solis","Profesional","SIN INFORMACION","Contratados Sin Planta","Estatuto Atención Primaria de Salud Municipal  Ley N°19.378","2019-01-01 00:00:00.0","2019-12-31 00:00:00.0"
"Valdivia","Contrata","Salud","Contrata","Francisca Isabel Matamala Westermeier","Profesional","SIN INFORMACION","Contratados Sin Planta","Estatuto Atención Primaria de Salud Municipal  Ley N°19.378","2019-01-01 00:00:00.0","2019-12-31 00:00:00.0"
"Valdivia","Contrata","Salud","Contrata","Camila Veronica Diaz  Vera","Profesional","SIN INFORMACION","Contratados Sin Planta","Estatuto Atención Primaria de Salud Municipal  Ley N°19.378","2019-01-01 00:00:00.0","2019-12-31 00:00:00.0"
"Valdivia","Contrata","Salud","Contrata","Nadya Vaneza Farías Santana","Profesional","SIN INFORMACION","Contratados Sin Planta","Estatuto Atención Primaria de Salud Municipal  Ley N°19.378","2019-04-01 00:00:00.0","2019-07-31 00:00:00.0"
"Valdivia","Contrata","Salud","Contrata","Joselyn Macarena Reyes Oyarzo","Profesional","SIN INFORMACION","Contratados Sin Planta","Estatuto Atención Primaria de Salud Municipal  Ley N°19.378","2019-03-05 00:00:00.0","2019-05-09 00:00:00.0"
"Valdivia","Contrata","Salud","Contrata","Camilo Evans Delgado Meneses","Administrativo Crea de Salud","SIN INFORMACION","Contratados Sin Planta","Estatuto Atención Primaria de Salud Municipal  Ley N°19.378","2019-01-01 00:00:00.0","2019-12-31 00:00:00.0"
"Valdivia","Contrata","Salud","Contrata","Geraldine  Lange Osses","Profesional","SIN INFORMACION","Contratados Sin Planta","Estatuto Atención Primaria de Salud Municipal  Ley N°19.378","2019-01-01 00:00:00.0","2019-02-28 00:00:00.0"
"Valdivia","Contrata","Salud","Contrata","Philippe Maximilian  Konstantin Van Driel  Romero","Profesional","SIN INFORMACION","Contratados Sin Planta","Estatuto Atención Primaria de Salud Municipal  Ley N°19.378","2019-01-01 00:00:00.0","2019-04-30 00:00:00.0"
"Valdivia","Contrata","Salud","Contrata","Natalia Ivana Gallardo Velasquez","Técnico de Nivel Superior","SIN INFORMACION","Contratados Sin Planta","Estatuto Atención Primaria de Salud Municipal  Ley N°19.378","2019-01-01 00:00:00.0","2019-04-30 00:00:00.0"
"Valdivia","Contrata","Salud","Contrata","Nicole Andrea Garcia  Sepulveda","Profesional","SIN INFORMACION","Contratados Sin Planta","Estatuto Atención Primaria de Salud Municipal  Ley N°19.378","2019-08-20 00:00:00.0","2019-11-07 00:00:00.0"
"Valdivia","Contrata","Salud","Contrata","Nicole Andrea Garretón Chamorro","Técnico de Nivel Superior","SIN INFORMACION","Contratados Sin Planta","Estatuto Atención Primaria de Salud Municipal  Ley N°19.378","2019-01-01 00:00:00.0","2019-04-30 00:00:00.0"
"Valdivia","Contrata","Salud","Contrata","Pamela Andrea Gonzalez Yobanolo","Técnico de Nivel Superior","SIN INFORMACION","Contratados Sin Planta","Estatuto Atención Primaria de Salud Municipal  Ley N°19.378","2019-01-01 00:00:00.0","2019-12-31 00:00:00.0"
"Valdivia","Contrata","Salud","Contrata","Celim Jure Esquivel","Administrativo Crea de Salud","SIN INFORMACION","Contratados Sin Planta","Estatuto Atención Primaria de Salud Municipal  Ley N°19.378","2019-03-01 00:00:00.0","2019-12-31 00:00:00.0"
"Valdivia","Contrata","Salud","Contrata","Lorena Nataly Punoy Punoy","Técnico de Nivel Superior","SIN INFORMACION","Contratados Sin Planta","Estatuto Atención Primaria de Salud Municipal  Ley N°19.378","2019-05-08 00:00:00.0","2019-09-08 00:00:00.0"
"Valdivia","Contrata","Salud","Contrata","Maritza Lagos San Martin","Técnico de Nivel Superior","SIN INFORMACION","Contratados Sin Planta","Estatuto Atención Primaria de Salud Municipal  Ley N°19.378","2019-02-28 00:00:00.0","2019-03-29 00:00:00.0"
"Valdivia","Contrata","Salud","Contrata","Jocelin Andrea Curinao Aguero","Técnico de Salud","SIN INFORMACION","Contratados Sin Planta","Estatuto Atención Primaria de Salud Municipal  Ley N°19.378","2019-01-01 00:00:00.0","2019-12-31 00:00:00.0"
"Valdivia","Contrata","Salud","Contrata","Fernanda Belen Ceballos  Aguilar","Profesional","SIN INFORMACION","Contratados Sin Planta","Estatuto Atención Primaria de Salud Municipal  Ley N°19.378","2019-03-01 00:00:00.0","2019-06-30 00:00:00.0"
"Valdivia","Contrata","Salud","Contrata","Jaime Guillermo Olivares Lehnebach","Técnico de Nivel Superior","SIN INFORMACION","Contratados Sin Planta","Estatuto Atención Primaria de Salud Municipal  Ley N°19.378","2019-01-01 00:00:00.0","2019-12-31 00:00:00.0"
"Valdivia","Contrata","Salud","Contrata","Paulina Alejandra Obando Inostroza","Técnico de Salud","SIN INFORMACION","Contratados Sin Planta","Estatuto Atención Primaria de Salud Municipal  Ley N°19.378","2019-01-01 00:00:00.0","2019-12-31 00:00:00.0"
"Valdivia","Contrata","Salud","Contrata","Gustavo Alejandro Pavez Molina","Profesional","SIN INFORMACION","Contratados Sin Planta","Estatuto Atención Primaria de Salud Municipal  Ley N°19.378","2019-01-01 00:00:00.0","2019-04-16 00:00:00.0"
"Valdivia","Contrata","Salud","Contrata","Omar Hazim Darraz San Martin","Profesional","SIN INFORMACION","Contratados Sin Planta","Estatuto Atención Primaria de Salud Municipal  Ley N°19.378","2019-03-17 00:00:00.0","2019-03-31 00:00:00.0"
"Valdivia","Contrata","Salud","Contrata","Constanza Nicole Diaz  Milanca","Técnico de Nivel Superior","SIN INFORMACION","Contratados Sin Planta","Estatuto Atención Primaria de Salud Municipal  Ley N°19.378","2019-01-01 00:00:00.0","2019-04-30 00:00:00.0"
"Valdivia","Contrata","Salud","Contrata","Rodrigo Andres Bachmann Hernandez","Profesional","SIN INFORMACION","Contratados Sin Planta","Estatuto Atención Primaria de Salud Municipal  Ley N°19.378","2019-03-15 00:00:00.0","2019-07-15 00:00:00.0"
"Valdivia","Contrata","Salud","Contrata","Beatriz Flores Vera","Administrativo Crea de Salud","SIN INFORMACION","Contratados Sin Planta","Estatuto Atención Primaria de Salud Municipal  Ley N°19.378","2019-09-01 00:00:00.0","2019-09-30 00:00:00.0"
"Valdivia","Contrata","Salud","Contrata","Gisel Gomez Gomez","Administrativo Crea de Salud","SIN INFORMACION","Contratados Sin Planta","Estatuto Atención Primaria de Salud Municipal  Ley N°19.378","2019-01-01 00:00:00.0","2019-04-30 00:00:00.0"
"Valdivia","Contrata","Salud","Contrata","Paulina Constanza Gonzalez Riquelme","Profesional","SIN INFORMACION","Contratados Sin Planta","Estatuto Atención Primaria de Salud Municipal  Ley N°19.378","2019-01-01 00:00:00.0","2019-03-25 00:00:00.0"
"Valdivia","Contrata","Salud","Contrata","Fernanda   Morales Sanhueza","Profesional","SIN INFORMACION","Contratados Sin Planta","Estatuto Atención Primaria de Salud Municipal  Ley N°19.378","2019-01-01 00:00:00.0","2019-04-30 00:00:00.0"
"Valdivia","Contrata","Salud","Contrata","Makarena Soledad Risco Soto","Técnico de Salud","SIN INFORMACION","Contratados Sin Planta","Estatuto Atención Primaria de Salud Municipal  Ley N°19.378","2019-01-01 00:00:00.0","2019-04-30 00:00:00.0"
"Valdivia","Contrata","Salud","Contrata","Lizet Yanuri Martinez Alvarez","Técnico de Nivel Superior","SIN INFORMACION","Contratados Sin Planta","Estatuto Atención Primaria de Salud Municipal  Ley N°19.378","2019-01-01 00:00:00.0","2019-04-30 00:00:00.0"
"Valdivia","Contrata","Salud","Contrata","Camila Andrea  Sarabia Moya","Técnico de Nivel Superior","SIN INFORMACION","Contratados Sin Planta","Estatuto Atención Primaria de Salud Municipal  Ley N°19.378","2019-01-01 00:00:00.0","2019-12-31 00:00:00.0"
"Valdivia","Contrata","Salud","Contrata","Moises Daniel Romero Ferrada","Técnico de Nivel Superior","SIN INFORMACION","Contratados Sin Planta","Estatuto Atención Primaria de Salud Municipal  Ley N°19.378","2019-01-01 00:00:00.0","2019-12-31 00:00:00.0"
"Valdivia","Contrata","Salud","Contrata","Felipe Pangui Mellado","Administrativo Crea de Salud","SIN INFORMACION","Contratados Sin Planta","Estatuto Atención Primaria de Salud Municipal  Ley N°19.378","2019-01-01 00:00:00.0","2019-12-31 00:00:00.0"
"Valdivia","Contrata","Salud","Contrata","Elena Andrea Torres  Fernandez","Profesional","SIN INFORMACION","Contratados Sin Planta","Estatuto Atención Primaria de Salud Municipal  Ley N°19.378","2019-07-22 00:00:00.0","2019-11-21 00:00:00.0"
"Valdivia","Contrata","Salud","Contrata","Andrea Catalina Villalobos  Erber","Profesional","SIN INFORMACION","Contratados Sin Planta","Estatuto Atención Primaria de Salud Municipal  Ley N°19.378","2019-03-06 00:00:00.0","2019-04-02 00:00:00.0"
"Valdivia","Contrata","Salud","Contrata","Yonathan Mauricio Gonzalez  Pe¿a","Técnico de Salud","SIN INFORMACION","Contratados Sin Planta","Estatuto Atención Primaria de Salud Municipal  Ley N°19.378","2019-02-11 00:00:00.0","2019-05-31 00:00:00.0"
"Valdivia","Contrata","Salud","Contrata","Gerson Ruben  Flandez Roig","Administrativo Crea de Salud","SIN INFORMACION","Contratados Sin Planta","Estatuto Atención Primaria de Salud Municipal  Ley N°19.378","2019-01-01 00:00:00.0","2019-12-31 00:00:00.0"
"Valdivia","Contrata","Salud","Contrata","Karina Elizabeth Saez Soto","Técnico de Nivel Superior","SIN INFORMACION","Contratados Sin Planta","Estatuto Atención Primaria de Salud Municipal  Ley N°19.378","2019-01-01 00:00:00.0","2019-04-30 00:00:00.0"
"Valdivia","Contrata","Salud","Contrata","Erika Liliana Jimenez Gonzalez","Profesional","SIN INFORMACION","Contratados Sin Planta","Estatuto Atención Primaria de Salud Municipal  Ley N°19.378","2019-07-01 00:00:00.0","2019-12-31 00:00:00.0"
"Valdivia","Contrata","Salud","Contrata","Aime Maria Mu¿oz Renaud","Administrativo Crea de Salud","SIN INFORMACION","Contratados Sin Planta","Estatuto Atención Primaria de Salud Municipal  Ley N°19.378","2019-05-07 00:00:00.0","2019-12-31 00:00:00.0"
"Valdivia","Contrata","Salud","Contrata","Daniuska Judith Salas Smitter","Profesional","SIN INFORMACION","Contratados Sin Planta","Estatuto Atención Primaria de Salud Municipal  Ley N°19.378","2019-01-01 00:00:00.0","2019-12-31 00:00:00.0"
"Valdivia","Contrata","Salud","Contrata","Daniela Guevara Dominguez","Profesional","SIN INFORMACION","Contratados Sin Planta","Estatuto Atención Primaria de Salud Municipal  Ley N°19.378","2019-05-01 00:00:00.0","2019-09-30 00:00:00.0"
"Valdivia","Contrata","Salud","Contrata","Luisangel  Milano Rodriguez","Profesional","SIN INFORMACION","Contratados Sin Planta","Estatuto Atención Primaria de Salud Municipal  Ley N°19.378","2019-04-01 00:00:00.0","2019-09-30 00:00:00.0"
"Valdivia","Contrata","Salud","Contrata","Salvatrice Araque Leone","Profesional","SIN INFORMACION","Contratados Sin Planta","Estatuto Atención Primaria de Salud Municipal  Ley N°19.378","2019-06-10 00:00:00.0","2019-09-30 00:00:00.0"
"Valdivia","Contrata","Salud","Contrata","Edison Edgardo Muñoz Pinto","Medico"," ","Contratados Sin Planta","Escala Atención Primaria de Salud Municipal","2012-07-01 00:00:00.0","1900-01-01 00:00:00.0"
"Valdivia","Contrata","Salud","Contrata","Gloria Eugenia Retamal Oettinger","Enfermero(a)"," ","Contratados Sin Planta","Escala Atención Primaria de Salud Municipal","2012-11-01 00:00:00.0","1900-01-01 00:00:00.0"
"Valdivia","Contrata","Salud","Contrata","Susana del Pilar Peredo Ortiz","Técnico de Salud","SIN INFORMACION","Contratados Sin Planta","Estatuto Atención Primaria de Salud Municipal  Ley N°19.378","2019-01-01 00:00:00.0","2019-12-31 00:00:00.0"
"Valdivia","Contrata","Salud","Contrata","Maria Loreto Rodriguez Martel","Administrativo Crea de Salud","SIN INFORMACION","Contratados Sin Planta","Estatuto Atención Primaria de Salud Municipal  Ley N°19.378","2019-01-01 00:00:00.0","2019-12-31 00:00:00.0"
"Valdivia","Contrata","Salud","Contrata","Miriam Jeanette Vidal Andrade","Técnico Paramedico"," ","Técnicos","Escala Atención Primaria de Salud Municipal","2013-04-01 00:00:00.0","1900-01-01 00:00:00.0"
"Valdivia","Contrata","Salud","Contrata","Victor Andres Vega Reyes","Auxiliar de Servicio de Salud","SIN INFORMACION","Contratados Sin Planta","Estatuto Atención Primaria de Salud Municipal  Ley N°19.378","2019-01-01 00:00:00.0","2019-12-31 00:00:00.0"
"Valdivia","Contrata","Salud","Contrata","Juan Carlos Ochoa Poblete","Profesional","SIN INFORMACION","Contratados Sin Planta","Estatuto Atención Primaria de Salud Municipal  Ley N°19.378","2019-01-01 00:00:00.0","2019-04-30 00:00:00.0"
"Valdivia","Contrata","Salud","Contrata","Armanda del Pilar Silva Delgado","Administrativo Crea de Salud","SIN INFORMACION","Contratados Sin Planta","Estatuto Atención Primaria de Salud Municipal  Ley N°19.378","2019-01-01 00:00:00.0","2019-12-31 00:00:00.0"
"Valdivia","Contrata","Salud","Contrata","Mayrene Inés Serapia Brieva Vásquez","Medico"," ","Contratados Sin Planta","Escala Atención Primaria de Salud Municipal","2012-07-01 00:00:00.0","1900-01-01 00:00:00.0"
"Valdivia","Contrata","Salud","Contrata","Monica Damaris Perez Matus","Administrativo"," ","Contratados Sin Planta","Escala Atención Primaria de Salud Municipal","2012-07-01 00:00:00.0","1900-01-01 00:00:00.0"
"Valdivia","Contrata","Salud","Contrata","Dario Eduardo Martinez Saldivia","Profesional","SIN INFORMACION","Contratados Sin Planta","Estatuto Atención Primaria de Salud Municipal  Ley N°19.378","2015-07-01 00:00:00.0","1900-01-01 00:00:00.0"
"Valdivia","Contrata","Salud","Contrata","Sergio Orlando Zapata Gallardo","Administrativo"," ","Contratados Sin Planta","Escala Atención Primaria de Salud Municipal","2012-07-01 00:00:00.0","1900-01-01 00:00:00.0"
"Valdivia","Contrata","Salud","Contrata","Jose Angel Montesinos Gatica","Administrativo"," ","Administrativos","Escala Atención Primaria de Salud Municipal","2012-11-01 00:00:00.0","1900-01-01 00:00:00.0"
"Valdivia","Contrata","Salud","Contrata","Victor Hugo Toledo Cabezas","Técnico de Nivel Superior","SIN INFORMACION","Contratados Sin Planta","Estatuto Atención Primaria de Salud Municipal  Ley N°19.378","2019-01-24 00:00:00.0","2019-02-28 00:00:00.0"
"Valdivia","Contrata","Salud","Contrata","Marcia Leonor Obreque Briones","Enfermero(a)"," ","Contratados Sin Planta","Escala Atención Primaria de Salud Municipal","2011-12-01 00:00:00.0","1900-01-01 00:00:00.0"
"Valdivia","Contrata","Salud","Contrata","Alex Ivar Oscar Gallardo Agramunt","Medico"," ","Contratados Sin Planta","Escala Atención Primaria de Salud Municipal","2012-07-01 00:00:00.0","1900-01-01 00:00:00.0"
"Valdivia","Contrata","Salud","Contrata","Raquel Fidelia Adriazola Molina","Auxiliar de Servicios"," ","Auxiliares","Escala Atención Primaria de Salud Municipal","2013-05-01 00:00:00.0","1900-01-01 00:00:00.0"
"Valdivia","Contrata","Salud","Contrata","Carmen Patricia Palma Herrera","Enfermero(a)"," ","Profesionales","Escala Atención Primaria de Salud Municipal","2013-03-01 00:00:00.0","1900-01-01 00:00:00.0"
"Valdivia","Contrata","Salud","Contrata","Elisabeth del Carmen Araya Geeregat","Profesional"," ","Profesionales","Escala Atención Primaria de Salud Municipal","2012-12-01 00:00:00.0","1900-01-01 00:00:00.0"
"Valdivia","Contrata","Salud","Contrata","Orille Andrea Moya Carrasco","Técnico de Salud","SIN INFORMACION","Contratados Sin Planta","Estatuto Atención Primaria de Salud Municipal  Ley N°19.378","2019-01-01 00:00:00.0","2019-12-31 00:00:00.0"
"Valdivia","Contrata","Salud","Contrata","Sandra del Carmen Peña Gajardo","Técnico de Nivel Superior"," ","Técnicos","Escala Atención Primaria de Salud Municipal","2012-12-01 00:00:00.0","1900-01-01 00:00:00.0"
"Valdivia","Contrata","Salud","Contrata","Irma del Carmen Bustos Fierro","Profesional","SIN INFORMACION","Contratados Sin Planta","Estatuto Atención Primaria de Salud Municipal  Ley N°19.378","2019-03-25 00:00:00.0","2019-03-29 00:00:00.0"
