"Comuna","Tipo de Contratación","Área","Calidad","Nombre","Cargo","Grado","Planta","Remuneración","Fecha desde","Fecha hasta"
"Mafil","Contrata","Salud","Contrata","Juan Manuel Llanquiman Kiessling","Auxiliar de Servicio de Salud","SIN INFORMACION","Contratados Sin Planta","Estatuto Atención Primaria de Salud Municipal  Ley N°19.378","2019-01-01 00:00:00.0","2019-12-31 00:00:00.0"
"Mafil","Contrata","Salud","Contrata","Berta Adela Aedo Castro","Auxiliar de Servicio de Salud","SIN INFORMACION","Contratados Sin Planta","Estatuto Atención Primaria de Salud Municipal  Ley N°19.378","2019-01-29 00:00:00.0","2019-02-27 00:00:00.0"
"Mafil","Contrata","Salud","Contrata","Alicia Marianela Ya¿ez Acu¿a","Auxiliar de Servicio de Salud","SIN INFORMACION","Contratados Sin Planta","Estatuto Atención Primaria de Salud Municipal  Ley N°19.378","2019-01-01 00:00:00.0","2019-12-31 00:00:00.0"
"Mafil","Contrata","Salud","Contrata","Patricia Lorena Soto Aguilar","Administrativo Crea de Salud","SIN INFORMACION","Contratados Sin Planta","Estatuto Atención Primaria de Salud Municipal  Ley N°19.378","2019-04-24 00:00:00.0","2019-04-26 00:00:00.0"
"Mafil","Contrata","Salud","Contrata","Cecilia del Carmen Riquelme Ruiz","Técnico de Nivel Superior","SIN INFORMACION","Contratados Sin Planta","Estatuto Atención Primaria de Salud Municipal  Ley N°19.378","2019-04-09 00:00:00.0","2019-05-02 00:00:00.0"
"Mafil","Contrata","Salud","Contrata","Claudia Georgina Lagos Pozas","Auxiliar de Servicio de Salud","SIN INFORMACION","Contratados Sin Planta","Estatuto Atención Primaria de Salud Municipal  Ley N°19.378","2019-01-01 00:00:00.0","2019-12-31 00:00:00.0"
"Mafil","Contrata","Salud","Contrata","Ivan Javier Matus  Astorga","Auxiliar de Servicio de Salud","SIN INFORMACION","Contratados Sin Planta","Estatuto Atención Primaria de Salud Municipal  Ley N°19.378","2019-01-01 00:00:00.0","2019-12-31 00:00:00.0"
"Mafil","Contrata","Salud","Contrata","Henrich Alexis Agüero Lara","Técnico de Nivel Superior","SIN INFORMACION","Contratados Sin Planta","Estatuto Atención Primaria de Salud Municipal  Ley N°19.378","2019-01-01 00:00:00.0","2019-12-31 00:00:00.0"
"Mafil","Contrata","Salud","Contrata","Gladys Noemi Llanquiman Lagos","Técnico de Nivel Superior","SIN INFORMACION","Contratados Sin Planta","Estatuto Atención Primaria de Salud Municipal  Ley N°19.378","2019-01-01 00:00:00.0","2019-12-31 00:00:00.0"
"Mafil","Contrata","Salud","Contrata","Daniel Alejandro Fuentes Flandez","Profesional","SIN INFORMACION","Contratados Sin Planta","Estatuto Atención Primaria de Salud Municipal  Ley N°19.378","2019-01-01 00:00:00.0","2019-12-31 00:00:00.0"
"Mafil","Contrata","Salud","Contrata","Paulina Gabriela Reyes Coronado","Profesional","SIN INFORMACION","Contratados Sin Planta","Estatuto Atención Primaria de Salud Municipal  Ley N°19.378","2019-01-01 00:00:00.0","2019-12-31 00:00:00.0"
"Mafil","Contrata","Salud","Contrata","Ximena Lorena Rivas Moraga","Técnico de Nivel Superior","SIN INFORMACION","Contratados Sin Planta","Estatuto Atención Primaria de Salud Municipal  Ley N°19.378","2019-01-01 00:00:00.0","2019-12-31 00:00:00.0"
"Mafil","Contrata","Salud","Contrata","Tatiana Fabiola Navarrete Flores","Auxiliar de Servicio de Salud","SIN INFORMACION","Contratados Sin Planta","Estatuto Atención Primaria de Salud Municipal  Ley N°19.378","2019-01-01 00:00:00.0","2019-12-31 00:00:00.0"
"Mafil","Contrata","Salud","Contrata","Carlos Patricio Subiabre Diaz","Técnico de Nivel Superior","SIN INFORMACION","Contratados Sin Planta","Estatuto Atención Primaria de Salud Municipal  Ley N°19.378","2019-01-01 00:00:00.0","2019-12-31 00:00:00.0"
"Mafil","Contrata","Salud","Contrata","Karina Soledad Rivas  Teppa","Profesional","SIN INFORMACION","Contratados Sin Planta","Estatuto Atención Primaria de Salud Municipal  Ley N°19.378","2019-01-01 00:00:00.0","2019-12-31 00:00:00.0"
"Mafil","Contrata","Salud","Contrata","Pamela Nataly Alarcon  Vera","Administrativo Crea de Salud","SIN INFORMACION","Contratados Sin Planta","Estatuto Atención Primaria de Salud Municipal  Ley N°19.378","2019-01-01 00:00:00.0","2019-12-31 00:00:00.0"
"Mafil","Contrata","Salud","Contrata","Angelica Jacqueline Padilla Aguilar","Administrativo Crea de Salud","SIN INFORMACION","Contratados Sin Planta","Estatuto Atención Primaria de Salud Municipal  Ley N°19.378","2019-01-01 00:00:00.0","2019-12-31 00:00:00.0"
"Mafil","Contrata","Salud","Contrata","Francisca Isabel Moraga Silva","Administrativo Crea de Salud","SIN INFORMACION","Contratados Sin Planta","Estatuto Atención Primaria de Salud Municipal  Ley N°19.378","2019-01-01 00:00:00.0","2019-12-31 00:00:00.0"
"Mafil","Contrata","Salud","Contrata","Paolo Andres Matus Maldonado","Técnico de Nivel Superior","SIN INFORMACION","Contratados Sin Planta","Estatuto Atención Primaria de Salud Municipal  Ley N°19.378","2019-01-01 00:00:00.0","2019-12-31 00:00:00.0"
"Mafil","Contrata","Salud","Contrata","Felipe Alejandro Reyes  Sandoval","Técnico de Nivel Superior","SIN INFORMACION","Contratados Sin Planta","Estatuto Atención Primaria de Salud Municipal  Ley N°19.378","2019-01-01 00:00:00.0","2019-12-31 00:00:00.0"
"Mafil","Contrata","Salud","Contrata","Yasna Carolina Melgarejo Burgos","Auxiliar de Servicio de Salud","SIN INFORMACION","Contratados Sin Planta","Estatuto Atención Primaria de Salud Municipal  Ley N°19.378","2019-01-01 00:00:00.0","2019-12-31 00:00:00.0"
"Mafil","Contrata","Salud","Contrata","Sandra Muñoz Bascuñan","Técnico de Nivel Superior","SIN INFORMACION","Contratados Sin Planta","Estatuto Atención Primaria de Salud Municipal  Ley N°19.378","2019-01-01 00:00:00.0","2019-12-31 00:00:00.0"
"Mafil","Contrata","Salud","Contrata","Joselyn Romina Cadagan Cadagan","Técnico de Nivel Superior","SIN INFORMACION","Contratados Sin Planta","Estatuto Atención Primaria de Salud Municipal  Ley N°19.378","2019-01-01 00:00:00.0","2019-12-31 00:00:00.0"
"Mafil","Contrata","Salud","Contrata","Carolina Isabel Cano Ojeda","Profesional","SIN INFORMACION","Contratados Sin Planta","Estatuto Atención Primaria de Salud Municipal  Ley N°19.378","2019-01-01 00:00:00.0","2019-02-28 00:00:00.0"
"Mafil","Contrata","Salud","Contrata","Elizabeth de Lourdes Mu¿oz Navarrete","Técnico de Nivel Superior","SIN INFORMACION","Contratados Sin Planta","Estatuto Atención Primaria de Salud Municipal  Ley N°19.378","2019-05-01 00:00:00.0","2019-12-31 00:00:00.0"
"Mafil","Contrata","Salud","Contrata","Yonattan Andres Mu¿oz Carrillo","Auxiliar de Servicio de Salud","SIN INFORMACION","Contratados Sin Planta","Estatuto Atención Primaria de Salud Municipal  Ley N°19.378","2019-01-01 00:00:00.0","2019-12-31 00:00:00.0"
"Mafil","Contrata","Salud","Contrata","Andrea Belen Ceron Ceron","Profesional","SIN INFORMACION","Contratados Sin Planta","Estatuto Atención Primaria de Salud Municipal  Ley N°19.378","2019-01-01 00:00:00.0","2019-12-31 00:00:00.0"
"Mafil","Contrata","Salud","Contrata","Evelyn Eliana Castillo Escobar","Técnico de Nivel Superior","SIN INFORMACION","Contratados Sin Planta","Estatuto Atención Primaria de Salud Municipal  Ley N°19.378","2019-03-05 00:00:00.0","2019-03-09 00:00:00.0"
"Mafil","Contrata","Salud","Contrata","Francisco Manuel Benavides Barria","Profesional","SIN INFORMACION","Contratados Sin Planta","Estatuto Atención Primaria de Salud Municipal  Ley N°19.378","2019-01-01 00:00:00.0","2019-12-31 00:00:00.0"
"Mafil","Contrata","Salud","Contrata","Macarena Andrea Cariman Navarrete","Técnico de Nivel Superior","SIN INFORMACION","Contratados Sin Planta","Estatuto Atención Primaria de Salud Municipal  Ley N°19.378","2019-01-01 00:00:00.0","2019-12-31 00:00:00.0"
"Mafil","Contrata","Salud","Contrata","Benjamín Alejandro Vergara Cadegan","Auxiliar de Servicio de Salud","SIN INFORMACION","Contratados Sin Planta","Estatuto Atención Primaria de Salud Municipal  Ley N°19.378","2019-08-02 00:00:00.0","2019-12-31 00:00:00.0"
"Mafil","Contrata","Salud","Contrata","Nicole Beatriz  Vidal Gonzalez","Profesional","SIN INFORMACION","Contratados Sin Planta","Estatuto Atención Primaria de Salud Municipal  Ley N°19.378","2019-01-01 00:00:00.0","2019-12-31 00:00:00.0"
"Mafil","Contrata","Salud","Contrata","Carolina Stefania de Lourdes Olivares Rivera","Profesional","SIN INFORMACION","Contratados Sin Planta","Estatuto Atención Primaria de Salud Municipal  Ley N°19.378","2019-03-31 00:00:00.0","2019-04-29 00:00:00.0"
"Mafil","Contrata","Salud","Contrata","Carolina Andrea Castillo Cartes","Administrativo Crea de Salud","SIN INFORMACION","Contratados Sin Planta","Estatuto Atención Primaria de Salud Municipal  Ley N°19.378","2019-02-11 00:00:00.0","2019-02-22 00:00:00.0"
"Mafil","Contrata","Salud","Contrata","Daniela Elizabeth Espinoza Droguett","Profesional","SIN INFORMACION","Contratados Sin Planta","Estatuto Atención Primaria de Salud Municipal  Ley N°19.378","2019-01-01 00:00:00.0","2019-12-31 00:00:00.0"
"Mafil","Contrata","Salud","Contrata","Isabel Veronica Duarte Sanchez","Profesional","SIN INFORMACION","Contratados Sin Planta","Estatuto Atención Primaria de Salud Municipal  Ley N°19.378","2019-01-01 00:00:00.0","2019-12-31 00:00:00.0"
"Mafil","Contrata","Salud","Contrata","Camilo Andres Medina Sanchez","Profesional","SIN INFORMACION","Contratados Sin Planta","Estatuto Atención Primaria de Salud Municipal  Ley N°19.378","2019-01-01 00:00:00.0","2019-12-31 00:00:00.0"
"Mafil","Contrata","Salud","Contrata","Daissy del Carmen Garrios Barria","Técnico de Nivel Superior","SIN INFORMACION","Contratados Sin Planta","Estatuto Atención Primaria de Salud Municipal  Ley N°19.378","2019-01-01 00:00:00.0","2019-12-31 00:00:00.0"
"Mafil","Contrata","Salud","Contrata","Joselin Alejandra Alvarado Alvarez","Técnico de Nivel Superior","SIN INFORMACION","Contratados Sin Planta","Estatuto Atención Primaria de Salud Municipal  Ley N°19.378","2019-01-01 00:00:00.0","2019-12-31 00:00:00.0"
"Mafil","Contrata","Salud","Contrata","Katherine Pamela Santibanez Lafquen","Profesional","SIN INFORMACION","Contratados Sin Planta","Estatuto Atención Primaria de Salud Municipal  Ley N°19.378","2019-03-01 00:00:00.0","2019-08-31 00:00:00.0"
"Mafil","Contrata","Salud","Contrata","Felipe Bernabe Torres Sagredo","Profesional","SIN INFORMACION","Contratados Sin Planta","Estatuto Atención Primaria de Salud Municipal  Ley N°19.378","2019-01-01 00:00:00.0","2019-12-31 00:00:00.0"
"Mafil","Contrata","Salud","Contrata","Gabriela Alejandra Carvallo Pe¿a","Técnico de Nivel Superior","SIN INFORMACION","Contratados Sin Planta","Estatuto Atención Primaria de Salud Municipal  Ley N°19.378","2019-01-01 00:00:00.0","2019-12-31 00:00:00.0"
"Mafil","Contrata","Salud","Contrata","Anita Lyssette Espinoza Toledo","Profesional","SIN INFORMACION","Contratados Sin Planta","Estatuto Atención Primaria de Salud Municipal  Ley N°19.378","2019-01-01 00:00:00.0","2019-12-31 00:00:00.0"
"Mafil","Contrata","Salud","Contrata","Cándido Iván  Bastías Rebolledo","Auxiliar de Servicio de Salud","SIN INFORMACION","Contratados Sin Planta","Estatuto Atención Primaria de Salud Municipal  Ley N°19.378","2019-01-01 00:00:00.0","2019-12-31 00:00:00.0"
"Mafil","Contrata","Salud","Contrata","Camila Belen Pe¿a Vargas","Profesional","SIN INFORMACION","Contratados Sin Planta","Estatuto Atención Primaria de Salud Municipal  Ley N°19.378","2019-06-05 00:00:00.0","2019-06-14 00:00:00.0"
"Mafil","Contrata","Salud","Contrata","Carola Ines Olivera Carrillo","Profesional","SIN INFORMACION","Contratados Sin Planta","Estatuto Atención Primaria de Salud Municipal  Ley N°19.378","2019-01-01 00:00:00.0","2019-12-31 00:00:00.0"
"Mafil","Contrata","Salud","Contrata","Carolina Ivonne Moraga Sepulveda","Profesional","SIN INFORMACION","Contratados Sin Planta","Estatuto Atención Primaria de Salud Municipal  Ley N°19.378","2019-06-11 00:00:00.0","2019-09-07 00:00:00.0"
"Mafil","Contrata","Salud","Contrata","Katherine Makarena Olguín Soto","Técnico de Nivel Superior","SIN INFORMACION","Contratados Sin Planta","Estatuto Atención Primaria de Salud Municipal  Ley N°19.378","2019-04-11 00:00:00.0","2019-04-17 00:00:00.0"
"Mafil","Contrata","Salud","Contrata","Evelyn Nicole Bastidas  Sanchez","Técnico de Nivel Superior","SIN INFORMACION","Contratados Sin Planta","Estatuto Atención Primaria de Salud Municipal  Ley N°19.378","2019-01-01 00:00:00.0","2019-12-31 00:00:00.0"
"Mafil","Contrata","Salud","Contrata","Gabriel Jesus  Jaque Catricheo","Profesional","SIN INFORMACION","Contratados Sin Planta","Estatuto Atención Primaria de Salud Municipal  Ley N°19.378","2019-01-01 00:00:00.0","2019-12-31 00:00:00.0"
"Mafil","Contrata","Salud","Contrata","Yesica Lissette Berrocal Cordova","Técnico de Nivel Superior","SIN INFORMACION","Contratados Sin Planta","Estatuto Atención Primaria de Salud Municipal  Ley N°19.378","2019-01-28 00:00:00.0","2019-02-01 00:00:00.0"
"Mafil","Contrata","Salud","Contrata","Claudia Nicol Carrillo Ramires","Profesional","SIN INFORMACION","Contratados Sin Planta","Estatuto Atención Primaria de Salud Municipal  Ley N°19.378","2019-01-01 00:00:00.0","2019-12-31 00:00:00.0"
"Mafil","Contrata","Salud","Contrata","Gloria Ines Illanes Urrutia","Técnico de Nivel Superior","SIN INFORMACION","Contratados Sin Planta","Estatuto Atención Primaria de Salud Municipal  Ley N°19.378","2019-03-09 00:00:00.0","2019-04-11 00:00:00.0"
"Mafil","Contrata","Salud","Contrata","Rocio Nicol Rivera Sagredo","Técnico de Nivel Superior","SIN INFORMACION","Contratados Sin Planta","Estatuto Atención Primaria de Salud Municipal  Ley N°19.378","2019-01-01 00:00:00.0","2019-12-31 00:00:00.0"
"Mafil","Contrata","Salud","Contrata","Ginel Jules","Profesional","SIN INFORMACION","Contratados Sin Planta","Estatuto Atención Primaria de Salud Municipal  Ley N°19.378","2019-04-04 00:00:00.0","2019-08-31 00:00:00.0"
"Mafil","Contrata","Salud","Contrata","Hugo Alberto  Pincheira Olivera","Auxiliar de Servicio de Salud","SIN INFORMACION","Contratados Sin Planta","Estatuto Atención Primaria de Salud Municipal  Ley N°19.378","2019-01-01 00:00:00.0","2019-12-31 00:00:00.0"
"Mafil","Contrata","Salud","Contrata","Irma Nelly Rodriguez Vasquez","Administrativo Crea de Salud","SIN INFORMACION","Contratados Sin Planta","Estatuto Atención Primaria de Salud Municipal  Ley N°19.378","2019-01-01 00:00:00.0","2019-12-31 00:00:00.0"
"Mafil","Contrata","Salud","Contrata","Jeanette del Pilar Mera Igor","Director de Establecimiento de Salud Municipal","SIN INFORMACION","Contratados Sin Planta","Estatuto Atención Primaria de Salud Municipal  Ley N°19.378","2019-01-01 00:00:00.0","2019-12-31 00:00:00.0"
"Mafil","Contrata","Salud","Contrata","Raul Heraldo Garcia Hernandez","Auxiliar de Servicio de Salud","SIN INFORMACION","Contratados Sin Planta","Estatuto Atención Primaria de Salud Municipal  Ley N°19.378","2019-07-01 00:00:00.0","2019-07-31 00:00:00.0"
