"Comuna","Tipo de Contratación","Área","Calidad","Nombre","Cargo","Grado","Planta","Remuneración","Fecha desde","Fecha hasta"
"Mafil","Codigo del Trabajo","Salud","Código del Trabajo","Elba del Transito Navarrete Sanchez","Auxiliar Paramedico"," ","Contratados Sin Planta","Afectos Al Código del Trabajo","1980-08-01 00:00:00.0","1900-01-01 00:00:00.0"
"Mafil","Codigo del Trabajo","Salud","Código del Trabajo","Luis del Carmen Estuardo Navarro","Auxiliar"," ","Contratados Sin Planta","Afectos Al Código del Trabajo","1983-12-31 00:00:00.0","1900-01-01 00:00:00.0"
"Mafil","Codigo del Trabajo","Salud","Código del Trabajo","Guido Maximiliano Pozas Navarrete","Auxiliar"," ","Contratados Sin Planta","Afectos Al Código del Trabajo","1984-09-01 00:00:00.0","1900-01-01 00:00:00.0"
"Mafil","Codigo del Trabajo","Salud","Código del Trabajo","Marlene Lara Escobar","Auxiliar de Enfermeras"," ","Contratados Sin Planta","Afectos Al Código del Trabajo","1988-02-01 00:00:00.0","1900-01-01 00:00:00.0"
"Mafil","Codigo del Trabajo","Salud","Código del Trabajo","Daniel Felidor Coronado Aguila","Auxiliar","NO","Contratados Sin Planta","Afectos Al Código del Trabajo","1983-12-31 00:00:00.0","1900-01-01 00:00:00.0"
