"Comuna","Tipo de Contratación","Área","Calidad","Nombre","Cargo","Grado","Planta","Remuneración","Fecha desde","Fecha hasta"
"Mafil","Codigo del Trabajo","Educación","Código del Trabajo","Olivia Elisa Matus Astorga","Servicios Menores"," ","Contratados Sin Planta","Afectos Al Código del Trabajo","2017-12-01 00:00:00.0","1900-01-01 00:00:00.0"
"Mafil","Codigo del Trabajo","Educación","Código del Trabajo","Roberto Edmundo Aguero Arratia","Auxiliar de Servicios"," ","Contratados Sin Planta","Asistentes de La Educación Ley N°19.464","2019-09-01 00:00:00.0","1900-01-01 00:00:00.0"
"Mafil","Codigo del Trabajo","Educación","Código del Trabajo","Luis Hernan Barrientos Cardenas","Chófer"," ","Sin Información","Afectos Al Código del Trabajo","1994-05-01 00:00:00.0","1900-01-01 00:00:00.0"
"Mafil","Codigo del Trabajo","Educación","Código del Trabajo","Victor Javier Yañez Berrios","Auxiliar de Servicios"," ","Sin Información","Afectos Al Código del Trabajo","1995-09-01 00:00:00.0","1900-01-01 00:00:00.0"
"Mafil","Codigo del Trabajo","Educación","Código del Trabajo","Victor Hugo Quijada Valdevenito","Asistente de La Educación"," ","Sin Información","Asistentes de La Educación Ley N°19.464","2012-10-12 00:00:00.0","1900-01-01 00:00:00.0"
"Mafil","Codigo del Trabajo","Educación","Código del Trabajo","Anabela Monica Pinilla Sanchez","Funcionario"," ","Contratados Sin Planta","Afectos Al Código del Trabajo","1992-03-09 00:00:00.0","1900-01-01 00:00:00.0"
"Mafil","Codigo del Trabajo","Educación","Código del Trabajo","Ana Valeria Rodriguez Rivas","Auxiliar de Servicios"," ","Funcionarios","Afectos Al Código del Trabajo","2014-12-01 00:00:00.0","1900-01-01 00:00:00.0"
"Mafil","Codigo del Trabajo","Educación","Código del Trabajo","Sandra Ximena Jaramillo Marcos","Administrativo"," ","Funcionarios","Afectos Al Código del Trabajo","2014-03-01 00:00:00.0","1900-01-01 00:00:00.0"
"Mafil","Codigo del Trabajo","Educación","Código del Trabajo","Helga Solange Catricheo Salazar","Asistente"," ","Contratados Sin Planta","Afectos Al Código del Trabajo","2011-03-10 00:00:00.0","1900-01-01 00:00:00.0"
"Mafil","Codigo del Trabajo","Educación","Código del Trabajo","Georgina Paola Donoso Montecinos","Educadora Párvulos"," ","Funcionarios","Afectos Al Código del Trabajo","2014-12-01 00:00:00.0","1900-01-01 00:00:00.0"
"Mafil","Codigo del Trabajo","Educación","Código del Trabajo","Maritza Jacqueline Ortiz Lopez","Asistente Parvularia"," ","Contratados Sin Planta","Asistentes de La Educación Ley N°19.464","2018-03-01 00:00:00.0","1900-01-01 00:00:00.0"
"Mafil","Codigo del Trabajo","Educación","Código del Trabajo","Veronica Jannette Soto Caucau","Administrativo"," ","Contratados Sin Planta","Afectos Al Código del Trabajo","2019-01-01 00:00:00.0","1900-01-01 00:00:00.0"
"Mafil","Codigo del Trabajo","Educación","Código del Trabajo","Claudio Mauricio Alarcon Aravena","Monitor"," ","Funcionarios","Afectos Al Código del Trabajo","2014-04-01 00:00:00.0","1900-01-01 00:00:00.0"
"Mafil","Codigo del Trabajo","Educación","Código del Trabajo","Esmerita Fidelia Oyarzo Oyarzo","Asistente de La Educación"," ","Contratados Sin Planta","Asistentes de La Educación Ley N°19.464","2018-03-01 00:00:00.0","1900-01-01 00:00:00.0"
"Mafil","Codigo del Trabajo","Educación","Código del Trabajo","Marioly Pamela Sanchez Coronado","Asistente Parvularia"," ","Funcionarios","Afectos Al Código del Trabajo","2014-12-01 00:00:00.0","1900-01-01 00:00:00.0"
"Mafil","Codigo del Trabajo","Educación","Código del Trabajo","Rosa Mabel Matus Sanchez","Asistente de La Educación"," ","Contratados Sin Planta","Asistentes de La Educación Ley N°19.464","2016-03-01 00:00:00.0","1900-01-01 00:00:00.0"
"Mafil","Codigo del Trabajo","Educación","Código del Trabajo","Karen Marisel Barria Cossio","Auxiliar de Servicios Menores"," ","Contratados Sin Planta","Afectos Al Código del Trabajo","2011-10-01 00:00:00.0","1900-01-01 00:00:00.0"
"Mafil","Codigo del Trabajo","Educación","Código del Trabajo","Raul Ramon Fuentealba  Carrilo","Administrativo de Apoyo Técnico"," ","Contratados Sin Planta","Afectos Al Código del Trabajo","2017-01-01 00:00:00.0","1900-01-01 00:00:00.0"
"Mafil","Codigo del Trabajo","Educación","Código del Trabajo","Dominica Lorena Espinoza Villanueva","Administrativo"," ","Funcionarios","Afectos Al Código del Trabajo","2014-01-01 00:00:00.0","1900-01-01 00:00:00.0"
"Mafil","Codigo del Trabajo","Educación","Código del Trabajo","Elibet Migdilia Velasquez  Figueroa","3 Secretario O Censal 3 Clase"," ","Contratados Sin Planta","Asistentes de La Educación Ley N°19.464","2018-03-01 00:00:00.0","1900-01-01 00:00:00.0"
"Mafil","Codigo del Trabajo","Educación","Código del Trabajo","Yasna Pamela Pacheco Pacheco","Educadora Párvulos"," ","Educadora de Párvulos","Afectos Al Código del Trabajo","2014-04-01 00:00:00.0","1900-01-01 00:00:00.0"
"Mafil","Codigo del Trabajo","Educación","Código del Trabajo","Ana Andrea Oyarce Illesca","Educadora Párvulos"," ","Funcionarios","Afectos Al Código del Trabajo","2014-12-01 00:00:00.0","1900-01-01 00:00:00.0"
"Mafil","Codigo del Trabajo","Educación","Código del Trabajo","Evelyn  Francisca Jimenez Perez","Asistente Técnico"," ","Contratados Sin Planta","Afectos Al Código del Trabajo","2019-03-01 00:00:00.0","1900-01-01 00:00:00.0"
"Mafil","Codigo del Trabajo","Educación","Código del Trabajo","Karol Ester Laurence Andrade","Asistente de La Educación"," ","Contratados Sin Planta","Asistentes de La Educación Ley N°19.464","2019-01-01 00:00:00.0","1900-01-01 00:00:00.0"
"Mafil","Codigo del Trabajo","Educación","Código del Trabajo","María Loreto Pérez Solís","Orientador"," ","Sin Información","Afectos Al Código del Trabajo","2014-03-01 00:00:00.0","1900-01-01 00:00:00.0"
"Mafil","Codigo del Trabajo","Educación","Código del Trabajo","Cynthia Pamela Oliveros Alarcon","Asistente Parvularia"," ","Funcionarios","Afectos Al Código del Trabajo","2014-08-01 00:00:00.0","1900-01-01 00:00:00.0"
"Mafil","Codigo del Trabajo","Educación","Código del Trabajo","Susana Andrea Sierra Alvarez","Educadora Párvulos"," ","Funcionarios","Afectos Al Código del Trabajo","2014-12-01 00:00:00.0","1900-01-01 00:00:00.0"
"Mafil","Codigo del Trabajo","Educación","Código del Trabajo","Margarita Lucrecia  Gonzalez Villarroel","Asistente Parvularia"," ","Funcionarios","Afectos Al Código del Trabajo","2014-12-01 00:00:00.0","1900-01-01 00:00:00.0"
"Mafil","Codigo del Trabajo","Educación","Código del Trabajo","Marlene Beatriz Silva Jara","Asistente Parvularia"," ","Contratados Sin Planta","Afectos Al Código del Trabajo","2017-04-01 00:00:00.0","1900-01-01 00:00:00.0"
"Mafil","Codigo del Trabajo","Educación","Código del Trabajo","Yolanda Cecilia Matus Matus","Administrativo"," ","Contratados Sin Planta","Afectos Al Código del Trabajo","2016-01-01 00:00:00.0","1900-01-01 00:00:00.0"
"Mafil","Codigo del Trabajo","Educación","Código del Trabajo","Yuvana Marisel Riquelme Navarrete","Asistente de La Educación"," ","Contratados Sin Planta","Asistentes de La Educación Ley N°19.464","2018-03-01 00:00:00.0","1900-01-01 00:00:00.0"
"Mafil","Codigo del Trabajo","Educación","Código del Trabajo","Andrea Isabel Velasquez Figueroa","Asistente Parvularia"," ","Contratados Sin Planta","Afectos Al Código del Trabajo","2014-12-01 00:00:00.0","1900-01-01 00:00:00.0"
"Mafil","Codigo del Trabajo","Educación","Código del Trabajo","Cecilia Yarela Saldivia Jimenez","Asistente Parvularia"," ","Contratados Sin Planta","Afectos Al Código del Trabajo","2014-12-01 00:00:00.0","1900-01-01 00:00:00.0"
"Mafil","Codigo del Trabajo","Educación","Código del Trabajo","Jeraldine Andrea Agüero Diaz","Asistente Técnico"," ","Contratados Sin Planta","Asistentes de La Educación Ley N°19.464","2016-03-01 00:00:00.0","1900-01-01 00:00:00.0"
"Mafil","Codigo del Trabajo","Educación","Código del Trabajo","Eliana Lisett Seguel Cardenas","Asistente Parvularia"," ","Funcionarios","Afectos Al Código del Trabajo","2014-12-01 00:00:00.0","1900-01-01 00:00:00.0"
"Mafil","Codigo del Trabajo","Educación","Código del Trabajo","Valeria Nicole Martines Rumillanca","Asistente de La Educación"," ","Contratados Sin Planta","Asistentes de La Educación Ley N°19.464","2018-03-01 00:00:00.0","1900-01-01 00:00:00.0"
"Mafil","Codigo del Trabajo","Educación","Código del Trabajo","Cecilia Aurora Agüero Uribe","Asistente Parvularia"," ","Funcionarios","Afectos Al Código del Trabajo","2013-10-01 00:00:00.0","1900-01-01 00:00:00.0"
"Mafil","Codigo del Trabajo","Educación","Código del Trabajo","Abigail Andrea Valdivia Sanchez","Odontologo"," ","Contratados Sin Planta","Asistentes de La Educación Ley N°19.464","2017-03-01 00:00:00.0","1900-01-01 00:00:00.0"
"Mafil","Codigo del Trabajo","Educación","Código del Trabajo","Gerardo Rodolfo  Mu¿oz Neira","Encargado de Sala"," ","Contratados Sin Planta","Asistentes de La Educación Ley N°19.464","2018-03-01 00:00:00.0","1900-01-01 00:00:00.0"
"Mafil","Codigo del Trabajo","Educación","Código del Trabajo","Elena Ester  Tripailaf  Ruiz","Asistente Parvularia"," ","Contratados Sin Planta","Asistentes de La Educación Ley N°19.464","2018-03-01 00:00:00.0","1900-01-01 00:00:00.0"
"Mafil","Codigo del Trabajo","Educación","Código del Trabajo","Joselyn  del Pilar Contreras  Berrocal","Asistente Parvularia"," ","Contratados Sin Planta","Asistentes de La Educación Ley N°19.464","2017-03-01 00:00:00.0","1900-01-01 00:00:00.0"
"Mafil","Codigo del Trabajo","Educación","Código del Trabajo","Yenifer Mabel Cuevas Carrillo","Asistente Parvularia"," ","Contratados Sin Planta","Asistentes de La Educación Ley N°19.464","2016-03-01 00:00:00.0","1900-01-01 00:00:00.0"
"Mafil","Codigo del Trabajo","Educación","Código del Trabajo","Natalia Ruth Gomez Cabrera","Asistente Parvularia"," ","Contratados Sin Planta","Afectos Al Código del Trabajo","2013-09-01 00:00:00.0","1900-01-01 00:00:00.0"
"Mafil","Codigo del Trabajo","Educación","Código del Trabajo","Isabel del Carmen Lienán Muñoz","Asistente Parvularia"," ","Contratados Sin Planta","Afectos Al Código del Trabajo","2014-12-01 00:00:00.0","1900-01-01 00:00:00.0"
"Mafil","Codigo del Trabajo","Educación","Código del Trabajo","Susana Mabel Contreras Navarrete","Asistente Parvularia"," ","Contratados Sin Planta","Afectos Al Código del Trabajo","2015-04-01 00:00:00.0","1900-01-01 00:00:00.0"
"Mafil","Codigo del Trabajo","Educación","Código del Trabajo","Jorge Santiago Soto Illanes","Inspector"," ","Sin Información","Afectos Al Código del Trabajo","1995-03-20 00:00:00.0","1900-01-01 00:00:00.0"
"Mafil","Codigo del Trabajo","Educación","Código del Trabajo","Manuel Ruben Gutierrez Alvarez","Serena"," ","Contratados Sin Planta","Afectos Al Código del Trabajo","1987-06-01 00:00:00.0","1900-01-01 00:00:00.0"
"Mafil","Codigo del Trabajo","Educación","Código del Trabajo","Maria Ines Gutierrez Mora","Administrativo"," ","Sin Información","Afectos Al Código del Trabajo","1995-08-01 00:00:00.0","1900-01-01 00:00:00.0"
"Mafil","Codigo del Trabajo","Educación","Código del Trabajo","Susana Graciana Silva Fune","Educadora Párvulos"," ","Contratados Sin Planta","Afectos Al Código del Trabajo","2017-04-01 00:00:00.0","1900-01-01 00:00:00.0"
"Mafil","Codigo del Trabajo","Educación","Código del Trabajo","Jorge  Enrique  Aravena Antias","Auxiliar de Servicios"," ","Contratados Sin Planta","Asistentes de La Educación Ley N°19.464","2016-05-01 00:00:00.0","1900-01-01 00:00:00.0"
"Mafil","Codigo del Trabajo","Educación","Código del Trabajo","Cristina Elizabeth Álvarez Palma","Educadora Párvulos"," ","Contratados Sin Planta","Afectos Al Código del Trabajo","2019-11-01 00:00:00.0","2020-03-31 00:00:00.0"
"Mafil","Codigo del Trabajo","Educación","Código del Trabajo","Patricio Eduardo Jaque Muñoz","Chófer"," ","Funcionarios","Afectos Al Código del Trabajo","2012-01-01 00:00:00.0","1900-01-01 00:00:00.0"
