"Comuna","Tipo de Contratación","Área","Calidad","Nombre","Cargo","Grado","Planta","Remuneración","Fecha desde","Fecha hasta"
"Futrono","Planta Titular","Municipal","Titular","Dimas Ariel Rodriguez Atencio","Técnico","12°","Técnicos","Escala Municipal","2016-01-01 00:00:00.0","1900-01-01 00:00:00.0"
"Futrono","Planta Titular","Municipal","Titular","Ana Gloria Soto Rosas","Administrativo","14°","Administrativos","Escala Municipal","2017-01-01 00:00:00.0","1900-01-01 00:00:00.0"
"Futrono","Planta Titular","Municipal","Titular","Hortensia Paola Nuñez Alvarez","Administrativo","13°","Administrativos","Escala Municipal","2017-01-01 00:00:00.0","1900-01-01 00:00:00.0"
"Futrono","Planta Titular","Municipal","Titular","Alejandro Marcelo Riquelme Iturrieta","Auxiliar","15°","Auxiliares","Escala Municipal","2017-01-01 00:00:00.0","1900-01-01 00:00:00.0"
"Futrono","Planta Titular","Municipal","Titular","Lorena Marisol Carrillo Soldan","Administrativo","15°","Administrativos","Escala Municipal","2017-01-01 00:00:00.0","1900-01-01 00:00:00.0"
"Futrono","Planta Titular","Municipal","Titular","Patricia del Carmen Gonzalez Fernandez","Técnico","12°","Técnicos","Escala Municipal","2016-01-01 00:00:00.0","1900-01-01 00:00:00.0"
"Futrono","Planta Titular","Municipal","Titular","Tito Alejandro Cardenas Silva","Auxiliar","14°","Auxiliares","Escala Municipal","2017-01-01 00:00:00.0","1900-01-01 00:00:00.0"
"Futrono","Planta Titular","Municipal","Titular","Alex Fabián Jara Fernández","Auxiliar","18°","Auxiliares","Escala Municipal","2016-02-01 00:00:00.0","1900-01-01 00:00:00.0"
"Futrono","Planta Titular","Municipal","Titular","Juan Artemio Cardenas Delgado","Auxiliar","14°","Auxiliares","Escala Municipal","2017-01-01 00:00:00.0","1900-01-01 00:00:00.0"
"Futrono","Planta Titular","Municipal","Titular","Marcelo Magdiel Duran Vargas","Auxiliar","18°","Auxiliares","Escala Municipal","2016-02-01 00:00:00.0","1900-01-01 00:00:00.0"
"Futrono","Planta Titular","Municipal","Titular","Liletts Olga Monzon Riquelme","Arquitecto","9°","Directivos","Escala Municipal","2013-09-10 00:00:00.0","1900-01-01 00:00:00.0"
"Futrono","Planta Titular","Municipal","Titular","Juan Bautista Lopez Chaipul","Auxiliar","18°","Auxiliares","Escala Municipal","2019-01-01 00:00:00.0","2019-06-30 00:00:00.0"
"Futrono","Planta Titular","Municipal","Titular","Dionisio Magin Pitripan Villanueva","Auxiliar","13°","Auxiliares","Escala Municipal","2016-01-01 00:00:00.0","1900-01-01 00:00:00.0"
"Futrono","Planta Titular","Municipal","Titular","Luis Alberto Rosales Maldonado","Auxiliar","14°","Auxiliares","Escala Municipal","2017-01-01 00:00:00.0","1900-01-01 00:00:00.0"
"Futrono","Planta Titular","Municipal","Titular","Cristian Adrian Arriagada Patiño","Administrador Municipal","7°","Directivos","Escala Municipal","2016-12-07 00:00:00.0","1900-01-01 00:00:00.0"
"Futrono","Planta Titular","Municipal","Titular","Sandra Beatriz Castillo Rosales","Profesional","10°","Profesionales","Escala Municipal","2019-01-01 00:00:00.0","2019-06-30 00:00:00.0"
"Futrono","Planta Titular","Municipal","Titular","Sergio Andrés Vidal Vásquez","Asesor Juridico","8°","Directivos","Escala Municipal","2019-02-01 00:00:00.0","1900-01-01 00:00:00.0"
"Futrono","Planta Titular","Municipal","Titular","Sara Rebeca Fuentealba Catrihual","Administrativo","SIN INFORMACION","Contratados Sin Planta","Afectos Al Código del Trabajo","2015-03-01 00:00:00.0","1900-01-01 00:00:00.0"
"Futrono","Planta Titular","Municipal","Titular","Manuel Emilio San Martin Alvarado","Auxiliar","15°","Auxiliares","Escala Municipal","2017-01-01 00:00:00.0","1900-01-01 00:00:00.0"
"Futrono","Planta Titular","Municipal","Titular","Americo Andres Gonzalez Lobos","Directivo","8°","Directivos","Escala Municipal","2014-04-01 00:00:00.0","1900-01-01 00:00:00.0"
"Futrono","Planta Titular","Municipal","Titular","Erika Maribel Bravo Delgado","Directivo","8°","Directivos","Escala Municipal","2014-09-01 00:00:00.0","1900-01-01 00:00:00.0"
"Futrono","Planta Titular","Municipal","Titular","Yasna Isolde Henríquez Morales","Director de Desarrollo Comunitario","8°","Directivos","Escala Municipal","2016-12-07 00:00:00.0","1900-01-01 00:00:00.0"
"Futrono","Planta Titular","Municipal","Titular","Juan Eduardo Saldivia Muñoz","Director de Obras Municipales","8°","Directivos","Escala Municipal","2019-01-01 00:00:00.0","1900-01-01 00:00:00.0"
"Futrono","Planta Titular","Municipal","Titular","Claudio Felipe Catalán Fernández","Director de Control","8°","Directivos","Escala Municipal","2019-07-01 00:00:00.0","2019-08-07 00:00:00.0"
"Futrono","Planta Titular","Municipal","Titular","Pamela Alejandra Leiva Burgos","Directivo","8°","Directivos","Escala Municipal","2014-04-01 00:00:00.0","1900-01-01 00:00:00.0"
"Futrono","Planta Titular","Municipal","Titular","Cristobal Tomas Kunstmann Collado","Administrador Municipal","7°","Directivos","Escala Municipal","2018-04-04 00:00:00.0","1900-01-01 00:00:00.0"
"Futrono","Planta Titular","Municipal","Titular","Víctor Daniel Quezada Subiabre","Administrador Municipal","7°","Directivos","Escala Municipal","2015-02-24 00:00:00.0","1900-01-01 00:00:00.0"
"Futrono","Planta Titular","Municipal","Titular","Rodrigo Andrés Fuentes Fuentes","Directivo","10°","Directivos","Escala Municipal","2019-01-01 00:00:00.0","2019-06-30 00:00:00.0"
"Futrono","Planta Titular","Municipal","Titular","Nicole Cristina Ávila Salas","Secretario Comunal de Planificación Y Coordinación","8°","Directivos","Escala Municipal","2016-12-07 00:00:00.0","1900-01-01 00:00:00.0"
"Futrono","Planta Titular","Municipal","Titular","Jeannette Alejandra Jara Lehuey","Técnico","13°","Técnicos","Escala Municipal","2018-08-01 00:00:00.0","1900-01-01 00:00:00.0"
"Futrono","Planta Titular","Municipal","Titular","Franco Nicolas Risco Villanueva","Directivo","8°","Directivos","Escala Municipal","2014-08-04 00:00:00.0","1900-01-01 00:00:00.0"
"Futrono","Planta Titular","Municipal","Titular","Alex David Valderrama Henriquez","Director de Desarrollo Comunitario","8°","Directivos","Escala Municipal","2018-04-09 00:00:00.0","1900-01-01 00:00:00.0"
"Futrono","Planta Titular","Municipal","Titular","Erik Rodrigo Villegas  Rogel","Director de Control","8°","Directivos","Escala Municipal","2019-03-22 00:00:00.0","2019-09-22 00:00:00.0"
"Futrono","Planta Titular","Municipal","Titular","Juan Ramon Roa Mella","Juez Policía Local","7°","Directivos","Escala Municipal","2019-10-18 00:00:00.0","2019-10-18 00:00:00.0"
"Futrono","Planta Titular","Municipal","Titular","Urania Elisabeth Garcés Asenjo","Asesor Juridico","8°","Directivos","Escala Municipal","2019-09-09 00:00:00.0","1900-01-01 00:00:00.0"
"Futrono","Planta Titular","Municipal","Titular","Karin Micaela Ramirez  Neguiman","Administrativo","17°","Administrativos","Escala Municipal","2018-08-01 00:00:00.0","1900-01-01 00:00:00.0"
"Futrono","Planta Titular","Municipal","Titular","Lucy del Carmen Catalan Barria","Administrativo","13°","Administrativos","Escala Municipal","2016-01-01 00:00:00.0","1900-01-01 00:00:00.0"
"Futrono","Planta Titular","Municipal","Titular","Misael Neftali Zuñiga Torres","Administrativo","14°","Administrativos","Escala Municipal","2017-01-01 00:00:00.0","1900-01-01 00:00:00.0"
"Futrono","Planta Titular","Municipal","Titular","Rebeca del Rosario Asenjo Jaramillo","Directivo","8°","Directivos","Escala Municipal","2014-04-01 00:00:00.0","1900-01-01 00:00:00.0"
"Futrono","Planta Titular","Municipal","Titular","Oscar Eduardo Mendoza Uriarte","Directivo","7°","Directivos","Escala Municipal","2014-04-01 00:00:00.0","1900-01-01 00:00:00.0"
"Futrono","Planta Titular","Municipal","Titular","Jose Sergio Corvalan Fuentes","Auxiliar","13°","Auxiliares","Escala Municipal","2017-01-01 00:00:00.0","1900-01-01 00:00:00.0"
"Futrono","Planta Titular","Municipal","Titular","Erwin Victor Molina Molina","Auxiliar","18°","Auxiliares","Escala Municipal","2018-08-01 00:00:00.0","1900-01-01 00:00:00.0"
"Futrono","Planta Titular","Municipal","Titular","Ximena del Carmen Muñoz Alvarez","Administrativo","13°","Administrativos","Escala Municipal","2016-01-01 00:00:00.0","1900-01-01 00:00:00.0"
"Futrono","Planta Titular","Municipal","Titular","Blanca Estela Cuvertino Zuñiga","Técnico","12°","Técnicos","Escala Municipal","2016-01-01 00:00:00.0","1900-01-01 00:00:00.0"
"Futrono","Planta Titular","Municipal","Titular","Jaime Washington Ancalaf Soto","Director de Transito Y Transporte Publico","9°","Directivos","Escala Municipal","2019-01-01 00:00:00.0","2019-06-30 00:00:00.0"
"Futrono","Planta Titular","Municipal","Titular","Francisco Italo Silva Martinez","Auxiliar","13°","Auxiliares","Escala Municipal","2017-01-01 00:00:00.0","1900-01-01 00:00:00.0"
"Futrono","Planta Titular","Municipal","Titular","Claudio Rosamel Lavado Castro","Alcalde","6°","Directivos","Escala Municipal","2016-12-06 00:00:00.0","1900-01-01 00:00:00.0"
"Futrono","Planta Titular","Municipal","Titular","Maria Lorena Lastenia Otarola Quezada","Técnico","9°","Técnicos","Escala Municipal","2016-01-01 00:00:00.0","1900-01-01 00:00:00.0"
"Futrono","Planta Titular","Municipal","Titular","Carlos Arturo Muñoz Lopez","Administrativo","13°","Administrativos","Escala Municipal","2017-01-01 00:00:00.0","1900-01-01 00:00:00.0"
