"Comuna","Tipo de Contratación","Área","Calidad","Nombre","Cargo","Grado","Planta","Remuneración","Fecha desde","Fecha hasta"
"Futrono","Planta Titular","Salud","Titular","Jose Rosendo Maureira Quezada","Técnico de Salud","SIN INFORMACION","Técnicos de Nivel Superior Categoría C","Estatuto Atención Primaria de Salud Municipal  Ley N°19.378","1983-10-01 00:00:00.0","2030-12-31 00:00:00.0"
"Futrono","Planta Titular","Salud","Titular","Patricia Jimena Castro Diocares","Técnico"," ","Técnicos","Estatuto Atención Primaria de Salud Municipal  Ley N°19.378","2014-06-15 00:00:00.0","1900-01-01 00:00:00.0"
"Futrono","Planta Titular","Salud","Titular","Jose Ivan Astroza Bravo","Administrativo"," ","Administrativos de Salud Categoría E","Estatuto Atención Primaria de Salud Municipal  Ley N°19.378","2013-11-01 00:00:00.0","1900-01-01 00:00:00.0"
"Futrono","Planta Titular","Salud","Titular","Maria Beatriz Vargas Silva","Técnico de Nivel Superior"," ","Técnicos de Nivel Superior Categoría C","Estatuto Atención Primaria de Salud Municipal  Ley N°19.378","2013-11-01 00:00:00.0","1900-01-01 00:00:00.0"
"Futrono","Planta Titular","Salud","Titular","Claudia Alejandra Guzman Sobarzo","Técnico de Nivel Superior","SIN INFORMACION","Técnicos de Nivel Superior Categoría C","Estatuto Atención Primaria de Salud Municipal  Ley N°19.378","2016-01-01 00:00:00.0","1900-01-01 00:00:00.0"
"Futrono","Planta Titular","Salud","Titular","Juan Rolando Gonzalez Arismendi","Administrativo Crea de Salud","SIN INFORMACION","Administrativos de Salud Categoría E","Estatuto Atención Primaria de Salud Municipal  Ley N°19.378","2016-10-01 00:00:00.0","1900-01-01 00:00:00.0"
"Futrono","Planta Titular","Salud","Titular","Alejandra Andrea Godoy Campusano","Administrativo Crea de Salud","SIN INFORMACION","Profesionales Categoría A","Estatuto Atención Primaria de Salud Municipal  Ley N°19.378","2016-10-01 00:00:00.0","1900-01-01 00:00:00.0"
"Futrono","Planta Titular","Salud","Titular","Marly Natalia Martinez Lopez","Técnico"," ","Técnicos","Escala Atención Primaria de Salud Municipal","2012-01-01 00:00:00.0","1900-01-01 00:00:00.0"
"Futrono","Planta Titular","Salud","Titular","Carolina Andrea Roa Torres","Técnico de Nivel Superior","SIN INFORMACION","Técnicos de Nivel Superior Categoría C","Estatuto Atención Primaria de Salud Municipal  Ley N°19.378","2015-11-01 00:00:00.0","1900-01-01 00:00:00.0"
"Futrono","Planta Titular","Salud","Titular","Miguel Alejandro Jerez Molina","Técnico de Nivel Superior"," ","Técnicos de Nivel Superior Categoría C","Estatuto Atención Primaria de Salud Municipal  Ley N°19.378","2013-11-01 00:00:00.0","1900-01-01 00:00:00.0"
"Futrono","Planta Titular","Salud","Titular","Valeska Yohani Torres Soto","Técnico de Nivel Superior","SIN INFORMACION","Técnicos de Nivel Superior Categoría C","Estatuto Atención Primaria de Salud Municipal  Ley N°19.378","2015-11-01 00:00:00.0","1900-01-01 00:00:00.0"
"Futrono","Planta Titular","Salud","Titular","Maria Angelica Kullmer Diocares","Técnico de Nivel Superior"," ","Técnicos de Nivel Superior Categoría C","Estatuto Atención Primaria de Salud Municipal  Ley N°19.378","2013-11-01 00:00:00.0","1900-01-01 00:00:00.0"
"Futrono","Planta Titular","Salud","Titular","Exequel Gonzalo Pitripan Godoy","Administrativo"," ","Administrativos de Salud Categoría E","Estatuto Atención Primaria de Salud Municipal  Ley N°19.378","2013-11-01 00:00:00.0","1900-01-01 00:00:00.0"
"Futrono","Planta Titular","Salud","Titular","Cecilia Veronica Chaipul Diaz","Administrativo Crea de Salud","SIN INFORMACION","Administrativos de Salud Categoría E","Estatuto Atención Primaria de Salud Municipal  Ley N°19.378","2016-10-01 00:00:00.0","1900-01-01 00:00:00.0"
"Futrono","Planta Titular","Salud","Titular","Claudio Enrique Burgos Huichicoy","Técnico de Nivel Superior","SIN INFORMACION","Técnicos de Nivel Superior Categoría C","Estatuto Atención Primaria de Salud Municipal  Ley N°19.378","2015-11-01 00:00:00.0","1900-01-01 00:00:00.0"
"Futrono","Planta Titular","Salud","Titular","Gonzalo Esteban Arriagada Delgado","Técnico de Nivel Superior","SIN INFORMACION","Técnicos de Nivel Superior Categoría C","Estatuto Atención Primaria de Salud Municipal  Ley N°19.378","2016-01-01 00:00:00.0","1900-01-01 00:00:00.0"
"Futrono","Planta Titular","Salud","Titular","Mauricio Obed Ormeño  Varela","Técnico de Salud","SIN INFORMACION","Técnicos de Nivel Superior Categoría C","Estatuto Atención Primaria de Salud Municipal  Ley N°19.378","2016-10-01 00:00:00.0","1900-01-01 00:00:00.0"
"Futrono","Planta Titular","Salud","Titular","Angelica Maria Tapia Arrate","Auxiliar de Servicio de Salud","SIN INFORMACION","Profesionales Categoría A","Estatuto Atención Primaria de Salud Municipal  Ley N°19.378","2016-10-01 00:00:00.0","1900-01-01 00:00:00.0"
"Futrono","Planta Titular","Salud","Titular","Victor Hugo Figueroa Neguiman","Auxiliar de Servicio de Salud"," ","Auxiliares de Servicios de Salud Categoría F","Estatuto Atención Primaria de Salud Municipal  Ley N°19.378","2013-11-01 00:00:00.0","1900-01-01 00:00:00.0"
"Futrono","Planta Titular","Salud","Titular","Pamela Mariel Romero Inalaf","Administrativo Crea de Salud","SIN INFORMACION","Administrativos de Salud Categoría E","Estatuto Atención Primaria de Salud Municipal  Ley N°19.378","2016-10-01 00:00:00.0","1900-01-01 00:00:00.0"
"Futrono","Planta Titular","Salud","Titular","Mauricio Andrés Alarcón Cabello","Medico"," ","Profesionales Categoría A","Estatuto Atención Primaria de Salud Municipal  Ley N°19.378","2013-11-01 00:00:00.0","1900-01-01 00:00:00.0"
"Futrono","Planta Titular","Salud","Titular","Gloria Isabel Gonzalez Castillo","Técnico de Nivel Superior"," ","Técnicos de Nivel Superior Categoría C","Estatuto Atención Primaria de Salud Municipal  Ley N°19.378","2013-11-01 00:00:00.0","1900-01-01 00:00:00.0"
"Futrono","Planta Titular","Salud","Titular","Monica Fabiola Reyes Raillanca","Técnico de Nivel Superior","SIN INFORMACION","Profesionales Categoría A","Estatuto Atención Primaria de Salud Municipal  Ley N°19.378","2015-11-01 00:00:00.0","1900-01-01 00:00:00.0"
"Futrono","Planta Titular","Salud","Titular","Miguel Angel Ruiz Gallardo","Auxiliar de Servicio de Salud","SIN INFORMACION","Auxiliares de Servicios de Salud Categoría F","Estatuto Atención Primaria de Salud Municipal  Ley N°19.378","2016-10-01 00:00:00.0","1900-01-01 00:00:00.0"
"Futrono","Planta Titular","Salud","Titular","Walter Gernot Kurt Weber Bertin","Profesional","SIN INFORMACION","Profesionales Categoría A","Estatuto Atención Primaria de Salud Municipal  Ley N°19.378","2016-10-01 00:00:00.0","1900-01-01 00:00:00.0"
"Futrono","Planta Titular","Salud","Titular","Karen Nathalie Angulo Ortiz","Profesional","SIN INFORMACION","Profesionales Categoría B","Estatuto Atención Primaria de Salud Municipal  Ley N°19.378","2015-11-01 00:00:00.0","1900-01-01 00:00:00.0"
"Futrono","Planta Titular","Salud","Titular","Vanessa Elizabeth Vega Barrientos","Técnico de Nivel Superior","SIN INFORMACION","Técnicos de Nivel Superior Categoría C","Estatuto Atención Primaria de Salud Municipal  Ley N°19.378","2016-10-01 00:00:00.0","1900-01-01 00:00:00.0"
"Futrono","Planta Titular","Salud","Titular","Daniela Alejandra  Alarcon  Perez","Profesional","SIN INFORMACION","Profesionales Categoría B","Estatuto Atención Primaria de Salud Municipal  Ley N°19.378","2015-01-01 00:00:00.0","1900-01-01 00:00:00.0"
"Futrono","Planta Titular","Salud","Titular","Karen Lissette Uribe Obando","Profesional","SIN INFORMACION","Profesionales Categoría B","Estatuto Atención Primaria de Salud Municipal  Ley N°19.378","2016-10-01 00:00:00.0","1900-01-01 00:00:00.0"
"Futrono","Planta Titular","Salud","Titular","Paulina Consuelo Nuñez Velasquez","Técnico de Nivel Superior","SIN INFORMACION","Técnicos de Nivel Superior Categoría C","Estatuto Atención Primaria de Salud Municipal  Ley N°19.378","2015-11-01 00:00:00.0","1900-01-01 00:00:00.0"
"Futrono","Planta Titular","Salud","Titular","Karen Fabiola Corvalan Guarda","Técnico de Nivel Superior","SIN INFORMACION","Técnicos de Nivel Superior Categoría C","Estatuto Atención Primaria de Salud Municipal  Ley N°19.378","2015-11-01 00:00:00.0","1900-01-01 00:00:00.0"
"Futrono","Planta Titular","Salud","Titular","Andrea Beatriz Jaure Villarroel","Técnico de Nivel Superior"," ","Técnicos de Nivel Superior Categoría C","Estatuto Atención Primaria de Salud Municipal  Ley N°19.378","2013-11-01 00:00:00.0","1900-01-01 00:00:00.0"
"Futrono","Planta Titular","Salud","Titular","Ximena Edith Manqui Ñancumil","Técnico de Nivel Superior"," ","Técnicos de Nivel Superior Categoría C","Estatuto Atención Primaria de Salud Municipal  Ley N°19.378","2013-11-01 00:00:00.0","1900-01-01 00:00:00.0"
"Futrono","Planta Titular","Salud","Titular","Katherine Margoth Perez Curinao","Administrativo de Salud"," ","Administrativos de Salud Categoría E","Estatuto Atención Primaria de Salud Municipal  Ley N°19.378","2013-11-01 00:00:00.0","1900-01-01 00:00:00.0"
"Futrono","Planta Titular","Salud","Titular","Macarena Soledad Sepulveda Curinao","Técnico de Nivel Superior"," ","Técnicos de Nivel Superior Categoría C","Estatuto Atención Primaria de Salud Municipal  Ley N°19.378","2013-11-01 00:00:00.0","1900-01-01 00:00:00.0"
"Futrono","Planta Titular","Salud","Titular","Claudio Ismael Perez Oporto","Profesional","SIN INFORMACION","Profesionales Categoría B","Estatuto Atención Primaria de Salud Municipal  Ley N°19.378","2016-10-01 00:00:00.0","1900-01-01 00:00:00.0"
"Futrono","Planta Titular","Salud","Titular","Genecis Josefina Villalobos Briones","Técnico de Nivel Superior"," ","Técnicos de Nivel Superior Categoría C","Estatuto Atención Primaria de Salud Municipal  Ley N°19.378","2013-11-01 00:00:00.0","1900-01-01 00:00:00.0"
"Futrono","Planta Titular","Salud","Titular","Macarena Diana Mella Andrade","Profesional"," ","Profesionales Categoría B","Estatuto Atención Primaria de Salud Municipal  Ley N°19.378","2013-11-01 00:00:00.0","1900-01-01 00:00:00.0"
"Futrono","Planta Titular","Salud","Titular","Nicole Andrea Cazaux Soto","Profesional","SIN INFORMACION","Profesionales Categoría A","Estatuto Atención Primaria de Salud Municipal  Ley N°19.378","2016-10-01 00:00:00.0","1900-01-01 00:00:00.0"
"Futrono","Planta Titular","Salud","Titular","Carolina Genoveva Romero Pino","Profesional"," ","Profesionales Categoría B","Estatuto Atención Primaria de Salud Municipal  Ley N°19.378","2013-11-01 00:00:00.0","1900-01-01 00:00:00.0"
"Futrono","Planta Titular","Salud","Titular","Camilo Antonio Vera Quijon","Profesional","SIN INFORMACION","Profesionales Categoría B","Estatuto Atención Primaria de Salud Municipal  Ley N°19.378","2016-10-01 00:00:00.0","1900-01-01 00:00:00.0"
"Futrono","Planta Titular","Salud","Titular","Gabriela Nataly Aravena Beroiza","Técnico de Nivel Superior","SIN INFORMACION","Profesionales Categoría A","Estatuto Atención Primaria de Salud Municipal  Ley N°19.378","2016-10-01 00:00:00.0","1900-01-01 00:00:00.0"
"Futrono","Planta Titular","Salud","Titular","Alejandra Paz Godoy Coronao","Profesional"," ","Profesionales Categoría B","Estatuto Atención Primaria de Salud Municipal  Ley N°19.378","2013-11-01 00:00:00.0","1900-01-01 00:00:00.0"
"Futrono","Planta Titular","Salud","Titular","Elson Floromin Martinez Barrera","Técnico de Nivel Superior","SIN INFORMACION","Técnicos de Nivel Superior Categoría C","Estatuto Atención Primaria de Salud Municipal  Ley N°19.378","2015-11-01 00:00:00.0","1900-01-01 00:00:00.0"
"Futrono","Planta Titular","Salud","Titular","Fabian Luis Sandoval Arizmendi","Profesional"," ","Profesionales Categoría B","Estatuto Atención Primaria de Salud Municipal  Ley N°19.378","2013-11-01 00:00:00.0","1900-01-01 00:00:00.0"
"Futrono","Planta Titular","Salud","Titular","Romina Fernanda Montecinos Tapia","Técnico de Nivel Superior","SIN INFORMACION","Profesionales Categoría A","Estatuto Atención Primaria de Salud Municipal  Ley N°19.378","2016-10-01 00:00:00.0","1900-01-01 00:00:00.0"
"Futrono","Planta Titular","Salud","Titular","Daniela Andrea Paredes Silva","Técnico de Nivel Superior","SIN INFORMACION","Técnicos de Nivel Superior Categoría C","Estatuto Atención Primaria de Salud Municipal  Ley N°19.378","2015-11-01 00:00:00.0","1900-01-01 00:00:00.0"
"Futrono","Planta Titular","Salud","Titular","Rocio Belen Zambrano Flores","Profesional","SIN INFORMACION","Profesionales Categoría B","Estatuto Atención Primaria de Salud Municipal  Ley N°19.378","2016-10-01 00:00:00.0","1900-01-01 00:00:00.0"
"Futrono","Planta Titular","Salud","Titular","Cristian Humberto Cayul  Ramírez","Profesional","SIN INFORMACION","Profesionales Categoría B","Estatuto Atención Primaria de Salud Municipal  Ley N°19.378","2016-10-01 00:00:00.0","1900-01-01 00:00:00.0"
"Futrono","Planta Titular","Salud","Titular","Fernando Ariel Rivas Valdebenito","Técnico de Nivel Superior","SIN INFORMACION","Técnicos de Nivel Superior Categoría C","Estatuto Atención Primaria de Salud Municipal  Ley N°19.378","2015-11-01 00:00:00.0","1900-01-01 00:00:00.0"
"Futrono","Planta Titular","Salud","Titular","Barbara Rocio Nicole Mac-lean Acuña","Profesional","SIN INFORMACION","Profesionales Categoría A","Estatuto Atención Primaria de Salud Municipal  Ley N°19.378","2016-10-01 00:00:00.0","1900-01-01 00:00:00.0"
"Futrono","Planta Titular","Salud","Titular","Rocío Sandoval Arcos","Técnico de Nivel Superior","SIN INFORMACION","Técnicos de Nivel Superior Categoría C","Estatuto Atención Primaria de Salud Municipal  Ley N°19.378","2016-10-01 00:00:00.0","1900-01-01 00:00:00.0"
"Futrono","Planta Titular","Salud","Titular","Jose Humberto  Manqui Millahuanque","Técnico de Salud","SIN INFORMACION","Técnicos de Salud Categoría D","Estatuto Atención Primaria de Salud Municipal  Ley N°19.378","1995-04-13 00:00:00.0","1900-01-01 00:00:00.0"
"Futrono","Planta Titular","Salud","Titular","Maria Ester Alvarez Cañoles","Auxiliar"," ","Contratados Sin Planta","Afectos Al Código del Trabajo","1987-11-16 00:00:00.0","1900-01-01 00:00:00.0"
"Futrono","Planta Titular","Salud","Titular","Haydee Veronica Manzano Diaz","Administrativo"," ","Administrativos de Salud Categoría E","Estatuto Atención Primaria de Salud Municipal  Ley N°19.378","2013-11-01 00:00:00.0","1900-01-01 00:00:00.0"
"Futrono","Planta Titular","Salud","Titular","Casildo Bernardo Cardenas Gutierrez","Auxiliar"," ","Contratados Sin Planta","Afectos Al Código del Trabajo","1982-12-04 00:00:00.0","1900-01-01 00:00:00.0"
"Futrono","Planta Titular","Salud","Titular","Karina Eliana  Tiznado Higueras","Profesional","SIN INFORMACION","Profesionales Categoría A","Estatuto Atención Primaria de Salud Municipal  Ley N°19.378","1995-04-13 00:00:00.0","1900-01-01 00:00:00.0"
"Futrono","Planta Titular","Salud","Titular","Maria Erna Soledad Ceron Lobos","Administrativo Crea de Salud","SIN INFORMACION","Administrativos de Salud Categoría E","Estatuto Atención Primaria de Salud Municipal  Ley N°19.378","1995-04-13 00:00:00.0","1900-01-01 00:00:00.0"
"Futrono","Planta Titular","Salud","Titular","Elisa Jacquelinne Bertin Monsalve","Técnico de Nivel Superior","SIN INFORMACION","Técnicos de Nivel Superior Categoría C","Estatuto Atención Primaria de Salud Municipal  Ley N°19.378","2016-01-01 00:00:00.0","1900-01-01 00:00:00.0"
