"Comuna","Tipo de Contratación","Área","Calidad","Nombre","Cargo","Grado","Planta","Remuneración","Fecha desde","Fecha hasta"
"El Carmen","Contrata","Educación","Contrata","Alicia Eugenia  Sandoval Roa","Auxiliar de Servicios","SIN INFORMACION","Contratados Sin Planta","Afectos Al Código del Trabajo","2018-04-04 00:00:00.0","2019-02-28 00:00:00.0"
"El Carmen","Contrata","Educación","Contrata","Hans Benson Godoy Cervellino","Docente","SIN INFORMACION","Contratados Sin Planta","Profesionales de La Educación Ley N°19.070","2019-03-01 00:00:00.0","2020-02-29 00:00:00.0"
"El Carmen","Contrata","Educación","Contrata","Marcela del Carmen Narvaez Monsalve","Docente","SIN INFORMACION","Contratados Sin Planta","Profesionales de La Educación Ley N°19.070","2019-03-01 00:00:00.0","2020-02-29 00:00:00.0"
"El Carmen","Contrata","Educación","Contrata","Nelda del Carmen Henriquez Mardones","Docente","SIN INFORMACION","Contratados Sin Planta","Profesionales de La Educación Ley N°19.070","2019-03-01 00:00:00.0","2020-02-29 00:00:00.0"
"El Carmen","Contrata","Educación","Contrata","Marcela Alejandra Burgos Romero","Docente","SIN INFORMACION","Contratados Sin Planta","Profesionales de La Educación Ley N°19.070","2018-03-01 00:00:00.0","2019-02-28 00:00:00.0"
"El Carmen","Contrata","Educación","Contrata","Pablo Juvenal Torres Candia","Docente","SIN INFORMACION","Contratados Sin Planta","Profesionales de La Educación Ley N°19.070","2018-03-01 00:00:00.0","2019-02-28 00:00:00.0"
"El Carmen","Contrata","Educación","Contrata","Maria Clementina Sepulveda Moraga","Docente","SIN INFORMACION","Contratados Sin Planta","Profesionales de La Educación Ley N°19.070","2018-03-01 00:00:00.0","2019-02-28 00:00:00.0"
"El Carmen","Contrata","Educación","Contrata","Victor Ramon Vilches Seguel","Docente","SIN INFORMACION","Contratados Sin Planta","Profesionales de La Educación Ley N°19.070","2019-03-01 00:00:00.0","2020-02-29 00:00:00.0"
"El Carmen","Contrata","Educación","Contrata","Ana Maria Becerra Andrade","Docente","SIN INFORMACION","Contratados Sin Planta","Profesionales de La Educación Ley N°19.070","2019-03-01 00:00:00.0","2020-02-29 00:00:00.0"
"El Carmen","Contrata","Educación","Contrata","Angelica Jeanett Sandoval Mardones","Docente","SIN INFORMACION","Contratados Sin Planta","Profesionales de La Educación Ley N°19.070","2018-03-01 00:00:00.0","2019-02-28 00:00:00.0"
"El Carmen","Contrata","Educación","Contrata","Silvia Georgina  Bello Campos","Auxiliar de Servicios Menores","SIN INFORMACION","Contratados Sin Planta","Afectos Al Código del Trabajo","2018-03-01 00:00:00.0","2019-02-28 00:00:00.0"
"El Carmen","Contrata","Educación","Contrata","Cecilia Paulina Parra Hormazabal","Docente","SIN INFORMACION","Contratados Sin Planta","Profesionales de La Educación Ley N°19.070","2018-03-01 00:00:00.0","2019-02-28 00:00:00.0"
"El Carmen","Contrata","Educación","Contrata","José Luis Castillo Arriagada","Docente","SIN INFORMACION","Contratados Sin Planta","Profesionales de La Educación Ley N°19.070","2019-03-01 00:00:00.0","2020-02-29 00:00:00.0"
"El Carmen","Contrata","Educación","Contrata","Genaro Anselmo Parra Carrasco","Docente","SIN INFORMACION","Contratados Sin Planta","Profesionales de La Educación Ley N°19.070","2018-03-01 00:00:00.0","2019-02-28 00:00:00.0"
"El Carmen","Contrata","Educación","Contrata","Iris Aida Sierra Vega","Docente","SIN INFORMACION","Contratados Sin Planta","Profesionales de La Educación Ley N°19.070","2019-04-01 00:00:00.0","2020-02-29 00:00:00.0"
"El Carmen","Contrata","Educación","Contrata","Irma Garrido Sepulveda","Docente","SIN INFORMACION","Contratados Sin Planta","Profesionales de La Educación Ley N°19.070","2019-03-01 00:00:00.0","2020-02-29 00:00:00.0"
"El Carmen","Contrata","Educación","Contrata","Susana de Las Mercedes Henriquez Mendoza","Docente","SIN INFORMACION","Contratados Sin Planta","Profesionales de La Educación Ley N°19.070","2018-03-01 00:00:00.0","2019-02-28 00:00:00.0"
"El Carmen","Contrata","Educación","Contrata","Patricia Jeanette  Rubilar Burgos","Docente","SIN INFORMACION","Contratados Sin Planta","Profesionales de La Educación Ley N°19.070","2019-03-01 00:00:00.0","2020-02-29 00:00:00.0"
"El Carmen","Contrata","Educación","Contrata","Ricardo Ivan Sepulveda Abarzua","Docente","SIN INFORMACION","Contratados Sin Planta","Profesionales de La Educación Ley N°19.070","2018-04-01 00:00:00.0","2019-02-28 00:00:00.0"
"El Carmen","Contrata","Educación","Contrata","Patricia Andrea Acuña Salazar","Docente","SIN INFORMACION","Contratados Sin Planta","Profesionales de La Educación Ley N°19.070","2019-03-01 00:00:00.0","2020-02-29 00:00:00.0"
"El Carmen","Contrata","Educación","Contrata","Jacqueline Marlene Villa Valdebenito","Docente","SIN INFORMACION","Contratados Sin Planta","Profesionales de La Educación Ley N°19.070","2019-03-01 00:00:00.0","2020-02-29 00:00:00.0"
"El Carmen","Contrata","Educación","Contrata","Fidel Antonio Torres Pedreros","Funcionario","SIN INFORMACION","Contratados Sin Planta","Afectos Al Código del Trabajo","2018-03-01 00:00:00.0","2019-02-28 00:00:00.0"
"El Carmen","Contrata","Educación","Contrata","Jessica Rosana Aranguiz Morales","Docente","SIN INFORMACION","Contratados Sin Planta","Profesionales de La Educación Ley N°19.070","2019-03-01 00:00:00.0","2020-02-29 00:00:00.0"
"El Carmen","Contrata","Educación","Contrata","Marcia Ruth Troncoso Franco","Asistente","SIN INFORMACION","Contratados Sin Planta","Afectos Al Código del Trabajo","2018-03-01 00:00:00.0","2019-02-28 00:00:00.0"
"El Carmen","Contrata","Educación","Contrata","Maria Isabel Riquelme Riffo","Docente","SIN INFORMACION","Contratados Sin Planta","Profesionales de La Educación Ley N°19.070","2019-03-01 00:00:00.0","2020-02-29 00:00:00.0"
"El Carmen","Contrata","Educación","Contrata","Claudia Loreto Barros Zenteno","Docente","SIN INFORMACION","Contratados Sin Planta","Profesionales de La Educación Ley N°19.070","2019-03-01 00:00:00.0","2020-02-29 00:00:00.0"
"El Carmen","Contrata","Educación","Contrata","Rosa Aida Cea Rodriguez","Docente","SIN INFORMACION","Contratados Sin Planta","Profesionales de La Educación Ley N°19.070","2019-03-01 00:00:00.0","2020-02-29 00:00:00.0"
"El Carmen","Contrata","Educación","Contrata","Viviana del Pilar Tapia Rubilar","Docente","SIN INFORMACION","Contratados Sin Planta","Profesionales de La Educación Ley N°19.070","2019-03-01 00:00:00.0","2020-02-29 00:00:00.0"
"El Carmen","Contrata","Educación","Contrata","Patricia Ivonne Vasquez Garay","Docente","SIN INFORMACION","Contratados Sin Planta","Profesionales de La Educación Ley N°19.070","2019-03-01 00:00:00.0","2020-02-29 00:00:00.0"
"El Carmen","Contrata","Educación","Contrata","Claudio Arnaldo Concha Martinez","Docente","SIN INFORMACION","Contratados Sin Planta","Profesionales de La Educación Ley N°19.070","2018-03-01 00:00:00.0","2019-02-28 00:00:00.0"
"El Carmen","Contrata","Educación","Contrata","Maria Teresa Alegria  Bravo","Docente","SIN INFORMACION","Contratados Sin Planta","Profesionales de La Educación Ley N°19.070","2019-08-28 00:00:00.0","2019-09-29 00:00:00.0"
"El Carmen","Contrata","Educación","Contrata","Maximiliana de Lourdes Montanares Novoa","Docente","SIN INFORMACION","Contratados Sin Planta","Profesionales de La Educación Ley N°19.070","2019-03-01 00:00:00.0","2020-02-29 00:00:00.0"
"El Carmen","Contrata","Educación","Contrata","Lisette Carolina Vargas Villagra","Docente","SIN INFORMACION","Contratados Sin Planta","Profesionales de La Educación Ley N°19.070","2019-03-01 00:00:00.0","2020-02-29 00:00:00.0"
"El Carmen","Contrata","Educación","Contrata","Paula Andrea del Carmen Rojas Sanhueza","Docente","SIN INFORMACION","Contratados Sin Planta","Profesionales de La Educación Ley N°19.070","2018-03-01 00:00:00.0","2019-02-28 00:00:00.0"
"El Carmen","Contrata","Educación","Contrata","Vicky Jeannette Campos Mu¿oz","Auxiliar de Servicios","SIN INFORMACION","Contratados Sin Planta","Afectos Al Código del Trabajo","2018-03-01 00:00:00.0","2019-02-28 00:00:00.0"
"El Carmen","Contrata","Educación","Contrata","Jaqueline del Carmen Castro Rojas","Docente","SIN INFORMACION","Contratados Sin Planta","Profesionales de La Educación Ley N°19.070","2019-03-01 00:00:00.0","2020-02-29 00:00:00.0"
"El Carmen","Contrata","Educación","Contrata","Claudia Ximena Contreras Andrade","Docente","SIN INFORMACION","Contratados Sin Planta","Profesionales de La Educación Ley N°19.070","2019-03-01 00:00:00.0","2020-02-29 00:00:00.0"
"El Carmen","Contrata","Educación","Contrata","Alejandra Espinoza Sanhueza","Docente","SIN INFORMACION","Contratados Sin Planta","Profesionales de La Educación Ley N°19.070","2019-03-01 00:00:00.0","2020-02-29 00:00:00.0"
"El Carmen","Contrata","Educación","Contrata","Cecilia Felicitas Valdes Agurto","Docente","SIN INFORMACION","Contratados Sin Planta","Profesionales de La Educación Ley N°19.070","2019-03-01 00:00:00.0","2020-02-29 00:00:00.0"
"El Carmen","Contrata","Educación","Contrata","Maritza Leliett Figueroa Cortes","Docente","SIN INFORMACION","Contratados Sin Planta","Profesionales de La Educación Ley N°19.070","2019-03-01 00:00:00.0","2020-02-29 00:00:00.0"
"El Carmen","Contrata","Educación","Contrata","Denis Mackarena Iturra Lamas","Docente","SIN INFORMACION","Contratados Sin Planta","Profesionales de La Educación Ley N°19.070","2019-03-01 00:00:00.0","2020-02-29 00:00:00.0"
"El Carmen","Contrata","Educación","Contrata","Natalia Madeley Valenzuela Hernández","Docente","SIN INFORMACION","Contratados Sin Planta","Profesionales de La Educación Ley N°19.070","2019-03-01 00:00:00.0","2020-02-29 00:00:00.0"
"El Carmen","Contrata","Educación","Contrata","Jovita Alejandra Rodriguez Sandoval","Docente","SIN INFORMACION","Contratados Sin Planta","Profesionales de La Educación Ley N°19.070","2019-03-01 00:00:00.0","2020-02-29 00:00:00.0"
"El Carmen","Contrata","Educación","Contrata","Patricia Alejandra Gallegos Gonzalez","Docente","SIN INFORMACION","Contratados Sin Planta","Profesionales de La Educación Ley N°19.070","2019-03-01 00:00:00.0","2020-02-29 00:00:00.0"
"El Carmen","Contrata","Educación","Contrata","Lorena Adriana Palacios Roa","Docente","SIN INFORMACION","Contratados Sin Planta","Profesionales de La Educación Ley N°19.070","2019-03-01 00:00:00.0","2020-02-29 00:00:00.0"
"El Carmen","Contrata","Educación","Contrata","Alfredo Andres Vargas Contreras","Docente","SIN INFORMACION","Contratados Sin Planta","Profesionales de La Educación Ley N°19.070","2018-03-01 00:00:00.0","2019-02-28 00:00:00.0"
"El Carmen","Contrata","Educación","Contrata","Gloria Elizabeth Alarcon Vera","Docente","SIN INFORMACION","Contratados Sin Planta","Profesionales de La Educación Ley N°19.070","2019-03-01 00:00:00.0","2020-02-29 00:00:00.0"
"El Carmen","Contrata","Educación","Contrata","Marta Yanet Venegas Riquelme","Docente","SIN INFORMACION","Contratados Sin Planta","Profesionales de La Educación Ley N°19.070","2019-03-01 00:00:00.0","2020-02-29 00:00:00.0"
"El Carmen","Contrata","Educación","Contrata","Carolina Alejandra Osses Martínez","Docente","SIN INFORMACION","Contratados Sin Planta","Profesionales de La Educación Ley N°19.070","2019-03-01 00:00:00.0","2020-02-29 00:00:00.0"
"El Carmen","Contrata","Educación","Contrata","Claudio Ernesto Inzunza Sepulveda","Docente","SIN INFORMACION","Contratados Sin Planta","Profesionales de La Educación Ley N°19.070","2019-06-24 00:00:00.0","2020-02-29 00:00:00.0"
"El Carmen","Contrata","Educación","Contrata","Orlando Ivan Ruiz Sanchez","Docente","SIN INFORMACION","Contratados Sin Planta","Profesionales de La Educación Ley N°19.070","2018-03-01 00:00:00.0","2019-02-28 00:00:00.0"
"El Carmen","Contrata","Educación","Contrata","Danilo Andres Martinez Jara","Docente","SIN INFORMACION","Contratados Sin Planta","Profesionales de La Educación Ley N°19.070","2018-03-01 00:00:00.0","1900-01-01 00:00:00.0"
"El Carmen","Contrata","Educación","Contrata","Caren Janette Carrasco Umanzor","Docente","SIN INFORMACION","Contratados Sin Planta","Profesionales de La Educación Ley N°19.070","2018-03-01 00:00:00.0","2019-02-28 00:00:00.0"
"El Carmen","Contrata","Educación","Contrata","Maritza Angelica Mejias Chavez","Docente","SIN INFORMACION","Contratados Sin Planta","Profesionales de La Educación Ley N°19.070","2019-03-01 00:00:00.0","2020-02-29 00:00:00.0"
"El Carmen","Contrata","Educación","Contrata","Evelyne Solange Rubilar Muñoz","Docente","SIN INFORMACION","Contratados Sin Planta","Profesionales de La Educación Ley N°19.070","2019-03-01 00:00:00.0","2020-02-29 00:00:00.0"
"El Carmen","Contrata","Educación","Contrata","Fernando Alberto Sandoval Sepulveda","Docente","SIN INFORMACION","Contratados Sin Planta","Profesionales de La Educación Ley N°19.070","2019-03-01 00:00:00.0","2020-02-29 00:00:00.0"
"El Carmen","Contrata","Educación","Contrata","Jessica Lorena Ibarra Mora","Docente","SIN INFORMACION","Contratados Sin Planta","Profesionales de La Educación Ley N°19.070","2019-03-01 00:00:00.0","2020-02-29 00:00:00.0"
"El Carmen","Contrata","Educación","Contrata","Marlene Caroline Zuñiga  Carvajal","Asistente Social","SIN INFORMACION","Contratados Sin Planta","Afectos Al Código del Trabajo","2017-10-01 00:00:00.0","2038-12-31 00:00:00.0"
"El Carmen","Contrata","Educación","Contrata","Paula Andrea Sepulveda Chaparro","Docente","SIN INFORMACION","Contratados Sin Planta","Profesionales de La Educación Ley N°19.070","2019-03-01 00:00:00.0","2020-02-29 00:00:00.0"
"El Carmen","Contrata","Educación","Contrata","Pamela Andrea Urrutia Hernandez","Docente","SIN INFORMACION","Contratados Sin Planta","Profesionales de La Educación Ley N°19.070","2019-03-01 00:00:00.0","2020-02-29 00:00:00.0"
"El Carmen","Contrata","Educación","Contrata","Erecia Virginia Fuentes Arroyo","Docente","SIN INFORMACION","Contratados Sin Planta","Profesionales de La Educación Ley N°19.070","2019-03-01 00:00:00.0","2020-02-29 00:00:00.0"
"El Carmen","Contrata","Educación","Contrata","Elizabeth del Carmen Sandoval Garces","Docente","SIN INFORMACION","Contratados Sin Planta","Profesionales de La Educación Ley N°19.070","2019-03-01 00:00:00.0","2020-02-29 00:00:00.0"
"El Carmen","Contrata","Educación","Contrata","Flor Isabel Mardones Ortiz","Técnico de Nivel Superior","SIN INFORMACION","Contratados Sin Planta","Afectos Al Código del Trabajo","2018-03-01 00:00:00.0","2019-02-28 00:00:00.0"
"El Carmen","Contrata","Educación","Contrata","Maria Teresa Elgueta del Pino","Docente","SIN INFORMACION","Contratados Sin Planta","Profesionales de La Educación Ley N°19.070","2019-03-01 00:00:00.0","1900-01-01 00:00:00.0"
"El Carmen","Contrata","Educación","Contrata","Douglas Raul Marticorena Navarrete","Docente","SIN INFORMACION","Contratados Sin Planta","Profesionales de La Educación Ley N°19.070","2019-03-01 00:00:00.0","1900-01-01 00:00:00.0"
"El Carmen","Contrata","Educación","Contrata","Joseline Alejandra Rodriguez Sandoval","Docente","SIN INFORMACION","Contratados Sin Planta","Profesionales de La Educación Ley N°19.070","2019-03-01 00:00:00.0","2020-02-29 00:00:00.0"
"El Carmen","Contrata","Educación","Contrata","Magaly Eugenia Gutierrez Toledo","Docente","SIN INFORMACION","Contratados Sin Planta","Profesionales de La Educación Ley N°19.070","2019-03-01 00:00:00.0","2020-02-29 00:00:00.0"
"El Carmen","Contrata","Educación","Contrata","Becsy Emelina Lara Davila","Docente","SIN INFORMACION","Contratados Sin Planta","Profesionales de La Educación Ley N°19.070","2019-03-01 00:00:00.0","2020-02-29 00:00:00.0"
"El Carmen","Contrata","Educación","Contrata","Vilma del Carmen Henriquez Sandoval","Docente","SIN INFORMACION","Contratados Sin Planta","Profesionales de La Educación Ley N°19.070","2019-03-01 00:00:00.0","2020-02-29 00:00:00.0"
"El Carmen","Contrata","Educación","Contrata","Luciana Andrea Cruces Perez","Docente","SIN INFORMACION","Contratados Sin Planta","Profesionales de La Educación Ley N°19.070","2019-03-01 00:00:00.0","2020-02-29 00:00:00.0"
"El Carmen","Contrata","Educación","Contrata","Claudia Elizabeth Soto Morales","Docente","SIN INFORMACION","Contratados Sin Planta","Profesionales de La Educación Ley N°19.070","2019-03-01 00:00:00.0","2020-02-29 00:00:00.0"
"El Carmen","Contrata","Educación","Contrata","Rolando Miguel Calderon Franco","Jefe Departamento Personal","SIN INFORMACION","Contratados Sin Planta","Afectos Al Código del Trabajo","2018-02-01 00:00:00.0","2019-01-31 00:00:00.0"
"El Carmen","Contrata","Educación","Contrata","Blanca Rosa Medina Carrasco","Docente","SIN INFORMACION","Contratados Sin Planta","Profesionales de La Educación Ley N°19.070","2019-03-01 00:00:00.0","2020-02-29 00:00:00.0"
"El Carmen","Contrata","Educación","Contrata","Nelia Giovanna Fuentealba Manriquez","Docente","SIN INFORMACION","Contratados Sin Planta","Profesionales de La Educación Ley N°19.070","2019-03-01 00:00:00.0","2020-02-29 00:00:00.0"
"El Carmen","Contrata","Educación","Contrata","Alicia Eugenia Mejias Chávez","Docente","SIN INFORMACION","Contratados Sin Planta","Profesionales de La Educación Ley N°19.070","2018-03-01 00:00:00.0","2019-02-28 00:00:00.0"
"El Carmen","Contrata","Educación","Contrata","Hector Cornelio Sanchez Meza","Inspector","SIN INFORMACION","Contratados Sin Planta","Afectos Al Código del Trabajo","2018-03-01 00:00:00.0","2019-02-28 00:00:00.0"
"El Carmen","Contrata","Educación","Contrata","Sandra Ximena Molina Aguayo","Docente","SIN INFORMACION","Contratados Sin Planta","Profesionales de La Educación Ley N°19.070","2018-03-01 00:00:00.0","2019-02-28 00:00:00.0"
"El Carmen","Contrata","Educación","Contrata","Geraldine Erika Muñoz Tapia","Docente","SIN INFORMACION","Contratados Sin Planta","Profesionales de La Educación Ley N°19.070","2019-03-01 00:00:00.0","2020-02-29 00:00:00.0"
"El Carmen","Contrata","Educación","Contrata","Luz Angelica Cistenas Quiroz","Docente","SIN INFORMACION","Contratados Sin Planta","Profesionales de La Educación Ley N°19.070","2019-03-01 00:00:00.0","2020-02-29 00:00:00.0"
"El Carmen","Contrata","Educación","Contrata","Claudio Edgardo Mardones  Jara","Docente","SIN INFORMACION","Contratados Sin Planta","Profesionales de La Educación Ley N°19.070","2019-03-01 00:00:00.0","2020-02-29 00:00:00.0"
"El Carmen","Contrata","Educación","Contrata","Soledad del Rocio  Pasten  Fierro","Docente","SIN INFORMACION","Contratados Sin Planta","Profesionales de La Educación Ley N°19.070","2019-03-01 00:00:00.0","2020-02-29 00:00:00.0"
"El Carmen","Contrata","Educación","Contrata","Gabriel Jesus Paez Saez","Docente","SIN INFORMACION","Contratados Sin Planta","Profesionales de La Educación Ley N°19.070","2019-03-01 00:00:00.0","2020-02-29 00:00:00.0"
"El Carmen","Contrata","Educación","Contrata","Andres Israel Moncada Arancibia","Docente","SIN INFORMACION","Contratados Sin Planta","Profesionales de La Educación Ley N°19.070","2018-03-01 00:00:00.0","2019-02-28 00:00:00.0"
"El Carmen","Contrata","Educación","Contrata","Adriana Mariela San Martin Pavez","Docente","SIN INFORMACION","Contratados Sin Planta","Profesionales de La Educación Ley N°19.070","2019-03-01 00:00:00.0","2020-02-29 00:00:00.0"
"El Carmen","Contrata","Educación","Contrata","Lucila de Las Mercedes Troncoso Campos","Docente","SIN INFORMACION","Contratados Sin Planta","Profesionales de La Educación Ley N°19.070","2019-03-06 00:00:00.0","2020-02-29 00:00:00.0"
"El Carmen","Contrata","Educación","Contrata","Monica Massiel Mardones Molina","Docente","SIN INFORMACION","Contratados Sin Planta","Profesionales de La Educación Ley N°19.070","2019-03-01 00:00:00.0","2020-02-29 00:00:00.0"
"El Carmen","Contrata","Educación","Contrata","Blanca Magaly Rubilar Gonzalez","Docente","SIN INFORMACION","Contratados Sin Planta","Profesionales de La Educación Ley N°19.070","2019-03-01 00:00:00.0","2020-02-29 00:00:00.0"
"El Carmen","Contrata","Educación","Contrata","Jessica Evelyn Sandoval Mejias","Docente","SIN INFORMACION","Contratados Sin Planta","Profesionales de La Educación Ley N°19.070","2019-03-01 00:00:00.0","2020-02-29 00:00:00.0"
"El Carmen","Contrata","Educación","Contrata","Marcela Monsalve Soto","Docente","SIN INFORMACION","Contratados Sin Planta","Profesionales de La Educación Ley N°19.070","2019-03-01 00:00:00.0","2020-02-29 00:00:00.0"
"El Carmen","Contrata","Educación","Contrata","Carolina Angelica Vasquez Garay","Docente","SIN INFORMACION","Contratados Sin Planta","Profesionales de La Educación Ley N°19.070","2019-03-01 00:00:00.0","2020-02-29 00:00:00.0"
"El Carmen","Contrata","Educación","Contrata","Ana de Las Mercedes Mardones  Riquelme","Fonoaudiologo","SIN INFORMACION","Contratados Sin Planta","Afectos Al Código del Trabajo","2018-04-01 00:00:00.0","2019-02-28 00:00:00.0"
"El Carmen","Contrata","Educación","Contrata","Myleni Aracely Carrasco Monsalves","Docente","SIN INFORMACION","Contratados Sin Planta","Profesionales de La Educación Ley N°19.070","2019-03-01 00:00:00.0","2020-02-29 00:00:00.0"
"El Carmen","Contrata","Educación","Contrata","Maria Elisa Garcia  Flores","Asistente Parvularia","SIN INFORMACION","Contratados Sin Planta","Afectos Al Código del Trabajo","2018-03-01 00:00:00.0","2019-02-28 00:00:00.0"
"El Carmen","Contrata","Educación","Contrata","Elizabeth Alejandra Muñoz Mardones","Docente","SIN INFORMACION","Contratados Sin Planta","Profesionales de La Educación Ley N°19.070","2019-03-01 00:00:00.0","2020-02-29 00:00:00.0"
"El Carmen","Contrata","Educación","Contrata","José Alejandro Uriz Notario","Docente","SIN INFORMACION","Contratados Sin Planta","Profesionales de La Educación Ley N°19.070","2019-03-01 00:00:00.0","2020-02-29 00:00:00.0"
"El Carmen","Contrata","Educación","Contrata","Yalile Marisol Flores Contreras","Docente","SIN INFORMACION","Contratados Sin Planta","Profesionales de La Educación Ley N°19.070","2018-03-01 00:00:00.0","2019-02-28 00:00:00.0"
"El Carmen","Contrata","Educación","Contrata","Claudia Melissa Mercado Venegas","Docente","SIN INFORMACION","Contratados Sin Planta","Profesionales de La Educación Ley N°19.070","2019-03-01 00:00:00.0","2020-02-29 00:00:00.0"
"El Carmen","Contrata","Educación","Contrata","Carolina Angelica Valenzuela Navarrete","Docente","SIN INFORMACION","Contratados Sin Planta","Profesionales de La Educación Ley N°19.070","2018-03-01 00:00:00.0","2019-02-28 00:00:00.0"
"El Carmen","Contrata","Educación","Contrata","Maria Elena Guiñez Guiñez","Docente","SIN INFORMACION","Contratados Sin Planta","Profesionales de La Educación Ley N°19.070","2019-03-01 00:00:00.0","2020-02-29 00:00:00.0"
"El Carmen","Contrata","Educación","Contrata","Priscila Carolina  Inzunza  Luengo","Docente","SIN INFORMACION","Contratados Sin Planta","Profesionales de La Educación Ley N°19.070","2018-03-01 00:00:00.0","2019-02-28 00:00:00.0"
"El Carmen","Contrata","Educación","Contrata","Paulina Liliana Henríquez Salas","Docente","SIN INFORMACION","Contratados Sin Planta","Profesionales de La Educación Ley N°19.070","2018-03-01 00:00:00.0","2019-02-28 00:00:00.0"
"El Carmen","Contrata","Educación","Contrata","Cristina de Lourdes Garces Marrian","Asistente Parvularia","SIN INFORMACION","Contratados Sin Planta","Afectos Al Código del Trabajo","2018-03-01 00:00:00.0","2019-02-28 00:00:00.0"
"El Carmen","Contrata","Educación","Contrata","Carolina Ivonne Bravo Bravo","Docente","SIN INFORMACION","Contratados Sin Planta","Profesionales de La Educación Ley N°19.070","2019-03-01 00:00:00.0","2020-02-29 00:00:00.0"
"El Carmen","Contrata","Educación","Contrata","Manuel Andres Jeldres Campos","Docente","SIN INFORMACION","Contratados Sin Planta","Profesionales de La Educación Ley N°19.070","2019-03-01 00:00:00.0","2020-02-29 00:00:00.0"
"El Carmen","Contrata","Educación","Contrata","Salomon Israel Hernandez Contreras","Docente","SIN INFORMACION","Contratados Sin Planta","Profesionales de La Educación Ley N°19.070","2018-03-01 00:00:00.0","2019-02-28 00:00:00.0"
"El Carmen","Contrata","Educación","Contrata","Carolin Alejandra Saldias Sandoval","Docente","SIN INFORMACION","Contratados Sin Planta","Profesionales de La Educación Ley N°19.070","2019-03-01 00:00:00.0","2020-02-29 00:00:00.0"
"El Carmen","Contrata","Educación","Contrata","Angelo Feliciano Troncoso San Martín","Docente","SIN INFORMACION","Contratados Sin Planta","Profesionales de La Educación Ley N°19.070","2019-03-01 00:00:00.0","2020-02-29 00:00:00.0"
"El Carmen","Contrata","Educación","Contrata","Jeannette Ivonne Valverde Aparicio","Docente","SIN INFORMACION","Contratados Sin Planta","Profesionales de La Educación Ley N°19.070","2018-03-01 00:00:00.0","1900-01-01 00:00:00.0"
"El Carmen","Contrata","Educación","Contrata","Soledad Llacolen Rodriguez Opazo","Docente","SIN INFORMACION","Contratados Sin Planta","Profesionales de La Educación Ley N°19.070","2019-03-01 00:00:00.0","2020-02-29 00:00:00.0"
"El Carmen","Contrata","Educación","Contrata","Jorge Barahona Sandoval","Docente","SIN INFORMACION","Contratados Sin Planta","Profesionales de La Educación Ley N°19.070","2019-03-01 00:00:00.0","2020-02-29 00:00:00.0"
"El Carmen","Contrata","Educación","Contrata","Sandra Ximena Molina  Aguayo","Docente","SIN INFORMACION","Contratados Sin Planta","Profesionales de La Educación Ley N°19.070","2019-03-01 00:00:00.0","2020-02-29 00:00:00.0"
"El Carmen","Contrata","Educación","Contrata","Anyela Mariela Cares Uribe","Docente","SIN INFORMACION","Contratados Sin Planta","Profesionales de La Educación Ley N°19.070","2019-03-01 00:00:00.0","2020-02-29 00:00:00.0"
"El Carmen","Contrata","Educación","Contrata","Andrea Mardones Medina","Docente","SIN INFORMACION","Contratados Sin Planta","Profesionales de La Educación Ley N°19.070","2018-04-09 00:00:00.0","2019-02-28 00:00:00.0"
"El Carmen","Contrata","Educación","Contrata","Maria Jose Natalia Arias Muñoz","Docente","SIN INFORMACION","Contratados Sin Planta","Profesionales de La Educación Ley N°19.070","2019-03-01 00:00:00.0","1900-01-01 00:00:00.0"
"El Carmen","Contrata","Educación","Contrata","Javiera Paz Fuentes  Tauler","Docente","SIN INFORMACION","Contratados Sin Planta","Profesionales de La Educación Ley N°19.070","2018-03-01 00:00:00.0","2019-02-28 00:00:00.0"
"El Carmen","Contrata","Educación","Contrata","Angela Valeska Olivares Campos","Docente","SIN INFORMACION","Contratados Sin Planta","Profesionales de La Educación Ley N°19.070","2019-03-01 00:00:00.0","2020-02-29 00:00:00.0"
"El Carmen","Contrata","Educación","Contrata","Daniela Ana Jelzabel Gatica  Huala","Docente","SIN INFORMACION","Contratados Sin Planta","Profesionales de La Educación Ley N°19.070","2019-03-12 00:00:00.0","2020-02-29 00:00:00.0"
"El Carmen","Contrata","Educación","Contrata","Gabriel Alexander Cifuentes Fernández","Docente","SIN INFORMACION","Contratados Sin Planta","Profesionales de La Educación Ley N°19.070","2019-10-14 00:00:00.0","2019-10-18 00:00:00.0"
"El Carmen","Contrata","Educación","Contrata","Gerardo Arturo  Toledo Arratia","Docente","SIN INFORMACION","Contratados Sin Planta","Profesionales de La Educación Ley N°19.070","2019-03-01 00:00:00.0","2020-02-29 00:00:00.0"
"El Carmen","Contrata","Educación","Contrata","Marta Cecilia Venegas Rodriguez","Docente","SIN INFORMACION","Contratados Sin Planta","Profesionales de La Educación Ley N°19.070","2019-03-01 00:00:00.0","2020-02-29 00:00:00.0"
"El Carmen","Contrata","Educación","Contrata","Natacha Blanca Ojeda Troncoso","Docente","SIN INFORMACION","Contratados Sin Planta","Profesionales de La Educación Ley N°19.070","2019-03-01 00:00:00.0","2020-02-29 00:00:00.0"
"El Carmen","Contrata","Educación","Contrata","Miguel Antonio Salinas  Mu¿oz","Docente","SIN INFORMACION","Contratados Sin Planta","Profesionales de La Educación Ley N°19.070","2019-03-01 00:00:00.0","2020-02-29 00:00:00.0"
"El Carmen","Contrata","Educación","Contrata","Felipe Ignacio Suazo Guzman","Docente","SIN INFORMACION","Contratados Sin Planta","Profesionales de La Educación Ley N°19.070","2019-03-01 00:00:00.0","2020-02-29 00:00:00.0"
"El Carmen","Contrata","Educación","Contrata","Ximena Soledad Flores Montecinos","Docente","SIN INFORMACION","Contratados Sin Planta","Profesionales de La Educación Ley N°19.070","2018-03-01 00:00:00.0","2019-02-28 00:00:00.0"
"El Carmen","Contrata","Educación","Contrata","Iris de La Mercedes Rubilar San Martin","Docente","SIN INFORMACION","Contratados Sin Planta","Profesionales de La Educación Ley N°19.070","2019-03-01 00:00:00.0","2020-02-29 00:00:00.0"
"El Carmen","Contrata","Educación","Contrata","Sandra Trinidad  Rubilar  Labra¿a","Auxiliar de Aseo","SIN INFORMACION","Contratados Sin Planta","Afectos Al Código del Trabajo","2018-04-02 00:00:00.0","2019-02-28 00:00:00.0"
"El Carmen","Contrata","Educación","Contrata","Francisco Esteban Daza Valenzuela","Docente","SIN INFORMACION","Contratados Sin Planta","Profesionales de La Educación Ley N°19.070","2019-03-01 00:00:00.0","2020-02-29 00:00:00.0"
"El Carmen","Contrata","Educación","Contrata","Edgardo Antonio Guajardo Cortes","Docente","SIN INFORMACION","Contratados Sin Planta","Profesionales de La Educación Ley N°19.070","2019-03-01 00:00:00.0","2020-02-29 00:00:00.0"
"El Carmen","Contrata","Educación","Contrata","Sergio Alejandro Medina Millar","Docente","SIN INFORMACION","Contratados Sin Planta","Profesionales de La Educación Ley N°19.070","2018-03-01 00:00:00.0","1900-01-01 00:00:00.0"
"El Carmen","Contrata","Educación","Contrata","Wladimir Mendoza Nova","Docente","SIN INFORMACION","Contratados Sin Planta","Profesionales de La Educación Ley N°19.070","2018-03-01 00:00:00.0","2019-02-28 00:00:00.0"
"El Carmen","Contrata","Educación","Contrata","Jose Andres Acuña Gallegos","Docente","SIN INFORMACION","Contratados Sin Planta","Profesionales de La Educación Ley N°19.070","2019-03-01 00:00:00.0","2020-02-29 00:00:00.0"
"El Carmen","Contrata","Educación","Contrata","Julia Alejandra Jara Baeza","Docente","SIN INFORMACION","Contratados Sin Planta","Profesionales de La Educación Ley N°19.070","2018-03-01 00:00:00.0","2019-02-28 00:00:00.0"
"El Carmen","Contrata","Educación","Contrata","Giovanni Andres Jara Torres","Docente","SIN INFORMACION","Contratados Sin Planta","Profesionales de La Educación Ley N°19.070","2018-03-01 00:00:00.0","2019-02-28 00:00:00.0"
"El Carmen","Contrata","Educación","Contrata","Lisette Patricia Estefanía Urrutia Arriagada","Docente","SIN INFORMACION","Contratados Sin Planta","Profesionales de La Educación Ley N°19.070","2019-03-01 00:00:00.0","2020-02-29 00:00:00.0"
"El Carmen","Contrata","Educación","Contrata","Claudia Soledad Toledo  Gutierrez","Docente","SIN INFORMACION","Contratados Sin Planta","Profesionales de La Educación Ley N°19.070","2019-03-01 00:00:00.0","2020-02-29 00:00:00.0"
"El Carmen","Contrata","Educación","Contrata","Manuel Ablesa Umanzor Sepulveda","Docente","SIN INFORMACION","Contratados Sin Planta","Profesionales de La Educación Ley N°19.070","2018-03-01 00:00:00.0","2019-02-28 00:00:00.0"
"El Carmen","Contrata","Educación","Contrata","Bairo Emiliano Somos Fuentes","Docente","SIN INFORMACION","Contratados Sin Planta","Profesionales de La Educación Ley N°19.070","2019-10-07 00:00:00.0","2019-11-10 00:00:00.0"
"El Carmen","Contrata","Educación","Contrata","Carolina Andrea Silva Sanhueza","Docente","SIN INFORMACION","Contratados Sin Planta","Profesionales de La Educación Ley N°19.070","2019-03-01 00:00:00.0","2020-02-29 00:00:00.0"
"El Carmen","Contrata","Educación","Contrata","Erwin Alejandro Sepulveda Sepulveda","Docente","SIN INFORMACION","Contratados Sin Planta","Profesionales de La Educación Ley N°19.070","2018-03-01 00:00:00.0","2019-02-28 00:00:00.0"
"El Carmen","Contrata","Educación","Contrata","Jose Manuel  Rodriguez Opazo","Docente","SIN INFORMACION","Contratados Sin Planta","Profesionales de La Educación Ley N°19.070","2019-03-01 00:00:00.0","2020-02-29 00:00:00.0"
"El Carmen","Contrata","Educación","Contrata","Jessica Gabriela Cadiz Medina","Docente","SIN INFORMACION","Contratados Sin Planta","Profesionales de La Educación Ley N°19.070","2019-03-01 00:00:00.0","2020-02-29 00:00:00.0"
"El Carmen","Contrata","Educación","Contrata","Juan Pablo Meza Iturra","Docente","SIN INFORMACION","Contratados Sin Planta","Profesionales de La Educación Ley N°19.070","2018-03-01 00:00:00.0","2019-02-28 00:00:00.0"
"El Carmen","Contrata","Educación","Contrata","Celia Anali Vega Salamanca","Docente","SIN INFORMACION","Contratados Sin Planta","Profesionales de La Educación Ley N°19.070","2018-03-01 00:00:00.0","2019-02-28 00:00:00.0"
"El Carmen","Contrata","Educación","Contrata","Karina Teresa Vega Sandoval","Docente","SIN INFORMACION","Contratados Sin Planta","Profesionales de La Educación Ley N°19.070","2019-03-01 00:00:00.0","2020-02-29 00:00:00.0"
"El Carmen","Contrata","Educación","Contrata","Jose Felipe Aguirre Campos","Docente","SIN INFORMACION","Contratados Sin Planta","Profesionales de La Educación Ley N°19.070","2019-03-01 00:00:00.0","2020-02-29 00:00:00.0"
"El Carmen","Contrata","Educación","Contrata","Soledad Andrea Cuevas Morales","Docente","SIN INFORMACION","Contratados Sin Planta","Profesionales de La Educación Ley N°19.070","2018-03-01 00:00:00.0","2019-02-28 00:00:00.0"
"El Carmen","Contrata","Educación","Contrata","Bernardo Antonio San Martín Molina","Docente","SIN INFORMACION","Contratados Sin Planta","Profesionales de La Educación Ley N°19.070","2018-03-01 00:00:00.0","2019-02-28 00:00:00.0"
"El Carmen","Contrata","Educación","Contrata","José Domingo Mondaca Contreras","Docente","SIN INFORMACION","Contratados Sin Planta","Profesionales de La Educación Ley N°19.070","2019-03-01 00:00:00.0","2020-02-29 00:00:00.0"
"El Carmen","Contrata","Educación","Contrata","Carla Andrea Marquez  Pando","Docente","SIN INFORMACION","Contratados Sin Planta","Profesionales de La Educación Ley N°19.070","2019-03-01 00:00:00.0","2020-02-29 00:00:00.0"
"El Carmen","Contrata","Educación","Contrata","José Nicolás Valenzuela Gutiérrez","Docente","SIN INFORMACION","Contratados Sin Planta","Profesionales de La Educación Ley N°19.070","2018-03-01 00:00:00.0","2019-02-28 00:00:00.0"
"El Carmen","Contrata","Educación","Contrata","Giovanna Jacqueline Concha Cerda","Auxiliar de Servicios Menores","SIN INFORMACION","Contratados Sin Planta","Afectos Al Código del Trabajo","2018-03-01 00:00:00.0","2019-02-28 00:00:00.0"
"El Carmen","Contrata","Educación","Contrata","Dennis Jean Osses Barra","Docente","SIN INFORMACION","Contratados Sin Planta","Profesionales de La Educación Ley N°19.070","2019-03-01 00:00:00.0","2020-02-29 00:00:00.0"
"El Carmen","Contrata","Educación","Contrata","Sebastian Manuel Huilipan Antiman","Docente","SIN INFORMACION","Contratados Sin Planta","Profesionales de La Educación Ley N°19.070","2018-03-01 00:00:00.0","2019-02-28 00:00:00.0"
"El Carmen","Contrata","Educación","Contrata","Patricia Alejandra Sandoval Santana","Docente","SIN INFORMACION","Contratados Sin Planta","Profesionales de La Educación Ley N°19.070","2019-03-01 00:00:00.0","2020-02-29 00:00:00.0"
"El Carmen","Contrata","Educación","Contrata","Felicinda Adelaida Pe¿a Sandoval","Auxiliar de Servicios Menores","SIN INFORMACION","Contratados Sin Planta","Afectos Al Código del Trabajo","2018-03-01 00:00:00.0","2019-02-28 00:00:00.0"
"El Carmen","Contrata","Educación","Contrata","Fernando Ignacio Acuña Rubilar","Docente","SIN INFORMACION","Contratados Sin Planta","Profesionales de La Educación Ley N°19.070","2019-03-01 00:00:00.0","2020-02-29 00:00:00.0"
"El Carmen","Contrata","Educación","Contrata","Daniel Andres Sandoval Mejias","Docente","SIN INFORMACION","Contratados Sin Planta","Profesionales de La Educación Ley N°19.070","2018-03-01 00:00:00.0","2019-02-28 00:00:00.0"
"El Carmen","Contrata","Educación","Contrata","Constanzaevelyn Flores Bocaz","Docente","SIN INFORMACION","Contratados Sin Planta","Profesionales de La Educación Ley N°19.070","2019-03-01 00:00:00.0","2020-02-29 00:00:00.0"
"El Carmen","Contrata","Educación","Contrata","Tamara Valeska Sandoval  Gallardo","Docente","SIN INFORMACION","Contratados Sin Planta","Profesionales de La Educación Ley N°19.070","2019-05-30 00:00:00.0","2020-02-29 00:00:00.0"
"El Carmen","Contrata","Educación","Contrata","Cristian Antonio Rebolledo Águila","Docente","SIN INFORMACION","Contratados Sin Planta","Profesionales de La Educación Ley N°19.070","2019-03-01 00:00:00.0","2020-02-29 00:00:00.0"
"El Carmen","Contrata","Educación","Contrata","Eduardo Arturo Bastias Garcia","Docente","SIN INFORMACION","Contratados Sin Planta","Profesionales de La Educación Ley N°19.070","2018-03-01 00:00:00.0","2019-02-28 00:00:00.0"
"El Carmen","Contrata","Educación","Contrata","Fernanda  del Rosario Higuera Sepulveda","Docente","SIN INFORMACION","Contratados Sin Planta","Profesionales de La Educación Ley N°19.070","2019-03-01 00:00:00.0","2020-02-29 00:00:00.0"
"El Carmen","Contrata","Educación","Contrata","Natalia Lorena Ferrada Rios","Abogado","SIN INFORMACION","Contratados Sin Planta","Afectos Al Código del Trabajo","2018-02-01 00:00:00.0","2019-01-31 00:00:00.0"
"El Carmen","Contrata","Educación","Contrata","Angela Beatriz Valdebenito Fonseca","Docente","SIN INFORMACION","Contratados Sin Planta","Profesionales de La Educación Ley N°19.070","2018-03-01 00:00:00.0","2019-02-28 00:00:00.0"
"El Carmen","Contrata","Educación","Contrata","Paulina Alejandra Riquelme Valeria","Docente","SIN INFORMACION","Contratados Sin Planta","Profesionales de La Educación Ley N°19.070","2018-03-08 00:00:00.0","2019-02-28 00:00:00.0"
"El Carmen","Contrata","Educación","Contrata","Gricenia Nayaret Montecino Riquelme","Auxiliar de Servicios Menores","SIN INFORMACION","Contratados Sin Planta","Afectos Al Código del Trabajo","2018-05-07 00:00:00.0","2019-02-28 00:00:00.0"
"El Carmen","Contrata","Educación","Contrata","Martin Alejandro Acosta Gonzalez","Docente","SIN INFORMACION","Contratados Sin Planta","Profesionales de La Educación Ley N°19.070","2018-03-01 00:00:00.0","2019-02-28 00:00:00.0"
"El Carmen","Contrata","Educación","Contrata","Camilo Eduardo Astudillo Cisterna","Docente","SIN INFORMACION","Contratados Sin Planta","Profesionales de La Educación Ley N°19.070","2018-03-01 00:00:00.0","2019-02-28 00:00:00.0"
"El Carmen","Contrata","Educación","Contrata","Carolina Andrea Ortiz Millar","Docente","SIN INFORMACION","Contratados Sin Planta","Profesionales de La Educación Ley N°19.070","2018-03-01 00:00:00.0","2019-02-28 00:00:00.0"
"El Carmen","Contrata","Educación","Contrata","Carolina Paz  Soto Silva","Docente","SIN INFORMACION","Contratados Sin Planta","Profesionales de La Educación Ley N°19.070","2019-03-14 00:00:00.0","2020-02-29 00:00:00.0"
"El Carmen","Contrata","Educación","Contrata","Nicolas Andres Ramirez Sotelo","Docente","SIN INFORMACION","Contratados Sin Planta","Profesionales de La Educación Ley N°19.070","2019-03-01 00:00:00.0","2020-02-29 00:00:00.0"
"El Carmen","Contrata","Educación","Contrata","Angela Elena Rubilar Mu¿oz","Kinesiologo","SIN INFORMACION","Contratados Sin Planta","Afectos Al Código del Trabajo","2018-03-01 00:00:00.0","2019-02-28 00:00:00.0"
"El Carmen","Contrata","Educación","Contrata","Anyela Belen Venegas Higuera","Docente","SIN INFORMACION","Contratados Sin Planta","Profesionales de La Educación Ley N°19.070","2019-03-01 00:00:00.0","2020-02-29 00:00:00.0"
"El Carmen","Contrata","Educación","Contrata","Claudio Darnich Bustamante  Lagos","Docente","SIN INFORMACION","Contratados Sin Planta","Profesionales de La Educación Ley N°19.070","2018-03-01 00:00:00.0","2019-02-28 00:00:00.0"
"El Carmen","Contrata","Educación","Contrata","Camila Andrea Vasquez Rodriguez","Docente","SIN INFORMACION","Contratados Sin Planta","Profesionales de La Educación Ley N°19.070","2019-03-01 00:00:00.0","2020-02-29 00:00:00.0"
"El Carmen","Contrata","Educación","Contrata","Katherine Carolina Guzmán Jara","Asistente de La Educación","SIN INFORMACION","Contratados Sin Planta","Afectos Al Código del Trabajo","2018-03-15 00:00:00.0","2019-02-28 00:00:00.0"
"El Carmen","Contrata","Educación","Contrata","Rosa Guillermina Erices Seguel","Asistente de La Educación","SIN INFORMACION","Contratados Sin Planta","Afectos Al Código del Trabajo","2018-03-01 00:00:00.0","2019-02-28 00:00:00.0"
"El Carmen","Contrata","Educación","Contrata","Osvaldo Andres Espinoza Acu¿a","Docente","SIN INFORMACION","Contratados Sin Planta","Profesionales de La Educación Ley N°19.070","2019-03-01 00:00:00.0","2020-02-29 00:00:00.0"
"El Carmen","Contrata","Educación","Contrata","Marcela Alejandra Mardones Contreras","Psicólogo","SIN INFORMACION","Contratados Sin Planta","Afectos Al Código del Trabajo","2018-03-01 00:00:00.0","2019-02-28 00:00:00.0"
"El Carmen","Contrata","Educación","Contrata","Felipe Ignacio Lagos Medina","Docente","SIN INFORMACION","Contratados Sin Planta","Profesionales de La Educación Ley N°19.070","2018-03-09 00:00:00.0","2019-02-28 00:00:00.0"
"El Carmen","Contrata","Educación","Contrata","Franco Felipe Barraza Herrera","Docente","SIN INFORMACION","Contratados Sin Planta","Profesionales de La Educación Ley N°19.070","2019-03-01 00:00:00.0","2020-02-29 00:00:00.0"
"El Carmen","Contrata","Educación","Contrata","Belen Noemi Olivares Campos","Docente","SIN INFORMACION","Contratados Sin Planta","Profesionales de La Educación Ley N°19.070","2019-03-01 00:00:00.0","2020-02-29 00:00:00.0"
"El Carmen","Contrata","Educación","Contrata","Fernando Esteban Mu¿oz  Osses","Docente","SIN INFORMACION","Contratados Sin Planta","Profesionales de La Educación Ley N°19.070","2019-03-01 00:00:00.0","2020-02-29 00:00:00.0"
"El Carmen","Contrata","Educación","Contrata","Maricela Beatriz Ortega Gutierrez","Docente","SIN INFORMACION","Contratados Sin Planta","Profesionales de La Educación Ley N°19.070","2019-03-01 00:00:00.0","2020-02-29 00:00:00.0"
"El Carmen","Contrata","Educación","Contrata","Rocio Francisca Chaban Vilches","Docente","SIN INFORMACION","Contratados Sin Planta","Profesionales de La Educación Ley N°19.070","2019-03-01 00:00:00.0","2020-02-29 00:00:00.0"
"El Carmen","Contrata","Educación","Contrata","Maria Angelica Pardo Garcia","Docente","SIN INFORMACION","Contratados Sin Planta","Profesionales de La Educación Ley N°19.070","2019-09-04 00:00:00.0","2019-09-29 00:00:00.0"
"El Carmen","Contrata","Educación","Contrata","Macarena Garces Arias","Asistente","SIN INFORMACION","Contratados Sin Planta","Afectos Al Código del Trabajo","2017-03-01 00:00:00.0","2038-12-31 00:00:00.0"
"El Carmen","Contrata","Educación","Contrata","Johana del Carmen Jarpa Silva Jarpa  Silva","Auxiliar de Aseo","SIN INFORMACION","Contratados Sin Planta","Afectos Al Código del Trabajo","2018-03-16 00:00:00.0","2019-03-28 00:00:00.0"
"El Carmen","Contrata","Educación","Contrata","Yesenia Andrea Opazo Riquelme","Docente","SIN INFORMACION","Contratados Sin Planta","Profesionales de La Educación Ley N°19.070","2018-03-01 00:00:00.0","2019-02-28 00:00:00.0"
"El Carmen","Contrata","Educación","Contrata","Maria Fernanda Monsalve Mardones","Docente","SIN INFORMACION","Contratados Sin Planta","Profesionales de La Educación Ley N°19.070","2019-06-01 00:00:00.0","2020-02-29 00:00:00.0"
"El Carmen","Contrata","Educación","Contrata","Carmen Gloria Romero Pinto","Docente","SIN INFORMACION","Contratados Sin Planta","Profesionales de La Educación Ley N°19.070","2019-10-09 00:00:00.0","2019-10-27 00:00:00.0"
"El Carmen","Contrata","Educación","Contrata","Alejandro Jaime Casas  Jara","Docente","SIN INFORMACION","Contratados Sin Planta","Profesionales de La Educación Ley N°19.070","2019-03-01 00:00:00.0","2020-02-29 00:00:00.0"
"El Carmen","Contrata","Educación","Contrata","Carol Javiera Vega Mardones","Docente","SIN INFORMACION","Contratados Sin Planta","Profesionales de La Educación Ley N°19.070","2018-06-01 00:00:00.0","2019-02-28 00:00:00.0"
"El Carmen","Contrata","Educación","Contrata","Ximena del Pilar San Martin Riquelme","Docente","SIN INFORMACION","Contratados Sin Planta","Profesionales de La Educación Ley N°19.070","2019-03-01 00:00:00.0","2020-02-29 00:00:00.0"
"El Carmen","Contrata","Educación","Contrata","Yasmin Estela San Martin Sandoval","Fonoaudiologo","SIN INFORMACION","Contratados Sin Planta","Afectos Al Código del Trabajo","2018-03-01 00:00:00.0","2019-02-28 00:00:00.0"
"El Carmen","Contrata","Educación","Contrata","Pablo Gabriel Rodríguez Pincheira","Docente","SIN INFORMACION","Contratados Sin Planta","Profesionales de La Educación Ley N°19.070","2018-03-01 00:00:00.0","2019-02-28 00:00:00.0"
"El Carmen","Contrata","Educación","Contrata","Claudia Rosa Danisa Gonzalez Guzman","Docente","SIN INFORMACION","Contratados Sin Planta","Profesionales de La Educación Ley N°19.070","2018-03-01 00:00:00.0","2019-02-28 00:00:00.0"
"El Carmen","Contrata","Educación","Contrata","Juan Gabriel Mejias Chavez","Administrativo","SIN INFORMACION","Contratados Sin Planta","Afectos Al Código del Trabajo","2018-03-01 00:00:00.0","2019-02-28 00:00:00.0"
"El Carmen","Contrata","Educación","Contrata","Denis Angelica Herrera Rubilar","Nutricionista","SIN INFORMACION","Contratados Sin Planta","Afectos Al Código del Trabajo","2018-03-01 00:00:00.0","2019-02-28 00:00:00.0"
"El Carmen","Contrata","Educación","Contrata","Jocelin Icela Diaz Guajardo","Fonoaudiologo","SIN INFORMACION","Contratados Sin Planta","Afectos Al Código del Trabajo","2018-04-01 00:00:00.0","2019-03-28 00:00:00.0"
"El Carmen","Contrata","Educación","Contrata","Daniel Esteban Mancinelli Carrasco","Docente","SIN INFORMACION","Contratados Sin Planta","Profesionales de La Educación Ley N°19.070","2019-03-01 00:00:00.0","2020-02-29 00:00:00.0"
"El Carmen","Contrata","Educación","Contrata","Katherine Nicole Flores Flores","Docente","SIN INFORMACION","Contratados Sin Planta","Profesionales de La Educación Ley N°19.070","2019-03-01 00:00:00.0","2020-02-29 00:00:00.0"
"El Carmen","Contrata","Educación","Contrata","Daniela Belen Rosales Porflidft","Docente","SIN INFORMACION","Contratados Sin Planta","Profesionales de La Educación Ley N°19.070","2019-03-01 00:00:00.0","2020-02-29 00:00:00.0"
"El Carmen","Contrata","Educación","Contrata","Vanesa Ivone Acu¿a Concha","Docente","SIN INFORMACION","Contratados Sin Planta","Profesionales de La Educación Ley N°19.070","2019-03-01 00:00:00.0","2020-02-29 00:00:00.0"
"El Carmen","Contrata","Educación","Contrata","Maricela Estefania Medina Sandoval","Educadora Párvulos","SIN INFORMACION","Contratados Sin Planta","Afectos Al Código del Trabajo","2018-12-31 00:00:00.0","2020-02-29 00:00:00.0"
"El Carmen","Contrata","Educación","Contrata","Karyna Soledad Martínez Cáceres","Docente","SIN INFORMACION","Contratados Sin Planta","Profesionales de La Educación Ley N°19.070","2019-10-07 00:00:00.0","2019-11-10 00:00:00.0"
"El Carmen","Contrata","Educación","Contrata","Nicole Soledad Campos Navarrete","Docente","SIN INFORMACION","Contratados Sin Planta","Profesionales de La Educación Ley N°19.070","2018-05-01 00:00:00.0","2019-02-28 00:00:00.0"
"El Carmen","Contrata","Educación","Contrata","Stephania Solange Carrasco Mardones","Docente","SIN INFORMACION","Contratados Sin Planta","Profesionales de La Educación Ley N°19.070","2018-03-01 00:00:00.0","2019-02-28 00:00:00.0"
"El Carmen","Contrata","Educación","Contrata","Carolina de Los Angeles Aravena  Aguilera","Docente","SIN INFORMACION","Contratados Sin Planta","Profesionales de La Educación Ley N°19.070","2018-03-01 00:00:00.0","2019-02-28 00:00:00.0"
"El Carmen","Contrata","Educación","Contrata","Valentina Andrea Acuña Venegas","Docente","SIN INFORMACION","Contratados Sin Planta","Profesionales de La Educación Ley N°19.070","2019-03-01 00:00:00.0","2020-02-29 00:00:00.0"
"El Carmen","Contrata","Educación","Contrata","Daniela Alejandra Navarrete Vega","Docente","SIN INFORMACION","Contratados Sin Planta","Profesionales de La Educación Ley N°19.070","2019-03-01 00:00:00.0","2020-02-29 00:00:00.0"
"El Carmen","Contrata","Educación","Contrata","Nimsi Joselyn Arce Moraga","Docente","SIN INFORMACION","Contratados Sin Planta","Profesionales de La Educación Ley N°19.070","2019-09-10 00:00:00.0","2019-09-30 00:00:00.0"
"El Carmen","Contrata","Educación","Contrata","Viviana Angelica Sepulveda  Brevis","Ayudante Alumno","SIN INFORMACION","Contratados Sin Planta","Afectos Al Código del Trabajo","2018-03-09 00:00:00.0","2019-02-28 00:00:00.0"
"El Carmen","Contrata","Educación","Contrata","Carlos Francisco Boguez Bocaz","Docente","SIN INFORMACION","Contratados Sin Planta","Profesionales de La Educación Ley N°19.070","2019-10-15 00:00:00.0","2019-11-17 00:00:00.0"
"El Carmen","Contrata","Educación","Contrata","Joel Antonio Valladares Saldías","Docente","SIN INFORMACION","Contratados Sin Planta","Profesionales de La Educación Ley N°19.070","2019-03-01 00:00:00.0","2020-02-29 00:00:00.0"
"El Carmen","Contrata","Educación","Contrata","Hellen Danitza Mejias  Mardones","Docente","SIN INFORMACION","Contratados Sin Planta","Profesionales de La Educación Ley N°19.070","2018-03-01 00:00:00.0","2019-02-28 00:00:00.0"
"El Carmen","Contrata","Educación","Contrata","Daniel Alexis Zurita Palma","Docente","SIN INFORMACION","Contratados Sin Planta","Profesionales de La Educación Ley N°19.070","2019-03-01 00:00:00.0","2020-02-29 00:00:00.0"
"El Carmen","Contrata","Educación","Contrata","Stefane Cecilia Vega Henríquez","Docente","SIN INFORMACION","Contratados Sin Planta","Profesionales de La Educación Ley N°19.070","2018-03-01 00:00:00.0","2019-02-28 00:00:00.0"
"El Carmen","Contrata","Educación","Contrata","Nicole Beatriz  Millar  Franco","Docente","SIN INFORMACION","Contratados Sin Planta","Profesionales de La Educación Ley N°19.070","2019-08-05 00:00:00.0","2019-11-24 00:00:00.0"
"El Carmen","Contrata","Educación","Contrata","Maria Victoria Casanova Vega","Docente","SIN INFORMACION","Contratados Sin Planta","Profesionales de La Educación Ley N°19.070","2019-03-01 00:00:00.0","2020-02-29 00:00:00.0"
"El Carmen","Contrata","Educación","Contrata","Anita Yasmín Troncoso Jeria","Docente","SIN INFORMACION","Contratados Sin Planta","Profesionales de La Educación Ley N°19.070","2019-03-01 00:00:00.0","2020-02-29 00:00:00.0"
"El Carmen","Contrata","Educación","Contrata","Fatme Francisca  Rubilar Cea","Docente","SIN INFORMACION","Contratados Sin Planta","Profesionales de La Educación Ley N°19.070","2019-03-01 00:00:00.0","2020-02-29 00:00:00.0"
"El Carmen","Contrata","Educación","Contrata","Feliz Gonzalo Quiroga Lagos","Docente","SIN INFORMACION","Contratados Sin Planta","Profesionales de La Educación Ley N°19.070","2019-12-14 00:00:00.0","1900-01-01 00:00:00.0"
"El Carmen","Contrata","Educación","Contrata","Nataly Andrea Saldias Vega","Docente","SIN INFORMACION","Contratados Sin Planta","Profesionales de La Educación Ley N°19.070","2019-05-07 00:00:00.0","2020-02-29 00:00:00.0"
"El Carmen","Contrata","Educación","Contrata","Bárbara Isabel de La Fuente Contreras","Docente","SIN INFORMACION","Contratados Sin Planta","Profesionales de La Educación Ley N°19.070","2019-03-01 00:00:00.0","2020-02-29 00:00:00.0"
"El Carmen","Contrata","Educación","Contrata","Nicol Catalina Acuña Echeverría","Docente","SIN INFORMACION","Contratados Sin Planta","Profesionales de La Educación Ley N°19.070","2019-03-01 00:00:00.0","2020-02-29 00:00:00.0"
"El Carmen","Contrata","Educación","Contrata","Casandra Estefania Medina Sandoval","Asistente de La Educación","SIN INFORMACION","Contratados Sin Planta","Afectos Al Código del Trabajo","2018-03-05 00:00:00.0","2019-02-28 00:00:00.0"
"El Carmen","Contrata","Educación","Contrata","Guisela Nicole Sandoval Baeza","Administrativo","SIN INFORMACION","Contratados Sin Planta","Afectos Al Código del Trabajo","2019-01-01 00:00:00.0","2019-12-31 00:00:00.0"
"El Carmen","Contrata","Educación","Contrata","Rosa María Monsalve Fuentealba","Docente","SIN INFORMACION","Contratados Sin Planta","Profesionales de La Educación Ley N°19.070","2019-10-03 00:00:00.0","2019-10-30 00:00:00.0"
"El Carmen","Contrata","Educación","Contrata","Diego Neri  Osorio","Docente","SIN INFORMACION","Contratados Sin Planta","Profesionales de La Educación Ley N°19.070","2019-03-01 00:00:00.0","2020-02-29 00:00:00.0"
"El Carmen","Contrata","Educación","Contrata","Sandra Milena Rodriguez Moreno","Docente","SIN INFORMACION","Contratados Sin Planta","Profesionales de La Educación Ley N°19.070","2019-03-01 00:00:00.0","2020-02-29 00:00:00.0"
"El Carmen","Contrata","Educación","Contrata","Luis Maximo Bravo Morales","Docente","SIN INFORMACION","Contratados Sin Planta","Profesionales de La Educación Ley N°19.070","2019-03-01 00:00:00.0","2020-02-29 00:00:00.0"
"El Carmen","Contrata","Educación","Contrata","Milton Nibaldo Vega Saez","Docente","SIN INFORMACION","Contratados Sin Planta","Profesionales de La Educación Ley N°19.070","2019-03-01 00:00:00.0","2020-02-29 00:00:00.0"
"El Carmen","Contrata","Educación","Contrata","Claudio Edmundo Gamboa Aravena","Docente","SIN INFORMACION","Contratados Sin Planta","Profesionales de La Educación Ley N°19.070","2019-03-01 00:00:00.0","2020-02-29 00:00:00.0"
"El Carmen","Contrata","Educación","Contrata","Juan Enrique Sandoval Cid","Docente","SIN INFORMACION","Contratados Sin Planta","Profesionales de La Educación Ley N°19.070","2019-03-01 00:00:00.0","2020-02-29 00:00:00.0"
"El Carmen","Contrata","Educación","Contrata","Bernardo Leonel Mejias Casanova","Docente","SIN INFORMACION","Contratados Sin Planta","Profesionales de La Educación Ley N°19.070","2018-03-01 00:00:00.0","2019-02-28 00:00:00.0"
"El Carmen","Contrata","Educación","Contrata","Javier Hernan Guajardo Soto","Docente","SIN INFORMACION","Contratados Sin Planta","Profesionales de La Educación Ley N°19.070","2019-03-01 00:00:00.0","2020-02-29 00:00:00.0"
"El Carmen","Contrata","Educación","Contrata","Jorge Antonio Andrade Quezada","Docente","SIN INFORMACION","Contratados Sin Planta","Profesionales de La Educación Ley N°19.070","2019-03-01 00:00:00.0","2020-02-29 00:00:00.0"
"El Carmen","Contrata","Educación","Contrata","Amelia Virginia Guzmán Sandoval","Docente","SIN INFORMACION","Contratados Sin Planta","Profesionales de La Educación Ley N°19.070","2019-03-01 00:00:00.0","2020-02-29 00:00:00.0"
"El Carmen","Contrata","Educación","Contrata","Ruth Brigida Maureira Rodriguez","Docente","SIN INFORMACION","Contratados Sin Planta","Profesionales de La Educación Ley N°19.070","2018-03-01 00:00:00.0","2019-02-28 00:00:00.0"
"El Carmen","Contrata","Educación","Contrata","Juan Saul Sandoval Rubilar","Docente","SIN INFORMACION","Contratados Sin Planta","Profesionales de La Educación Ley N°19.070","2018-03-01 00:00:00.0","2019-02-28 00:00:00.0"
"El Carmen","Contrata","Educación","Contrata","Víctor Sigifredo Roca Lara","Docente","SIN INFORMACION","Contratados Sin Planta","Profesionales de La Educación Ley N°19.070","2019-03-01 00:00:00.0","2020-02-29 00:00:00.0"
"El Carmen","Contrata","Educación","Contrata","Cecilia del Carmen Uribe Figueroa","Docente","SIN INFORMACION","Contratados Sin Planta","Profesionales de La Educación Ley N°19.070","2019-03-01 00:00:00.0","1900-01-01 00:00:00.0"
"El Carmen","Contrata","Educación","Contrata","Jose Ivan Acuña Muñoz","Docente","SIN INFORMACION","Contratados Sin Planta","Profesionales de La Educación Ley N°19.070","2018-03-01 00:00:00.0","2019-02-28 00:00:00.0"
"El Carmen","Contrata","Educación","Contrata","Juan Carlos Castro Verdugo","Docente","SIN INFORMACION","Contratados Sin Planta","Profesionales de La Educación Ley N°19.070","2018-03-01 00:00:00.0","2019-02-28 00:00:00.0"
"El Carmen","Contrata","Educación","Contrata","Filomena Bernardita Fuentealba Guajardo","Docente","SIN INFORMACION","Contratados Sin Planta","Profesionales de La Educación Ley N°19.070","2018-03-01 00:00:00.0","2019-02-28 00:00:00.0"
"El Carmen","Contrata","Educación","Contrata","Nelson Armando Molina Sandoval","Docente","SIN INFORMACION","Contratados Sin Planta","Profesionales de La Educación Ley N°19.070","2019-03-01 00:00:00.0","2020-02-29 00:00:00.0"
"El Carmen","Contrata","Educación","Contrata","Patricia Elizabeth Garrido Troncoso","Docente","SIN INFORMACION","Contratados Sin Planta","Profesionales de La Educación Ley N°19.070","2019-03-01 00:00:00.0","2020-02-29 00:00:00.0"
"El Carmen","Contrata","Educación","Contrata","Etelvina del Carmen Fuentes Nuñez","Docente","SIN INFORMACION","Contratados Sin Planta","Profesionales de La Educación Ley N°19.070","2018-03-01 00:00:00.0","2019-02-28 00:00:00.0"
"El Carmen","Contrata","Educación","Contrata","Liliana Marcela Acevedo Muñoz","Docente","SIN INFORMACION","Contratados Sin Planta","Profesionales de La Educación Ley N°19.070","2018-03-01 00:00:00.0","2019-02-28 00:00:00.0"
"El Carmen","Contrata","Educación","Contrata","Maria Maxima Jilabert Muñoz","Docente","SIN INFORMACION","Contratados Sin Planta","Profesionales de La Educación Ley N°19.070","2019-03-01 00:00:00.0","2020-02-29 00:00:00.0"
"El Carmen","Contrata","Educación","Contrata","Elia Justina Saez Rubilar","Docente","SIN INFORMACION","Contratados Sin Planta","Profesionales de La Educación Ley N°19.070","2019-03-01 00:00:00.0","2020-02-29 00:00:00.0"
"El Carmen","Contrata","Educación","Contrata","Nora Judith Arroyo Rivas","Docente","SIN INFORMACION","Contratados Sin Planta","Profesionales de La Educación Ley N°19.070","2019-03-01 00:00:00.0","2020-02-29 00:00:00.0"
"El Carmen","Contrata","Educación","Contrata","Damaris Isabel Vega Riquelme","Inspector General","SIN INFORMACION","Contratados Sin Planta","Profesionales de La Educación Ley N°19.070","2019-03-01 00:00:00.0","2020-02-29 00:00:00.0"
"El Carmen","Contrata","Educación","Contrata","Adriana Edith Montero Parra","Docente","SIN INFORMACION","Contratados Sin Planta","Profesionales de La Educación Ley N°19.070","2019-03-01 00:00:00.0","2020-02-29 00:00:00.0"
"El Carmen","Contrata","Educación","Contrata","Cecilia Isabel Campos Gallegos","Docente","SIN INFORMACION","Contratados Sin Planta","Profesionales de La Educación Ley N°19.070","2019-03-01 00:00:00.0","2020-02-29 00:00:00.0"
"El Carmen","Contrata","Educación","Contrata","Berta Emperatriz Uribe Bello","Docente","SIN INFORMACION","Contratados Sin Planta","Profesionales de La Educación Ley N°19.070","2019-03-01 00:00:00.0","2020-02-29 00:00:00.0"
"El Carmen","Contrata","Educación","Contrata","Yuri Walterio Rubilar Seguel","Docente","SIN INFORMACION","Contratados Sin Planta","Profesionales de La Educación Ley N°19.070","2018-03-01 00:00:00.0","2019-02-28 00:00:00.0"
"El Carmen","Contrata","Educación","Contrata","Nadia Veronica Garrido Seguel","Docente","SIN INFORMACION","Contratados Sin Planta","Profesionales de La Educación Ley N°19.070","2019-03-01 00:00:00.0","2020-02-29 00:00:00.0"
"El Carmen","Contrata","Educación","Contrata","Margarita Veronica Martinez Uribe","Docente","SIN INFORMACION","Contratados Sin Planta","Profesionales de La Educación Ley N°19.070","2019-03-01 00:00:00.0","2020-02-29 00:00:00.0"
"El Carmen","Contrata","Educación","Contrata","Enrique Luis Pereira Cordova","Docente","SIN INFORMACION","Contratados Sin Planta","Profesionales de La Educación Ley N°19.070","2019-03-01 00:00:00.0","2020-02-29 00:00:00.0"
"El Carmen","Contrata","Educación","Contrata","Marcelo Alberto Rodriguez Guiñez","Docente","SIN INFORMACION","Contratados Sin Planta","Profesionales de La Educación Ley N°19.070","2019-03-01 00:00:00.0","2020-02-29 00:00:00.0"
"El Carmen","Contrata","Educación","Contrata","Rodrigo Alejandro Garrido Garrido","Docente","SIN INFORMACION","Contratados Sin Planta","Profesionales de La Educación Ley N°19.070","2019-03-01 00:00:00.0","1900-01-01 00:00:00.0"
"El Carmen","Contrata","Educación","Contrata","Miriam Sandra Pedreros Becerra","Docente","SIN INFORMACION","Contratados Sin Planta","Profesionales de La Educación Ley N°19.070","2019-03-01 00:00:00.0","2020-02-29 00:00:00.0"
"El Carmen","Contrata","Educación","Contrata","Octavio Antonio Martinez Uribe","Docente","SIN INFORMACION","Contratados Sin Planta","Profesionales de La Educación Ley N°19.070","2019-03-01 00:00:00.0","2020-02-29 00:00:00.0"
"El Carmen","Contrata","Educación","Contrata","Rosa Ester Garcia Arias","Docente","SIN INFORMACION","Contratados Sin Planta","Profesionales de La Educación Ley N°19.070","2018-03-01 00:00:00.0","2019-02-28 00:00:00.0"
"El Carmen","Contrata","Educación","Contrata","Olga Elisa Vega Riquelme","Docente","SIN INFORMACION","Contratados Sin Planta","Profesionales de La Educación Ley N°19.070","2019-03-01 00:00:00.0","2020-02-29 00:00:00.0"
"El Carmen","Contrata","Educación","Contrata","Carlos Patricio Hermosilla Diaz","Docente","SIN INFORMACION","Contratados Sin Planta","Profesionales de La Educación Ley N°19.070","2018-03-01 00:00:00.0","2019-02-28 00:00:00.0"
"El Carmen","Contrata","Educación","Contrata","Carlos Alberto Herrera Rubilar","Docente","SIN INFORMACION","Contratados Sin Planta","Profesionales de La Educación Ley N°19.070","2019-03-01 00:00:00.0","2020-02-29 00:00:00.0"
"El Carmen","Contrata","Educación","Contrata","Cecilia Maria Manriquez Pincheira","Docente","SIN INFORMACION","Contratados Sin Planta","Profesionales de La Educación Ley N°19.070","2018-03-01 00:00:00.0","2019-02-28 00:00:00.0"
"El Carmen","Contrata","Educación","Contrata","Julio Cesar Muñoz Salazar","Jefe de Personal","SIN INFORMACION","Contratados Sin Planta","Afectos Al Código del Trabajo","2019-02-01 00:00:00.0","2020-01-31 00:00:00.0"
"El Carmen","Contrata","Educación","Contrata","Grace Marggie Benitez Vargas","Docente","SIN INFORMACION","Contratados Sin Planta","Profesionales de La Educación Ley N°19.070","2018-03-01 00:00:00.0","2019-02-28 00:00:00.0"
"El Carmen","Contrata","Educación","Contrata","Luz Viola del Carmen Sepulveda Henriquez","Docente","SIN INFORMACION","Contratados Sin Planta","Profesionales de La Educación Ley N°19.070","2019-03-01 00:00:00.0","2020-02-29 00:00:00.0"
"El Carmen","Contrata","Educación","Contrata","Ana Maria Pasten Martinez","Docente","SIN INFORMACION","Contratados Sin Planta","Profesionales de La Educación Ley N°19.070","2018-03-01 00:00:00.0","2019-02-28 00:00:00.0"
"El Carmen","Contrata","Educación","Contrata","Maria  Veronica Guajardo Nocetti","Docente","SIN INFORMACION","Contratados Sin Planta","Profesionales de La Educación Ley N°19.070","2019-03-01 00:00:00.0","2020-02-29 00:00:00.0"
"El Carmen","Contrata","Educación","Contrata","Ana Eugenia Sandoval Poblete","Docente","SIN INFORMACION","Contratados Sin Planta","Profesionales de La Educación Ley N°19.070","2018-03-01 00:00:00.0","2019-02-28 00:00:00.0"
