"Comuna","Tipo de Contratación","Área","Calidad","Nombre","Cargo","Grado","Planta","Remuneración","Fecha desde","Fecha hasta"
"El Carmen","Codigo del Trabajo","Municipal","Código del Trabajo","Justino Rafael Mardones Gutierrez","Auxiliar de Servicios Menores"," ","Contratados Sin Planta","Afectos Al Código del Trabajo","2015-12-31 00:00:00.0","1900-01-01 00:00:00.0"
"El Carmen","Codigo del Trabajo","Municipal","Código del Trabajo","Segundo Saladino Medina San Martin","Auxiliar de Servicios Menores"," ","Contratados Sin Planta","Afectos Al Código del Trabajo","2015-12-30 00:00:00.0","1900-01-01 00:00:00.0"
"El Carmen","Codigo del Trabajo","Municipal","Código del Trabajo","Marcela Paz Saldias Valderrama","Auxiliar de Servicios Menores"," ","Contratados Sin Planta","Afectos Al Código del Trabajo","2015-12-30 00:00:00.0","1900-01-01 00:00:00.0"
"El Carmen","Codigo del Trabajo","Municipal","Código del Trabajo","Ruben Dario Umanzor Umanzor","Auxiliar de Servicios"," ","Personal No Pertenece A Planta","Afectos Al Código del Trabajo","1990-01-01 00:00:00.0","1900-01-01 00:00:00.0"
"El Carmen","Codigo del Trabajo","Municipal","Código del Trabajo","Jacqueline del Carmen Salazar Abarzua","Auxiliar de Servicios Menores"," ","Contratados Sin Planta","Afectos Al Código del Trabajo","2015-12-30 00:00:00.0","1900-01-01 00:00:00.0"
"El Carmen","Codigo del Trabajo","Municipal","Código del Trabajo","Marcela del Carmen Osorio Cid","Auxiliar de Servicios Menores"," ","Contratados Sin Planta","Afectos Al Código del Trabajo","2015-12-30 00:00:00.0","1900-01-01 00:00:00.0"
"El Carmen","Codigo del Trabajo","Municipal","Código del Trabajo","Ivon del Rosario Borguez Henriquez","Auxiliar de Servicios Menores"," ","Contratados Sin Planta","Afectos Al Código del Trabajo","2015-12-30 00:00:00.0","1900-01-01 00:00:00.0"
"El Carmen","Codigo del Trabajo","Municipal","Código del Trabajo","Alba del Rosario Concha San Martin","Auxiliar de Servicios Menores"," ","Contratados Sin Planta","Afectos Al Código del Trabajo","2015-12-30 00:00:00.0","1900-01-01 00:00:00.0"
"El Carmen","Codigo del Trabajo","Municipal","Código del Trabajo","Johnny Eduardo Aguayo Candia","Auxiliar de Servicios Menores"," ","Contratados Sin Planta","Afectos Al Código del Trabajo","2015-12-30 00:00:00.0","1900-01-01 00:00:00.0"
"El Carmen","Codigo del Trabajo","Municipal","Código del Trabajo","Gabriel Arturo Valencia Cabezas","Auxiliar de Servicios Menores"," ","Contratados Sin Planta","Afectos Al Código del Trabajo","2015-12-30 00:00:00.0","1900-01-01 00:00:00.0"
"El Carmen","Codigo del Trabajo","Municipal","Código del Trabajo","Miguel Angel Medina Aguayo","Auxiliar de Servicios Menores"," ","Contratados Sin Planta","Afectos Al Código del Trabajo","2015-12-30 00:00:00.0","1900-01-01 00:00:00.0"
"El Carmen","Codigo del Trabajo","Municipal","Código del Trabajo","Manuel Eliezer Pasten  Salinas","Auxiliar de Servicios Menores"," ","Contratados Sin Planta","Afectos Al Código del Trabajo","2015-12-30 00:00:00.0","1900-01-01 00:00:00.0"
"El Carmen","Codigo del Trabajo","Municipal","Código del Trabajo","Leonel Octavio Vega Moncada","Auxiliar de Servicios Menores"," ","Contratados Sin Planta","Afectos Al Código del Trabajo","2014-12-05 00:00:00.0","1900-01-01 00:00:00.0"
"El Carmen","Codigo del Trabajo","Municipal","Código del Trabajo","Delino Mercedes Medina Saldia","Auxiliar de Servicios Menores"," ","Contratados Sin Planta","Afectos Al Código del Trabajo","2015-12-30 00:00:00.0","1900-01-01 00:00:00.0"
"El Carmen","Codigo del Trabajo","Municipal","Código del Trabajo","Ramon Humberto Rubilar Garrido","Auxiliar de Servicios Menores"," ","Contratados Sin Planta","Afectos Al Código del Trabajo","2015-12-31 00:00:00.0","1900-01-01 00:00:00.0"
"El Carmen","Codigo del Trabajo","Municipal","Código del Trabajo","Jose Enrique Aguayo Aguayo","Auxiliar de Servicios Menores"," ","Contratados Sin Planta","Afectos Al Código del Trabajo","2015-12-31 00:00:00.0","1900-01-01 00:00:00.0"
"El Carmen","Codigo del Trabajo","Municipal","Código del Trabajo","Juan Enrique Flores Saldias","Auxiliar de Servicios Menores"," ","Contratados Sin Planta","Afectos Al Código del Trabajo","2015-12-30 00:00:00.0","1900-01-01 00:00:00.0"
"El Carmen","Codigo del Trabajo","Municipal","Código del Trabajo","Jose Arturo Perez Aedo","Auxiliar de Servicios Menores"," ","Contratados Sin Planta","Afectos Al Código del Trabajo","2015-12-30 00:00:00.0","1900-01-01 00:00:00.0"
"El Carmen","Codigo del Trabajo","Municipal","Código del Trabajo","Eliana Hortensia Cortes Baez","Auxiliar de Servicios Menores"," ","Contratados Sin Planta","Afectos Al Código del Trabajo","2015-12-30 00:00:00.0","1900-01-01 00:00:00.0"
"El Carmen","Codigo del Trabajo","Municipal","Código del Trabajo","Raul Alejandro Pavez Villagra","Auxiliar de Servicios Menores"," ","Contratados Sin Planta","Afectos Al Código del Trabajo","2015-12-30 00:00:00.0","1900-01-01 00:00:00.0"
"El Carmen","Codigo del Trabajo","Municipal","Código del Trabajo","Carlos Enrique Medina San Martin","Auxiliar de Servicios Menores"," ","Contratados Sin Planta","Afectos Al Código del Trabajo","2015-12-30 00:00:00.0","1900-01-01 00:00:00.0"
"El Carmen","Codigo del Trabajo","Municipal","Código del Trabajo","Saul Renato Lagos Pincheira","Auxiliar de Servicios Menores"," ","Contratados Sin Planta","Afectos Al Código del Trabajo","2015-12-30 00:00:00.0","1900-01-01 00:00:00.0"
"El Carmen","Codigo del Trabajo","Municipal","Código del Trabajo","Gerardo Antonio Herrera Valladares","Auxiliar de Servicios Menores"," ","Contratados Sin Planta","Afectos Al Código del Trabajo","2015-12-30 00:00:00.0","1900-01-01 00:00:00.0"
"El Carmen","Codigo del Trabajo","Municipal","Código del Trabajo","Jose Joaquin Hernandez Hernandez","Auxiliar de Servicios Menores"," ","Contratados Sin Planta","Afectos Al Código del Trabajo","2015-12-30 00:00:00.0","1900-01-01 00:00:00.0"
