"Comuna","Tipo de Contratación","Área","Calidad","Nombre","Cargo","Grado","Planta","Remuneración","Fecha desde","Fecha hasta"
"El Carmen","Codigo del Trabajo","Sin Clasificación","Código del Trabajo","Maria del Carmen Saavedra Llanca","Asistente de La Educación"," ","Contratados Sin Planta","Afectos Al Código del Trabajo","2013-03-26 00:00:00.0","1900-01-01 00:00:00.0"
"El Carmen","Codigo del Trabajo","Sin Clasificación","Código del Trabajo","Sonia Elena Rubilar Acuña","Asistente de La Educación"," ","Contratados Sin Planta","Afectos Al Código del Trabajo","2013-05-01 00:00:00.0","1900-01-01 00:00:00.0"
"El Carmen","Codigo del Trabajo","Sin Clasificación","Código del Trabajo","Teresa Margarita Acuña Cid","Ayudante"," ","Contratados Sin Planta","Afectos Al Código del Trabajo","2011-03-01 00:00:00.0","1900-01-01 00:00:00.0"
"El Carmen","Codigo del Trabajo","Sin Clasificación","Código del Trabajo","Maria Eugenia Pino Vega","Auxiliar"," ","Personal No Pertenece A Planta","Afectos Al Código del Trabajo","2008-01-01 00:00:00.0","1900-01-01 00:00:00.0"
"El Carmen","Codigo del Trabajo","Sin Clasificación","Código del Trabajo","Ricardo Troncoso Cortes","Asistente"," ","Personal No Pertenece A Planta","Afectos Al Código del Trabajo","2010-01-01 00:00:00.0","1900-01-01 00:00:00.0"
"El Carmen","Codigo del Trabajo","Sin Clasificación","Código del Trabajo","Patricio David Toro Concha","Chófer"," ","Contratados Sin Planta","Afectos Al Código del Trabajo","2010-01-01 00:00:00.0","1900-01-01 00:00:00.0"
"El Carmen","Codigo del Trabajo","Sin Clasificación","Código del Trabajo","Jose Ivan Rivas Mardones","Auxiliar de Servicios"," ","Contratados Sin Planta","Afectos Al Código del Trabajo","2005-06-01 00:00:00.0","1900-01-01 00:00:00.0"
"El Carmen","Codigo del Trabajo","Sin Clasificación","Código del Trabajo","Victoria del Carmen Moncada Contreras","Auxiliar"," ","Sin Información","Afectos Al Código del Trabajo","2010-01-01 00:00:00.0","1900-01-01 00:00:00.0"
"El Carmen","Codigo del Trabajo","Sin Clasificación","Código del Trabajo","Yasna Andrea Galvez Guiñez","Asistente Parvularia"," ","Contratados Sin Planta","Afectos Al Código del Trabajo","2010-01-01 00:00:00.0","1900-01-01 00:00:00.0"
"El Carmen","Codigo del Trabajo","Sin Clasificación","Código del Trabajo","Carmen Gloria Contreras Roa","Jefe"," ","Personal No Pertenece A Planta","Afectos Al Código del Trabajo","2010-05-02 00:00:00.0","1900-01-01 00:00:00.0"
"El Carmen","Codigo del Trabajo","Sin Clasificación","Código del Trabajo","Rosa Irene Ponce  Salazar","Monitor"," ","Personal No Pertenece A Planta","Afectos Al Código del Trabajo","2010-01-01 00:00:00.0","1900-01-01 00:00:00.0"
"El Carmen","Codigo del Trabajo","Sin Clasificación","Código del Trabajo","Jose Heraldo Gutierrez Seguel","Nochero"," ","Personal No Pertenece A Planta","Afectos Al Código del Trabajo","2013-03-01 00:00:00.0","1900-01-01 00:00:00.0"
"El Carmen","Codigo del Trabajo","Sin Clasificación","Código del Trabajo","Mirta Angelica  Soto  Veloso","Inspector"," ","Personal No Pertenece A Planta","Afectos Al Código del Trabajo","2014-03-06 00:00:00.0","1900-01-01 00:00:00.0"
"El Carmen","Codigo del Trabajo","Sin Clasificación","Código del Trabajo","Amparo Ines Baez Baez","Auxiliar"," ","Personal No Pertenece A Planta","Afectos Al Código del Trabajo","2011-09-01 00:00:00.0","1900-01-01 00:00:00.0"
"El Carmen","Codigo del Trabajo","Sin Clasificación","Código del Trabajo","Elizabeth Herminia Vallejos Mardones","Asistente"," ","Personal No Pertenece A Planta","Afectos Al Código del Trabajo","2011-03-01 00:00:00.0","1900-01-01 00:00:00.0"
"El Carmen","Codigo del Trabajo","Sin Clasificación","Código del Trabajo","Marcela Alejandra Riquelme Martinez","Inspector"," ","Personal No Pertenece A Planta","Afectos Al Código del Trabajo","2014-03-06 00:00:00.0","1900-01-01 00:00:00.0"
"El Carmen","Codigo del Trabajo","Sin Clasificación","Código del Trabajo","Karen Alejandra  Puentes Huepe","Psicólogo"," ","Personal No Pertenece A Planta","Afectos Al Código del Trabajo","2008-03-01 00:00:00.0","1900-01-01 00:00:00.0"
"El Carmen","Codigo del Trabajo","Sin Clasificación","Código del Trabajo","Maria Elena Valencia Garrido","Asistente"," ","Contratados Sin Planta","Afectos Al Código del Trabajo","2010-03-01 00:00:00.0","1900-01-01 00:00:00.0"
"El Carmen","Codigo del Trabajo","Sin Clasificación","Código del Trabajo","Myriam Carolina Rubilar Vargas","Auxiliar"," ","Personal No Pertenece A Planta","Afectos Al Código del Trabajo","2010-01-01 00:00:00.0","1900-01-01 00:00:00.0"
"El Carmen","Codigo del Trabajo","Sin Clasificación","Código del Trabajo","Miriam Deisy Vega Bello","Educadora Párvulos"," ","Personal No Pertenece A Planta","Afectos Al Código del Trabajo","2009-12-09 00:00:00.0","1900-01-01 00:00:00.0"
"El Carmen","Codigo del Trabajo","Sin Clasificación","Código del Trabajo","Claudia Veronica Mendez Espinoza","Asistente Social"," ","Personal No Pertenece A Planta","Afectos Al Código del Trabajo","2010-01-01 00:00:00.0","1900-01-01 00:00:00.0"
"El Carmen","Codigo del Trabajo","Sin Clasificación","Código del Trabajo","Juana  del Valle Casanova","Encargado"," ","Personal No Pertenece A Planta","Afectos Al Código del Trabajo","2012-03-12 00:00:00.0","1900-01-01 00:00:00.0"
"El Carmen","Codigo del Trabajo","Sin Clasificación","Código del Trabajo","Maria Jose Casanova Salazar","Asistente Social"," ","Contratados Sin Planta","Afectos Al Código del Trabajo","2010-01-01 00:00:00.0","1900-01-01 00:00:00.0"
"El Carmen","Codigo del Trabajo","Sin Clasificación","Código del Trabajo","Marlene Caroline Zuñiga  Carvajal","Asistente Social"," ","Personal No Pertenece A Planta","Afectos Al Código del Trabajo","2008-03-01 00:00:00.0","1900-01-01 00:00:00.0"
"El Carmen","Codigo del Trabajo","Sin Clasificación","Código del Trabajo","Lucio Alexis Baeza Palma","Inspector"," ","Personal No Pertenece A Planta","Afectos Al Código del Trabajo","2011-01-01 00:00:00.0","1900-01-01 00:00:00.0"
"El Carmen","Codigo del Trabajo","Sin Clasificación","Código del Trabajo","Yeny Andrea Casanova Vega","Asistente Parvularia"," ","Contratados Sin Planta","Afectos Al Código del Trabajo","2010-01-01 00:00:00.0","1900-01-01 00:00:00.0"
"El Carmen","Codigo del Trabajo","Sin Clasificación","Código del Trabajo","Arnoldo Arturo Henriquez Mardones","Nochero"," ","Contratados Sin Planta","Afectos Al Código del Trabajo","2012-01-01 00:00:00.0","1900-01-01 00:00:00.0"
"El Carmen","Codigo del Trabajo","Sin Clasificación","Código del Trabajo","Yudith del Pilar Sandoval Quevedo","Asistente Técnico"," ","Contratados Sin Planta","Afectos Al Código del Trabajo","2011-11-01 00:00:00.0","1900-01-01 00:00:00.0"
"El Carmen","Codigo del Trabajo","Sin Clasificación","Código del Trabajo","Wendy del Carmen Ulloa Valencia","Asistente Parvularia"," ","Contratados Sin Planta","Afectos Al Código del Trabajo","2010-01-01 00:00:00.0","1900-01-01 00:00:00.0"
"El Carmen","Codigo del Trabajo","Sin Clasificación","Código del Trabajo","Luz Eliana  Cabezas Morales","Auxiliar"," ","Personal No Pertenece A Planta","Afectos Al Código del Trabajo","2009-03-05 00:00:00.0","1900-01-01 00:00:00.0"
"El Carmen","Codigo del Trabajo","Sin Clasificación","Código del Trabajo","Jessica del  Carmen  Mosalve  Sandoval","Auxiliar"," ","Personal No Pertenece A Planta","Afectos Al Código del Trabajo","2010-01-01 00:00:00.0","1900-01-01 00:00:00.0"
"El Carmen","Codigo del Trabajo","Sin Clasificación","Código del Trabajo","Maria Benavente Gutierrez","Asistente Social"," ","Personal No Pertenece A Planta","Afectos Al Código del Trabajo","2010-03-01 00:00:00.0","1900-01-01 00:00:00.0"
"El Carmen","Codigo del Trabajo","Sin Clasificación","Código del Trabajo","Joceline Soledad Umanzor Sandoval","Educadora Párvulos"," ","Contratados Sin Planta","Afectos Al Código del Trabajo","2010-01-01 00:00:00.0","1900-01-01 00:00:00.0"
"El Carmen","Codigo del Trabajo","Sin Clasificación","Código del Trabajo","Marianela de Las Nieves Mejias Pincheira","Administrativo"," ","Contratados Sin Planta","Afectos Al Código del Trabajo","2010-01-01 00:00:00.0","1900-01-01 00:00:00.0"
"El Carmen","Codigo del Trabajo","Sin Clasificación","Código del Trabajo","Francisca Andrea Valenzuela Lopez","Profesional"," ","Personal No Pertenece A Planta","Afectos Al Código del Trabajo","2012-11-05 00:00:00.0","1900-01-01 00:00:00.0"
"El Carmen","Codigo del Trabajo","Sin Clasificación","Código del Trabajo","Alejandra Ivonne Flores Esparza","Asistente Social"," ","Personal No Pertenece A Planta","Afectos Al Código del Trabajo","2009-12-07 00:00:00.0","1900-01-01 00:00:00.0"
"El Carmen","Codigo del Trabajo","Sin Clasificación","Código del Trabajo","Ela Rossina  Feriz Rubilar","Profesional"," ","Personal No Pertenece A Planta","Afectos Al Código del Trabajo","2011-03-01 00:00:00.0","1900-01-01 00:00:00.0"
"El Carmen","Codigo del Trabajo","Sin Clasificación","Código del Trabajo","Irma Isabel Sanchez San Martín","Auxiliar de Servicios Menores"," ","Contratados Sin Planta","Afectos Al Código del Trabajo","2010-01-01 00:00:00.0","1900-01-01 00:00:00.0"
"El Carmen","Codigo del Trabajo","Sin Clasificación","Código del Trabajo","Claudio Alfredo Medina Aguayo","Chófer"," ","Contratados Sin Planta","Afectos Al Código del Trabajo","2010-01-01 00:00:00.0","1900-01-01 00:00:00.0"
"El Carmen","Codigo del Trabajo","Sin Clasificación","Código del Trabajo","Elizabeth Katty Soto Sepulveda","Auxiliar"," ","Personal No Pertenece A Planta","Afectos Al Código del Trabajo","2010-01-01 00:00:00.0","1900-01-01 00:00:00.0"
"El Carmen","Codigo del Trabajo","Sin Clasificación","Código del Trabajo","Ximena Isabel Perez Acuña","Auxiliar"," ","Contratados Sin Planta","Afectos Al Código del Trabajo","2010-01-01 00:00:00.0","1900-01-01 00:00:00.0"
"El Carmen","Codigo del Trabajo","Sin Clasificación","Código del Trabajo","Gabriela Adriana Medina Soto","Educadora Párvulos"," ","Contratados Sin Planta","Afectos Al Código del Trabajo","2010-01-01 00:00:00.0","1900-01-01 00:00:00.0"
"El Carmen","Codigo del Trabajo","Sin Clasificación","Código del Trabajo","Janett  Jara Salazar","Encargado"," ","Personal No Pertenece A Planta","Afectos Al Código del Trabajo","2012-05-02 00:00:00.0","1900-01-01 00:00:00.0"
"El Carmen","Codigo del Trabajo","Sin Clasificación","Código del Trabajo","Eugenia Isabel Lagos Bello","Administrativo"," ","Contratados Sin Planta","Afectos Al Código del Trabajo","2010-01-01 00:00:00.0","1900-01-01 00:00:00.0"
"El Carmen","Codigo del Trabajo","Sin Clasificación","Código del Trabajo","Maria Alicia Campos Gutierrez","Auxiliar de Servicios Menores"," ","Contratados Sin Planta","Afectos Al Código del Trabajo","2013-03-04 00:00:00.0","1900-01-01 00:00:00.0"
"El Carmen","Codigo del Trabajo","Sin Clasificación","Código del Trabajo","Esterlina del Carmen Solis  Sepulveda","Auxiliar de Servicios Menores"," ","Personal No Pertenece A Planta","Afectos Al Código del Trabajo","2014-03-04 00:00:00.0","1900-01-01 00:00:00.0"
"El Carmen","Codigo del Trabajo","Sin Clasificación","Código del Trabajo","Victor Leonel Riquelme Esparza","Asistente de La Educación"," ","Personal No Pertenece A Planta","Afectos Al Código del Trabajo","2013-03-04 00:00:00.0","1900-01-01 00:00:00.0"
"El Carmen","Codigo del Trabajo","Sin Clasificación","Código del Trabajo","Carolina Andrea Flores Urrutia","Inspector"," ","Personal No Pertenece A Planta","Afectos Al Código del Trabajo","2010-01-01 00:00:00.0","1900-01-01 00:00:00.0"
"El Carmen","Codigo del Trabajo","Sin Clasificación","Código del Trabajo","Jessica Edith Burgos Mardones","Educadora Párvulos"," ","Contratados Sin Planta","Afectos Al Código del Trabajo","2009-12-07 00:00:00.0","1900-01-01 00:00:00.0"
"El Carmen","Codigo del Trabajo","Sin Clasificación","Código del Trabajo","Yaquelin del Rosario Rivas Rivas","Coordinador"," ","Contratados Sin Planta","Afectos Al Código del Trabajo","2011-12-08 00:00:00.0","1900-01-01 00:00:00.0"
"El Carmen","Codigo del Trabajo","Sin Clasificación","Código del Trabajo","Marlen del Carmen Muñoz Martinez","Psicólogo"," ","Personal No Pertenece A Planta","Afectos Al Código del Trabajo","2011-01-01 00:00:00.0","1900-01-01 00:00:00.0"
"El Carmen","Codigo del Trabajo","Sin Clasificación","Código del Trabajo","Viviana Naltenia Soto Chavez","Inspector"," ","Sin Información","Afectos Al Código del Trabajo","2010-01-01 00:00:00.0","1900-01-01 00:00:00.0"
"El Carmen","Codigo del Trabajo","Sin Clasificación","Código del Trabajo","Luis Antonio Vasquez Soto","Asistente Técnico"," ","Personal No Pertenece A Planta","Afectos Al Código del Trabajo","2012-08-01 00:00:00.0","1900-01-01 00:00:00.0"
"El Carmen","Codigo del Trabajo","Sin Clasificación","Código del Trabajo","Erika Yolanda Ulloa Valencia","Asistente Parvularia"," ","Contratados Sin Planta","Afectos Al Código del Trabajo","2010-01-01 00:00:00.0","1900-01-01 00:00:00.0"
"El Carmen","Codigo del Trabajo","Sin Clasificación","Código del Trabajo","Blanca Ester Rodriguez  Lagos","Asistente Parvularia"," ","Personal No Pertenece A Planta","Afectos Al Código del Trabajo","2012-03-05 00:00:00.0","1900-01-01 00:00:00.0"
"El Carmen","Codigo del Trabajo","Sin Clasificación","Código del Trabajo","Manuel Alejandro  Sandoval  Sandoval","Nochero"," ","Contratados Sin Planta","Afectos Al Código del Trabajo","2012-01-01 00:00:00.0","1900-01-01 00:00:00.0"
"El Carmen","Codigo del Trabajo","Sin Clasificación","Código del Trabajo","Gabriela Jacqueline Inostroza Muñoz","Psicólogo"," ","Personal No Pertenece A Planta","Afectos Al Código del Trabajo","2010-01-01 00:00:00.0","1900-01-01 00:00:00.0"
"El Carmen","Codigo del Trabajo","Sin Clasificación","Código del Trabajo","Ana del Carmen  Higuera San Martin","Asistente"," ","Contratados Sin Planta","Escala Profesionales de La Educación Llay 19.070)","2012-03-05 00:00:00.0","1900-01-01 00:00:00.0"
"El Carmen","Codigo del Trabajo","Sin Clasificación","Código del Trabajo","Hernan Eduardo Rodriguez Millar","Inspector"," ","Contratados Sin Planta","Afectos Al Código del Trabajo","2010-01-01 00:00:00.0","1900-01-01 00:00:00.0"
"El Carmen","Codigo del Trabajo","Sin Clasificación","Código del Trabajo","Yessica Mirna Seguel Valdes","Secreto"," ","Personal No Pertenece A Planta","Afectos Al Código del Trabajo","2009-03-30 00:00:00.0","1900-01-01 00:00:00.0"
"El Carmen","Codigo del Trabajo","Sin Clasificación","Código del Trabajo","Beverly Cynthia San Martin Vejar","Asistente de La Educación"," ","Contratados Sin Planta","Afectos Al Código del Trabajo","2011-11-01 00:00:00.0","1900-01-01 00:00:00.0"
"El Carmen","Codigo del Trabajo","Sin Clasificación","Código del Trabajo","Claudia  Andrea  Valencia  Sandoval","Inspector"," ","Personal No Pertenece A Planta","Afectos Al Código del Trabajo","2011-03-01 00:00:00.0","1900-01-01 00:00:00.0"
"El Carmen","Codigo del Trabajo","Sin Clasificación","Código del Trabajo","Nery Rosa Andrea Garrido Roque","Trabajador"," ","Personal No Pertenece A Planta","Afectos Al Código del Trabajo","2010-03-01 00:00:00.0","1900-01-01 00:00:00.0"
"El Carmen","Codigo del Trabajo","Sin Clasificación","Código del Trabajo","Daniela del Carmen Carrasco Aqueveque","Kinesiologo"," ","Personal No Pertenece A Planta","Afectos Al Código del Trabajo","2011-03-01 00:00:00.0","1900-01-01 00:00:00.0"
"El Carmen","Codigo del Trabajo","Sin Clasificación","Código del Trabajo","Anders Carin Henriquez Henriquez","Inspector"," ","Contratados Sin Planta","Afectos Al Código del Trabajo","2011-03-01 00:00:00.0","1900-01-01 00:00:00.0"
"El Carmen","Codigo del Trabajo","Sin Clasificación","Código del Trabajo","Miguel Antonio Vega Abello","Inspector"," ","Contratados Sin Planta","Afectos Al Código del Trabajo","2011-03-01 00:00:00.0","1900-01-01 00:00:00.0"
"El Carmen","Codigo del Trabajo","Sin Clasificación","Código del Trabajo","Juan Pablo Navarrete Lagos","Chófer"," ","Contratados Sin Planta","Afectos Al Código del Trabajo","2010-01-01 00:00:00.0","1900-01-01 00:00:00.0"
"El Carmen","Codigo del Trabajo","Sin Clasificación","Código del Trabajo","Elizabeth del Carmen Saldias Escalona","Inspector"," ","Personal No Pertenece A Planta","Afectos Al Código del Trabajo","2012-06-25 00:00:00.0","1900-01-01 00:00:00.0"
"El Carmen","Codigo del Trabajo","Sin Clasificación","Código del Trabajo","Nidia Victoria Leon Herrera","Asistente Social"," ","Personal No Pertenece A Planta","Afectos Al Código del Trabajo","2012-11-01 00:00:00.0","1900-01-01 00:00:00.0"
"El Carmen","Codigo del Trabajo","Sin Clasificación","Código del Trabajo","Ruth Paola Rivas Sepulveda","Inspector"," ","Personal No Pertenece A Planta","Afectos Al Código del Trabajo","2011-01-01 00:00:00.0","1900-01-01 00:00:00.0"
"El Carmen","Codigo del Trabajo","Sin Clasificación","Código del Trabajo","Maribel Andrea Seguel Saez","Asistente de La Educación"," ","Contratados Sin Planta","Afectos Al Código del Trabajo","2011-03-01 00:00:00.0","1900-01-01 00:00:00.0"
"El Carmen","Codigo del Trabajo","Sin Clasificación","Código del Trabajo","Alexis Arturo  Gutierrez Mardones","Sin Cargo"," ","Personal No Pertenece A Planta","Afectos Al Código del Trabajo","2011-11-01 00:00:00.0","1900-01-01 00:00:00.0"
"El Carmen","Codigo del Trabajo","Sin Clasificación","Código del Trabajo","Lorena Andrea Carrasco Bello","Asistente"," ","Personal No Pertenece A Planta","Afectos Al Código del Trabajo","2012-03-01 00:00:00.0","1900-01-01 00:00:00.0"
"El Carmen","Codigo del Trabajo","Sin Clasificación","Código del Trabajo","Daniela Alejandra Garces Soto","Inspector"," ","Sin Información","Afectos Al Código del Trabajo","2010-01-01 00:00:00.0","1900-01-01 00:00:00.0"
"El Carmen","Codigo del Trabajo","Sin Clasificación","Código del Trabajo","Vanessa del Pilar Mariangel Solis","Asistente"," ","Personal No Pertenece A Planta","Afectos Al Código del Trabajo","2012-03-01 00:00:00.0","1900-01-01 00:00:00.0"
"El Carmen","Codigo del Trabajo","Sin Clasificación","Código del Trabajo","Jose Guillermo Diaz Molina","Asistente"," ","Personal No Pertenece A Planta","Afectos Al Código del Trabajo","2010-01-01 00:00:00.0","1900-01-01 00:00:00.0"
"El Carmen","Codigo del Trabajo","Sin Clasificación","Código del Trabajo","Omar Pino Perez","Jefe"," ","Contratados Sin Planta","Afectos Al Código del Trabajo","2013-09-01 00:00:00.0","1900-01-01 00:00:00.0"
"El Carmen","Codigo del Trabajo","Sin Clasificación","Código del Trabajo","Isabel Audelina Millar Cid","Inspector"," ","Personal No Pertenece A Planta","Afectos Al Código del Trabajo","2014-01-01 00:00:00.0","1900-01-01 00:00:00.0"
"El Carmen","Codigo del Trabajo","Sin Clasificación","Código del Trabajo","Maria del Rosario Cancino Garrido","Asistente de La Educación"," ","Contratados Sin Planta","Afectos Al Código del Trabajo","2013-05-01 00:00:00.0","1900-01-01 00:00:00.0"
"El Carmen","Codigo del Trabajo","Sin Clasificación","Código del Trabajo","Jorge David Quinteros Valencia","Experto"," ","Contratados Sin Planta","Afectos Al Código del Trabajo","2012-11-01 00:00:00.0","1900-01-01 00:00:00.0"
"El Carmen","Codigo del Trabajo","Sin Clasificación","Código del Trabajo","Alba Rita Maripan Antriao","Auxiliar"," ","Contratados Sin Planta","Afectos Al Código del Trabajo","2010-01-01 00:00:00.0","1900-01-01 00:00:00.0"
"El Carmen","Codigo del Trabajo","Sin Clasificación","Código del Trabajo","Branco Jorge Mardones Neves","Ingeniero"," ","Personal No Pertenece A Planta","Afectos Al Código del Trabajo","2014-04-01 00:00:00.0","1900-01-01 00:00:00.0"
"El Carmen","Codigo del Trabajo","Sin Clasificación","Código del Trabajo","Olga Medina Flores","Contador"," ","Contratados Sin Planta","Afectos Al Código del Trabajo","2013-05-01 00:00:00.0","1900-01-01 00:00:00.0"
"El Carmen","Codigo del Trabajo","Sin Clasificación","Código del Trabajo","Jose Freddy Vega Flores","Encargado"," ","Personal No Pertenece A Planta","Afectos Al Código del Trabajo","2012-03-01 00:00:00.0","1900-01-01 00:00:00.0"
"El Carmen","Codigo del Trabajo","Sin Clasificación","Código del Trabajo","Luis Alfredo Troncoso Troncoso","Inspector"," ","Personal No Pertenece A Planta","Afectos Al Código del Trabajo","2010-01-01 00:00:00.0","1900-01-01 00:00:00.0"
"El Carmen","Codigo del Trabajo","Sin Clasificación","Código del Trabajo","Ramon Renato Muñoz Garay","Auxiliar"," ","Contratados Sin Planta","Afectos Al Código del Trabajo","2010-01-01 00:00:00.0","1900-01-01 00:00:00.0"
"El Carmen","Codigo del Trabajo","Sin Clasificación","Código del Trabajo","Maria Dominga Lagos  Soto","Manipuladora de Alimentos"," ","Personal No Pertenece A Planta","Afectos Al Código del Trabajo","2014-03-01 00:00:00.0","1900-01-01 00:00:00.0"
