"Comuna","Tipo de Contratación","Área","Calidad","Nombre","Cargo","Grado","Planta","Remuneración","Fecha desde","Fecha hasta"
"Yungay","Codigo del Trabajo","Educación","Código del Trabajo","Froilan Atiliano Acuña Sanchez","Maestro de Mantención"," ","Contratados Sin Planta","Afectos Al Código del Trabajo","2017-03-01 00:00:00.0","1900-01-01 00:00:00.0"
"Yungay","Codigo del Trabajo","Educación","Código del Trabajo","Segundo Alfredo Espinoza V¿squez","Asistente"," ","Contratados Sin Planta","Afectos Al Código del Trabajo","2016-03-01 00:00:00.0","1900-01-01 00:00:00.0"
"Yungay","Codigo del Trabajo","Educación","Código del Trabajo","Paulina Ivonne Avila Pinto","Administrativo"," ","Contratados Sin Planta","Afectos Al Código del Trabajo","2013-01-01 00:00:00.0","1900-01-01 00:00:00.0"
"Yungay","Codigo del Trabajo","Educación","Código del Trabajo","Deisy Fabiola Burgos Quilodran","Asistente Parvularia"," ","Contratados Sin Planta","Afectos Al Código del Trabajo","2014-02-01 00:00:00.0","1900-01-01 00:00:00.0"
"Yungay","Codigo del Trabajo","Educación","Código del Trabajo","Carolina  Alvear Fica","Educadora Párvulos"," ","Contratados Sin Planta","Afectos Al Código del Trabajo","2014-02-01 00:00:00.0","1900-01-01 00:00:00.0"
"Yungay","Codigo del Trabajo","Educación","Código del Trabajo","Renatte Andrea Elgueta Alarcon","Fonoaudiologo"," ","Contratados Sin Planta","Afectos Al Código del Trabajo","2015-01-01 00:00:00.0","1900-01-01 00:00:00.0"
"Yungay","Codigo del Trabajo","Educación","Código del Trabajo","Natalia Andrea Gonzalez  Jofre","Educadora Párvulos"," ","Contratados Sin Planta","Afectos Al Código del Trabajo","2016-02-01 00:00:00.0","1900-01-01 00:00:00.0"
"Yungay","Codigo del Trabajo","Educación","Código del Trabajo","Macarena Andrea Mu¿oz Mart¿nez","Fonoaudiologo"," ","Contratados Sin Planta","Afectos Al Código del Trabajo","2013-03-01 00:00:00.0","1900-01-01 00:00:00.0"
"Yungay","Codigo del Trabajo","Educación","Código del Trabajo","Ingrid Yamilet Herrera San Martin","Auxiliar de Párvulos"," ","Contratados Sin Planta","Afectos Al Código del Trabajo","2014-08-01 00:00:00.0","1900-01-01 00:00:00.0"
"Yungay","Codigo del Trabajo","Educación","Código del Trabajo","Gerald Andr¿ P¿rez Toledo","Psicólogo"," ","Contratados Sin Planta","Afectos Al Código del Trabajo","2017-03-01 00:00:00.0","1900-01-01 00:00:00.0"
"Yungay","Codigo del Trabajo","Educación","Código del Trabajo","Jaime Sebastian Sanhueza Arias","Encargado de Mantención"," ","Contratados Sin Planta","Afectos Al Código del Trabajo","2016-02-01 00:00:00.0","1900-01-01 00:00:00.0"
"Yungay","Codigo del Trabajo","Educación","Código del Trabajo","Paulina Andrea Aviles Melgarejo","Kinesiologo"," ","Contratados Sin Planta","Afectos Al Código del Trabajo","2014-10-01 00:00:00.0","1900-01-01 00:00:00.0"
"Yungay","Codigo del Trabajo","Educación","Código del Trabajo","Yesenia Elizabeth  Bilbao Herrera","Asistente Social"," ","Contratados Sin Planta","Afectos Al Código del Trabajo","2015-03-01 00:00:00.0","1900-01-01 00:00:00.0"
"Yungay","Codigo del Trabajo","Educación","Código del Trabajo","Ivone Pilar Acu¿a Cares","Asistente Parvularia"," ","Contratados Sin Planta","Afectos Al Código del Trabajo","2014-07-01 00:00:00.0","1900-01-01 00:00:00.0"
"Yungay","Codigo del Trabajo","Educación","Código del Trabajo","Joselyn Valentina Aguilera Bilbao","Asistente Parvularia"," ","Contratados Sin Planta","Afectos Al Código del Trabajo","2017-02-01 00:00:00.0","1900-01-01 00:00:00.0"
"Yungay","Codigo del Trabajo","Educación","Código del Trabajo","Khevin Patricio Segura Arevalo","Administrativo de Apoyo Técnico"," ","Contratados Sin Planta","Asistentes de La Educación Ley N°19.464","2018-03-01 00:00:00.0","1900-01-01 00:00:00.0"
"Yungay","Codigo del Trabajo","Educación","Código del Trabajo","Berty Enrique Betancourt Mardones","Chófer"," ","Contratados Sin Planta","Afectos Al Código del Trabajo","2015-03-01 00:00:00.0","1900-01-01 00:00:00.0"
"Yungay","Codigo del Trabajo","Educación","Código del Trabajo","Manuel Hernan Herrera Riquelme","Chófer"," ","Contratados Sin Planta","Afectos Al Código del Trabajo","2015-03-01 00:00:00.0","1900-01-01 00:00:00.0"
"Yungay","Codigo del Trabajo","Educación","Código del Trabajo","Carlos Segundo Figueroa Jara","Chófer"," ","Contratados Sin Planta","Afectos Al Código del Trabajo","2014-04-01 00:00:00.0","1900-01-01 00:00:00.0"
