"Comuna","Tipo de Contratación","Área","Calidad","Nombre","Cargo","Grado","Planta","Remuneración","Fecha desde","Fecha hasta"
"Yungay","Planta Titular","Educación","Titular","Jennifer Alejandra Dihmes Casanello","Docente","SIN INFORMACION","Docente","Profesionales de La Educación Ley N°19.070","2015-02-01 00:00:00.0","1900-01-01 00:00:00.0"
"Yungay","Planta Titular","Educación","Titular","Manuel Ernesto Herrera Valeria","Orientador"," ","Docente","Escala Profesionales de La Educación Llay 19.070)","2010-03-01 00:00:00.0","1900-01-01 00:00:00.0"
"Yungay","Planta Titular","Educación","Titular","Claudia Margarita Castro Sanhueza","Docente","SIN INFORMACION","Docente","Profesionales de La Educación Ley N°19.070","2015-02-01 00:00:00.0","1900-01-01 00:00:00.0"
"Yungay","Planta Titular","Educación","Titular","Noelia Antonieta Araneda Velasquez","Docente","SIN INFORMACION","Docente","Profesionales de La Educación Ley N°19.070","2014-03-03 00:00:00.0","1900-01-01 00:00:00.0"
"Yungay","Planta Titular","Educación","Titular","Consuelo Amparo Sandoval Farias","Docente","SIN INFORMACION","Docente","Profesionales de La Educación Ley N°19.070","2015-02-01 00:00:00.0","1900-01-01 00:00:00.0"
"Yungay","Planta Titular","Educación","Titular","Fabiola Ines Reyes Bustos","Docente","SIN INFORMACION","Docente","Profesionales de La Educación Ley N°19.070","2015-02-01 00:00:00.0","1900-01-01 00:00:00.0"
"Yungay","Planta Titular","Educación","Titular","Sabrina Macarena Anabalon Pardo","Docente","SIN INFORMACION","Docente","Profesionales de La Educación Ley N°19.070","2015-02-01 00:00:00.0","1900-01-01 00:00:00.0"
"Yungay","Planta Titular","Educación","Titular","Paola Solange Cares Muñoz","Docente","SIN INFORMACION","Docente","Profesionales de La Educación Ley N°19.070","2015-02-01 00:00:00.0","1900-01-01 00:00:00.0"
"Yungay","Planta Titular","Educación","Titular","Noelia Ercira Pinto Carrasco","Docente","SIN INFORMACION","Docente","Profesionales de La Educación Ley N°19.070","2015-02-01 00:00:00.0","1900-01-01 00:00:00.0"
"Yungay","Planta Titular","Educación","Titular","Maritza Zoraida Flores Ortega","Docente","SIN INFORMACION","Docente","Profesionales de La Educación Ley N°19.070","2015-02-01 00:00:00.0","1900-01-01 00:00:00.0"
"Yungay","Planta Titular","Educación","Titular","Sergio Eduardo Cifuentes Urbano","Orientador"," ","Docente","Escala Profesionales de La Educación Llay 19.070)","2010-03-01 00:00:00.0","1900-01-01 00:00:00.0"
"Yungay","Planta Titular","Educación","Titular","Carlos Fernando Aranda Pino","Orientador"," ","Docente","Escala Profesionales de La Educación Llay 19.070)","2010-03-01 00:00:00.0","1900-01-01 00:00:00.0"
"Yungay","Planta Titular","Educación","Titular","Juan Francisco Troncoso Rucan","Docente","SIN INFORMACION","Docente Directivo","Profesionales de La Educación Ley N°19.070","2016-08-22 00:00:00.0","2021-08-22 00:00:00.0"
"Yungay","Planta Titular","Educación","Titular","Ana Rosa Campos Parra","Docente","SIN INFORMACION","Docente","Profesionales de La Educación Ley N°19.070","2012-03-01 00:00:00.0","1900-01-01 00:00:00.0"
"Yungay","Planta Titular","Educación","Titular","Ana Maria Castillo Pedrero","Técnico Pedagógico"," ","Directiva Docente","Escala Profesionales de La Educación Llay 19.070)","2010-03-01 00:00:00.0","1900-01-01 00:00:00.0"
"Yungay","Planta Titular","Educación","Titular","Eugenia Maria Rosa Lopez Hernandez","Jefe del Departamento de Administración de Educación Municipal","SIN INFORMACION","Docente Directivo","Profesionales de La Educación Ley N°19.070","2016-04-05 00:00:00.0","2021-04-05 00:00:00.0"
"Yungay","Planta Titular","Educación","Titular","Maria Elena Alvarez Mardones","Docente","SIN INFORMACION","Docente","Profesionales de La Educación Ley N°19.070","2015-02-01 00:00:00.0","1900-01-01 00:00:00.0"
"Yungay","Planta Titular","Educación","Titular","M¿nica  Mardones Rocha","Docente","SIN INFORMACION","Docente","Profesionales de La Educación Ley N°19.070","2015-02-01 00:00:00.0","1900-01-01 00:00:00.0"
