"Comuna","Tipo de Contratación","Área","Calidad","Nombre","Cargo","Grado","Planta","Remuneración","Fecha desde","Fecha hasta"
"Yungay","Contrata","Salud","Contrata","Rigoberto Patricio Compai Bravo","Auxiliar de Servicio de Salud","SIN INFORMACION","Contratados Sin Planta","Estatuto Atención Primaria de Salud Municipal  Ley N°19.378","2019-07-01 00:00:00.0","2019-12-31 00:00:00.0"
"Yungay","Contrata","Salud","Contrata","Rafael Eduardo Venegas Orellana","Auxiliar de Servicio de Salud","SIN INFORMACION","Contratados Sin Planta","Estatuto Atención Primaria de Salud Municipal  Ley N°19.378","2019-07-01 00:00:00.0","2019-12-31 00:00:00.0"
"Yungay","Contrata","Salud","Contrata","Celmira Andrea Benitez Altamirano","Administrativo Crea de Salud","SIN INFORMACION","Contratados Sin Planta","Estatuto Atención Primaria de Salud Municipal  Ley N°19.378","2019-07-01 00:00:00.0","2019-12-31 00:00:00.0"
"Yungay","Contrata","Salud","Contrata","Olivia Carmen Araya Contreras","Técnico de Nivel Superior","SIN INFORMACION","Contratados Sin Planta","Estatuto Atención Primaria de Salud Municipal  Ley N°19.378","2019-07-01 00:00:00.0","2019-12-31 00:00:00.0"
"Yungay","Contrata","Salud","Contrata","Viviana Figueroa Mu¿oz","Químico Farmacéutico","SIN INFORMACION","Contratados Sin Planta","Estatuto Atención Primaria de Salud Municipal  Ley N°19.378","2019-07-01 00:00:00.0","2019-12-31 00:00:00.0"
"Yungay","Contrata","Salud","Contrata","Tamsy de Lourdes Gacit¿a  Toro","Profesional","SIN INFORMACION","Contratados Sin Planta","Estatuto Atención Primaria de Salud Municipal  Ley N°19.378","2019-07-01 00:00:00.0","2019-12-31 00:00:00.0"
"Yungay","Contrata","Salud","Contrata","Catherine Rossana Arias Cotal","Técnico de Nivel Superior","SIN INFORMACION","Contratados Sin Planta","Estatuto Atención Primaria de Salud Municipal  Ley N°19.378","2019-07-01 00:00:00.0","2019-12-31 00:00:00.0"
"Yungay","Contrata","Salud","Contrata","Gilma Beatriz Cid Sanchez","Profesional","SIN INFORMACION","Contratados Sin Planta","Estatuto Atención Primaria de Salud Municipal  Ley N°19.378","2019-01-01 00:00:00.0","2019-06-30 00:00:00.0"
"Yungay","Contrata","Salud","Contrata","Daniela Paz Quilodran Figueroa","Técnico de Nivel Superior","SIN INFORMACION","Contratados Sin Planta","Estatuto Atención Primaria de Salud Municipal  Ley N°19.378","2019-07-01 00:00:00.0","2019-12-31 00:00:00.0"
"Yungay","Contrata","Salud","Contrata","Katherine Nicole Chavarría Burgos","Técnico de Nivel Superior","SIN INFORMACION","Contratados Sin Planta","Estatuto Atención Primaria de Salud Municipal  Ley N°19.378","2019-07-01 00:00:00.0","2019-12-31 00:00:00.0"
"Yungay","Contrata","Salud","Contrata","Nicole Alexandra Acuña Coquedan","Técnico de Nivel Superior","SIN INFORMACION","Contratados Sin Planta","Estatuto Atención Primaria de Salud Municipal  Ley N°19.378","2019-07-01 00:00:00.0","2019-12-31 00:00:00.0"
