"Comuna","Tipo de Contratación","Área","Calidad","Nombre","Cargo","Grado","Planta","Remuneración","Fecha desde","Fecha hasta"
"Ninhue","Honorarios","Programa Comunitario","Programa Comunitario","Maria Mercedes Fuentes  Mu¿oz","","SIN INFORMACION","","","2019-01-02 00:00:00.0","2019-02-28 00:00:00.0"
"Ninhue","Honorarios","Programa Comunitario","Programa Comunitario","Jose Pedro Solis  Burto","","SIN INFORMACION","","","2019-01-02 00:00:00.0","2019-12-31 00:00:00.0"
"Ninhue","Honorarios","Programa Comunitario","Programa Comunitario","Marcelo Armando Ramirez Vega","","SIN INFORMACION","","","2019-01-02 00:00:00.0","2019-12-31 00:00:00.0"
"Ninhue","Honorarios","Programa Comunitario","Programa Comunitario","Fani Susana Irribarra  San Martin","","SIN INFORMACION","","","2019-01-02 00:00:00.0","2019-12-31 00:00:00.0"
"Ninhue","Honorarios","Programa Comunitario","Programa Comunitario","Hector Enrique Fernandez Barrera","","SIN INFORMACION","","","2019-01-02 00:00:00.0","2019-12-31 00:00:00.0"
"Ninhue","Honorarios","Programa Comunitario","Programa Comunitario","Felipe Alejandro Riquelme Riquelme","","SIN INFORMACION","","","2019-01-02 00:00:00.0","2019-03-31 00:00:00.0"
"Ninhue","Honorarios","Programa Comunitario","Programa Comunitario","Carlos Hizmeri Parra","","SIN INFORMACION","","","2019-01-02 00:00:00.0","2019-12-31 00:00:00.0"
"Ninhue","Honorarios","Programa Comunitario","Programa Comunitario","Johana Andrea Andrades Andrade","","SIN INFORMACION","","","2019-01-02 00:00:00.0","2019-12-31 00:00:00.0"
"Ninhue","Honorarios","Programa Comunitario","Programa Comunitario","Alejandra Acevedo Acevedo","","SIN INFORMACION","","","2019-01-02 00:00:00.0","2019-12-31 00:00:00.0"
"Ninhue","Honorarios","Programa Comunitario","Programa Comunitario","Karinna Alejandra Bustos Medina","","SIN INFORMACION","","","2019-03-04 00:00:00.0","2019-05-31 00:00:00.0"
"Ninhue","Honorarios","Programa Comunitario","Programa Comunitario","Victor Alfonso Medina Tapia","","SIN INFORMACION","","","2019-01-02 00:00:00.0","2019-12-31 00:00:00.0"
"Ninhue","Honorarios","Programa Comunitario","Programa Comunitario","Juan Fernando Roa Osorio","","SIN INFORMACION","","","2019-03-18 00:00:00.0","2019-05-31 00:00:00.0"
"Ninhue","Honorarios","Programa Comunitario","Programa Comunitario","Yuri de Lourdes  Díaz Espinoza","","SIN INFORMACION","","","2019-01-02 00:00:00.0","2019-12-31 00:00:00.0"
"Ninhue","Honorarios","Programa Comunitario","Programa Comunitario","Luz Maria Francisca Bocaz Diaz","","SIN INFORMACION","","","2019-03-18 00:00:00.0","2019-05-31 00:00:00.0"
"Ninhue","Honorarios","Programa Comunitario","Programa Comunitario","Giselle Fernanda Soto Soto","","SIN INFORMACION","","","2019-01-02 00:00:00.0","2019-12-31 00:00:00.0"
"Ninhue","Honorarios","Programa Comunitario","Programa Comunitario","Francisco Javier Medina Fuentes","","SIN INFORMACION","","","2019-01-02 00:00:00.0","2019-12-31 00:00:00.0"
"Ninhue","Honorarios","Programa Comunitario","Programa Comunitario","Luis Alejandro Tapia Lopez","","SIN INFORMACION","","","2019-01-09 00:00:00.0","2019-02-22 00:00:00.0"
"Ninhue","Honorarios","Programa Comunitario","Programa Comunitario","Soledad Azucena Garcia Chacana","","SIN INFORMACION","","","2019-01-02 00:00:00.0","2019-12-31 00:00:00.0"
"Ninhue","Honorarios","Programa Comunitario","Programa Comunitario","Efrain Felipe Andres Palma","","SIN INFORMACION","","","2019-01-02 00:00:00.0","2019-12-31 00:00:00.0"
"Ninhue","Honorarios","Programa Comunitario","Programa Comunitario","Luis Alfredo Cifuentes Rivas","","SIN INFORMACION","","","2019-01-02 00:00:00.0","2019-12-31 00:00:00.0"
"Ninhue","Honorarios","Programa Comunitario","Programa Comunitario","Nicolás Alexander Bravo San Martín","","SIN INFORMACION","","","2019-01-09 00:00:00.0","2019-02-22 00:00:00.0"
"Ninhue","Honorarios","Programa Comunitario","Programa Comunitario","Natalia Fernanda Monsalve Luengo","","SIN INFORMACION","","","2019-06-10 00:00:00.0","2019-12-31 00:00:00.0"
"Ninhue","Honorarios","Programa Comunitario","Programa Comunitario","Ana Maria  Parra  Saez","","SIN INFORMACION","","","2019-05-02 00:00:00.0","2019-12-31 00:00:00.0"
"Ninhue","Honorarios","Programa Comunitario","Programa Comunitario","Jose Nelson Aedo Figueroa","","SIN INFORMACION","","","2019-01-02 00:00:00.0","2019-12-31 00:00:00.0"
"Ninhue","Honorarios","Programa Comunitario","Programa Comunitario","Heriberto  Jaque  San Martin","","SIN INFORMACION","","","2019-04-10 00:00:00.0","2019-12-31 00:00:00.0"
"Ninhue","Honorarios","Programa Comunitario","Programa Comunitario","Sebastian Jaque San Martin","","SIN INFORMACION","","","2019-01-02 00:00:00.0","2019-12-31 00:00:00.0"
"Ninhue","Honorarios","Programa Comunitario","Programa Comunitario","Alejandro San Martin Medina","","SIN INFORMACION","","","2019-01-02 00:00:00.0","2019-12-31 00:00:00.0"
"Ninhue","Honorarios","Programa Comunitario","Programa Comunitario","Sebastiana Herminda Flores Carrasco","","SIN INFORMACION","","","2019-01-02 00:00:00.0","2019-12-31 00:00:00.0"
