"Comuna","Tipo de Contratación","Área","Calidad","Nombre","Cargo","Grado","Planta","Remuneración","Fecha desde","Fecha hasta"
"Ninhue","Planta Titular","Sin Clasificación","Titular","Marisol del Carmen Rodriguez Parra","Administrativo","17°","Contratados Sin Planta","Escala Municipal","2009-10-30 00:00:00.0","1900-01-01 00:00:00.0"
"Ninhue","Planta Titular","Sin Clasificación","Titular","Alejandra Ines Sandoval Ortiz","Matrona","B","Contratados Sin Planta","","2006-04-08 00:00:00.0","1900-01-01 00:00:00.0"
"Ninhue","Planta Titular","Sin Clasificación","Titular","Luis Osvaldo Tapia Toro","Auxiliar","18°","Auxiliares","Escala Municipal","2011-08-29 00:00:00.0","1900-01-01 00:00:00.0"
"Ninhue","Planta Titular","Sin Clasificación","Titular","Jose Erasmo Ramirez Vega","Auxiliar","17°","Auxiliares","Escala Municipal","2010-03-17 00:00:00.0","1900-01-01 00:00:00.0"
"Ninhue","Planta Titular","Sin Clasificación","Titular","Lorena del Pilar Lopez Muñoz","Administrativo","16°","Administrativos","Escala Municipal","1994-01-01 00:00:00.0","1900-01-01 00:00:00.0"
"Ninhue","Planta Titular","Sin Clasificación","Titular","Lorene Rachel Zapata Gutierrez","Auxiliar Paramedico","D","Contratados Sin Planta","","2002-07-15 00:00:00.0","1900-01-01 00:00:00.0"
"Ninhue","Planta Titular","Sin Clasificación","Titular","Maria Isabel Novoa Toro","Auxiliar","18°","Auxiliares","Escala Municipal","2010-05-31 00:00:00.0","1900-01-01 00:00:00.0"
"Ninhue","Planta Titular","Sin Clasificación","Titular","Maricel Alexandra Irribarra Irribarra","Administrativo","17°","Administrativos","Escala Municipal","1995-03-01 00:00:00.0","1900-01-01 00:00:00.0"
"Ninhue","Planta Titular","Sin Clasificación","Titular","Karla Valentina Sepulveda Jara","Profesional","11°","Profesionales","Escala Municipal","2011-08-01 00:00:00.0","1900-01-01 00:00:00.0"
"Ninhue","Planta Titular","Sin Clasificación","Titular","Lorena Kathia Alejandra Souto Godoy","Asistente Social","12°","Jefaturas","Escala Municipal","2011-05-09 00:00:00.0","1900-01-01 00:00:00.0"
"Ninhue","Planta Titular","Sin Clasificación","Titular","Alejandra Patricia Contreras Toro","Jefe"," ","Sin Información","Estatuto Atención Primaria de Salud Municipal  Ley N°19.378","2008-11-01 00:00:00.0","1900-01-01 00:00:00.0"
"Ninhue","Planta Titular","Sin Clasificación","Titular","Prosperina Andrea Malverde Malverde","Auxiliar"," ","Auxiliares","Estatuto Atención Primaria de Salud Municipal  Ley N°19.378","2009-11-01 00:00:00.0","1900-01-01 00:00:00.0"
"Ninhue","Planta Titular","Sin Clasificación","Titular","Victor Hugo Gaete Silva","Directivo","9°","Directivos","Escala Municipal","2003-07-08 00:00:00.0","1900-01-01 00:00:00.0"
"Ninhue","Planta Titular","Sin Clasificación","Titular","Rodrigo Alejandro Contreras Rocha","Cirujano Dentista","A","Contratados Sin Planta","","2006-04-08 00:00:00.0","1900-01-01 00:00:00.0"
"Ninhue","Planta Titular","Sin Clasificación","Titular","Carolina Octavia Troncoso Sánchez","Directivo","9°","Directivos","Escala Municipal de Remuneraciones(ley 18.883)","2014-06-16 00:00:00.0","1900-01-01 00:00:00.0"
"Ninhue","Planta Titular","Sin Clasificación","Titular","Urbano del Rosario Molina Fuentes","Técnico","14°","Técnicos","Escala Municipal","1998-10-01 00:00:00.0","1900-01-01 00:00:00.0"
"Ninhue","Planta Titular","Sin Clasificación","Titular","Pedro del Rosario Venegas Martinez","Auxiliar","16°","Auxiliares","Escala Municipal","1994-01-01 00:00:00.0","1900-01-01 00:00:00.0"
"Ninhue","Planta Titular","Sin Clasificación","Titular","Jose Manuel Coloma Troncoso","Técnico Pedagógico"," ","Docente","","2005-04-01 00:00:00.0","1900-01-01 00:00:00.0"
"Ninhue","Planta Titular","Sin Clasificación","Titular","Maria Olivia Brito Rojas","Auxiliar de Servicios","F","Contratados Sin Planta","","2002-07-15 00:00:00.0","1900-01-01 00:00:00.0"
"Ninhue","Planta Titular","Sin Clasificación","Titular","Oscar Jose Aguilera Parra","Auxiliar","16°","Auxiliares","Escala Municipal","1994-01-01 00:00:00.0","1900-01-01 00:00:00.0"
"Ninhue","Planta Titular","Sin Clasificación","Titular","Patricia Gloria López Burgos","Enfermero(a)"," ","Profesionales","Estatuto Atención Primaria de Salud Municipal  Ley N°19.378","2006-06-10 00:00:00.0","1900-01-01 00:00:00.0"
"Ninhue","Planta Titular","Sin Clasificación","Titular","Hector Vicente Salgado Novoa","Profesional","11°","Personal No Pertenece A Planta","Escala Municipal","2012-03-13 00:00:00.0","1900-01-01 00:00:00.0"
"Ninhue","Planta Titular","Sin Clasificación","Titular","Marlene Jeanette Irene Miranda Larenas","Profesional"," ","Profesionales","Estatuto Atención Primaria de Salud Municipal  Ley N°19.378","1998-09-01 00:00:00.0","1900-01-01 00:00:00.0"
"Ninhue","Planta Titular","Sin Clasificación","Titular","Carlos Roberto Contreras Contreras","Técnico","11°","Técnicos","Escala Municipal","1994-01-01 00:00:00.0","1900-01-01 00:00:00.0"
"Ninhue","Planta Titular","Sin Clasificación","Titular","Francisco Javier Moreno Vergara","Auxiliar"," ","Auxiliares","Estatuto Atención Primaria de Salud Municipal  Ley N°19.378","2002-07-15 00:00:00.0","1900-01-01 00:00:00.0"
"Ninhue","Planta Titular","Sin Clasificación","Titular","Cecilia del Pilar Fernandez Fonseca","Administrativo","15°","Administrativos","Escala Municipal","1994-01-01 00:00:00.0","1900-01-01 00:00:00.0"
"Ninhue","Planta Titular","Sin Clasificación","Titular","Maria Elena Pardo Noriega","Directivo","9°","Directivos","","1995-02-20 00:00:00.0","1900-01-01 00:00:00.0"
