"Comuna","Tipo de Contratación","Área","Calidad","Nombre","Cargo","Grado","Planta","Remuneración","Fecha desde","Fecha hasta"
"Ninhue","Honorarios","Contrato A Honorarios","A Suma Alzada","Ingrid Marianet Landero Gonzalez","","SIN INFORMACION","","","2019-01-02 00:00:00.0","2019-12-31 00:00:00.0"
"Ninhue","Honorarios","Contrato A Honorarios","A Suma Alzada","Alejandro Andres Mery Castillo","","SIN INFORMACION","","","2019-01-02 00:00:00.0","2019-12-31 00:00:00.0"
"Ninhue","Honorarios","Contrato A Honorarios","A Suma Alzada","Maricel Alexandra Irribarra Irribarra","","SIN INFORMACION","","","2019-01-02 00:00:00.0","2019-12-31 00:00:00.0"
"Ninhue","Honorarios","Contrato A Honorarios","A Suma Alzada","Patricio Esteban Gutierrez Valenzuela","","SIN INFORMACION","","","2019-01-01 00:00:00.0","2019-02-28 00:00:00.0"
