"Comuna","Tipo de Contratación","Área","Calidad","Nombre","Cargo","Grado","Planta","Remuneración","Fecha desde","Fecha hasta"
"Ninhue","Contrata","Salud","Contrata","Ester del Carmen Ortiz Andrade","Auxiliar de Servicio de Salud","SIN INFORMACION","Contratados Sin Planta","Estatuto Atención Primaria de Salud Municipal  Ley N°19.378","2019-01-01 00:00:00.0","2019-12-31 00:00:00.0"
"Ninhue","Contrata","Salud","Contrata","Jose Antonio Guajardo Cerna","Auxiliar de Servicio de Salud","SIN INFORMACION","Contratados Sin Planta","Estatuto Atención Primaria de Salud Municipal  Ley N°19.378","2019-03-15 00:00:00.0","2019-03-15 00:00:00.0"
"Ninhue","Contrata","Salud","Contrata","Edgardo del Transito Ortiz Fuentes","Auxiliar de Servicio de Salud","SIN INFORMACION","Contratados Sin Planta","Estatuto Atención Primaria de Salud Municipal  Ley N°19.378","2019-01-01 00:00:00.0","2019-12-31 00:00:00.0"
"Ninhue","Contrata","Salud","Contrata","Jose Fuentes Parra","Auxiliar de Servicio de Salud","SIN INFORMACION","Contratados Sin Planta","Estatuto Atención Primaria de Salud Municipal  Ley N°19.378","2019-05-16 00:00:00.0","2019-05-17 00:00:00.0"
"Ninhue","Contrata","Salud","Contrata","Ximena del Carmen Rojas Herrera","Auxiliar de Servicio de Salud","SIN INFORMACION","Contratados Sin Planta","Estatuto Atención Primaria de Salud Municipal  Ley N°19.378","2019-01-01 00:00:00.0","2019-12-31 00:00:00.0"
"Ninhue","Contrata","Salud","Contrata","Jose Federico Malverde Molina","Profesional","SIN INFORMACION","Contratados Sin Planta","Estatuto Atención Primaria de Salud Municipal  Ley N°19.378","2019-01-01 00:00:00.0","2019-12-31 00:00:00.0"
"Ninhue","Contrata","Salud","Contrata","Marcos Solis Bustos","Auxiliar de Servicio de Salud","SIN INFORMACION","Contratados Sin Planta","Estatuto Atención Primaria de Salud Municipal  Ley N°19.378","2019-04-30 00:00:00.0","2019-05-10 00:00:00.0"
"Ninhue","Contrata","Salud","Contrata","Eliana Juana Lillo Cifuentes","Auxiliar de Servicio de Salud","SIN INFORMACION","Contratados Sin Planta","Estatuto Atención Primaria de Salud Municipal  Ley N°19.378","2019-01-01 00:00:00.0","2019-12-31 00:00:00.0"
"Ninhue","Contrata","Salud","Contrata","Marcela Ruiz Morales","Auxiliar de Servicio de Salud","SIN INFORMACION","Contratados Sin Planta","Estatuto Atención Primaria de Salud Municipal  Ley N°19.378","2019-07-04 00:00:00.0","2019-07-16 00:00:00.0"
"Ninhue","Contrata","Salud","Contrata","María Angélica Maldonado Lagos","Profesional","SIN INFORMACION","Contratados Sin Planta","Estatuto Atención Primaria de Salud Municipal  Ley N°19.378","2019-05-16 00:00:00.0","2019-06-01 00:00:00.0"
"Ninhue","Contrata","Salud","Contrata","Maria Alicia Cortes Torres","Profesional","SIN INFORMACION","Contratados Sin Planta","Estatuto Atención Primaria de Salud Municipal  Ley N°19.378","2019-01-01 00:00:00.0","2019-12-31 00:00:00.0"
"Ninhue","Contrata","Salud","Contrata","Miriam Ramirez Caro","Técnico de Nivel Superior","SIN INFORMACION","Contratados Sin Planta","Estatuto Atención Primaria de Salud Municipal  Ley N°19.378","2019-01-01 00:00:00.0","2019-12-31 00:00:00.0"
"Ninhue","Contrata","Salud","Contrata","Paola Elizabeth Mu¿oz Caro","Profesional","SIN INFORMACION","Contratados Sin Planta","Estatuto Atención Primaria de Salud Municipal  Ley N°19.378","2019-01-01 00:00:00.0","2019-12-31 00:00:00.0"
"Ninhue","Contrata","Salud","Contrata","Guillermo Antonio Vigneau Pradenas","Profesional","SIN INFORMACION","Contratados Sin Planta","Estatuto Atención Primaria de Salud Municipal  Ley N°19.378","2019-01-01 00:00:00.0","2019-12-31 00:00:00.0"
"Ninhue","Contrata","Salud","Contrata","Angel Federico San Martin Medina","Auxiliar de Servicio de Salud","SIN INFORMACION","Contratados Sin Planta","Estatuto Atención Primaria de Salud Municipal  Ley N°19.378","2019-01-01 00:00:00.0","2019-12-31 00:00:00.0"
"Ninhue","Contrata","Salud","Contrata","Cristian Eduardo Bustos Sandoval","Auxiliar de Servicio de Salud","SIN INFORMACION","Contratados Sin Planta","Estatuto Atención Primaria de Salud Municipal  Ley N°19.378","2019-02-04 00:00:00.0","2019-02-08 00:00:00.0"
"Ninhue","Contrata","Salud","Contrata","Julio Cesar Jaramillo Cordova","Profesional","SIN INFORMACION","Contratados Sin Planta","Estatuto Atención Primaria de Salud Municipal  Ley N°19.378","2019-01-01 00:00:00.0","2019-12-31 00:00:00.0"
"Ninhue","Contrata","Salud","Contrata","Juana Isabel  Iribarra  Avello","Administrativo Crea de Salud","SIN INFORMACION","Contratados Sin Planta","Estatuto Atención Primaria de Salud Municipal  Ley N°19.378","2019-01-01 00:00:00.0","2019-12-31 00:00:00.0"
"Ninhue","Contrata","Salud","Contrata","Viviana Esther Bustos Cortez","Técnico de Nivel Superior","SIN INFORMACION","Contratados Sin Planta","Estatuto Atención Primaria de Salud Municipal  Ley N°19.378","2019-01-07 00:00:00.0","2019-01-07 00:00:00.0"
"Ninhue","Contrata","Salud","Contrata","Yisela Andrea Cuiti¿o Fuentes","Profesional","SIN INFORMACION","Contratados Sin Planta","Estatuto Atención Primaria de Salud Municipal  Ley N°19.378","2019-01-01 00:00:00.0","2019-12-31 00:00:00.0"
"Ninhue","Contrata","Salud","Contrata","Barbara Elena Puente Rubilar","Profesional","SIN INFORMACION","Contratados Sin Planta","Estatuto Atención Primaria de Salud Municipal  Ley N°19.378","2019-01-01 00:00:00.0","2019-01-31 00:00:00.0"
"Ninhue","Contrata","Salud","Contrata","Yasna Belen Tapia Cortes","Técnico de Nivel Superior","SIN INFORMACION","Contratados Sin Planta","Estatuto Atención Primaria de Salud Municipal  Ley N°19.378","2019-01-01 00:00:00.0","2019-12-31 00:00:00.0"
"Ninhue","Contrata","Salud","Contrata","Pedro Francisco Romero  Suazo","Profesional","SIN INFORMACION","Contratados Sin Planta","Estatuto Atención Primaria de Salud Municipal  Ley N°19.378","2019-01-01 00:00:00.0","2019-12-31 00:00:00.0"
"Ninhue","Contrata","Salud","Contrata","Andres Eduardo Millar Ramirez","Auxiliar de Servicio de Salud","SIN INFORMACION","Contratados Sin Planta","Estatuto Atención Primaria de Salud Municipal  Ley N°19.378","2019-01-14 00:00:00.0","2019-01-14 00:00:00.0"
"Ninhue","Contrata","Salud","Contrata","Jos¿ Luis Fernandez Fernandez","Auxiliar de Servicio de Salud","SIN INFORMACION","Contratados Sin Planta","Estatuto Atención Primaria de Salud Municipal  Ley N°19.378","2019-01-02 00:00:00.0","2019-01-02 00:00:00.0"
"Ninhue","Contrata","Salud","Contrata","Beatriz Amanda Jaque Cariz","Técnico de Nivel Superior","SIN INFORMACION","Contratados Sin Planta","Estatuto Atención Primaria de Salud Municipal  Ley N°19.378","2019-01-01 00:00:00.0","2019-12-31 00:00:00.0"
"Ninhue","Contrata","Salud","Contrata","Daniela Mendez Molina","Técnico de Nivel Superior","SIN INFORMACION","Contratados Sin Planta","Estatuto Atención Primaria de Salud Municipal  Ley N°19.378","2019-01-01 00:00:00.0","2019-12-31 00:00:00.0"
"Ninhue","Contrata","Salud","Contrata","Rubi Valeska Cartes Espinoza","Técnico de Nivel Superior","SIN INFORMACION","Contratados Sin Planta","Estatuto Atención Primaria de Salud Municipal  Ley N°19.378","2019-10-30 00:00:00.0","2019-10-30 00:00:00.0"
"Ninhue","Contrata","Salud","Contrata","Yocelin de Las Mercedes Pradena Crisóstomo","Técnico de Nivel Superior","SIN INFORMACION","Contratados Sin Planta","Estatuto Atención Primaria de Salud Municipal  Ley N°19.378","2019-08-09 00:00:00.0","2019-08-09 00:00:00.0"
"Ninhue","Contrata","Salud","Contrata","Raquel Andrea de La Hoz Espinoza","Profesional","SIN INFORMACION","Contratados Sin Planta","Estatuto Atención Primaria de Salud Municipal  Ley N°19.378","2019-01-14 00:00:00.0","2019-01-25 00:00:00.0"
"Ninhue","Contrata","Salud","Contrata","Mariela Elena  Cartes  Novoa","Técnico de Nivel Superior","SIN INFORMACION","Contratados Sin Planta","Estatuto Atención Primaria de Salud Municipal  Ley N°19.378","2019-01-04 00:00:00.0","2019-01-04 00:00:00.0"
"Ninhue","Contrata","Salud","Contrata","Jacqueline Fuentes Gutierrez","Profesional","SIN INFORMACION","Contratados Sin Planta","Estatuto Atención Primaria de Salud Municipal  Ley N°19.378","2019-01-01 00:00:00.0","2019-12-31 00:00:00.0"
"Ninhue","Contrata","Salud","Contrata","Fabiola  Fuentes Montecinos","Técnico de Nivel Superior","SIN INFORMACION","Contratados Sin Planta","Estatuto Atención Primaria de Salud Municipal  Ley N°19.378","2019-01-03 00:00:00.0","2019-01-04 00:00:00.0"
"Ninhue","Contrata","Salud","Contrata","Carmen Araceli Sanhueza Villa","Técnico de Nivel Superior","SIN INFORMACION","Contratados Sin Planta","Estatuto Atención Primaria de Salud Municipal  Ley N°19.378","2019-03-18 00:00:00.0","2019-03-20 00:00:00.0"
"Ninhue","Contrata","Salud","Contrata","Rosio del Pilar Palma Molina","Técnico de Nivel Superior","SIN INFORMACION","Contratados Sin Planta","Estatuto Atención Primaria de Salud Municipal  Ley N°19.378","2019-01-04 00:00:00.0","2019-01-04 00:00:00.0"
"Ninhue","Contrata","Salud","Contrata","Meliza Angeliza Soto San Martin","Técnico de Nivel Superior","SIN INFORMACION","Contratados Sin Planta","Estatuto Atención Primaria de Salud Municipal  Ley N°19.378","2019-01-01 00:00:00.0","2019-12-31 00:00:00.0"
"Ninhue","Contrata","Salud","Contrata","Camila Andrea Cadenas Palma","Técnico de Nivel Superior","SIN INFORMACION","Contratados Sin Planta","Estatuto Atención Primaria de Salud Municipal  Ley N°19.378","2019-06-13 00:00:00.0","2019-06-13 00:00:00.0"
"Ninhue","Contrata","Salud","Contrata","Camila San Martin Loyola","Técnico de Nivel Superior","SIN INFORMACION","Contratados Sin Planta","Estatuto Atención Primaria de Salud Municipal  Ley N°19.378","2019-03-14 00:00:00.0","2019-03-15 00:00:00.0"
"Ninhue","Contrata","Salud","Contrata","Yesenia Solange San Martin Sanhueza","Profesional","SIN INFORMACION","Contratados Sin Planta","Estatuto Atención Primaria de Salud Municipal  Ley N°19.378","2019-09-12 00:00:00.0","2019-09-13 00:00:00.0"
"Ninhue","Contrata","Salud","Contrata","Jarikssa Monsalve Parra","Técnico de Nivel Superior","SIN INFORMACION","Contratados Sin Planta","Estatuto Atención Primaria de Salud Municipal  Ley N°19.378","2019-10-10 00:00:00.0","2019-10-11 00:00:00.0"
"Ninhue","Contrata","Salud","Contrata","Jose Miguel Camacho Vasquez","Profesional","SIN INFORMACION","Contratados Sin Planta","Estatuto Atención Primaria de Salud Municipal  Ley N°19.378","2019-01-01 00:00:00.0","2019-12-31 00:00:00.0"
"Ninhue","Contrata","Salud","Contrata","Pablo Daniel Vera  Portillo","Profesional","SIN INFORMACION","Contratados Sin Planta","Estatuto Atención Primaria de Salud Municipal  Ley N°19.378","2019-04-01 00:00:00.0","2019-05-31 00:00:00.0"
"Ninhue","Contrata","Salud","Contrata","Lorena Torres Barrenechea","Administrativo Crea de Salud","SIN INFORMACION","Contratados Sin Planta","Estatuto Atención Primaria de Salud Municipal  Ley N°19.378","2019-01-01 00:00:00.0","2019-12-31 00:00:00.0"
"Ninhue","Contrata","Salud","Contrata","Roberto Armando Jara  Adasme","Profesional","SIN INFORMACION","Contratados Sin Planta","Estatuto Atención Primaria de Salud Municipal  Ley N°19.378","2019-01-01 00:00:00.0","2019-12-31 00:00:00.0"
"Ninhue","Contrata","Salud","Contrata","Yolanda del Carmen Gonzalez Yebenes","Técnico de Salud","D","Técnicos de Salud Categoría D","Estatuto Atención Primaria de Salud Municipal  Ley N°19.378","1995-03-01 00:00:00.0","1900-01-01 00:00:00.0"
