"Comuna","Tipo de Contratación","Área","Calidad","Nombre","Cargo","Grado","Planta","Remuneración","Fecha desde","Fecha hasta"
"Ninhue","Planta Titular","Salud","Titular","Leonardo Antonio Bravo Herrera","Conductor de Vehículos","SIN INFORMACION","Auxiliares de Servicios de Salud Categoría F","Sin Información","1991-08-07 00:00:00.0","1900-01-01 00:00:00.0"
"Ninhue","Planta Titular","Salud","Titular","Gladys Fabiola Vergara Vizcarra","Administrativo Crea de Salud","SIN INFORMACION","Administrativos de Salud Categoría E","Estatuto Atención Primaria de Salud Municipal  Ley N°19.378","1995-11-01 00:00:00.0","9999-12-31 00:00:00.0"
"Ninhue","Planta Titular","Salud","Titular","Juan Antonio Rodriguez Jara","Técnico de Nivel Superior","SIN INFORMACION","Técnicos de Nivel Superior Categoría C","Estatuto Atención Primaria de Salud Municipal  Ley N°19.378","2000-01-01 00:00:00.0","1900-01-01 00:00:00.0"
"Ninhue","Planta Titular","Salud","Titular","Josefina Lorena Venegas Caro","Técnico de Nivel Superior"," ","Técnicos de Nivel Superior Categoría C","Estatuto Atención Primaria de Salud Municipal  Ley N°19.378","2009-11-01 00:00:00.0","1900-01-01 00:00:00.0"
"Ninhue","Planta Titular","Salud","Titular","Alejandra Patricia Contreras Toro","Técnico de Nivel Superior"," ","Técnicos de Nivel Superior Categoría C","Estatuto Atención Primaria de Salud Municipal  Ley N°19.378","2009-11-01 00:00:00.0","1900-01-01 00:00:00.0"
"Ninhue","Planta Titular","Salud","Titular","Yenny Maritza Riquelme Godoy","Profesional","SIN INFORMACION","Profesionales Categoría B","Estatuto Atención Primaria de Salud Municipal  Ley N°19.378","2015-10-01 00:00:00.0","1900-01-01 00:00:00.0"
"Ninhue","Planta Titular","Salud","Titular","Patricia Alejandra Garcia Jara","Técnico de Nivel Superior","SIN INFORMACION","Profesionales Categoría A","Estatuto Atención Primaria de Salud Municipal  Ley N°19.378","2000-01-01 00:00:00.0","1900-01-01 00:00:00.0"
"Ninhue","Planta Titular","Salud","Titular","Jimena Andrea Benavente Bustos","Profesional","SIN INFORMACION","Profesionales Categoría B","Estatuto Atención Primaria de Salud Municipal  Ley N°19.378","2015-10-01 00:00:00.0","1900-01-01 00:00:00.0"
"Ninhue","Planta Titular","Salud","Titular","Silvia del Transito Malverde San Martin","Técnico de Nivel Superior","SIN INFORMACION","Administrativos de Salud Categoría E","Estatuto Atención Primaria de Salud Municipal  Ley N°19.378","2015-10-01 00:00:00.0","1900-01-01 00:00:00.0"
"Ninhue","Planta Titular","Salud","Titular","Viviana Fuentes Gutierrez","Técnico de Nivel Superior","SIN INFORMACION","Técnicos de Nivel Superior Categoría C","Estatuto Atención Primaria de Salud Municipal  Ley N°19.378","2015-10-01 00:00:00.0","1900-01-01 00:00:00.0"
"Ninhue","Planta Titular","Salud","Titular","Maribel Amada Villarroel Cartes","Técnico de Nivel Superior","SIN INFORMACION","Técnicos de Nivel Superior Categoría C","Estatuto Atención Primaria de Salud Municipal  Ley N°19.378","2015-10-01 00:00:00.0","1900-01-01 00:00:00.0"
"Ninhue","Planta Titular","Salud","Titular","Marilyn Filomena Plaza  Sanhueza","Técnico de Nivel Superior","SIN INFORMACION","Técnicos de Nivel Superior Categoría C","Estatuto Atención Primaria de Salud Municipal  Ley N°19.378","2015-10-01 00:00:00.0","1900-01-01 00:00:00.0"
"Ninhue","Planta Titular","Salud","Titular","Laura Angelica Contreras Sandoval","Profesional","SIN INFORMACION","Profesionales Categoría B","Estatuto Atención Primaria de Salud Municipal  Ley N°19.378","2015-10-01 00:00:00.0","1900-01-01 00:00:00.0"
"Ninhue","Planta Titular","Salud","Titular","Tamara Massiel Fuentes Tapia","Técnico de Nivel Superior","SIN INFORMACION","Técnicos de Nivel Superior Categoría C","Estatuto Atención Primaria de Salud Municipal  Ley N°19.378","2015-10-01 00:00:00.0","1900-01-01 00:00:00.0"
"Ninhue","Planta Titular","Salud","Titular","Rolando Antonio Donoso Hernandez","Profesional","SIN INFORMACION","Profesionales Categoría B","Estatuto Atención Primaria de Salud Municipal  Ley N°19.378","2015-10-01 00:00:00.0","1900-01-01 00:00:00.0"
"Ninhue","Planta Titular","Salud","Titular","Alexandra Molina Irribarra","Profesional","SIN INFORMACION","Profesionales Categoría A","Estatuto Atención Primaria de Salud Municipal  Ley N°19.378","2015-12-01 00:00:00.0","1900-01-01 00:00:00.0"
"Ninhue","Planta Titular","Salud","Titular","Maria Evelyn Caro Romero","Técnico de Nivel Superior","SIN INFORMACION","Técnicos de Nivel Superior Categoría C","Estatuto Atención Primaria de Salud Municipal  Ley N°19.378","2015-10-01 00:00:00.0","1900-01-01 00:00:00.0"
"Ninhue","Planta Titular","Salud","Titular","Camila Espinoza Plaza","Técnico de Nivel Superior","SIN INFORMACION","Profesionales Categoría A","Estatuto Atención Primaria de Salud Municipal  Ley N°19.378","2015-10-01 00:00:00.0","1900-01-01 00:00:00.0"
"Ninhue","Planta Titular","Salud","Titular","Ana Karen Montecinos Marin","Técnico de Nivel Superior","SIN INFORMACION","Técnicos de Nivel Superior Categoría C","Estatuto Atención Primaria de Salud Municipal  Ley N°19.378","2015-10-01 00:00:00.0","1900-01-01 00:00:00.0"
"Ninhue","Planta Titular","Salud","Titular","Elcira Johana Caro Fernandez","Técnico de Nivel Superior","SIN INFORMACION","Técnicos de Nivel Superior Categoría C","Estatuto Atención Primaria de Salud Municipal  Ley N°19.378","2015-10-01 00:00:00.0","1900-01-01 00:00:00.0"
"Ninhue","Planta Titular","Salud","Titular","Luis Eduardo Venegas Mendy","Auxiliar de Servicio de Salud","SIN INFORMACION","Auxiliares de Servicios de Salud Categoría F","Estatuto Atención Primaria de Salud Municipal  Ley N°19.378","2015-10-01 00:00:00.0","1900-01-01 00:00:00.0"
"Ninhue","Planta Titular","Salud","Titular","Nelson Rene Ortiz Ponce","Auxiliar de Servicio de Salud","SIN INFORMACION","Profesionales Categoría A","Estatuto Atención Primaria de Salud Municipal  Ley N°19.378","2000-01-01 00:00:00.0","1900-01-01 00:00:00.0"
"Ninhue","Planta Titular","Salud","Titular","Wilson Delfin Fernandez Garrido","Auxiliar de Servicio de Salud","SIN INFORMACION","Auxiliares de Servicios de Salud Categoría F","Estatuto Atención Primaria de Salud Municipal  Ley N°19.378","2015-10-01 00:00:00.0","1900-01-01 00:00:00.0"
