"Comuna","Tipo de Contratación","Área","Calidad","Nombre","Cargo","Grado","Planta","Remuneración","Fecha desde","Fecha hasta"
"Los Lagos","Contrata","Salud","Contrata","Tractiva del Pilar  Pacheco Lastra","Auxiliar de Servicio de Salud","SIN INFORMACION","Contratados Sin Planta","Estatuto Atención Primaria de Salud Municipal  Ley N°19.378","2019-01-01 00:00:00.0","2019-12-31 00:00:00.0"
"Los Lagos","Contrata","Salud","Contrata","Marly Yamilett Segura Sanhueza","Administrativo Crea de Salud","SIN INFORMACION","Contratados Sin Planta","Estatuto Atención Primaria de Salud Municipal  Ley N°19.378","2019-01-01 00:00:00.0","2019-06-30 00:00:00.0"
"Los Lagos","Contrata","Salud","Contrata","Elba Teresa Yañez Castillo","Auxiliar de Servicio de Salud","SIN INFORMACION","Contratados Sin Planta","Estatuto Atención Primaria de Salud Municipal  Ley N°19.378","2019-01-01 00:00:00.0","2019-12-31 00:00:00.0"
"Los Lagos","Contrata","Salud","Contrata","Maria Veronica Chaura Cabezas","Auxiliar de Servicio de Salud","SIN INFORMACION","Contratados Sin Planta","Estatuto Atención Primaria de Salud Municipal  Ley N°19.378","2019-01-01 00:00:00.0","2019-12-31 00:00:00.0"
"Los Lagos","Contrata","Salud","Contrata","Maria Belen Giubergia  Fuentes","Profesional","SIN INFORMACION","Contratados Sin Planta","Estatuto Atención Primaria de Salud Municipal  Ley N°19.378","2019-01-01 00:00:00.0","2019-12-31 00:00:00.0"
"Los Lagos","Contrata","Salud","Contrata","Alejandra Margot Jofre Castillo","Auxiliar de Servicio de Salud","SIN INFORMACION","Contratados Sin Planta","Estatuto Atención Primaria de Salud Municipal  Ley N°19.378","2019-04-01 00:00:00.0","2019-06-30 00:00:00.0"
"Los Lagos","Contrata","Salud","Contrata","Genoveva Ester Mu¿oz  Jaramillo","Auxiliar de Servicio de Salud","SIN INFORMACION","Contratados Sin Planta","Estatuto Atención Primaria de Salud Municipal  Ley N°19.378","2019-01-01 00:00:00.0","2019-12-31 00:00:00.0"
"Los Lagos","Contrata","Salud","Contrata","Maria Lorena Gonzalez Pichaud","Técnico de Nivel Superior","SIN INFORMACION","Contratados Sin Planta","Estatuto Atención Primaria de Salud Municipal  Ley N°19.378","2016-01-01 00:00:00.0","1900-01-01 00:00:00.0"
"Los Lagos","Contrata","Salud","Contrata","Jeannette Alejandra Millar Quijada","Administrativo Crea de Salud","SIN INFORMACION","Contratados Sin Planta","Estatuto Atención Primaria de Salud Municipal  Ley N°19.378","2019-01-01 00:00:00.0","2019-12-31 00:00:00.0"
"Los Lagos","Contrata","Salud","Contrata","Paula Alejandra Ferreira Lopez","Técnico de Nivel Superior","SIN INFORMACION","Contratados Sin Planta","Estatuto Atención Primaria de Salud Municipal  Ley N°19.378","2019-01-01 00:00:00.0","2019-12-31 00:00:00.0"
"Los Lagos","Contrata","Salud","Contrata","Ver¿nica del Carmen  Avila Aguilera","Auxiliar de Servicio de Salud","SIN INFORMACION","Contratados Sin Planta","Estatuto Atención Primaria de Salud Municipal  Ley N°19.378","2019-01-01 00:00:00.0","2019-12-31 00:00:00.0"
"Los Lagos","Contrata","Salud","Contrata","Ana Maria Kullmer Diocares","Técnico de Nivel Superior","SIN INFORMACION","Contratados Sin Planta","Estatuto Atención Primaria de Salud Municipal  Ley N°19.378","2019-01-01 00:00:00.0","2019-12-31 00:00:00.0"
"Los Lagos","Contrata","Salud","Contrata","Juan Luis Muñoz Pairican","Profesional","SIN INFORMACION","Contratados Sin Planta","Estatuto Atención Primaria de Salud Municipal  Ley N°19.378","2019-01-01 00:00:00.0","2019-03-31 00:00:00.0"
"Los Lagos","Contrata","Salud","Contrata","Carmen de Lourdes Alba Veloso","Técnico de Nivel Superior","SIN INFORMACION","Contratados Sin Planta","Estatuto Atención Primaria de Salud Municipal  Ley N°19.378","2016-01-01 00:00:00.0","1900-01-01 00:00:00.0"
"Los Lagos","Contrata","Salud","Contrata","Claudia del Pilar Pe¿a Ponce","Administrativo Crea de Salud","SIN INFORMACION","Contratados Sin Planta","Estatuto Atención Primaria de Salud Municipal  Ley N°19.378","2019-01-01 00:00:00.0","2019-12-31 00:00:00.0"
"Los Lagos","Contrata","Salud","Contrata","Valeria Ingrid Andrade Hormazábal","Técnico de Nivel Superior","SIN INFORMACION","Contratados Sin Planta","Estatuto Atención Primaria de Salud Municipal  Ley N°19.378","2019-08-01 00:00:00.0","2019-10-31 00:00:00.0"
"Los Lagos","Contrata","Salud","Contrata","Cesar Antonio Becerra Rivas","Profesional","SIN INFORMACION","Contratados Sin Planta","Estatuto Atención Primaria de Salud Municipal  Ley N°19.378","2019-01-01 00:00:00.0","2019-03-31 00:00:00.0"
"Los Lagos","Contrata","Salud","Contrata","Natalia Elizabeth Ampuero Vidal","Profesional","SIN INFORMACION","Contratados Sin Planta","Estatuto Atención Primaria de Salud Municipal  Ley N°19.378","2019-01-01 00:00:00.0","2019-03-31 00:00:00.0"
"Los Lagos","Contrata","Salud","Contrata","Marcia Isabel Jaramillo Laurin","Administrativo Crea de Salud","SIN INFORMACION","Contratados Sin Planta","Estatuto Atención Primaria de Salud Municipal  Ley N°19.378","2019-02-08 00:00:00.0","2019-06-30 00:00:00.0"
"Los Lagos","Contrata","Salud","Contrata","Mar¿a Magdalena  Lopez  Fuentes","Auxiliar de Servicio de Salud","SIN INFORMACION","Contratados Sin Planta","Estatuto Atención Primaria de Salud Municipal  Ley N°19.378","2019-01-01 00:00:00.0","2019-03-31 00:00:00.0"
"Los Lagos","Contrata","Salud","Contrata","Yessica Stephanie Medina Améstica","Profesional","SIN INFORMACION","Contratados Sin Planta","Estatuto Atención Primaria de Salud Municipal  Ley N°19.378","2019-06-03 00:00:00.0","2019-07-02 00:00:00.0"
"Los Lagos","Contrata","Salud","Contrata","Jaime Alexis  Saralegui Pacheco","Profesional","SIN INFORMACION","Contratados Sin Planta","Estatuto Atención Primaria de Salud Municipal  Ley N°19.378","2019-04-05 00:00:00.0","2019-04-19 00:00:00.0"
"Los Lagos","Contrata","Salud","Contrata","Sandra Raquel Gomez Vasquez","Profesional","SIN INFORMACION","Contratados Sin Planta","Estatuto Atención Primaria de Salud Municipal  Ley N°19.378","2019-01-01 00:00:00.0","2019-12-31 00:00:00.0"
"Los Lagos","Contrata","Salud","Contrata","Fabiola Jacqueline Monsalve  Faria","Auxiliar de Servicio de Salud","SIN INFORMACION","Contratados Sin Planta","Estatuto Atención Primaria de Salud Municipal  Ley N°19.378","2019-04-16 00:00:00.0","2019-06-30 00:00:00.0"
"Los Lagos","Contrata","Salud","Contrata","Jorge Alejandro Eid Morales","Administrativo Crea de Salud","SIN INFORMACION","Contratados Sin Planta","Estatuto Atención Primaria de Salud Municipal  Ley N°19.378","2019-01-01 00:00:00.0","2019-12-31 00:00:00.0"
"Los Lagos","Contrata","Salud","Contrata","Vianca Andrea Catalán Lagos","Técnico de Nivel Superior","SIN INFORMACION","Contratados Sin Planta","Estatuto Atención Primaria de Salud Municipal  Ley N°19.378","2019-01-01 00:00:00.0","2019-12-31 00:00:00.0"
"Los Lagos","Contrata","Salud","Contrata","Manuel Antonio Ni¿o Mellado","Administrativo Crea de Salud","SIN INFORMACION","Contratados Sin Planta","Estatuto Atención Primaria de Salud Municipal  Ley N°19.378","2019-01-01 00:00:00.0","2019-03-31 00:00:00.0"
"Los Lagos","Contrata","Salud","Contrata","Jos¿ Javier Eleodoro Ruiz Provoste","Profesional","SIN INFORMACION","Contratados Sin Planta","Estatuto Atención Primaria de Salud Municipal  Ley N°19.378","2019-01-01 00:00:00.0","2019-12-31 00:00:00.0"
"Los Lagos","Contrata","Salud","Contrata","Daniela Estefany Marchant Castro","Técnico de Nivel Superior","SIN INFORMACION","Contratados Sin Planta","Estatuto Atención Primaria de Salud Municipal  Ley N°19.378","2019-01-01 00:00:00.0","2019-12-31 00:00:00.0"
"Los Lagos","Contrata","Salud","Contrata","Maria Jose  Mu¿oz  Aguilera","Técnico de Nivel Superior","SIN INFORMACION","Contratados Sin Planta","Estatuto Atención Primaria de Salud Municipal  Ley N°19.378","2019-01-01 00:00:00.0","2019-06-30 00:00:00.0"
"Los Lagos","Contrata","Salud","Contrata","Diana Carolina  Kullmer Diocares","Técnico de Nivel Superior","SIN INFORMACION","Contratados Sin Planta","Estatuto Atención Primaria de Salud Municipal  Ley N°19.378","2019-01-01 00:00:00.0","2019-12-31 00:00:00.0"
"Los Lagos","Contrata","Salud","Contrata","Alejandra Lisset  Castillo Aedo","Auxiliar de Servicio de Salud","SIN INFORMACION","Contratados Sin Planta","Estatuto Atención Primaria de Salud Municipal  Ley N°19.378","2019-02-01 00:00:00.0","2019-03-31 00:00:00.0"
"Los Lagos","Contrata","Salud","Contrata","Paz Fernanda Aguero Contreras","Profesional","SIN INFORMACION","Contratados Sin Planta","Estatuto Atención Primaria de Salud Municipal  Ley N°19.378","2019-01-01 00:00:00.0","2019-12-31 00:00:00.0"
"Los Lagos","Contrata","Salud","Contrata","Daniela Raquel Gonzalez Ruiz","Profesional","SIN INFORMACION","Contratados Sin Planta","Estatuto Atención Primaria de Salud Municipal  Ley N°19.378","2019-01-01 00:00:00.0","2019-12-31 00:00:00.0"
"Los Lagos","Contrata","Salud","Contrata","Carola Teresita Montes Martinez","Profesional","SIN INFORMACION","Contratados Sin Planta","Estatuto Atención Primaria de Salud Municipal  Ley N°19.378","2019-01-01 00:00:00.0","2019-12-31 00:00:00.0"
"Los Lagos","Contrata","Salud","Contrata","Esteban Eduardo Molina  Navarrete","Profesional","SIN INFORMACION","Contratados Sin Planta","Estatuto Atención Primaria de Salud Municipal  Ley N°19.378","2019-09-01 00:00:00.0","2019-10-03 00:00:00.0"
"Los Lagos","Contrata","Salud","Contrata","Pamela Raquel Garrido Pinilla","Profesional","SIN INFORMACION","Contratados Sin Planta","Estatuto Atención Primaria de Salud Municipal  Ley N°19.378","2019-01-01 00:00:00.0","2019-12-31 00:00:00.0"
"Los Lagos","Contrata","Salud","Contrata","Mauricio Esteban Riffo Arteaga","Profesional","SIN INFORMACION","Contratados Sin Planta","Estatuto Atención Primaria de Salud Municipal  Ley N°19.378","2019-01-01 00:00:00.0","2019-12-31 00:00:00.0"
"Los Lagos","Contrata","Salud","Contrata","Camila Fernanda Silva Gómez","Profesional","SIN INFORMACION","Contratados Sin Planta","Estatuto Atención Primaria de Salud Municipal  Ley N°19.378","2019-02-01 00:00:00.0","2019-05-07 00:00:00.0"
"Los Lagos","Contrata","Salud","Contrata","Javier Hugo  Maldonado  Aravena","Profesional","SIN INFORMACION","Contratados Sin Planta","Estatuto Atención Primaria de Salud Municipal  Ley N°19.378","2019-03-16 00:00:00.0","2019-06-06 00:00:00.0"
"Los Lagos","Contrata","Salud","Contrata","Joselyn Romina Sanhueza Toledo","Técnico de Nivel Superior","SIN INFORMACION","Contratados Sin Planta","Estatuto Atención Primaria de Salud Municipal  Ley N°19.378","2019-01-01 00:00:00.0","2019-12-31 00:00:00.0"
"Los Lagos","Contrata","Salud","Contrata","Fabiola Alejandra  Vasquez Rodriguez","Auxiliar de Servicio de Salud","SIN INFORMACION","Contratados Sin Planta","Estatuto Atención Primaria de Salud Municipal  Ley N°19.378","2019-01-01 00:00:00.0","2019-12-31 00:00:00.0"
"Los Lagos","Contrata","Salud","Contrata","Javiera Paz Isamit Orrego","Profesional","SIN INFORMACION","Contratados Sin Planta","Estatuto Atención Primaria de Salud Municipal  Ley N°19.378","2019-01-01 00:00:00.0","2019-12-31 00:00:00.0"
"Los Lagos","Contrata","Salud","Contrata","Carla Beatriz  Paredes   Gatica","Profesional","SIN INFORMACION","Contratados Sin Planta","Estatuto Atención Primaria de Salud Municipal  Ley N°19.378","2019-01-01 00:00:00.0","2019-06-30 00:00:00.0"
"Los Lagos","Contrata","Salud","Contrata","Luis Patricio Venegas  Mancilla","Profesional","SIN INFORMACION","Contratados Sin Planta","Estatuto Atención Primaria de Salud Municipal  Ley N°19.378","2019-01-01 00:00:00.0","2019-06-30 00:00:00.0"
"Los Lagos","Contrata","Salud","Contrata","Claudia Valentina Catalan  Valenzuela","Técnico de Nivel Superior","SIN INFORMACION","Contratados Sin Planta","Estatuto Atención Primaria de Salud Municipal  Ley N°19.378","2019-04-15 00:00:00.0","2019-05-12 00:00:00.0"
"Los Lagos","Contrata","Salud","Contrata","Camila Belen Inostroza  Gonzalez","Profesional","SIN INFORMACION","Contratados Sin Planta","Estatuto Atención Primaria de Salud Municipal  Ley N°19.378","2019-08-08 00:00:00.0","2019-09-18 00:00:00.0"
"Los Lagos","Contrata","Salud","Contrata","Yaritza Lisset Guzman Figueroa","Administrativo Crea de Salud","SIN INFORMACION","Contratados Sin Planta","Estatuto Atención Primaria de Salud Municipal  Ley N°19.378","2019-04-01 00:00:00.0","2019-05-12 00:00:00.0"
"Los Lagos","Contrata","Salud","Contrata","Carola Fernanda Arriagada S¿nchez","Administrativo Crea de Salud","SIN INFORMACION","Contratados Sin Planta","Estatuto Atención Primaria de Salud Municipal  Ley N°19.378","2019-01-01 00:00:00.0","2019-06-30 00:00:00.0"
"Los Lagos","Contrata","Salud","Contrata","Camila Ignacia Pardo  Echeverria","Administrativo Crea de Salud","SIN INFORMACION","Contratados Sin Planta","Estatuto Atención Primaria de Salud Municipal  Ley N°19.378","2019-01-01 00:00:00.0","2019-12-31 00:00:00.0"
"Los Lagos","Contrata","Salud","Contrata","Dailin  Reyes Guach","Profesional","SIN INFORMACION","Contratados Sin Planta","Estatuto Atención Primaria de Salud Municipal  Ley N°19.378","2019-01-01 00:00:00.0","2019-12-31 00:00:00.0"
"Los Lagos","Contrata","Salud","Contrata","Maria Jose  Duran  Arocha","Profesional","SIN INFORMACION","Contratados Sin Planta","Estatuto Atención Primaria de Salud Municipal  Ley N°19.378","2019-01-01 00:00:00.0","2019-12-31 00:00:00.0"
"Los Lagos","Contrata","Salud","Contrata","Saymar Jose Graterol Gomez","Profesional","SIN INFORMACION","Contratados Sin Planta","Estatuto Atención Primaria de Salud Municipal  Ley N°19.378","2019-01-01 00:00:00.0","2019-12-31 00:00:00.0"
"Los Lagos","Contrata","Salud","Contrata","Leunam Manuel Oropeza Maculino","Profesional","SIN INFORMACION","Contratados Sin Planta","Estatuto Atención Primaria de Salud Municipal  Ley N°19.378","2019-04-03 00:00:00.0","2019-04-04 00:00:00.0"
"Los Lagos","Contrata","Salud","Contrata","Diego Alejandro de Jesus Galindo  Quijada","Profesional","SIN INFORMACION","Contratados Sin Planta","Estatuto Atención Primaria de Salud Municipal  Ley N°19.378","2019-08-21 00:00:00.0","2019-09-30 00:00:00.0"
"Los Lagos","Contrata","Salud","Contrata","Crispina Jenoveva  Pacheco Lastra","Auxiliar de Servicio de Salud","SIN INFORMACION","Contratados Sin Planta","Estatuto Atención Primaria de Salud Municipal  Ley N°19.378","2019-01-01 00:00:00.0","2019-12-31 00:00:00.0"
