"Comuna","Tipo de Contratación","Área","Calidad","Nombre","Cargo","Grado","Planta","Remuneración","Fecha desde","Fecha hasta"
"Los Lagos","Codigo del Trabajo","Salud","Código del Trabajo","Maria Uberlinda Pairican Huisca","Trabajador"," ","Sin Información","Afectos Al Código del Trabajo","1987-06-30 00:00:00.0","1900-01-01 00:00:00.0"
"Los Lagos","Codigo del Trabajo","Salud","Código del Trabajo","Erodita del Rosario Arriagada Oliva","Trabajador"," ","Sin Información","Afectos Al Código del Trabajo","1987-06-30 00:00:00.0","1900-01-01 00:00:00.0"
"Los Lagos","Codigo del Trabajo","Salud","Código del Trabajo","Carlos Ramon Pettet Diaz","Trabajador"," ","Sin Información","Afectos Al Código del Trabajo","1987-06-30 00:00:00.0","1900-01-01 00:00:00.0"
"Los Lagos","Codigo del Trabajo","Salud","Código del Trabajo","Olga Pamela Ovalle Astudillo","Trabajador"," ","Sin Información","Afectos Al Código del Trabajo","1987-06-30 00:00:00.0","1900-01-01 00:00:00.0"
"Los Lagos","Codigo del Trabajo","Salud","Código del Trabajo","Jose Hector Muñoz Beltran","Trabajador"," ","Sin Información","Afectos Al Código del Trabajo","1987-06-30 00:00:00.0","1900-01-01 00:00:00.0"
"Los Lagos","Codigo del Trabajo","Salud","Código del Trabajo","Elsa Amanda Parra Montecinos","Trabajador"," ","Sin Información","Afectos Al Código del Trabajo","1987-06-30 00:00:00.0","1900-01-01 00:00:00.0"
