"Comuna","Tipo de Contratación","Área","Calidad","Nombre","Cargo","Grado","Planta","Remuneración","Fecha desde","Fecha hasta"
"Los Lagos","Planta Titular","Sin Clasificación","Titular","Claudia Paola Vera Mansilla","Directivo","7°","Directivos","Escala Municipal","2019-06-01 00:00:00.0","1900-01-01 00:00:00.0"
"Los Lagos","Planta Titular","Sin Clasificación","Titular","Mario Alex Rodriguez Hurtado","Administrativo","12°","Administrativos","Escala Municipal","2019-06-01 00:00:00.0","1900-01-01 00:00:00.0"
"Los Lagos","Planta Titular","Sin Clasificación","Titular","Cecilia Marlene Arriagada Martinez","Administrativo","17°","Administrativos","Escala Municipal","2010-05-27 00:00:00.0","1900-01-01 00:00:00.0"
"Los Lagos","Planta Titular","Sin Clasificación","Titular","Alvaro Eduardo Matamala Ubilla","Directivo","7°","Directivos","Escala Municipal","2019-06-01 00:00:00.0","1900-01-01 00:00:00.0"
"Los Lagos","Planta Titular","Sin Clasificación","Titular","Paola Dayana Segovia Galaz","Profesional"," ","Profesionales","","2006-09-01 00:00:00.0","1900-01-01 00:00:00.0"
"Los Lagos","Planta Titular","Sin Clasificación","Titular","Danay Isabel Jil Martinez","Administrativo"," ","Administrativos","","2006-09-01 00:00:00.0","1900-01-01 00:00:00.0"
"Los Lagos","Planta Titular","Sin Clasificación","Titular","Silvia del Carmen Jara Matamala","Administrativo","13°","Administrativos","Escala Municipal","2019-06-01 00:00:00.0","1900-01-01 00:00:00.0"
"Los Lagos","Planta Titular","Sin Clasificación","Titular","Patricia Alejandra Gonzalez Navarro","Administrativo","14°","Administrativos","Escala Municipal","2019-06-01 00:00:00.0","1900-01-01 00:00:00.0"
"Los Lagos","Planta Titular","Sin Clasificación","Titular","Monica Cecilia Gonzalez Bustamante","Profesional"," ","Profesionales","Escala Atención Primaria de Salud Municipal","2010-05-01 00:00:00.0","1900-01-01 00:00:00.0"
"Los Lagos","Planta Titular","Sin Clasificación","Titular","Esterlina del Carmen Monsalve Flores","Técnico"," ","Técnicos","","2006-09-01 00:00:00.0","1900-01-01 00:00:00.0"
"Los Lagos","Planta Titular","Sin Clasificación","Titular","Cecilia Jacquelin Gonzalez Muñoz","Administrativo","13°","Administrativos","Escala Municipal","2019-06-01 00:00:00.0","1900-01-01 00:00:00.0"
"Los Lagos","Planta Titular","Sin Clasificación","Titular","Marisol Uribe Aylla","Directivo","7°","Directivos","Escala Municipal","2019-06-01 00:00:00.0","1900-01-01 00:00:00.0"
"Los Lagos","Planta Titular","Sin Clasificación","Titular","Maritza Margot Vega Godoy","Administrativo","E","Empleados","","2008-07-01 00:00:00.0","1900-01-01 00:00:00.0"
"Los Lagos","Planta Titular","Sin Clasificación","Titular","Patricio Humberto Moreno Sepulveda","Auxiliar","F","Empleados","","2008-07-01 00:00:00.0","1900-01-01 00:00:00.0"
"Los Lagos","Planta Titular","Sin Clasificación","Titular","Samuel Ivan Torres Sepulveda","Alcalde","5°","Alcaldes","Escala Municipal","2019-06-01 00:00:00.0","1900-01-01 00:00:00.0"
"Los Lagos","Planta Titular","Sin Clasificación","Titular","Fernando  Antonio Diaz Chamorro","Directivo","7°","Directivos","Escala Municipal","2019-06-01 00:00:00.0","1900-01-01 00:00:00.0"
"Los Lagos","Planta Titular","Sin Clasificación","Titular","Elizabeth del Carmen Mariangel Burgos","Profesional"," ","Profesionales","","2006-09-01 00:00:00.0","1900-01-01 00:00:00.0"
"Los Lagos","Planta Titular","Sin Clasificación","Titular","Raquel del Carmen Gonzalez Luengo","Profesional","9°","Profesionales","Escala Municipal","2019-06-01 00:00:00.0","1900-01-01 00:00:00.0"
"Los Lagos","Planta Titular","Sin Clasificación","Titular","Javier Gonzalo Cordoba Sandoval","Administrativo","15°","Administrativos","Escala Municipal","2019-06-01 00:00:00.0","1900-01-01 00:00:00.0"
"Los Lagos","Planta Titular","Sin Clasificación","Titular","Ariela Ivonne Oporto Meneses","Administrativo","14°","Administrativos","Escala Municipal","2019-06-01 00:00:00.0","1900-01-01 00:00:00.0"
"Los Lagos","Planta Titular","Sin Clasificación","Titular","Mauricio Gonzalo Nuñez Sanchez","Jefatura","9°","Jefaturas","Escala Municipal","2009-09-21 00:00:00.0","1900-01-01 00:00:00.0"
"Los Lagos","Planta Titular","Sin Clasificación","Titular","Fabiola Jeannette Caceres Zuñiga","Auxiliar","19°","Auxiliares","Escala Municipal","2019-06-01 00:00:00.0","1900-01-01 00:00:00.0"
"Los Lagos","Planta Titular","Sin Clasificación","Titular","Daniel Enrique Quezada Matus","Auxiliar"," ","Auxiliares","","2006-09-01 00:00:00.0","1900-01-01 00:00:00.0"
"Los Lagos","Planta Titular","Sin Clasificación","Titular","Marly Paola Cea Pacheco","Técnico","14°","Técnicos","Escala Municipal","2019-06-01 00:00:00.0","1900-01-01 00:00:00.0"
"Los Lagos","Planta Titular","Sin Clasificación","Titular","Marisol Jimena Molina Vera","Administrativo","15°","Administrativos","Escala Municipal","2019-06-01 00:00:00.0","1900-01-01 00:00:00.0"
"Los Lagos","Planta Titular","Sin Clasificación","Titular","Valeria Marcela Fica Rivas","Administrativo","16°","Administrativos","Escala Municipal","2019-06-01 00:00:00.0","1900-01-01 00:00:00.0"
"Los Lagos","Planta Titular","Sin Clasificación","Titular","Leslie del Carmen Ruiz Pineda","Profesional"," ","Profesionales","","2006-09-01 00:00:00.0","1900-01-01 00:00:00.0"
"Los Lagos","Planta Titular","Sin Clasificación","Titular","Javier Antonio Sanchez Neira","Directivo","10°","Directivos","Escala Municipal","2019-06-01 00:00:00.0","1900-01-01 00:00:00.0"
"Los Lagos","Planta Titular","Sin Clasificación","Titular","Loreto de Lourdes Cifuentes Henriquez","Técnico","13°","Técnicos","Escala Municipal","2019-06-01 00:00:00.0","1900-01-01 00:00:00.0"
"Los Lagos","Planta Titular","Sin Clasificación","Titular","Fernando Ivan Vasquez Mardones","Director","9°","Directivos","Escala Municipal","2011-03-01 00:00:00.0","1900-01-01 00:00:00.0"
"Los Lagos","Planta Titular","Sin Clasificación","Titular","Jose Enrique Opazo Garcia","Jefatura","10°","Jefaturas","Escala Municipal","2019-06-01 00:00:00.0","1900-01-01 00:00:00.0"
"Los Lagos","Planta Titular","Sin Clasificación","Titular","Alejandra Lisette Verdugo Lemus","Profesional"," ","Profesionales","Escala Atención Primaria de Salud Municipal","2010-05-01 00:00:00.0","1900-01-01 00:00:00.0"
"Los Lagos","Planta Titular","Sin Clasificación","Titular","Carmen Gloria Silva Solis","Jefatura","9°","Jefaturas","Escala Municipal","2019-06-01 00:00:00.0","1900-01-01 00:00:00.0"
"Los Lagos","Planta Titular","Sin Clasificación","Titular","Sara Carolina Oyarzun Barrales","Técnico"," ","Técnicos","","2006-09-01 00:00:00.0","1900-01-01 00:00:00.0"
"Los Lagos","Planta Titular","Sin Clasificación","Titular","Jorge Andres Carranza Elola","Profesional","B","Empleados","","2008-07-01 00:00:00.0","1900-01-01 00:00:00.0"
"Los Lagos","Planta Titular","Sin Clasificación","Titular","Nalladett Eulalia Rodriguez Muñoz","Técnico"," ","Técnicos","","2004-01-01 00:00:00.0","1900-01-01 00:00:00.0"
"Los Lagos","Planta Titular","Sin Clasificación","Titular","Miguel Angel Carrasco Garcia","Medico"," ","Profesionales","Ley 15076","2019-06-01 00:00:00.0","1900-01-01 00:00:00.0"
"Los Lagos","Planta Titular","Sin Clasificación","Titular","Rodrigo Andres Jorquera Martinez","Profesional"," ","Profesionales","Escala Atención Primaria de Salud Municipal","2010-05-01 00:00:00.0","1900-01-01 00:00:00.0"
"Los Lagos","Planta Titular","Sin Clasificación","Titular","Yesica Yovana Contreras Contreras","Técnico","C","Empleados","","2008-07-01 00:00:00.0","1900-01-01 00:00:00.0"
"Los Lagos","Planta Titular","Sin Clasificación","Titular","Viviana Andrea Saez Silva","Técnico"," ","Técnicos","","2006-09-01 00:00:00.0","1900-01-01 00:00:00.0"
"Los Lagos","Planta Titular","Sin Clasificación","Titular","Giovanni Eduardo Niño Mellado","Directivo","7°","Directivos","Escala Municipal","2019-06-01 00:00:00.0","1900-01-01 00:00:00.0"
"Los Lagos","Planta Titular","Sin Clasificación","Titular","Maria Alejandra Ibarra Guevara","Cirujano Dentista","A","Empleados","","2008-07-01 00:00:00.0","1900-01-01 00:00:00.0"
"Los Lagos","Planta Titular","Sin Clasificación","Titular","Cintia Lizeth Perez Clasing","Profesional"," ","Profesionales","Escala Atención Primaria de Salud Municipal","2010-05-01 00:00:00.0","1900-01-01 00:00:00.0"
"Los Lagos","Planta Titular","Sin Clasificación","Titular","Valentina Maria Paez Gonzalez","Profesional","8°","Profesionales","Escala Municipal","2019-06-01 00:00:00.0","1900-01-01 00:00:00.0"
"Los Lagos","Planta Titular","Sin Clasificación","Titular","Paulina Marlen Carrasco Villalon","Profesional"," ","Profesionales","Escala Atención Primaria de Salud Municipal","2010-05-01 00:00:00.0","1900-01-01 00:00:00.0"
"Los Lagos","Planta Titular","Sin Clasificación","Titular","Pedro Eduardo Vargas Vasquez","Auxiliar","19°","Auxiliares","Escala Municipal","2019-06-01 00:00:00.0","1900-01-01 00:00:00.0"
"Los Lagos","Planta Titular","Sin Clasificación","Titular","Liliana del Pilar Chavez Chavez","Técnico","D","Empleados","","2008-07-01 00:00:00.0","1900-01-01 00:00:00.0"
"Los Lagos","Planta Titular","Sin Clasificación","Titular","Susana Jasmin Olivares Vivar","Técnico","A","Empleados","","2008-07-01 00:00:00.0","1900-01-01 00:00:00.0"
"Los Lagos","Planta Titular","Sin Clasificación","Titular","Juan Pablo Neira Mera","Directivo","7°","Directivos","Escala Municipal","2019-06-01 00:00:00.0","1900-01-01 00:00:00.0"
"Los Lagos","Planta Titular","Sin Clasificación","Titular","Yordana Gloribet Muñoz Figueroa","Directivo","7°","Directivos","Escala Municipal","2019-06-01 00:00:00.0","1900-01-01 00:00:00.0"
"Los Lagos","Planta Titular","Sin Clasificación","Titular","Tamara Elisabeth Fernández Fernández","Administrativo","16°","Administrativos","Escala Municipal","2019-06-01 00:00:00.0","1900-01-01 00:00:00.0"
"Los Lagos","Planta Titular","Sin Clasificación","Titular","Danila Solange Quilaqueo Sandoval","Auxiliar","20°","Auxiliares","Escala Municipal","2019-06-01 00:00:00.0","1900-01-01 00:00:00.0"
"Los Lagos","Planta Titular","Sin Clasificación","Titular","Carlos Humberto Mansilla Cardenas","Auxiliar","16°","Auxiliares","Escala Municipal","2019-06-01 00:00:00.0","1900-01-01 00:00:00.0"
"Los Lagos","Planta Titular","Sin Clasificación","Titular","Manuel Ernesto Gonzalez Campos","Auxiliar","16°","Auxiliares","Escala Municipal","2019-06-01 00:00:00.0","1900-01-01 00:00:00.0"
"Los Lagos","Planta Titular","Sin Clasificación","Titular","Dagoberto Rafael Lopez Vega","Técnico","11°","Técnicos","Escala Municipal","2019-06-01 00:00:00.0","1900-01-01 00:00:00.0"
"Los Lagos","Planta Titular","Sin Clasificación","Titular","Dagoberto Meliton Arriagada Jaramillo","Auxiliar","13°","Auxiliares","Escala Municipal","2019-06-01 00:00:00.0","1900-01-01 00:00:00.0"
"Los Lagos","Planta Titular","Sin Clasificación","Titular","Jose Marcial Rubio Salazar","Auxiliar","18°","Auxiliares","Escala Municipal","2010-05-27 00:00:00.0","1900-01-01 00:00:00.0"
"Los Lagos","Planta Titular","Sin Clasificación","Titular","Maria Ivon Vejar Barriga","Técnico"," ","Técnicos","","2006-09-01 00:00:00.0","1900-01-01 00:00:00.0"
"Los Lagos","Planta Titular","Sin Clasificación","Titular","Maria Soledad Espinoza Munita","Directivo","7°","Directivos","Escala Municipal","2019-06-01 00:00:00.0","1900-01-01 00:00:00.0"
"Los Lagos","Planta Titular","Sin Clasificación","Titular","Victor Rene Carreño Sandoval","Auxiliar","16°","Auxiliares","Escala Municipal","2019-06-01 00:00:00.0","1900-01-01 00:00:00.0"
"Los Lagos","Planta Titular","Sin Clasificación","Titular","Bernardo Osvaldo Alejandro Martinez Hernandez","Auxiliar","14°","Auxiliares","Escala Municipal","2019-06-01 00:00:00.0","1900-01-01 00:00:00.0"
"Los Lagos","Planta Titular","Sin Clasificación","Titular","Jorge Gabriel Rosales Habert","Auxiliar","13°","Auxiliares","Escala Municipal","2019-06-01 00:00:00.0","1900-01-01 00:00:00.0"
"Los Lagos","Planta Titular","Sin Clasificación","Titular","Humberto Eladio Grandon Soto","Administrativo","15°","Administrativos","Escala Municipal","2019-06-01 00:00:00.0","1900-01-01 00:00:00.0"
"Los Lagos","Planta Titular","Sin Clasificación","Titular","Pedro Alberto Riquelme Aguilera","Auxiliar","14°","Auxiliares","Escala Municipal","2019-06-01 00:00:00.0","1900-01-01 00:00:00.0"
"Los Lagos","Planta Titular","Sin Clasificación","Titular","Veronica Palmira Ordoñez Faundez","Administrativo","15°","Administrativos","Escala Municipal","2019-06-01 00:00:00.0","1900-01-01 00:00:00.0"
"Los Lagos","Planta Titular","Sin Clasificación","Titular","Jorge Orlando Vergara Muñoz","Administrativo","NO","Contratados Sin Planta","Afectos Al Código del Trabajo","1981-07-01 00:00:00.0","1900-01-01 00:00:00.0"
"Los Lagos","Planta Titular","Sin Clasificación","Titular","Romy Etna Maldonado Burgos","Administrativo","11°","Administrativos","Escala Municipal","2019-06-01 00:00:00.0","1900-01-01 00:00:00.0"
"Los Lagos","Planta Titular","Sin Clasificación","Titular","Rene Alberto Velasquez Cea","Auxiliar","14°","Auxiliares","Escala Municipal","2019-06-01 00:00:00.0","1900-01-01 00:00:00.0"
"Los Lagos","Planta Titular","Sin Clasificación","Titular","Orlando Fernando Silva Sanchez","Técnico","11°","Técnicos","Escala Municipal","2019-06-01 00:00:00.0","1900-01-01 00:00:00.0"
"Los Lagos","Planta Titular","Sin Clasificación","Titular","Josue Israel Vasquez Vasquez","Auxiliar","17°","Auxiliares","Escala Municipal","2019-06-01 00:00:00.0","1900-01-01 00:00:00.0"
"Los Lagos","Planta Titular","Sin Clasificación","Titular","Digna Elizabeth Roa Hernandez","Técnico","12°","Técnicos","Escala Municipal","2019-06-01 00:00:00.0","1900-01-01 00:00:00.0"
"Los Lagos","Planta Titular","Sin Clasificación","Titular","Veruska Andrea Ivanoff Ruiz","Directivo","7°","Directivos","Escala Municipal","2019-06-01 00:00:00.0","1900-01-01 00:00:00.0"
"Los Lagos","Planta Titular","Sin Clasificación","Titular","Carmen Gloria Flores Bravo","Profesional","B","Empleados","","2008-07-01 00:00:00.0","1900-01-01 00:00:00.0"
"Los Lagos","Planta Titular","Sin Clasificación","Titular","Hugo Regisnaldo Soto Hormazabal","Auxiliar","14°","Auxiliares","Escala Municipal","2019-06-01 00:00:00.0","1900-01-01 00:00:00.0"
"Los Lagos","Planta Titular","Sin Clasificación","Titular","Juan Sergio Quintana Ojeda","Directivo","7°","Directivos","Escala Municipal","2019-06-01 00:00:00.0","1900-01-01 00:00:00.0"
