"Comuna","Tipo de Contratación","Área","Calidad","Nombre","Cargo","Grado","Planta","Remuneración","Fecha desde","Fecha hasta"
"Los Lagos","Planta Titular","Municipal","Titular","Claudia Paola Vera Mansilla","Directivo","9°","Directivos","Escala Municipal","2016-04-19 00:00:00.0","1900-01-01 00:00:00.0"
"Los Lagos","Planta Titular","Municipal","Titular","Mario Alex Rodriguez Hurtado","Administrativo","13°","Administrativos","Escala Municipal","2016-01-01 00:00:00.0","1900-01-01 00:00:00.0"
"Los Lagos","Planta Titular","Municipal","Titular","Cecilia Marlene Arriagada Martinez","Técnico","12°","Administrativos","Escala Municipal","2012-01-01 00:00:00.0","1900-01-01 00:00:00.0"
"Los Lagos","Planta Titular","Municipal","Titular","Alvaro Eduardo Matamala Ubilla","Secretario Comunal de Planificación Y Coordinación","8°","Directivos","Escala Municipal","2018-10-01 00:00:00.0","1900-01-01 00:00:00.0"
"Los Lagos","Planta Titular","Municipal","Titular","Óscar Balocchi Castillo","Director","9°","Directivos","Escala Municipal","2012-06-08 00:00:00.0","1900-01-01 00:00:00.0"
"Los Lagos","Planta Titular","Municipal","Titular","Magdalena Jeannette  Flores Poblete","Auxiliar de Servicios","SIN INFORMACION","Contratados Sin Planta","Afectos Al Código del Trabajo","2019-01-01 00:00:00.0","1900-01-01 00:00:00.0"
"Los Lagos","Planta Titular","Municipal","Titular","Silvia del Carmen Jara Matamala","Administrativo","14°","Administrativos","Escala Municipal","2016-01-01 00:00:00.0","1900-01-01 00:00:00.0"
"Los Lagos","Planta Titular","Municipal","Titular","Patricia Alejandra Gonzalez Navarro","Administrativo","15°","Administrativos","Escala Municipal","2016-01-01 00:00:00.0","1900-01-01 00:00:00.0"
"Los Lagos","Planta Titular","Municipal","Titular","Cecilia Jacquelin Gonzalez Muñoz","Administrativo","16°","Administrativos","Escala Municipal","2016-01-01 00:00:00.0","1900-01-01 00:00:00.0"
"Los Lagos","Planta Titular","Municipal","Titular","Hugo Alejandro Vallejos Sobarzo","Chófer","SIN INFORMACION","Contratados Sin Planta","Afectos Al Código del Trabajo","2018-12-01 00:00:00.0","1900-01-01 00:00:00.0"
"Los Lagos","Planta Titular","Municipal","Titular","Marisol Uribe Aylla","Director de Control","8°","Directivos","Escala Municipal","2016-02-01 00:00:00.0","1900-01-01 00:00:00.0"
"Los Lagos","Planta Titular","Municipal","Titular","Nancy del Carmen Porra Porra","Técnico","16°","Técnicos","Escala Municipal","2019-08-09 00:00:00.0","1900-01-01 00:00:00.0"
"Los Lagos","Planta Titular","Municipal","Titular","Marcelo Patricio Navarrete Diaz","Encargado","SIN INFORMACION","Contratados Sin Planta","Afectos Al Código del Trabajo","2018-12-01 00:00:00.0","1900-01-01 00:00:00.0"
"Los Lagos","Planta Titular","Municipal","Titular","Oscar del Rosario Compay Hermosilla","Auxiliar de Servicios","SIN INFORMACION","Contratados Sin Planta","Afectos Al Código del Trabajo","2018-12-01 00:00:00.0","1900-01-01 00:00:00.0"
"Los Lagos","Planta Titular","Municipal","Titular","Maria Belen Giubergia  Fuentes","Director de Desarrollo Comunitario","8°","Directivos","Escala Municipal","2017-06-05 00:00:00.0","1900-01-01 00:00:00.0"
"Los Lagos","Planta Titular","Municipal","Titular","Fernando  Antonio Diaz Chamorro","Director de Obras Municipales","9°","Directivos","Escala Municipal","2017-12-01 00:00:00.0","1900-01-01 00:00:00.0"
"Los Lagos","Planta Titular","Municipal","Titular","Raquel del Carmen Gonzalez Luengo","Profesional","9°","Profesionales","Escala Municipal","2013-07-29 00:00:00.0","1900-01-01 00:00:00.0"
"Los Lagos","Planta Titular","Municipal","Titular","Javier Gonzalo Cordoba Sandoval","Administrativo","17°","Administrativos","Escala Municipal","2016-01-01 00:00:00.0","1900-01-01 00:00:00.0"
"Los Lagos","Planta Titular","Municipal","Titular","Cristina del Carmen Fuentes Navarro","Auxiliar de Párvulos","SIN INFORMACION","Contratados Sin Planta","Afectos Al Código del Trabajo","2018-12-01 00:00:00.0","1900-01-01 00:00:00.0"
"Los Lagos","Planta Titular","Municipal","Titular","Ariela Ivonne Oporto Meneses","Administrador Municipal","17°","Administrativos","Escala Municipal","2016-01-01 00:00:00.0","1900-01-01 00:00:00.0"
"Los Lagos","Planta Titular","Municipal","Titular","Mauricio Gonzalo Nuñez Sanchez","Directivo","8°","Directivos","Escala Municipal","2013-08-16 00:00:00.0","1900-01-01 00:00:00.0"
"Los Lagos","Planta Titular","Municipal","Titular","Marcela Alejandra Toledo Vidal","Asistente Social","SIN INFORMACION","Contratados Sin Planta","Afectos Al Código del Trabajo","2018-12-01 00:00:00.0","1900-01-01 00:00:00.0"
"Los Lagos","Planta Titular","Municipal","Titular","Fabiola Jeannette Caceres Zuñiga","Auxiliar","19°","Auxiliares","Escala Municipal","2016-08-25 00:00:00.0","1900-01-01 00:00:00.0"
"Los Lagos","Planta Titular","Municipal","Titular","Marisol del Carmen Sanchez Alarcon","Auxiliar de Servicios","SIN INFORMACION","Contratados Sin Planta","Afectos Al Código del Trabajo","2018-12-01 00:00:00.0","1900-01-01 00:00:00.0"
"Los Lagos","Planta Titular","Municipal","Titular","Jose Rolando Aedo Gonzalez","Administrativo","16°","Directivos","Escala Municipal","2019-11-01 00:00:00.0","1900-01-01 00:00:00.0"
"Los Lagos","Planta Titular","Municipal","Titular","Marly Paola Cea Pacheco","Administrativo","18°","Administrativos","Escala Municipal","2012-06-08 00:00:00.0","1900-01-01 00:00:00.0"
"Los Lagos","Planta Titular","Municipal","Titular","Jose Luis Alejandro Honores Urrutia","Chófer","SIN INFORMACION","Contratados Sin Planta","Afectos Al Código del Trabajo","2019-01-01 00:00:00.0","1900-01-01 00:00:00.0"
"Los Lagos","Planta Titular","Municipal","Titular","Marisol Jimena Molina Vera","Administrativo","17°","Administrativos","Escala Municipal","2016-01-01 00:00:00.0","1900-01-01 00:00:00.0"
"Los Lagos","Planta Titular","Municipal","Titular","Mauricio Leopoldo Saavedra Pacheco","Auxiliar","13°","Auxiliares","Escala Municipal","2019-06-01 00:00:00.0","1900-01-01 00:00:00.0"
"Los Lagos","Planta Titular","Municipal","Titular","Cristian Alejandro Arnaldi Villanueva","Chófer","SIN INFORMACION","Contratados Sin Planta","Afectos Al Código del Trabajo","2018-12-01 00:00:00.0","1900-01-01 00:00:00.0"
"Los Lagos","Planta Titular","Municipal","Titular","Valeria Marcela Fica Rivas","Administrativo","17°","Administrativos","Escala Municipal","2016-01-01 00:00:00.0","1900-01-01 00:00:00.0"
"Los Lagos","Planta Titular","Municipal","Titular","Jose Leandro Riquelme Rivas","Asesor","SIN INFORMACION","Contratados Sin Planta","Afectos Al Código del Trabajo","2018-12-01 00:00:00.0","1900-01-01 00:00:00.0"
"Los Lagos","Planta Titular","Municipal","Titular","Andrea Soledad Mu¿oz Rojas","Encargado","SIN INFORMACION","Contratados Sin Planta","Afectos Al Código del Trabajo","2018-12-01 00:00:00.0","1900-01-01 00:00:00.0"
"Los Lagos","Planta Titular","Municipal","Titular","Marianela Alejandra Herrera Albornoz","Director de Desarrollo Comunitario","8°","Directivos","Escala Municipal","2016-12-06 00:00:00.0","1900-01-01 00:00:00.0"
"Los Lagos","Planta Titular","Municipal","Titular","Evelyn Andrea Siebert Cornejo","Encargado","SIN INFORMACION","Contratados Sin Planta","Afectos Al Código del Trabajo","2018-12-01 00:00:00.0","1900-01-01 00:00:00.0"
"Los Lagos","Planta Titular","Municipal","Titular","Javier Antonio Sanchez Neira","Directivo","10°","Directivos","Escala Municipal","2019-01-02 00:00:00.0","1900-01-01 00:00:00.0"
"Los Lagos","Planta Titular","Municipal","Titular","Loreto de Lourdes Cifuentes Henriquez","Administrativo","16°","Administrativos","Escala Municipal","2016-08-16 00:00:00.0","1900-01-01 00:00:00.0"
"Los Lagos","Planta Titular","Municipal","Titular","Gerardo Antonio Torres Toledo","Directivo","8°","Directivos","Escala Municipal","2014-09-01 00:00:00.0","1900-01-01 00:00:00.0"
"Los Lagos","Planta Titular","Municipal","Titular","Fernando Ivan Vasquez Mardones","Administrador","8°","Directivos","Escala Municipal","2016-12-06 00:00:00.0","1900-01-01 00:00:00.0"
"Los Lagos","Planta Titular","Municipal","Titular","Jose Enrique Opazo Garcia","Jefatura","10°","Jefaturas","Escala Municipal","2019-05-02 00:00:00.0","1900-01-01 00:00:00.0"
"Los Lagos","Planta Titular","Municipal","Titular","Abigail Elizabeth Jaramillo Jara","Auxiliar de Servicios","SIN INFORMACION","Contratados Sin Planta","Afectos Al Código del Trabajo","2018-10-24 00:00:00.0","1900-01-01 00:00:00.0"
"Los Lagos","Planta Titular","Municipal","Titular","Priscila Noemi  Sepulveda Castillo","Auxiliar de Servicios","SIN INFORMACION","Contratados Sin Planta","Afectos Al Código del Trabajo","2018-12-01 00:00:00.0","1900-01-01 00:00:00.0"
"Los Lagos","Planta Titular","Municipal","Titular","Carmen Gloria Silva Solis","Jefatura","9°","Jefaturas","Escala Municipal","2016-09-01 00:00:00.0","1900-01-01 00:00:00.0"
"Los Lagos","Planta Titular","Municipal","Titular","Ricardo Patricio Moreno Perez","Auxiliar","20°","Auxiliares","Escala Municipal","2019-08-13 00:00:00.0","1900-01-01 00:00:00.0"
"Los Lagos","Planta Titular","Municipal","Titular","Marcelo Alejandro Godoy Vega","Director de Obras Municipales","9°","Directivos","Escala Municipal","2016-12-12 00:00:00.0","1900-01-01 00:00:00.0"
"Los Lagos","Planta Titular","Municipal","Titular","Patricio Walter Gonzalez Roa","Auxiliar","20°","Auxiliares","Escala Municipal","2019-08-13 00:00:00.0","1900-01-01 00:00:00.0"
"Los Lagos","Planta Titular","Municipal","Titular","Giovanni Eduardo Niño Mellado","Administrador Municipal","8°","Directivos","Escala Municipal","2018-10-01 00:00:00.0","1900-01-01 00:00:00.0"
"Los Lagos","Planta Titular","Municipal","Titular","Javier Ignacio Santibáñez Baez","Directivo","8°","Directivos","Escala Municipal","2012-12-07 00:00:00.0","1900-01-01 00:00:00.0"
"Los Lagos","Planta Titular","Municipal","Titular","Karina Marlene Marin Mera","Directivo","10°","Directivos","Escala Municipal","2018-10-01 00:00:00.0","1900-01-01 00:00:00.0"
"Los Lagos","Planta Titular","Municipal","Titular","Marcela Alejandra Utreras Carcamo","Auxiliar de Párvulos","SIN INFORMACION","Contratados Sin Planta","Afectos Al Código del Trabajo","2018-12-01 00:00:00.0","1900-01-01 00:00:00.0"
"Los Lagos","Planta Titular","Municipal","Titular","Karin Andrea  Matos Maldonado","Secretario Abogado de Juzgado de Policía Local","8°","Profesionales","Escala Municipal","2019-08-01 00:00:00.0","2019-10-31 00:00:00.0"
"Los Lagos","Planta Titular","Municipal","Titular","Pedro Eduardo Vargas Vasquez","Auxiliar Chófer","20°","Auxiliares","Escala Municipal","2015-10-07 00:00:00.0","1900-01-01 00:00:00.0"
"Los Lagos","Planta Titular","Municipal","Titular","Margarita Nataly Muñoz Lespay","Chófer","SIN INFORMACION","Contratados Sin Planta","Afectos Al Código del Trabajo","2018-12-01 00:00:00.0","1900-01-01 00:00:00.0"
"Los Lagos","Planta Titular","Municipal","Titular","Nemorino Emardo Mera Rivera","Profesional","10°","Profesionales","Escala Municipal","2019-06-01 00:00:00.0","1900-01-01 00:00:00.0"
"Los Lagos","Planta Titular","Municipal","Titular","Alexandra Valeska Millan Gajardo","Jefatura","9°","Jefaturas","Escala Municipal","2019-11-01 00:00:00.0","1900-01-01 00:00:00.0"
"Los Lagos","Planta Titular","Municipal","Titular","Juan Pablo Neira Mera","Administrador Municipal","8°","Directivos","Escala Municipal","2019-03-25 00:00:00.0","1900-01-01 00:00:00.0"
"Los Lagos","Planta Titular","Municipal","Titular","Marcelo Eliseo Castillo Torres","Chófer","SIN INFORMACION","Contratados Sin Planta","Afectos Al Código del Trabajo","2019-01-01 00:00:00.0","1900-01-01 00:00:00.0"
"Los Lagos","Planta Titular","Municipal","Titular","Orfelina del Carmen Castillo Valdes","Técnico","16°","Técnicos","Escala Municipal","2019-10-24 00:00:00.0","1900-01-01 00:00:00.0"
"Los Lagos","Planta Titular","Municipal","Titular","Yessica  Osses Osses","Técnico","16°","Técnicos","Escala Municipal","2019-10-24 00:00:00.0","1900-01-01 00:00:00.0"
"Los Lagos","Planta Titular","Municipal","Titular","Pablo Fabian Vallejos Contreras","Chófer","SIN INFORMACION","Contratados Sin Planta","Afectos Al Código del Trabajo","2018-12-01 00:00:00.0","1900-01-01 00:00:00.0"
"Los Lagos","Planta Titular","Municipal","Titular","Yordana Gloribet Muñoz Figueroa","Directivo","8°","Directivos","Escala Municipal","2019-08-13 00:00:00.0","1900-01-01 00:00:00.0"
"Los Lagos","Planta Titular","Municipal","Titular","Vania Nicol Pati¿o Valdivia","Encargado de Contabilidad","SIN INFORMACION","Contratados Sin Planta","Afectos Al Código del Trabajo","2018-12-01 00:00:00.0","1900-01-01 00:00:00.0"
"Los Lagos","Planta Titular","Municipal","Titular","Carol Andrea Manriquez Arriagada","Encargado","SIN INFORMACION","Contratados Sin Planta","Afectos Al Código del Trabajo","2018-12-01 00:00:00.0","1900-01-01 00:00:00.0"
"Los Lagos","Planta Titular","Municipal","Titular","Katherine Pamela Hurtado Pacheco","Técnico","17°","Técnicos","Escala Municipal","2019-11-01 00:00:00.0","1900-01-01 00:00:00.0"
"Los Lagos","Planta Titular","Municipal","Titular","Jorge Armando  Rojas Mu¿oz","Jefatura","10°","Jefaturas","Escala Municipal","2019-11-01 00:00:00.0","1900-01-01 00:00:00.0"
"Los Lagos","Planta Titular","Municipal","Titular","Claudia Andrea Vergara  Navarro","Auxiliar de Párvulos","SIN INFORMACION","Contratados Sin Planta","Afectos Al Código del Trabajo","2018-12-01 00:00:00.0","1900-01-01 00:00:00.0"
"Los Lagos","Planta Titular","Municipal","Titular","Tamara Elisabeth Fernández Fernández","Administrativo","18°","Administrativos","Escala Municipal","2012-12-03 00:00:00.0","1900-01-01 00:00:00.0"
"Los Lagos","Planta Titular","Municipal","Titular","Maximo Sebastian Gonzalez  Barrientos","Profesional","9°","Profesionales","Escala Municipal","2019-08-13 00:00:00.0","1900-01-01 00:00:00.0"
"Los Lagos","Planta Titular","Municipal","Titular","Danila Solange Quilaqueo Sandoval","Auxiliar","20°","Auxiliares","Escala Municipal","2018-12-18 00:00:00.0","1900-01-01 00:00:00.0"
"Los Lagos","Planta Titular","Municipal","Titular","Eugenia Nataly  Manriquez Diaz","Auxiliar de Párvulos","SIN INFORMACION","Contratados Sin Planta","Afectos Al Código del Trabajo","2018-12-01 00:00:00.0","1900-01-01 00:00:00.0"
"Los Lagos","Planta Titular","Municipal","Titular","Yoselin Yohana Villa  Catalan","Auxiliar de Párvulos","SIN INFORMACION","Contratados Sin Planta","Afectos Al Código del Trabajo","2018-12-01 00:00:00.0","1900-01-01 00:00:00.0"
"Los Lagos","Planta Titular","Municipal","Titular","Cristian Wenceslao Gonzalez Zambrano","Encargado","SIN INFORMACION","Contratados Sin Planta","Afectos Al Código del Trabajo","2018-12-01 00:00:00.0","1900-01-01 00:00:00.0"
"Los Lagos","Planta Titular","Municipal","Titular","Felipe Alejandro  Sepulveda Castillo","Ingeniero","SIN INFORMACION","Contratados Sin Planta","Afectos Al Código del Trabajo","2018-12-01 00:00:00.0","1900-01-01 00:00:00.0"
"Los Lagos","Planta Titular","Municipal","Titular","Patricia Soledad Poblete Fuentealba","Administrativo","17°","Administrativos","Escala Municipal","2016-08-16 00:00:00.0","1900-01-01 00:00:00.0"
"Los Lagos","Planta Titular","Municipal","Titular","Fernanda Graciela Bolivar Flores","Educadora Párvulos","SIN INFORMACION","Contratados Sin Planta","Afectos Al Código del Trabajo","2019-01-01 00:00:00.0","1900-01-01 00:00:00.0"
"Los Lagos","Planta Titular","Municipal","Titular","Patricio Abernego Flores Casanova","Auxiliar","17°","Auxiliares","Escala Municipal","2016-08-16 00:00:00.0","1900-01-01 00:00:00.0"
"Los Lagos","Planta Titular","Municipal","Titular","Noemi Enriqueta Asenjo Riffo","Auxiliar de Párvulos","SIN INFORMACION","Contratados Sin Planta","Afectos Al Código del Trabajo","2018-12-01 00:00:00.0","1900-01-01 00:00:00.0"
"Los Lagos","Planta Titular","Municipal","Titular","Valeria Castillo Salazar","Auxiliar de Párvulos","SIN INFORMACION","Contratados Sin Planta","Afectos Al Código del Trabajo","2018-12-01 00:00:00.0","1900-01-01 00:00:00.0"
"Los Lagos","Planta Titular","Municipal","Titular","Yesica Isabel Antio Solis","Auxiliar de Párvulos","SIN INFORMACION","Contratados Sin Planta","Afectos Al Código del Trabajo","2018-12-01 00:00:00.0","1900-01-01 00:00:00.0"
"Los Lagos","Planta Titular","Municipal","Titular","Lorena  Rebolledo  Leal","Técnico","15°","Técnicos","Escala Municipal","2019-08-13 00:00:00.0","1900-01-01 00:00:00.0"
"Los Lagos","Planta Titular","Municipal","Titular","Jennifer Yaritza Rojas  Mu¿oz","Encargado","SIN INFORMACION","Contratados Sin Planta","Afectos Al Código del Trabajo","2018-12-01 00:00:00.0","1900-01-01 00:00:00.0"
"Los Lagos","Planta Titular","Municipal","Titular","Juan Pablo Grandon Soto","Administrativo","15°","Administrativos","Escala Municipal","2019-06-01 00:00:00.0","1900-01-01 00:00:00.0"
"Los Lagos","Planta Titular","Municipal","Titular","Ayleen  Veronica Constanza Taladriz Aedo","Auxiliar de Párvulos","SIN INFORMACION","Contratados Sin Planta","Afectos Al Código del Trabajo","2018-12-01 00:00:00.0","1900-01-01 00:00:00.0"
"Los Lagos","Planta Titular","Municipal","Titular","Cristoffer Armando Jara Quilodran","Técnico","SIN INFORMACION","Contratados Sin Planta","Afectos Al Código del Trabajo","2018-12-01 00:00:00.0","1900-01-01 00:00:00.0"
"Los Lagos","Planta Titular","Municipal","Titular","Monica Licelott Chavez Navarro","Administrativo","16°","Administrativos","Escala Municipal","2019-08-13 00:00:00.0","1900-01-01 00:00:00.0"
"Los Lagos","Planta Titular","Municipal","Titular","Paola Andrea  Valdebenito  Matus","Administrativo","16°","Administrativos","Escala Municipal","2019-08-13 00:00:00.0","1900-01-01 00:00:00.0"
"Los Lagos","Planta Titular","Municipal","Titular","Carlos Humberto Mansilla Cardenas","Auxiliar","18°","Auxiliares","Escala Municipal","2016-08-25 00:00:00.0","1900-01-01 00:00:00.0"
"Los Lagos","Planta Titular","Municipal","Titular","Manuel Ernesto Gonzalez Campos","Auxiliar","17°","Auxiliares","Escala Municipal","2016-01-01 00:00:00.0","1900-01-01 00:00:00.0"
"Los Lagos","Planta Titular","Municipal","Titular","Walter Antonio Segovia Rivera","Auxiliar","16°","Auxiliares","Escala Municipal","2019-06-01 00:00:00.0","1900-01-01 00:00:00.0"
"Los Lagos","Planta Titular","Municipal","Titular","Jaime Rodolfo Vidal Soto","Chófer","SIN INFORMACION","Contratados Sin Planta","Afectos Al Código del Trabajo","2019-01-01 00:00:00.0","1900-01-01 00:00:00.0"
"Los Lagos","Planta Titular","Municipal","Titular","Dagoberto Rafael Lopez Vega","Técnico","12°","Técnicos","Escala Municipal","2016-01-01 00:00:00.0","1900-01-01 00:00:00.0"
"Los Lagos","Planta Titular","Municipal","Titular","Dagoberto Meliton Arriagada Jaramillo","Auxiliar","13°","Auxiliares","Escala Municipal","2016-01-01 00:00:00.0","1900-01-01 00:00:00.0"
"Los Lagos","Planta Titular","Municipal","Titular","Raul Neder Muñoz Jofre","Chófer","SIN INFORMACION","Contratados Sin Planta","Afectos Al Código del Trabajo","2018-12-01 00:00:00.0","1900-01-01 00:00:00.0"
"Los Lagos","Planta Titular","Municipal","Titular","Jose Marcial Rubio Salazar","Auxiliar","15°","Auxiliares","Escala Municipal","2016-01-01 00:00:00.0","1900-01-01 00:00:00.0"
"Los Lagos","Planta Titular","Municipal","Titular","Marta del Pilar Vera  Melivilu","Encargado","SIN INFORMACION","Contratados Sin Planta","Afectos Al Código del Trabajo","2018-12-01 00:00:00.0","1900-01-01 00:00:00.0"
"Los Lagos","Planta Titular","Municipal","Titular","Victor Rene Carreño Sandoval","Auxiliar","17°","Auxiliares","Escala Municipal","2016-08-25 00:00:00.0","1900-01-01 00:00:00.0"
"Los Lagos","Planta Titular","Municipal","Titular","Bernardo Osvaldo Alejandro Martinez Hernandez","Auxiliar","15°","Auxiliares","Escala Municipal","2016-01-01 00:00:00.0","1900-01-01 00:00:00.0"
"Los Lagos","Planta Titular","Municipal","Titular","Jorge Gabriel Rosales Habert","Auxiliar","14°","Auxiliares","Escala Municipal","2016-01-01 00:00:00.0","1900-01-01 00:00:00.0"
"Los Lagos","Planta Titular","Municipal","Titular","Humberto Eladio Grandon Soto","Administrativo","17°","Administrativos","Escala Municipal","2016-01-01 00:00:00.0","1900-01-01 00:00:00.0"
"Los Lagos","Planta Titular","Municipal","Titular","Pedro Alberto Riquelme Aguilera","Auxiliar","15°","Auxiliares","Escala Municipal","2016-08-25 00:00:00.0","1900-01-01 00:00:00.0"
"Los Lagos","Planta Titular","Municipal","Titular","Veronica Palmira Ordoñez Faundez","Administrativo","16°","Administrativos","Escala Municipal","2016-01-01 00:00:00.0","1900-01-01 00:00:00.0"
"Los Lagos","Planta Titular","Municipal","Titular","Romy Etna Maldonado Burgos","Administrativo","12°","Administrativos","Escala Municipal","2016-01-01 00:00:00.0","1900-01-01 00:00:00.0"
"Los Lagos","Planta Titular","Municipal","Titular","Rene Alberto Velasquez Cea","Auxiliar","15°","Auxiliares","Escala Municipal","2016-01-01 00:00:00.0","1900-01-01 00:00:00.0"
"Los Lagos","Planta Titular","Municipal","Titular","Orlando Fernando Silva Sanchez","Técnico","12°","Técnicos","Escala Municipal","2016-01-01 00:00:00.0","1900-01-01 00:00:00.0"
"Los Lagos","Planta Titular","Municipal","Titular","Josue Israel Vasquez Vasquez","Auxiliar Chófer","20°","Auxiliares","Escala Municipal","2015-10-07 00:00:00.0","1900-01-01 00:00:00.0"
"Los Lagos","Planta Titular","Municipal","Titular","Digna Elizabeth Roa Hernandez","Técnico","13°","Técnicos","Escala Municipal","2016-01-01 00:00:00.0","1900-01-01 00:00:00.0"
"Los Lagos","Planta Titular","Municipal","Titular","Hector Ricardo  Ortiz Barrios","Chófer","SIN INFORMACION","Contratados Sin Planta","Afectos Al Código del Trabajo","2019-01-01 00:00:00.0","1900-01-01 00:00:00.0"
"Los Lagos","Planta Titular","Municipal","Titular","Hugo Regisnaldo Soto Hormazabal","Auxiliar","15°","Auxiliares","Escala Municipal","2016-01-01 00:00:00.0","1900-01-01 00:00:00.0"
