"Comuna","Tipo de Contratación","Área","Calidad","Nombre","Cargo","Grado","Planta","Remuneración","Fecha desde","Fecha hasta"
"Los Lagos","Codigo del Trabajo","Sin Clasificación","Código del Trabajo","Gitlen Damari Velasquez Quilodran","Paradocente"," ","","","2003-07-01 00:00:00.0","1900-01-01 00:00:00.0"
"Los Lagos","Codigo del Trabajo","Sin Clasificación","Código del Trabajo","Eudulio Carrasco Salgado","Sin Cargo"," ","Sin Información","Afectos Al Código del Trabajo","1988-02-16 00:00:00.0","1900-01-01 00:00:00.0"
"Los Lagos","Codigo del Trabajo","Sin Clasificación","Código del Trabajo","Florinda Noemi Molina Lopez","Sin Cargo"," ","Sin Información","Afectos Al Código del Trabajo","1988-02-16 00:00:00.0","1900-01-01 00:00:00.0"
"Los Lagos","Codigo del Trabajo","Sin Clasificación","Código del Trabajo","Graciela del Carmen Treuer Arriagada","Contratado"," ","","","1992-11-01 00:00:00.0","1900-01-01 00:00:00.0"
"Los Lagos","Codigo del Trabajo","Sin Clasificación","Código del Trabajo","Yexica Marisol Lara Gallardo","Sin Cargo"," ","Sin Información","Afectos Al Código del Trabajo","1988-02-16 00:00:00.0","1900-01-01 00:00:00.0"
"Los Lagos","Codigo del Trabajo","Sin Clasificación","Código del Trabajo","Patricio Pascual Fuentalba Alarcon","Auxiliar"," ","Sin Información","Afectos Al Código del Trabajo","1987-12-31 00:00:00.0","1900-01-01 00:00:00.0"
"Los Lagos","Codigo del Trabajo","Sin Clasificación","Código del Trabajo","Jose Salvador Muñoz Carrasco","Chófer"," ","Contratados Sin Planta","Afectos Al Código del Trabajo","1988-08-31 00:00:00.0","1900-01-01 00:00:00.0"
