"Comuna","Tipo de Contratación","Área","Calidad","Nombre","Cargo","Grado","Planta","Remuneración","Fecha desde","Fecha hasta"
"Los Lagos","Honorarios","Contrato A Honorarios","A Suma Alzada","Rocio del Pilar Neira Mera","","SIN INFORMACION","","","2019-01-02 00:00:00.0","2019-12-31 00:00:00.0"
"Los Lagos","Honorarios","Contrato A Honorarios","A Suma Alzada","Oscar Nazri Sabat Guzman","","SIN INFORMACION","","","2019-04-01 00:00:00.0","2019-12-31 00:00:00.0"
"Los Lagos","Honorarios","Contrato A Honorarios","A Suma Alzada","Belen Andrea Cardenas Fehrenberg","","SIN INFORMACION","","","2019-03-01 00:00:00.0","2019-12-31 00:00:00.0"
"Los Lagos","Honorarios","Contrato A Honorarios","A Suma Alzada","Eduardo Alejandro Vargas Soto","","SIN INFORMACION","","","2019-10-17 00:00:00.0","2019-12-31 00:00:00.0"
"Los Lagos","Honorarios","Contrato A Honorarios","A Suma Alzada","Juan Andres Fica Sepulveda","","SIN INFORMACION","","","2019-03-01 00:00:00.0","2019-12-31 00:00:00.0"
"Los Lagos","Honorarios","Contrato A Honorarios","A Suma Alzada","Felipe Andres Gonzalez Arroyo","","SIN INFORMACION","","","2019-03-20 00:00:00.0","2019-12-15 00:00:00.0"
"Los Lagos","Honorarios","Contrato A Honorarios","A Suma Alzada","Rodrigo Oscar Octavio Carrasco Rios","","SIN INFORMACION","","","2019-01-02 00:00:00.0","2019-12-31 00:00:00.0"
"Los Lagos","Honorarios","Contrato A Honorarios","A Suma Alzada","Sebastian Lopez Morales","","SIN INFORMACION","","","2019-03-01 00:00:00.0","2019-11-30 00:00:00.0"
"Los Lagos","Honorarios","Contrato A Honorarios","A Suma Alzada","Juan Ignacio Oporto Fuentes","","SIN INFORMACION","","","2019-06-21 00:00:00.0","2019-06-26 00:00:00.0"
"Los Lagos","Honorarios","Contrato A Honorarios","A Suma Alzada","Francisca Patricia Ya¿ez Inostroza","","SIN INFORMACION","","","2019-03-01 00:00:00.0","2019-12-31 00:00:00.0"
"Los Lagos","Honorarios","Contrato A Honorarios","A Suma Alzada","Nicolás Ignacio Díaz Balboa","","SIN INFORMACION","","","2019-03-18 00:00:00.0","2019-11-30 00:00:00.0"
"Los Lagos","Honorarios","Contrato A Honorarios","A Suma Alzada","Mario Wladimir Troncoso Flores","","SIN INFORMACION","","","2019-07-01 00:00:00.0","2019-07-31 00:00:00.0"
"Los Lagos","Honorarios","Contrato A Honorarios","A Suma Alzada","Ricardo Ludolfo Troncoso Schlie","","SIN INFORMACION","","","2019-04-01 00:00:00.0","2019-12-15 00:00:00.0"
"Los Lagos","Honorarios","Contrato A Honorarios","A Suma Alzada","Pedro Rolando Gallardo  Vera","","SIN INFORMACION","","","2019-03-01 00:00:00.0","2019-12-31 00:00:00.0"
"Los Lagos","Honorarios","Contrato A Honorarios","A Suma Alzada","Ana Ruth Iturra Balmazabal","","SIN INFORMACION","","","2019-04-01 00:00:00.0","2019-06-30 00:00:00.0"
