"Comuna","Tipo de Contratación","Área","Calidad","Nombre","Cargo","Grado","Planta","Remuneración","Fecha desde","Fecha hasta"
"Los Lagos","Contrata","Educación","Contrata","Marta Elena Vera Cardenas","Docente","SIN INFORMACION","Contratados Sin Planta","Profesionales de La Educación Ley N°19.070","2018-03-01 00:00:00.0","2019-02-28 00:00:00.0"
"Los Lagos","Contrata","Educación","Contrata","Alejandra Irma Emma Lopez Melo","Docente","SIN INFORMACION","Contratados Sin Planta","Profesionales de La Educación Ley N°19.070","2018-03-01 00:00:00.0","2019-02-28 00:00:00.0"
"Los Lagos","Contrata","Educación","Contrata","Gabriela Asuncion Lerzundi Carreño","Docente","SIN INFORMACION","Contratados Sin Planta","Profesionales de La Educación Ley N°19.070","2018-03-01 00:00:00.0","2019-02-28 00:00:00.0"
"Los Lagos","Contrata","Educación","Contrata","Patricia del Pilar Martinez Catalan","Docente","SIN INFORMACION","Contratados Sin Planta","Profesionales de La Educación Ley N°19.070","2018-03-01 00:00:00.0","2019-02-28 00:00:00.0"
"Los Lagos","Contrata","Educación","Contrata","Betty Eliza Rebolledo Alvarez","Docente","SIN INFORMACION","Contratados Sin Planta","Profesionales de La Educación Ley N°19.070","2018-03-01 00:00:00.0","2019-02-28 00:00:00.0"
"Los Lagos","Contrata","Educación","Contrata","Malaquias Firmelio Mu¿oz Fritz","Docente","SIN INFORMACION","Contratados Sin Planta","Profesionales de La Educación Ley N°19.070","2018-03-01 00:00:00.0","2019-02-28 00:00:00.0"
"Los Lagos","Contrata","Educación","Contrata","Elba Oriana Rios Espinoza","Técnico En Atención de Párvulos","SIN INFORMACION","Contratados Sin Planta","Asistentes de La Educación Ley N°19.464","2019-03-21 00:00:00.0","2019-04-19 00:00:00.0"
"Los Lagos","Contrata","Educación","Contrata","Leonor del Carmen Hermosilla Gutierrez","Docente","SIN INFORMACION","Contratados Sin Planta","Profesionales de La Educación Ley N°19.070","2018-03-01 00:00:00.0","2019-02-28 00:00:00.0"
"Los Lagos","Contrata","Educación","Contrata","Hilda de Lourdes Flandez Contreras","Docente","SIN INFORMACION","Contratados Sin Planta","Profesionales de La Educación Ley N°19.070","2018-03-01 00:00:00.0","2019-02-28 00:00:00.0"
"Los Lagos","Contrata","Educación","Contrata","Jaime Andres Muñoz Jofre","Inspector General","SIN INFORMACION","Contratados Sin Planta","Profesionales de La Educación Ley N°19.070","2018-03-01 00:00:00.0","2019-02-28 00:00:00.0"
"Los Lagos","Contrata","Educación","Contrata","Leticia Jeannette Roa Henriquez","Docente","SIN INFORMACION","Contratados Sin Planta","Profesionales de La Educación Ley N°19.070","2018-03-01 00:00:00.0","2019-02-28 00:00:00.0"
"Los Lagos","Contrata","Educación","Contrata","Ruben Asmer Navarro Roa","Docente","SIN INFORMACION","Contratados Sin Planta","Profesionales de La Educación Ley N°19.070","2018-03-01 00:00:00.0","2019-02-28 00:00:00.0"
"Los Lagos","Contrata","Educación","Contrata","Elsa Maria Brito Benavides","Docente","SIN INFORMACION","Contratados Sin Planta","Profesionales de La Educación Ley N°19.070","2018-03-01 00:00:00.0","2019-02-28 00:00:00.0"
"Los Lagos","Contrata","Educación","Contrata","Felisa Aglae Peralta Monsalve","Docente","SIN INFORMACION","Contratados Sin Planta","Profesionales de La Educación Ley N°19.070","2018-03-01 00:00:00.0","2019-02-28 00:00:00.0"
"Los Lagos","Contrata","Educación","Contrata","Susana Aurelia Montecinos Faundez","Docente","SIN INFORMACION","Contratados Sin Planta","Profesionales de La Educación Ley N°19.070","2018-03-01 00:00:00.0","2019-02-28 00:00:00.0"
"Los Lagos","Contrata","Educación","Contrata","Luis Evaristo Acuña Borini","Docente","SIN INFORMACION","Contratados Sin Planta","Profesionales de La Educación Ley N°19.070","2018-03-01 00:00:00.0","2019-02-28 00:00:00.0"
"Los Lagos","Contrata","Educación","Contrata","Jimena Andrea Mancilla Rivera","Docente","SIN INFORMACION","Contratados Sin Planta","Profesionales de La Educación Ley N°19.070","2018-06-04 00:00:00.0","2018-06-22 00:00:00.0"
"Los Lagos","Contrata","Educación","Contrata","Alex Rolando Jaramillo Carrasco","Docente","SIN INFORMACION","Contratados Sin Planta","Profesionales de La Educación Ley N°19.070","2018-03-01 00:00:00.0","2019-02-28 00:00:00.0"
"Los Lagos","Contrata","Educación","Contrata","Carmen Gloria Hormazabal Carrillo","Inspector General","SIN INFORMACION","Contratados Sin Planta","Profesionales de La Educación Ley N°19.070","2019-03-01 00:00:00.0","2020-02-29 00:00:00.0"
"Los Lagos","Contrata","Educación","Contrata","Ximena Mercedes Hormazabal Carrillo","Docente","SIN INFORMACION","Contratados Sin Planta","Profesionales de La Educación Ley N°19.070","2018-05-03 00:00:00.0","2018-11-03 00:00:00.0"
"Los Lagos","Contrata","Educación","Contrata","Raquel Juana Moreira Salvo","Docente","SIN INFORMACION","Contratados Sin Planta","Profesionales de La Educación Ley N°19.070","2019-03-01 00:00:00.0","2019-03-29 00:00:00.0"
"Los Lagos","Contrata","Educación","Contrata","Marlene Haydee Santiba¿ez Santiba¿ez","Auxiliar","SIN INFORMACION","Contratados Sin Planta","Afectos Al Código del Trabajo","2019-11-25 00:00:00.0","2019-12-12 00:00:00.0"
"Los Lagos","Contrata","Educación","Contrata","Maria Teresa Venegas Cifuentes","Docente","SIN INFORMACION","Contratados Sin Planta","Profesionales de La Educación Ley N°19.070","2018-03-01 00:00:00.0","2019-02-28 00:00:00.0"
"Los Lagos","Contrata","Educación","Contrata","Marcelo Andres Monje White","Docente","SIN INFORMACION","Contratados Sin Planta","Profesionales de La Educación Ley N°19.070","2018-03-01 00:00:00.0","2019-02-28 00:00:00.0"
"Los Lagos","Contrata","Educación","Contrata","Nayadet Leontina Gatica Cuevas","Auxiliar","SIN INFORMACION","Contratados Sin Planta","Asistentes de La Educación Ley N°19.464","2019-09-02 00:00:00.0","2019-09-14 00:00:00.0"
"Los Lagos","Contrata","Educación","Contrata","Paula Monica Herrera Martinez","Jefe Unidad Técnica Pedagógica","SIN INFORMACION","Contratados Sin Planta","Profesionales de La Educación Ley N°19.070","2015-03-01 00:00:00.0","1900-01-01 00:00:00.0"
"Los Lagos","Contrata","Educación","Contrata","Tatiana Veronica Muñoz Sandoval","Docente","SIN INFORMACION","Contratados Sin Planta","Profesionales de La Educación Ley N°19.070","2018-03-01 00:00:00.0","2019-02-28 00:00:00.0"
"Los Lagos","Contrata","Educación","Contrata","Richard Francisco Fernandez Medina","Docente","SIN INFORMACION","Contratados Sin Planta","Profesionales de La Educación Ley N°19.070","2018-03-01 00:00:00.0","2019-02-28 00:00:00.0"
"Los Lagos","Contrata","Educación","Contrata","Monica Erna Lara Navarro","Docente","SIN INFORMACION","Contratados Sin Planta","Profesionales de La Educación Ley N°19.070","2018-03-01 00:00:00.0","2019-02-28 00:00:00.0"
"Los Lagos","Contrata","Educación","Contrata","Iris Jacqueline Acu¿a Cortes","Auxiliar de Servicios","SIN INFORMACION","Contratados Sin Planta","Asistentes de La Educación Ley N°19.464","2019-08-01 00:00:00.0","2019-12-31 00:00:00.0"
"Los Lagos","Contrata","Educación","Contrata","Claudia Carolina Pradenas Paredes","Docente","SIN INFORMACION","Contratados Sin Planta","Profesionales de La Educación Ley N°19.070","2018-03-01 00:00:00.0","2019-02-28 00:00:00.0"
"Los Lagos","Contrata","Educación","Contrata","Demerita Susana Jara  Acu¿a","Auxiliar","SIN INFORMACION","Contratados Sin Planta","Asistentes de La Educación Ley N°19.464","2019-10-24 00:00:00.0","2019-11-22 00:00:00.0"
"Los Lagos","Contrata","Educación","Contrata","Leticia Maria Virginia Huenulef Oporto","Docente","SIN INFORMACION","Contratados Sin Planta","Profesionales de La Educación Ley N°19.070","2018-03-01 00:00:00.0","2019-02-28 00:00:00.0"
"Los Lagos","Contrata","Educación","Contrata","Dirsys Gloria Jaramillo Santiba¿ez","Encargado","SIN INFORMACION","Contratados Sin Planta","Asistentes de La Educación Ley N°19.464","2019-03-01 00:00:00.0","2020-02-29 00:00:00.0"
"Los Lagos","Contrata","Educación","Contrata","Fred Rolf Chico  Fernandez","Docente","SIN INFORMACION","Contratados Sin Planta","Profesionales de La Educación Ley N°19.070","2019-03-01 00:00:00.0","2020-02-29 00:00:00.0"
"Los Lagos","Contrata","Educación","Contrata","Sandra Paola Carmona Lopez","Docente","SIN INFORMACION","Contratados Sin Planta","Profesionales de La Educación Ley N°19.070","2018-03-01 00:00:00.0","2019-02-28 00:00:00.0"
"Los Lagos","Contrata","Educación","Contrata","Beatriz Andrea Astudillo Contreras","Docente","SIN INFORMACION","Contratados Sin Planta","Profesionales de La Educación Ley N°19.070","2018-03-01 00:00:00.0","2019-02-28 00:00:00.0"
"Los Lagos","Contrata","Educación","Contrata","Claudia Fatima Diaz Surita","Docente","SIN INFORMACION","Contratados Sin Planta","Profesionales de La Educación Ley N°19.070","2018-03-01 00:00:00.0","2019-02-28 00:00:00.0"
"Los Lagos","Contrata","Educación","Contrata","Angelica Paola Becerra Riquelme","Docente","SIN INFORMACION","Contratados Sin Planta","Profesionales de La Educación Ley N°19.070","2017-03-01 00:00:00.0","2018-02-28 00:00:00.0"
"Los Lagos","Contrata","Educación","Contrata","Samuel Rolando Alvarez Soto","Docente","SIN INFORMACION","Contratados Sin Planta","Profesionales de La Educación Ley N°19.070","2018-03-01 00:00:00.0","2019-02-28 00:00:00.0"
"Los Lagos","Contrata","Educación","Contrata","Alvaro Marcelo Iturra Leal","Docente","SIN INFORMACION","Contratados Sin Planta","Profesionales de La Educación Ley N°19.070","2019-04-01 00:00:00.0","2020-02-29 00:00:00.0"
"Los Lagos","Contrata","Educación","Contrata","Leonor del Carmen Torres Quiñones","Docente","SIN INFORMACION","Contratados Sin Planta","Profesionales de La Educación Ley N°19.070","2018-03-01 00:00:00.0","2019-02-28 00:00:00.0"
"Los Lagos","Contrata","Educación","Contrata","Patricia Jimena Ortiz Mendez","Docente","SIN INFORMACION","Contratados Sin Planta","Profesionales de La Educación Ley N°19.070","2018-03-01 00:00:00.0","2019-02-28 00:00:00.0"
"Los Lagos","Contrata","Educación","Contrata","Leopoldo Ivan Inostroza Inostroza","Docente","SIN INFORMACION","Contratados Sin Planta","Profesionales de La Educación Ley N°19.070","2018-03-01 00:00:00.0","2019-02-28 00:00:00.0"
"Los Lagos","Contrata","Educación","Contrata","Lylian Ivette Navarro Alvarez","Docente","SIN INFORMACION","Contratados Sin Planta","Profesionales de La Educación Ley N°19.070","2018-03-01 00:00:00.0","2019-02-28 00:00:00.0"
"Los Lagos","Contrata","Educación","Contrata","Alejandra Angelina Rodriguez Briones","Docente","SIN INFORMACION","Contratados Sin Planta","Profesionales de La Educación Ley N°19.070","2018-03-01 00:00:00.0","2019-02-28 00:00:00.0"
"Los Lagos","Contrata","Educación","Contrata","Jorge Hector  Ruiz Pedreros","Inspector","SIN INFORMACION","Contratados Sin Planta","Asistentes de La Educación Ley N°19.464","2019-04-08 00:00:00.0","3019-07-12 00:00:00.0"
"Los Lagos","Contrata","Educación","Contrata","Mariela Margarita Riquelme Carrillo","Docente","SIN INFORMACION","Contratados Sin Planta","Profesionales de La Educación Ley N°19.070","2019-03-01 00:00:00.0","2020-02-29 00:00:00.0"
"Los Lagos","Contrata","Educación","Contrata","Andrea del Carmen Escobar Alvial","Docente","SIN INFORMACION","Contratados Sin Planta","Profesionales de La Educación Ley N°19.070","2018-03-01 00:00:00.0","2019-02-28 00:00:00.0"
"Los Lagos","Contrata","Educación","Contrata","Mayra Alexia Fica Sepulveda","Docente","SIN INFORMACION","Contratados Sin Planta","Profesionales de La Educación Ley N°19.070","2018-03-01 00:00:00.0","2019-02-28 00:00:00.0"
"Los Lagos","Contrata","Educación","Contrata","Gloria Elisa Aguilera Arancibia","Técnico En Atención de Párvulos","SIN INFORMACION","Contratados Sin Planta","Asistentes de La Educación Ley N°19.464","2019-04-01 00:00:00.0","2019-12-31 00:00:00.0"
"Los Lagos","Contrata","Educación","Contrata","Cesar Manuel Gonzalez Poblete","Docente","SIN INFORMACION","Contratados Sin Planta","Profesionales de La Educación Ley N°19.070","2018-03-01 00:00:00.0","2019-02-28 00:00:00.0"
"Los Lagos","Contrata","Educación","Contrata","Marta Magdalena Niño Mellado","Docente","SIN INFORMACION","Contratados Sin Planta","Profesionales de La Educación Ley N°19.070","2018-03-01 00:00:00.0","2019-02-28 00:00:00.0"
"Los Lagos","Contrata","Educación","Contrata","Susan Patricia Morales Navarro","Docente","SIN INFORMACION","Contratados Sin Planta","Profesionales de La Educación Ley N°19.070","2019-03-02 00:00:00.0","2019-09-02 00:00:00.0"
"Los Lagos","Contrata","Educación","Contrata","Nayda Denise Zarate Medel","Docente","SIN INFORMACION","Contratados Sin Planta","Profesionales de La Educación Ley N°19.070","2018-03-01 00:00:00.0","2019-02-28 00:00:00.0"
"Los Lagos","Contrata","Educación","Contrata","Ana Berta Patricia Paredes Rubilar","Docente","SIN INFORMACION","Contratados Sin Planta","Profesionales de La Educación Ley N°19.070","2019-04-01 00:00:00.0","2020-02-29 00:00:00.0"
"Los Lagos","Contrata","Educación","Contrata","Natalia Alejandra Oyarzun Barrales","Jefe Unidad Técnica Pedagógica","SIN INFORMACION","Contratados Sin Planta","Profesionales de La Educación Ley N°19.070","2019-03-02 00:00:00.0","2019-09-02 00:00:00.0"
"Los Lagos","Contrata","Educación","Contrata","Claudia Andrea Caceres Calquin","Técnico En Atención de Párvulos","SIN INFORMACION","Contratados Sin Planta","Asistentes de La Educación Ley N°19.464","2019-03-13 00:00:00.0","2020-02-29 00:00:00.0"
"Los Lagos","Contrata","Educación","Contrata","Blanca Carolina Rojas Vejar","Docente","SIN INFORMACION","Contratados Sin Planta","Profesionales de La Educación Ley N°19.070","2018-03-01 00:00:00.0","2019-02-28 00:00:00.0"
"Los Lagos","Contrata","Educación","Contrata","Susana Ivette Adams Cocio","Docente","SIN INFORMACION","Contratados Sin Planta","Profesionales de La Educación Ley N°19.070","2019-03-01 00:00:00.0","2020-02-29 00:00:00.0"
"Los Lagos","Contrata","Educación","Contrata","Alicia Josefina Gonzalez Vasquez","Docente","SIN INFORMACION","Contratados Sin Planta","Profesionales de La Educación Ley N°19.070","2018-03-01 00:00:00.0","2019-02-28 00:00:00.0"
"Los Lagos","Contrata","Educación","Contrata","Karina Eugenia Marchant Zambrano","Docente","SIN INFORMACION","Contratados Sin Planta","Profesionales de La Educación Ley N°19.070","2018-03-01 00:00:00.0","2019-02-28 00:00:00.0"
"Los Lagos","Contrata","Educación","Contrata","Cristian Rodrigo Rosas Poblete","Docente","SIN INFORMACION","Contratados Sin Planta","Profesionales de La Educación Ley N°19.070","2018-08-01 00:00:00.0","2019-02-01 00:00:00.0"
"Los Lagos","Contrata","Educación","Contrata","Silvana Alejandra Mancilla Ochoa","Docente","SIN INFORMACION","Contratados Sin Planta","Profesionales de La Educación Ley N°19.070","2019-04-17 00:00:00.0","2020-02-29 00:00:00.0"
"Los Lagos","Contrata","Educación","Contrata","Claudio Pascual Aedo Flores","Auxiliar","SIN INFORMACION","Contratados Sin Planta","Asistentes de La Educación Ley N°19.464","2019-08-01 00:00:00.0","2020-02-29 00:00:00.0"
"Los Lagos","Contrata","Educación","Contrata","Mauricio Roberto Bernal Rivas","Docente","SIN INFORMACION","Contratados Sin Planta","Profesionales de La Educación Ley N°19.070","2018-03-01 00:00:00.0","2019-02-28 00:00:00.0"
"Los Lagos","Contrata","Educación","Contrata","Marisol Karin Catalan Hernandez","Docente","SIN INFORMACION","Contratados Sin Planta","Profesionales de La Educación Ley N°19.070","2019-03-04 00:00:00.0","2020-02-29 00:00:00.0"
"Los Lagos","Contrata","Educación","Contrata","Andrea Mariloly Luer Ruiz","Docente","SIN INFORMACION","Contratados Sin Planta","Profesionales de La Educación Ley N°19.070","2018-03-01 00:00:00.0","2019-02-28 00:00:00.0"
"Los Lagos","Contrata","Educación","Contrata","Gladys del Pilar Diaz Aguayo","Docente","SIN INFORMACION","Contratados Sin Planta","Profesionales de La Educación Ley N°19.070","2019-03-01 00:00:00.0","2020-02-29 00:00:00.0"
"Los Lagos","Contrata","Educación","Contrata","Freddy Alejandro Caceres Espinoza","Docente","SIN INFORMACION","Contratados Sin Planta","Profesionales de La Educación Ley N°19.070","2018-03-01 00:00:00.0","2019-02-28 00:00:00.0"
"Los Lagos","Contrata","Educación","Contrata","Maria Lorena Navarro Navarro","Docente","SIN INFORMACION","Contratados Sin Planta","Profesionales de La Educación Ley N°19.070","2018-03-01 00:00:00.0","2019-02-28 00:00:00.0"
"Los Lagos","Contrata","Educación","Contrata","Myriam Yanett Iba¿ez Aravena","Docente","SIN INFORMACION","Contratados Sin Planta","Profesionales de La Educación Ley N°19.070","2018-03-01 00:00:00.0","2019-02-28 00:00:00.0"
"Los Lagos","Contrata","Educación","Contrata","Marta Odett Calisto Chavez","Auxiliar de Servicios","SIN INFORMACION","Contratados Sin Planta","Asistentes de La Educación Ley N°19.464","2019-11-06 00:00:00.0","2019-12-31 00:00:00.0"
"Los Lagos","Contrata","Educación","Contrata","Iris Jacqueline Rosales Obando","Docente","SIN INFORMACION","Contratados Sin Planta","Profesionales de La Educación Ley N°19.070","2018-03-02 00:00:00.0","2018-09-02 00:00:00.0"
"Los Lagos","Contrata","Educación","Contrata","Susana del Carmen Santana Delpino","Jefe Unidad Técnica Pedagógica","SIN INFORMACION","Contratados Sin Planta","Profesionales de La Educación Ley N°19.070","2018-03-01 00:00:00.0","2019-02-28 00:00:00.0"
"Los Lagos","Contrata","Educación","Contrata","Lissette del Pilar  Nuñez  Caceres","Docente","SIN INFORMACION","Contratados Sin Planta","Profesionales de La Educación Ley N°19.070","2017-07-25 00:00:00.0","2018-02-28 00:00:00.0"
"Los Lagos","Contrata","Educación","Contrata","Leslie Priscila Acu¿a Jer","Docente","SIN INFORMACION","Contratados Sin Planta","Profesionales de La Educación Ley N°19.070","2018-03-01 00:00:00.0","2019-02-28 00:00:00.0"
"Los Lagos","Contrata","Educación","Contrata","Ana Maria Salazar Aillapan","Docente","SIN INFORMACION","Contratados Sin Planta","Profesionales de La Educación Ley N°19.070","2018-03-01 00:00:00.0","2019-02-28 00:00:00.0"
"Los Lagos","Contrata","Educación","Contrata","Leonardo Rafael Puschel Fernandez-ni¿o","Ingeniero","SIN INFORMACION","Contratados Sin Planta","Asistentes de La Educación Ley N°19.464","2018-03-01 00:00:00.0","2019-02-28 00:00:00.0"
"Los Lagos","Contrata","Educación","Contrata","Yohanna de Lourdes Echenique Huenchulaf","Educadora Párvulos","SIN INFORMACION","Contratados Sin Planta","Afectos Al Código del Trabajo","2019-06-01 00:00:00.0","2019-12-31 00:00:00.0"
"Los Lagos","Contrata","Educación","Contrata","Paola Marjorie  Zanoni Moraga","Docente","SIN INFORMACION","Contratados Sin Planta","Profesionales de La Educación Ley N°19.070","2018-03-01 00:00:00.0","2019-02-28 00:00:00.0"
"Los Lagos","Contrata","Educación","Contrata","Cinthya Lorena  Catalan Huile","Docente","SIN INFORMACION","Contratados Sin Planta","Profesionales de La Educación Ley N°19.070","2018-03-01 00:00:00.0","2019-02-28 00:00:00.0"
"Los Lagos","Contrata","Educación","Contrata","Priscila Girlen Fernandez Gonzalez","Docente","SIN INFORMACION","Contratados Sin Planta","Profesionales de La Educación Ley N°19.070","2018-03-01 00:00:00.0","2019-02-28 00:00:00.0"
"Los Lagos","Contrata","Educación","Contrata","Carmen Gloria Gallegos  Baeza","Inspector","SIN INFORMACION","Contratados Sin Planta","Asistentes de La Educación Ley N°19.464","2018-03-06 00:00:00.0","2019-02-28 00:00:00.0"
"Los Lagos","Contrata","Educación","Contrata","Karime Edith Ahumada Lopez","Docente","SIN INFORMACION","Contratados Sin Planta","Profesionales de La Educación Ley N°19.070","2018-03-01 00:00:00.0","2019-02-28 00:00:00.0"
"Los Lagos","Contrata","Educación","Contrata","Eliana Elizabeth Lopez Fuentes","Docente","SIN INFORMACION","Contratados Sin Planta","Profesionales de La Educación Ley N°19.070","2018-03-01 00:00:00.0","2019-02-28 00:00:00.0"
"Los Lagos","Contrata","Educación","Contrata","Evelyn Solange Chico Fernandez","Docente","SIN INFORMACION","Contratados Sin Planta","Profesionales de La Educación Ley N°19.070","2018-03-01 00:00:00.0","2019-02-28 00:00:00.0"
"Los Lagos","Contrata","Educación","Contrata","Rodrigo Andres Riffo Torres","Docente","SIN INFORMACION","Contratados Sin Planta","Profesionales de La Educación Ley N°19.070","2018-03-01 00:00:00.0","2019-02-28 00:00:00.0"
"Los Lagos","Contrata","Educación","Contrata","Andrea Estefania Martinez Cruces","Docente","SIN INFORMACION","Contratados Sin Planta","Profesionales de La Educación Ley N°19.070","2018-03-01 00:00:00.0","2019-02-28 00:00:00.0"
"Los Lagos","Contrata","Educación","Contrata","Gabriela del Pilar  Castro Fuentes","Auxiliar","SIN INFORMACION","Contratados Sin Planta","Asistentes de La Educación Ley N°19.464","2019-06-03 00:00:00.0","2019-09-03 00:00:00.0"
"Los Lagos","Contrata","Educación","Contrata","Bernarda Alejandra Studer Rodriguez","Inspector","SIN INFORMACION","Contratados Sin Planta","Asistentes de La Educación Ley N°19.464","2018-01-04 00:00:00.0","2019-02-28 00:00:00.0"
"Los Lagos","Contrata","Educación","Contrata","Lilian Andrea Montecinos Castro","Docente","SIN INFORMACION","Contratados Sin Planta","Profesionales de La Educación Ley N°19.070","2018-03-01 00:00:00.0","2019-02-28 00:00:00.0"
"Los Lagos","Contrata","Educación","Contrata","Omar Andres Puche Moraga","Docente","SIN INFORMACION","Contratados Sin Planta","Profesionales de La Educación Ley N°19.070","2018-03-01 00:00:00.0","2019-02-28 00:00:00.0"
"Los Lagos","Contrata","Educación","Contrata","Eduardo Alejandro Vargas Soto","Encargado","SIN INFORMACION","Contratados Sin Planta","Afectos Al Código del Trabajo","2019-08-01 00:00:00.0","2019-12-31 00:00:00.0"
"Los Lagos","Contrata","Educación","Contrata","Lorena del Carmen Delgado Alvarez","Docente","SIN INFORMACION","Contratados Sin Planta","Profesionales de La Educación Ley N°19.070","2018-03-01 00:00:00.0","2019-02-28 00:00:00.0"
"Los Lagos","Contrata","Educación","Contrata","Alejandro Alfredo Fuentes Rehl","Docente","SIN INFORMACION","Contratados Sin Planta","Profesionales de La Educación Ley N°19.070","2018-03-01 00:00:00.0","2019-02-28 00:00:00.0"
"Los Lagos","Contrata","Educación","Contrata","Claudio Antonio Cuevas Rubio","Docente","SIN INFORMACION","Contratados Sin Planta","Profesionales de La Educación Ley N°19.070","2019-03-01 00:00:00.0","2020-02-29 00:00:00.0"
"Los Lagos","Contrata","Educación","Contrata","Cecilia Jeannette  Godoy  Aguayo","Auxiliar de Servicios Menores","SIN INFORMACION","Contratados Sin Planta","Asistentes de La Educación Ley N°19.464","2019-11-04 00:00:00.0","2019-11-18 00:00:00.0"
"Los Lagos","Contrata","Educación","Contrata","Karina Andrea Cortes Peredo","Docente","SIN INFORMACION","Contratados Sin Planta","Profesionales de La Educación Ley N°19.070","2018-03-01 00:00:00.0","2019-02-28 00:00:00.0"
"Los Lagos","Contrata","Educación","Contrata","Jocelyn Veronica Araneda Rivera","Docente","SIN INFORMACION","Contratados Sin Planta","Profesionales de La Educación Ley N°19.070","2018-03-01 00:00:00.0","2019-02-28 00:00:00.0"
"Los Lagos","Contrata","Educación","Contrata","Karina Andrea Oyarzun Muñoz","Docente","SIN INFORMACION","Contratados Sin Planta","Profesionales de La Educación Ley N°19.070","2018-03-01 00:00:00.0","2019-02-28 00:00:00.0"
"Los Lagos","Contrata","Educación","Contrata","Marisol Eche¿ique Echi¿ique","Docente","SIN INFORMACION","Contratados Sin Planta","Profesionales de La Educación Ley N°19.070","2019-04-10 00:00:00.0","2020-02-29 00:00:00.0"
"Los Lagos","Contrata","Educación","Contrata","Marco Antonio Flández Muñoz","Docente","SIN INFORMACION","Contratados Sin Planta","Profesionales de La Educación Ley N°19.070","2018-03-01 00:00:00.0","2019-02-28 00:00:00.0"
"Los Lagos","Contrata","Educación","Contrata","Alejandra Marianela Cofre Lagos","Docente","SIN INFORMACION","Contratados Sin Planta","Profesionales de La Educación Ley N°19.070","2017-04-03 00:00:00.0","2018-02-28 00:00:00.0"
"Los Lagos","Contrata","Educación","Contrata","Veronica Margot Flores  Silva","Docente","SIN INFORMACION","Contratados Sin Planta","Profesionales de La Educación Ley N°19.070","2018-03-01 00:00:00.0","2019-02-28 00:00:00.0"
"Los Lagos","Contrata","Educación","Contrata","Dayana Magdalena Caceres Carcamo","Auxiliar","SIN INFORMACION","Contratados Sin Planta","Afectos Al Código del Trabajo","2019-03-04 00:00:00.0","2019-12-31 00:00:00.0"
"Los Lagos","Contrata","Educación","Contrata","Cristian Gerardo Carcamo Diaz","Encargado","SIN INFORMACION","Contratados Sin Planta","Asistentes de La Educación Ley N°19.464","2019-03-11 00:00:00.0","2020-02-29 00:00:00.0"
"Los Lagos","Contrata","Educación","Contrata","Susan Lorena Hernandez Obreque","Docente","SIN INFORMACION","Contratados Sin Planta","Profesionales de La Educación Ley N°19.070","2018-03-01 00:00:00.0","2019-02-28 00:00:00.0"
"Los Lagos","Contrata","Educación","Contrata","Paulina Alejandra Fuentealba Fuentealba","Docente","SIN INFORMACION","Contratados Sin Planta","Profesionales de La Educación Ley N°19.070","2018-03-01 00:00:00.0","2019-02-28 00:00:00.0"
"Los Lagos","Contrata","Educación","Contrata","Jacquelinne Alejandra Fernandez Gonzalez","Auxiliar de Servicios","SIN INFORMACION","Contratados Sin Planta","Asistentes de La Educación Ley N°19.464","2018-03-01 00:00:00.0","2019-02-28 00:00:00.0"
"Los Lagos","Contrata","Educación","Contrata","Daniela Cecilia Cruces Cruces","Docente","SIN INFORMACION","Contratados Sin Planta","Profesionales de La Educación Ley N°19.070","2018-03-01 00:00:00.0","2019-02-28 00:00:00.0"
"Los Lagos","Contrata","Educación","Contrata","Ximena Soledad Avila Torres","Docente","SIN INFORMACION","Contratados Sin Planta","Profesionales de La Educación Ley N°19.070","2017-03-01 00:00:00.0","2018-02-28 00:00:00.0"
"Los Lagos","Contrata","Educación","Contrata","Alejandro Yercuvy Valdes Rivas","Docente","SIN INFORMACION","Contratados Sin Planta","Profesionales de La Educación Ley N°19.070","2019-04-01 00:00:00.0","2020-02-29 00:00:00.0"
"Los Lagos","Contrata","Educación","Contrata","Paola Andrea Figueroa Figueroa","Docente","SIN INFORMACION","Contratados Sin Planta","Profesionales de La Educación Ley N°19.070","2019-03-01 00:00:00.0","2020-02-29 00:00:00.0"
"Los Lagos","Contrata","Educación","Contrata","Priscila Estefania Ya¿ez Castillo","Docente","SIN INFORMACION","Contratados Sin Planta","Profesionales de La Educación Ley N°19.070","2018-03-01 00:00:00.0","2019-02-28 00:00:00.0"
"Los Lagos","Contrata","Educación","Contrata","Susana Andrea Toledo Uribe","Docente","SIN INFORMACION","Contratados Sin Planta","Profesionales de La Educación Ley N°19.070","2019-03-01 00:00:00.0","2020-02-29 00:00:00.0"
"Los Lagos","Contrata","Educación","Contrata","Carla Ernestina Collileo Castro","Docente","SIN INFORMACION","Contratados Sin Planta","Profesionales de La Educación Ley N°19.070","2019-03-01 00:00:00.0","2020-02-29 00:00:00.0"
"Los Lagos","Contrata","Educación","Contrata","Carolina Alondra Damaris Cares Ortiz","Inspector","SIN INFORMACION","Contratados Sin Planta","Asistentes de La Educación Ley N°19.464","2018-12-01 00:00:00.0","2019-02-28 00:00:00.0"
"Los Lagos","Contrata","Educación","Contrata","Eduardo Alberto Campana Chandia","Docente","SIN INFORMACION","Contratados Sin Planta","Profesionales de La Educación Ley N°19.070","2018-03-01 00:00:00.0","2019-02-28 00:00:00.0"
"Los Lagos","Contrata","Educación","Contrata","Viviana Teresa Provoste Corona","Docente","SIN INFORMACION","Contratados Sin Planta","Profesionales de La Educación Ley N°19.070","2018-03-01 00:00:00.0","2019-02-28 00:00:00.0"
"Los Lagos","Contrata","Educación","Contrata","Gianinna Ines Jara Uribe","Docente","SIN INFORMACION","Contratados Sin Planta","Profesionales de La Educación Ley N°19.070","2018-03-01 00:00:00.0","2019-02-28 00:00:00.0"
"Los Lagos","Contrata","Educación","Contrata","Daniela Elinor Vera Cifuentes","Docente","SIN INFORMACION","Contratados Sin Planta","Profesionales de La Educación Ley N°19.070","2019-03-01 00:00:00.0","2020-02-29 00:00:00.0"
"Los Lagos","Contrata","Educación","Contrata","Raul Ignacio Mu¿oz Pichuante","Docente","SIN INFORMACION","Contratados Sin Planta","Profesionales de La Educación Ley N°19.070","2018-03-01 00:00:00.0","2019-02-28 00:00:00.0"
"Los Lagos","Contrata","Educación","Contrata","Haivy Damaris Silva Catalan","Docente","SIN INFORMACION","Contratados Sin Planta","Profesionales de La Educación Ley N°19.070","2017-03-01 00:00:00.0","2018-02-28 00:00:00.0"
"Los Lagos","Contrata","Educación","Contrata","Erlys Giannine Aguilera Castagnoli","Docente","SIN INFORMACION","Contratados Sin Planta","Profesionales de La Educación Ley N°19.070","2018-03-01 00:00:00.0","2019-02-28 00:00:00.0"
"Los Lagos","Contrata","Educación","Contrata","Patricio Esther Sanhueza Fernandez","Docente","SIN INFORMACION","Contratados Sin Planta","Profesionales de La Educación Ley N°19.070","2018-03-01 00:00:00.0","2019-02-28 00:00:00.0"
"Los Lagos","Contrata","Educación","Contrata","Aura Patricia Reyes Carrillo","Docente","SIN INFORMACION","Contratados Sin Planta","Profesionales de La Educación Ley N°19.070","2017-03-01 00:00:00.0","2018-02-28 00:00:00.0"
"Los Lagos","Contrata","Educación","Contrata","Katherine Roxana Mancilla Ramírez","Docente","SIN INFORMACION","Contratados Sin Planta","Profesionales de La Educación Ley N°19.070","2018-07-01 00:00:00.0","2019-02-28 00:00:00.0"
"Los Lagos","Contrata","Educación","Contrata","Karina Yohana Soto  Castro","Docente","SIN INFORMACION","Contratados Sin Planta","Profesionales de La Educación Ley N°19.070","2018-03-01 00:00:00.0","2019-02-28 00:00:00.0"
"Los Lagos","Contrata","Educación","Contrata","Rebeca Sara Consuelo Jaramillo Zapata","Docente","SIN INFORMACION","Contratados Sin Planta","Profesionales de La Educación Ley N°19.070","2019-03-01 00:00:00.0","2020-02-29 00:00:00.0"
"Los Lagos","Contrata","Educación","Contrata","Paulina Fernanda Aros Carrera","Docente","SIN INFORMACION","Contratados Sin Planta","Profesionales de La Educación Ley N°19.070","2018-03-01 00:00:00.0","2019-02-28 00:00:00.0"
"Los Lagos","Contrata","Educación","Contrata","Daniela Alejandra Gomez Vasquez","Docente","SIN INFORMACION","Contratados Sin Planta","Profesionales de La Educación Ley N°19.070","2019-03-01 00:00:00.0","2020-02-29 00:00:00.0"
"Los Lagos","Contrata","Educación","Contrata","Susana Beatriz Chico  Mu¿oz","Docente","SIN INFORMACION","Contratados Sin Planta","Profesionales de La Educación Ley N°19.070","2019-08-20 00:00:00.0","2020-02-29 00:00:00.0"
"Los Lagos","Contrata","Educación","Contrata","Francisco Javier Sandoval Irureta","Docente","SIN INFORMACION","Contratados Sin Planta","Profesionales de La Educación Ley N°19.070","2017-03-01 00:00:00.0","2018-02-28 00:00:00.0"
"Los Lagos","Contrata","Educación","Contrata","Alejandra Loreto Jara  Pinto","Docente","SIN INFORMACION","Contratados Sin Planta","Profesionales de La Educación Ley N°19.070","2019-07-26 00:00:00.0","2019-12-31 00:00:00.0"
"Los Lagos","Contrata","Educación","Contrata","Karen Andrea Oyarzun Contreras","Psicopedagogo","SIN INFORMACION","Contratados Sin Planta","Asistentes de La Educación Ley N°19.464","2018-03-01 00:00:00.0","2019-02-28 00:00:00.0"
"Los Lagos","Contrata","Educación","Contrata","Olivia Consuelo Silva Prieto","Docente","SIN INFORMACION","Contratados Sin Planta","Profesionales de La Educación Ley N°19.070","2019-03-01 00:00:00.0","2020-02-29 00:00:00.0"
"Los Lagos","Contrata","Educación","Contrata","Angelica Denisse Torres Meneses","Docente","SIN INFORMACION","Contratados Sin Planta","Profesionales de La Educación Ley N°19.070","2019-03-01 00:00:00.0","2020-02-29 00:00:00.0"
"Los Lagos","Contrata","Educación","Contrata","Carolina Fabiola Navarro Mancilla","Docente","SIN INFORMACION","Contratados Sin Planta","Profesionales de La Educación Ley N°19.070","2018-03-01 00:00:00.0","2019-02-28 00:00:00.0"
"Los Lagos","Contrata","Educación","Contrata","Enedina Leonor Ortiz Alarcon","Docente","SIN INFORMACION","Contratados Sin Planta","Profesionales de La Educación Ley N°19.070","2018-03-01 00:00:00.0","2019-02-28 00:00:00.0"
"Los Lagos","Contrata","Educación","Contrata","Edgardo Octavio Oporto Delgado","Docente","SIN INFORMACION","Contratados Sin Planta","Profesionales de La Educación Ley N°19.070","2018-03-01 00:00:00.0","2019-02-28 00:00:00.0"
"Los Lagos","Contrata","Educación","Contrata","Katherine Renaty Perez Lucero","Docente","SIN INFORMACION","Contratados Sin Planta","Profesionales de La Educación Ley N°19.070","2018-03-01 00:00:00.0","2019-02-28 00:00:00.0"
"Los Lagos","Contrata","Educación","Contrata","Andrea Beatriz Wevar  Borquez","Auxiliar","SIN INFORMACION","Contratados Sin Planta","Asistentes de La Educación Ley N°19.464","2019-03-18 00:00:00.0","2019-07-07 00:00:00.0"
"Los Lagos","Contrata","Educación","Contrata","Mayra Soraya Zapata Armstrong","Docente","SIN INFORMACION","Contratados Sin Planta","Profesionales de La Educación Ley N°19.070","2018-03-01 00:00:00.0","2019-02-28 00:00:00.0"
"Los Lagos","Contrata","Educación","Contrata","Sindy Caroline Sepulveda  Pacheco","Docente","SIN INFORMACION","Contratados Sin Planta","Profesionales de La Educación Ley N°19.070","2019-03-18 00:00:00.0","2020-02-29 00:00:00.0"
"Los Lagos","Contrata","Educación","Contrata","Viviana Solange Cossio  Sanchez","Auxiliar","SIN INFORMACION","Contratados Sin Planta","Asistentes de La Educación Ley N°19.464","2019-08-01 00:00:00.0","2019-08-14 00:00:00.0"
"Los Lagos","Contrata","Educación","Contrata","Matias Ignacio Campos Albornoz","Docente","SIN INFORMACION","Contratados Sin Planta","Profesionales de La Educación Ley N°19.070","2018-03-01 00:00:00.0","2019-02-28 00:00:00.0"
"Los Lagos","Contrata","Educación","Contrata","Leslie Romanet Mera Rivera","Docente","SIN INFORMACION","Contratados Sin Planta","Profesionales de La Educación Ley N°19.070","2018-03-01 00:00:00.0","2019-02-28 00:00:00.0"
"Los Lagos","Contrata","Educación","Contrata","Camila del Pilar Neguel Ulloa","Docente","SIN INFORMACION","Contratados Sin Planta","Profesionales de La Educación Ley N°19.070","2018-03-01 00:00:00.0","2019-02-28 00:00:00.0"
"Los Lagos","Contrata","Educación","Contrata","Esteban Andres Vargas Soto","Docente","SIN INFORMACION","Contratados Sin Planta","Profesionales de La Educación Ley N°19.070","2017-03-01 00:00:00.0","2018-02-28 00:00:00.0"
"Los Lagos","Contrata","Educación","Contrata","Ruth Yaquelin Venegas Ortiz","Técnico En Párvulos","SIN INFORMACION","Contratados Sin Planta","Afectos Al Código del Trabajo","2019-08-05 00:00:00.0","2019-12-18 00:00:00.0"
"Los Lagos","Contrata","Educación","Contrata","Yamir Jeannette Garces Sade","Asistente Social","SIN INFORMACION","Contratados Sin Planta","Asistentes de La Educación Ley N°19.464","2018-03-01 00:00:00.0","2019-02-28 00:00:00.0"
"Los Lagos","Contrata","Educación","Contrata","Gilson Eliezer Solis de Ovancalderon","Docente","SIN INFORMACION","Contratados Sin Planta","Profesionales de La Educación Ley N°19.070","2018-03-01 00:00:00.0","2019-02-28 00:00:00.0"
"Los Lagos","Contrata","Educación","Contrata","Jocelyn Margarita Rebolledo Saavedra","Técnico En Atención de Párvulos","SIN INFORMACION","Contratados Sin Planta","Asistentes de La Educación Ley N°19.464","2019-03-01 00:00:00.0","2020-02-29 00:00:00.0"
"Los Lagos","Contrata","Educación","Contrata","Viviana Nury Rivas Canales","Psicopedagogo","SIN INFORMACION","Contratados Sin Planta","Asistentes de La Educación Ley N°19.464","2018-03-01 00:00:00.0","2019-02-28 00:00:00.0"
"Los Lagos","Contrata","Educación","Contrata","Veronica Patricia  Diaz Veroiza","Docente","SIN INFORMACION","Contratados Sin Planta","Profesionales de La Educación Ley N°19.070","2018-03-01 00:00:00.0","2019-02-28 00:00:00.0"
"Los Lagos","Contrata","Educación","Contrata","Ronald Alexis Gomez Briones","Docente","SIN INFORMACION","Contratados Sin Planta","Profesionales de La Educación Ley N°19.070","2017-03-01 00:00:00.0","2018-02-28 00:00:00.0"
"Los Lagos","Contrata","Educación","Contrata","Daniel Andrés Mansilla Mansilla","Docente","SIN INFORMACION","Contratados Sin Planta","Profesionales de La Educación Ley N°19.070","2019-04-01 00:00:00.0","2020-02-29 00:00:00.0"
"Los Lagos","Contrata","Educación","Contrata","Nicole Andrea  Brito Villegas","Docente","SIN INFORMACION","Contratados Sin Planta","Profesionales de La Educación Ley N°19.070","2018-03-01 00:00:00.0","2019-02-28 00:00:00.0"
"Los Lagos","Contrata","Educación","Contrata","Carolina Alejandra Vega Mu¿oz","Inspector","SIN INFORMACION","Contratados Sin Planta","Asistentes de La Educación Ley N°19.464","2019-03-01 00:00:00.0","2019-09-15 00:00:00.0"
"Los Lagos","Contrata","Educación","Contrata","Gerardo Alonso Matamala Poblete","Docente","SIN INFORMACION","Contratados Sin Planta","Profesionales de La Educación Ley N°19.070","2018-08-08 00:00:00.0","2018-12-31 00:00:00.0"
"Los Lagos","Contrata","Educación","Contrata","Andrea Soledad Birke Rocha","Docente","SIN INFORMACION","Contratados Sin Planta","Profesionales de La Educación Ley N°19.070","2018-03-01 00:00:00.0","2019-02-28 00:00:00.0"
"Los Lagos","Contrata","Educación","Contrata","Francisca Viviana Contreras Cumin","Docente","SIN INFORMACION","Contratados Sin Planta","Profesionales de La Educación Ley N°19.070","2017-03-01 00:00:00.0","2018-02-28 00:00:00.0"
"Los Lagos","Contrata","Educación","Contrata","Maria Paz Sanhueza Cea","Docente","SIN INFORMACION","Contratados Sin Planta","Profesionales de La Educación Ley N°19.070","2019-09-02 00:00:00.0","2019-12-31 00:00:00.0"
"Los Lagos","Contrata","Educación","Contrata","Marta Paulina Ramirez  Villanueva","Docente","SIN INFORMACION","Contratados Sin Planta","Profesionales de La Educación Ley N°19.070","2018-03-01 00:00:00.0","2019-02-28 00:00:00.0"
"Los Lagos","Contrata","Educación","Contrata","Yoselyn Vanessa Henriquez Mansilla","Docente","SIN INFORMACION","Contratados Sin Planta","Profesionales de La Educación Ley N°19.070","2018-03-01 00:00:00.0","2019-02-28 00:00:00.0"
"Los Lagos","Contrata","Educación","Contrata","Paulina Veronica Villa Villa","Técnico En Párvulos","SIN INFORMACION","Contratados Sin Planta","Afectos Al Código del Trabajo","2019-04-01 00:00:00.0","2019-12-31 00:00:00.0"
"Los Lagos","Contrata","Educación","Contrata","Paola Andrea  Bernachea Rivera","Docente","SIN INFORMACION","Contratados Sin Planta","Profesionales de La Educación Ley N°19.070","2018-03-01 00:00:00.0","2019-02-28 00:00:00.0"
"Los Lagos","Contrata","Educación","Contrata","Maria Paz  Palma Coronado","Docente","SIN INFORMACION","Contratados Sin Planta","Profesionales de La Educación Ley N°19.070","2019-04-01 00:00:00.0","2020-02-29 00:00:00.0"
"Los Lagos","Contrata","Educación","Contrata","Carolina Andrea Ahumada  Lopez","Docente","SIN INFORMACION","Contratados Sin Planta","Profesionales de La Educación Ley N°19.070","2018-03-01 00:00:00.0","2019-02-28 00:00:00.0"
"Los Lagos","Contrata","Educación","Contrata","Alvaro Sebastian Ortiz Aros","Docente","SIN INFORMACION","Contratados Sin Planta","Profesionales de La Educación Ley N°19.070","2018-03-01 00:00:00.0","2019-02-28 00:00:00.0"
"Los Lagos","Contrata","Educación","Contrata","Diego Osvaldo Tellez Vera","Psicólogo","SIN INFORMACION","Contratados Sin Planta","Asistentes de La Educación Ley N°19.464","2019-09-01 00:00:00.0","2019-12-31 00:00:00.0"
"Los Lagos","Contrata","Educación","Contrata","Ariela Denis Sanhueza Zumelzu","Docente","SIN INFORMACION","Contratados Sin Planta","Profesionales de La Educación Ley N°19.070","2019-03-11 00:00:00.0","2020-02-29 00:00:00.0"
"Los Lagos","Contrata","Educación","Contrata","Diego Vásquez Hermosilla","Docente","SIN INFORMACION","Contratados Sin Planta","Profesionales de La Educación Ley N°19.070","2018-03-01 00:00:00.0","2019-02-28 00:00:00.0"
"Los Lagos","Contrata","Educación","Contrata","Emily Yohana  Huequeman Campos","Docente","SIN INFORMACION","Contratados Sin Planta","Profesionales de La Educación Ley N°19.070","2017-03-01 00:00:00.0","2018-02-28 00:00:00.0"
"Los Lagos","Contrata","Educación","Contrata","Valeria Mabel Salazar Millapan","Docente","SIN INFORMACION","Contratados Sin Planta","Profesionales de La Educación Ley N°19.070","2018-03-01 00:00:00.0","2019-02-28 00:00:00.0"
"Los Lagos","Contrata","Educación","Contrata","Juana Victoria Saez Rivera","Docente","SIN INFORMACION","Contratados Sin Planta","Profesionales de La Educación Ley N°19.070","2018-03-01 00:00:00.0","2019-02-28 00:00:00.0"
"Los Lagos","Contrata","Educación","Contrata","Karina Andrea Angulo Medina","Docente","SIN INFORMACION","Contratados Sin Planta","Profesionales de La Educación Ley N°19.070","2018-03-01 00:00:00.0","2019-02-28 00:00:00.0"
"Los Lagos","Contrata","Educación","Contrata","Juana Magdalena González Rivas","Auxiliar","SIN INFORMACION","Contratados Sin Planta","Asistentes de La Educación Ley N°19.464","2018-12-01 00:00:00.0","2019-02-28 00:00:00.0"
"Los Lagos","Contrata","Educación","Contrata","Yenifer Eglantina Rebolledo Canquil","Docente","SIN INFORMACION","Contratados Sin Planta","Profesionales de La Educación Ley N°19.070","2019-05-28 00:00:00.0","2019-06-10 00:00:00.0"
"Los Lagos","Contrata","Educación","Contrata","Carla Belen Aguero Aguero","Docente","SIN INFORMACION","Contratados Sin Planta","Profesionales de La Educación Ley N°19.070","2019-04-01 00:00:00.0","2020-02-29 00:00:00.0"
"Los Lagos","Contrata","Educación","Contrata","Juan Guillermo  Figueroa  Gonzalez","Docente","SIN INFORMACION","Contratados Sin Planta","Profesionales de La Educación Ley N°19.070","2018-03-01 00:00:00.0","2019-02-28 00:00:00.0"
"Los Lagos","Contrata","Educación","Contrata","Sebastián Salgado Silva","Docente","SIN INFORMACION","Contratados Sin Planta","Profesionales de La Educación Ley N°19.070","2018-03-01 00:00:00.0","2019-02-28 00:00:00.0"
"Los Lagos","Contrata","Educación","Contrata","Karin Patricia Castillo Acuña","Docente","SIN INFORMACION","Contratados Sin Planta","Profesionales de La Educación Ley N°19.070","2018-03-01 00:00:00.0","2019-02-28 00:00:00.0"
"Los Lagos","Contrata","Educación","Contrata","Francisco Javier Hernández Muñoz","Docente","SIN INFORMACION","Contratados Sin Planta","Profesionales de La Educación Ley N°19.070","2018-03-01 00:00:00.0","2019-02-28 00:00:00.0"
"Los Lagos","Contrata","Educación","Contrata","Juan Alberto Castillo Escobar","Docente","SIN INFORMACION","Contratados Sin Planta","Profesionales de La Educación Ley N°19.070","2019-09-02 00:00:00.0","2019-12-31 00:00:00.0"
"Los Lagos","Contrata","Educación","Contrata","Barbara Alicia Mu¿oz Arango","Docente","SIN INFORMACION","Contratados Sin Planta","Profesionales de La Educación Ley N°19.070","2019-03-01 00:00:00.0","2020-02-29 00:00:00.0"
"Los Lagos","Contrata","Educación","Contrata","Macarena Constanza Hidalgo Martinez","Docente","SIN INFORMACION","Contratados Sin Planta","Profesionales de La Educación Ley N°19.070","2018-03-01 00:00:00.0","2019-02-28 00:00:00.0"
"Los Lagos","Contrata","Educación","Contrata","Paula Alejand Ra Becerra  Kauzlarich","Docente","SIN INFORMACION","Contratados Sin Planta","Profesionales de La Educación Ley N°19.070","2018-03-01 00:00:00.0","2019-02-28 00:00:00.0"
"Los Lagos","Contrata","Educación","Contrata","Camilo Alejandro Sepulveda  Milling","Docente","SIN INFORMACION","Contratados Sin Planta","Profesionales de La Educación Ley N°19.070","2017-03-01 00:00:00.0","2018-02-28 00:00:00.0"
"Los Lagos","Contrata","Educación","Contrata","David Eduardo Burgos Quezada","Docente","SIN INFORMACION","Contratados Sin Planta","Profesionales de La Educación Ley N°19.070","2018-03-01 00:00:00.0","2019-02-28 00:00:00.0"
"Los Lagos","Contrata","Educación","Contrata","Daniela Nicole Vargas Perez","Docente","SIN INFORMACION","Contratados Sin Planta","Profesionales de La Educación Ley N°19.070","2018-03-01 00:00:00.0","2019-02-28 00:00:00.0"
"Los Lagos","Contrata","Educación","Contrata","Cintya Fernanda Caama¿o Fuentes","Docente","SIN INFORMACION","Contratados Sin Planta","Profesionales de La Educación Ley N°19.070","2019-04-01 00:00:00.0","2019-10-02 00:00:00.0"
"Los Lagos","Contrata","Educación","Contrata","Yasna Maricel  Valenzuela Astudillo","Docente","SIN INFORMACION","Contratados Sin Planta","Profesionales de La Educación Ley N°19.070","2018-03-01 00:00:00.0","2019-02-28 00:00:00.0"
"Los Lagos","Contrata","Educación","Contrata","Gaston Leodan Soto Chavez","Docente","SIN INFORMACION","Contratados Sin Planta","Profesionales de La Educación Ley N°19.070","2018-03-01 00:00:00.0","2019-02-28 00:00:00.0"
"Los Lagos","Contrata","Educación","Contrata","Gustavo Misael Fernandez Flandez","Docente","SIN INFORMACION","Contratados Sin Planta","Profesionales de La Educación Ley N°19.070","2018-03-01 00:00:00.0","2019-02-28 00:00:00.0"
"Los Lagos","Contrata","Educación","Contrata","Felipe Andres Oyarzun Ceron","Docente","SIN INFORMACION","Contratados Sin Planta","Profesionales de La Educación Ley N°19.070","2019-03-01 00:00:00.0","2020-02-29 00:00:00.0"
"Los Lagos","Contrata","Educación","Contrata","Francisco Andres Yevenes Escobar","Docente","SIN INFORMACION","Contratados Sin Planta","Profesionales de La Educación Ley N°19.070","2018-03-01 00:00:00.0","2019-02-28 00:00:00.0"
"Los Lagos","Contrata","Educación","Contrata","Odette del Carmen  Vasquez  Amigo","Técnico","SIN INFORMACION","Contratados Sin Planta","Asistentes de La Educación Ley N°19.464","2019-03-20 00:00:00.0","2020-02-29 00:00:00.0"
"Los Lagos","Contrata","Educación","Contrata","Freddy Yovanni Valdés Moreira","Docente","SIN INFORMACION","Contratados Sin Planta","Profesionales de La Educación Ley N°19.070","2018-03-01 00:00:00.0","2019-02-28 00:00:00.0"
"Los Lagos","Contrata","Educación","Contrata","Ashely Fabian Fuentes Foitzick","Docente","SIN INFORMACION","Contratados Sin Planta","Profesionales de La Educación Ley N°19.070","2018-03-01 00:00:00.0","2019-02-28 00:00:00.0"
"Los Lagos","Contrata","Educación","Contrata","Macarena Elizabeth  Cabezas Sanhueza","Técnico","SIN INFORMACION","Contratados Sin Planta","Asistentes de La Educación Ley N°19.464","2019-09-02 00:00:00.0","2019-10-04 00:00:00.0"
"Los Lagos","Contrata","Educación","Contrata","Fabian Marcelo Avila  Zu¿iga","Docente","SIN INFORMACION","Contratados Sin Planta","Profesionales de La Educación Ley N°19.070","2018-03-01 00:00:00.0","2019-02-28 00:00:00.0"
"Los Lagos","Contrata","Educación","Contrata","Barbara Nicols Ortega Valenzuela","Docente","SIN INFORMACION","Contratados Sin Planta","Profesionales de La Educación Ley N°19.070","2018-03-01 00:00:00.0","2019-02-28 00:00:00.0"
"Los Lagos","Contrata","Educación","Contrata","Carla Cristina Chacon Castillo","Docente","SIN INFORMACION","Contratados Sin Planta","Profesionales de La Educación Ley N°19.070","2018-03-01 00:00:00.0","2019-02-28 00:00:00.0"
"Los Lagos","Contrata","Educación","Contrata","Andres Rodrigo Collipal Cortes","Docente","SIN INFORMACION","Contratados Sin Planta","Profesionales de La Educación Ley N°19.070","2017-03-01 00:00:00.0","2018-02-28 00:00:00.0"
"Los Lagos","Contrata","Educación","Contrata","Yesica Elibet Anwandter Contreras","Docente","SIN INFORMACION","Contratados Sin Planta","Profesionales de La Educación Ley N°19.070","2018-04-02 00:00:00.0","2019-02-28 00:00:00.0"
"Los Lagos","Contrata","Educación","Contrata","Katerin Angelica Berkhoff Leal","Docente","SIN INFORMACION","Contratados Sin Planta","Profesionales de La Educación Ley N°19.070","2017-03-01 00:00:00.0","2018-02-28 00:00:00.0"
"Los Lagos","Contrata","Educación","Contrata","Macarena Elizabeth Cabezas Sanhueza","Técnico de Nivel Superior","SIN INFORMACION","Contratados Sin Planta","Asistentes de La Educación Ley N°19.464","2019-10-05 00:00:00.0","2019-12-23 00:00:00.0"
"Los Lagos","Contrata","Educación","Contrata","Priscila Tabita Aguilar Gamin","Docente","SIN INFORMACION","Contratados Sin Planta","Profesionales de La Educación Ley N°19.070","2019-03-01 00:00:00.0","2020-02-29 00:00:00.0"
"Los Lagos","Contrata","Educación","Contrata","Clara  Nirian  Sayago","Docente","SIN INFORMACION","Contratados Sin Planta","Profesionales de La Educación Ley N°19.070","2018-03-01 00:00:00.0","2019-02-28 00:00:00.0"
"Los Lagos","Contrata","Educación","Contrata","Gabriela Alejandra Neculpan Gonzalez","Docente","SIN INFORMACION","Contratados Sin Planta","Profesionales de La Educación Ley N°19.070","2018-03-01 00:00:00.0","2019-02-28 00:00:00.0"
"Los Lagos","Contrata","Educación","Contrata","Javiera Veronica Arroyo Carrasco","Docente","SIN INFORMACION","Contratados Sin Planta","Profesionales de La Educación Ley N°19.070","2018-03-01 00:00:00.0","2019-02-28 00:00:00.0"
"Los Lagos","Contrata","Educación","Contrata","Francisca Sara Neguel Ulloa","Docente","SIN INFORMACION","Contratados Sin Planta","Profesionales de La Educación Ley N°19.070","2018-03-01 00:00:00.0","2019-02-28 00:00:00.0"
"Los Lagos","Contrata","Educación","Contrata","Gabriela Nicole Carrillo Huentecura","Docente","SIN INFORMACION","Contratados Sin Planta","Profesionales de La Educación Ley N°19.070","2018-06-11 00:00:00.0","2019-02-28 00:00:00.0"
"Los Lagos","Contrata","Educación","Contrata","Yennifer Beatriz Cáceres Jara","Docente","SIN INFORMACION","Contratados Sin Planta","Profesionales de La Educación Ley N°19.070","2018-03-01 00:00:00.0","2019-02-28 00:00:00.0"
"Los Lagos","Contrata","Educación","Contrata","Sara Estefania  Gomez  Seguel","Docente","SIN INFORMACION","Contratados Sin Planta","Profesionales de La Educación Ley N°19.070","2018-03-01 00:00:00.0","2019-02-28 00:00:00.0"
"Los Lagos","Contrata","Educación","Contrata","Paula Ignacia Barrientos Ditzel","Docente","SIN INFORMACION","Contratados Sin Planta","Profesionales de La Educación Ley N°19.070","2018-12-17 00:00:00.0","2019-02-28 00:00:00.0"
"Los Lagos","Contrata","Educación","Contrata","Keila Stefani Salazar Jara","Fonoaudiologo","SIN INFORMACION","Contratados Sin Planta","Asistentes de La Educación Ley N°19.464","2018-12-01 00:00:00.0","1900-01-01 00:00:00.0"
"Los Lagos","Contrata","Educación","Contrata","Natalia Elizabeth Molina Iturra","Psicopedagogo","SIN INFORMACION","Contratados Sin Planta","Asistentes de La Educación Ley N°19.464","2019-03-04 00:00:00.0","2020-02-29 00:00:00.0"
"Los Lagos","Contrata","Educación","Contrata","Jose Hernan Molina Cardenas","Docente","SIN INFORMACION","Contratados Sin Planta","Profesionales de La Educación Ley N°19.070","2018-03-01 00:00:00.0","2019-02-28 00:00:00.0"
"Los Lagos","Contrata","Educación","Contrata","Barbara Nicole Huequeman Andrade","Psicólogo","SIN INFORMACION","Contratados Sin Planta","Asistentes de La Educación Ley N°19.464","2018-03-01 00:00:00.0","2019-02-28 00:00:00.0"
"Los Lagos","Contrata","Educación","Contrata","Gabriel Nicolas  Carrasco Maldonado","Docente","SIN INFORMACION","Contratados Sin Planta","Profesionales de La Educación Ley N°19.070","2017-03-01 00:00:00.0","2018-02-28 00:00:00.0"
"Los Lagos","Contrata","Educación","Contrata","Macarena Scarlett Verdejo Ordo¿ez","Docente","SIN INFORMACION","Contratados Sin Planta","Profesionales de La Educación Ley N°19.070","2018-03-01 00:00:00.0","2019-02-28 00:00:00.0"
"Los Lagos","Contrata","Educación","Contrata","Katherina Marlen Carrasco  Alvarez","Docente","SIN INFORMACION","Contratados Sin Planta","Profesionales de La Educación Ley N°19.070","2019-04-29 00:00:00.0","2020-02-29 00:00:00.0"
"Los Lagos","Contrata","Educación","Contrata","Valentina Constanza Aedo Fuentes","Fonoaudiologo","SIN INFORMACION","Contratados Sin Planta","Afectos Al Código del Trabajo","2019-04-04 00:00:00.0","2019-11-05 00:00:00.0"
"Los Lagos","Contrata","Educación","Contrata","Yenifer Fuentealba Carvacho","Docente","SIN INFORMACION","Contratados Sin Planta","Profesionales de La Educación Ley N°19.070","2017-05-09 00:00:00.0","2018-02-28 00:00:00.0"
"Los Lagos","Contrata","Educación","Contrata","Yenny Lissette Segura Sanhueza","Docente","SIN INFORMACION","Contratados Sin Planta","Profesionales de La Educación Ley N°19.070","2018-03-01 00:00:00.0","2019-02-28 00:00:00.0"
"Los Lagos","Contrata","Educación","Contrata","Flor Teresa Zambrano Figueroa","Psicólogo","SIN INFORMACION","Contratados Sin Planta","Asistentes de La Educación Ley N°19.464","2019-03-06 00:00:00.0","2020-02-29 00:00:00.0"
"Los Lagos","Contrata","Educación","Contrata","Benjamín Isaías Reyes Narváez","Preparador","SIN INFORMACION","Contratados Sin Planta","Asistentes de La Educación Ley N°19.464","2018-03-01 00:00:00.0","2019-02-28 00:00:00.0"
"Los Lagos","Contrata","Educación","Contrata","Yasna Estefania Matuz Valenzuela","Técnico","SIN INFORMACION","Contratados Sin Planta","Asistentes de La Educación Ley N°19.464","2018-12-01 00:00:00.0","2019-02-28 00:00:00.0"
"Los Lagos","Contrata","Educación","Contrata","Nadhia Tamar Miranda Martinez","Docente","SIN INFORMACION","Contratados Sin Planta","Profesionales de La Educación Ley N°19.070","2019-10-03 00:00:00.0","2019-10-29 00:00:00.0"
"Los Lagos","Contrata","Educación","Contrata","Andrea Elizabeth Vallejos Rojas","Docente","SIN INFORMACION","Contratados Sin Planta","Profesionales de La Educación Ley N°19.070","2018-03-01 00:00:00.0","2019-02-28 00:00:00.0"
"Los Lagos","Contrata","Educación","Contrata","Angel Antonio San Martin Jara","Docente","SIN INFORMACION","Contratados Sin Planta","Profesionales de La Educación Ley N°19.070","2018-03-01 00:00:00.0","2019-02-28 00:00:00.0"
"Los Lagos","Contrata","Educación","Contrata","Lucía Paz Aguayo Pérez","Docente","SIN INFORMACION","Contratados Sin Planta","Profesionales de La Educación Ley N°19.070","2018-03-01 00:00:00.0","2019-02-25 00:00:00.0"
"Los Lagos","Contrata","Educación","Contrata","Camila de Las Nieves Saravia Puga","Docente","SIN INFORMACION","Contratados Sin Planta","Profesionales de La Educación Ley N°19.070","2018-03-01 00:00:00.0","2019-02-28 00:00:00.0"
"Los Lagos","Contrata","Educación","Contrata","Margarita Angelica Estrada Rivera","Técnico En Atención de Párvulos","SIN INFORMACION","Contratados Sin Planta","Asistentes de La Educación Ley N°19.464","2019-03-11 00:00:00.0","2020-02-29 00:00:00.0"
"Los Lagos","Contrata","Educación","Contrata","Vanessa Araceli de Lourdes Perez Mardones","Docente","SIN INFORMACION","Contratados Sin Planta","Profesionales de La Educación Ley N°19.070","2018-03-01 00:00:00.0","2019-02-28 00:00:00.0"
"Los Lagos","Contrata","Educación","Contrata","Carolina Jissele Alarcon Albarracin","Asistente Social","SIN INFORMACION","Contratados Sin Planta","Asistentes de La Educación Ley N°19.464","2018-03-01 00:00:00.0","2019-02-28 00:00:00.0"
"Los Lagos","Contrata","Educación","Contrata","Karina Lisbeth Araneda Sepulveda","Docente","SIN INFORMACION","Contratados Sin Planta","Profesionales de La Educación Ley N°19.070","2018-03-01 00:00:00.0","2019-02-28 00:00:00.0"
"Los Lagos","Contrata","Educación","Contrata","Alba Dorca Mu¿oz Mendez","Docente","SIN INFORMACION","Contratados Sin Planta","Profesionales de La Educación Ley N°19.070","2018-03-01 00:00:00.0","2019-02-28 00:00:00.0"
"Los Lagos","Contrata","Educación","Contrata","Marianela Nicole Seguel  Reyes","Docente","SIN INFORMACION","Contratados Sin Planta","Profesionales de La Educación Ley N°19.070","2017-03-01 00:00:00.0","2018-02-28 00:00:00.0"
"Los Lagos","Contrata","Educación","Contrata","Katherin Fernanda Carrasco Gamin","Docente","SIN INFORMACION","Contratados Sin Planta","Profesionales de La Educación Ley N°19.070","2018-03-01 00:00:00.0","2019-02-28 00:00:00.0"
"Los Lagos","Contrata","Educación","Contrata","Daniela Paz Diaz Palma","Docente","SIN INFORMACION","Contratados Sin Planta","Profesionales de La Educación Ley N°19.070","2018-03-01 00:00:00.0","2019-02-28 00:00:00.0"
"Los Lagos","Contrata","Educación","Contrata","Helga Kinny  Valdes Carrillo","Terapeuta Ocupacional","SIN INFORMACION","Contratados Sin Planta","Asistentes de La Educación Ley N°19.464","2019-08-01 00:00:00.0","2019-12-31 00:00:00.0"
"Los Lagos","Contrata","Educación","Contrata","Luis Patricio Venegas  Mancilla","Psicólogo","SIN INFORMACION","Contratados Sin Planta","Asistentes de La Educación Ley N°19.464","2018-06-11 00:00:00.0","2019-02-28 00:00:00.0"
"Los Lagos","Contrata","Educación","Contrata","Aylin Fabiola  Rios Castillo","Psicólogo","SIN INFORMACION","Contratados Sin Planta","Asistentes de La Educación Ley N°19.464","2018-03-01 00:00:00.0","2019-02-28 00:00:00.0"
"Los Lagos","Contrata","Educación","Contrata","Camila Oriana de La Guarda Rodriguez","Docente","SIN INFORMACION","Contratados Sin Planta","Profesionales de La Educación Ley N°19.070","2018-03-01 00:00:00.0","2019-02-28 00:00:00.0"
"Los Lagos","Contrata","Educación","Contrata","Meliza Belén Barría Montiel","Docente","SIN INFORMACION","Contratados Sin Planta","Profesionales de La Educación Ley N°19.070","2019-03-01 00:00:00.0","2020-02-29 00:00:00.0"
"Los Lagos","Contrata","Educación","Contrata","Natalia Alejandra Toro Toro","Docente","SIN INFORMACION","Contratados Sin Planta","Profesionales de La Educación Ley N°19.070","2018-03-01 00:00:00.0","2019-02-28 00:00:00.0"
"Los Lagos","Contrata","Educación","Contrata","Nory Luz del Carmen Moraga Pe¿a","Docente","SIN INFORMACION","Contratados Sin Planta","Profesionales de La Educación Ley N°19.070","2019-04-01 00:00:00.0","2020-02-29 00:00:00.0"
"Los Lagos","Contrata","Educación","Contrata","Barbara Paola Gonzalez Venegas","Técnico de Nivel Superior","SIN INFORMACION","Contratados Sin Planta","Asistentes de La Educación Ley N°19.464","2018-10-22 00:00:00.0","2019-02-28 00:00:00.0"
"Los Lagos","Contrata","Educación","Contrata","Angela Cecilia Esparza San Martin","Docente","SIN INFORMACION","Contratados Sin Planta","Profesionales de La Educación Ley N°19.070","2019-04-01 00:00:00.0","2020-02-29 00:00:00.0"
"Los Lagos","Contrata","Educación","Contrata","Carolina Andrea Ojeda Rivas","Docente","SIN INFORMACION","Contratados Sin Planta","Profesionales de La Educación Ley N°19.070","2019-03-01 00:00:00.0","2020-02-29 00:00:00.0"
"Los Lagos","Contrata","Educación","Contrata","Sofía Margarita Sepúlveda Pacheco","Técnico","SIN INFORMACION","Contratados Sin Planta","Asistentes de La Educación Ley N°19.464","2019-08-21 00:00:00.0","2019-12-31 00:00:00.0"
"Los Lagos","Contrata","Educación","Contrata","Jemima del Pilar Jaramillo Catalan","Asistente Parvularia","SIN INFORMACION","Contratados Sin Planta","Asistentes de La Educación Ley N°19.464","2018-12-01 00:00:00.0","2019-02-28 00:00:00.0"
"Los Lagos","Contrata","Educación","Contrata","Piarina Teresa Jara Cordoba","Docente","SIN INFORMACION","Contratados Sin Planta","Profesionales de La Educación Ley N°19.070","2019-04-01 00:00:00.0","2020-02-29 00:00:00.0"
"Los Lagos","Contrata","Educación","Contrata","Daniela Belen Leal Matamala","Asistente Social","SIN INFORMACION","Contratados Sin Planta","Asistentes de La Educación Ley N°19.464","2019-04-29 00:00:00.0","2019-10-13 00:00:00.0"
"Los Lagos","Contrata","Educación","Contrata","Francisca Daniela Gonzalez Araneda","Docente","SIN INFORMACION","Contratados Sin Planta","Profesionales de La Educación Ley N°19.070","2018-03-01 00:00:00.0","2019-02-28 00:00:00.0"
"Los Lagos","Contrata","Educación","Contrata","Tamara Victoria Fuentes Beltran","Docente","SIN INFORMACION","Contratados Sin Planta","Profesionales de La Educación Ley N°19.070","2018-03-01 00:00:00.0","2019-02-28 00:00:00.0"
"Los Lagos","Contrata","Educación","Contrata","Marcia Odeth  Medina Tapia","Auxiliar","SIN INFORMACION","Contratados Sin Planta","Asistentes de La Educación Ley N°19.464","2019-03-08 00:00:00.0","2019-05-31 00:00:00.0"
"Los Lagos","Contrata","Educación","Contrata","Roxana Jacquelin Cayun Acu¿a","Técnico","SIN INFORMACION","Contratados Sin Planta","Asistentes de La Educación Ley N°19.464","2019-03-01 00:00:00.0","2020-02-29 00:00:00.0"
"Los Lagos","Contrata","Educación","Contrata","Nicolas Ignacio Sotomayor Carrera","Docente","SIN INFORMACION","Contratados Sin Planta","Profesionales de La Educación Ley N°19.070","2019-03-01 00:00:00.0","2020-02-29 00:00:00.0"
"Los Lagos","Contrata","Educación","Contrata","Camila Andrea Constanzo  Aguilera","Técnico","SIN INFORMACION","Contratados Sin Planta","Asistentes de La Educación Ley N°19.464","2019-03-05 00:00:00.0","2020-02-29 00:00:00.0"
"Los Lagos","Contrata","Educación","Contrata","Balbina Jacques Meza","Asistente Social","SIN INFORMACION","Contratados Sin Planta","Asistentes de La Educación Ley N°19.464","2018-03-01 00:00:00.0","2019-02-28 00:00:00.0"
"Los Lagos","Contrata","Educación","Contrata","Fernando Andres Cid  Esparza","Inspector","SIN INFORMACION","Contratados Sin Planta","Asistentes de La Educación Ley N°19.464","2018-03-02 00:00:00.0","2019-02-28 00:00:00.0"
"Los Lagos","Contrata","Educación","Contrata","Kimberly Vanessa  Benitez Sanhueza","Docente","SIN INFORMACION","Contratados Sin Planta","Profesionales de La Educación Ley N°19.070","2019-04-29 00:00:00.0","2020-02-29 00:00:00.0"
"Los Lagos","Contrata","Educación","Contrata","Jasna Jamilet Alarcon  Albarracin","Técnico","SIN INFORMACION","Contratados Sin Planta","Asistentes de La Educación Ley N°19.464","2019-04-08 00:00:00.0","2020-02-29 00:00:00.0"
"Los Lagos","Contrata","Educación","Contrata","Esperanza Abigail Lespai Marquez","Técnico","SIN INFORMACION","Contratados Sin Planta","Asistentes de La Educación Ley N°19.464","2019-04-08 00:00:00.0","2020-02-29 00:00:00.0"
"Los Lagos","Contrata","Educación","Contrata","Camila Aurora Leonor Pineda Tranayao","Técnico En Párvulos","SIN INFORMACION","Contratados Sin Planta","Asistentes de La Educación Ley N°19.464","2019-03-19 00:00:00.0","2020-02-29 00:00:00.0"
"Los Lagos","Contrata","Educación","Contrata","Natalia Antonia Venegas Flores","Técnico En Atención de Párvulos","SIN INFORMACION","Contratados Sin Planta","Asistentes de La Educación Ley N°19.464","2019-10-07 00:00:00.0","2019-12-31 00:00:00.0"
"Los Lagos","Contrata","Educación","Contrata","Vanessa Gabriela Aguero Quintero","Docente","SIN INFORMACION","Contratados Sin Planta","Profesionales de La Educación Ley N°19.070","2019-03-01 00:00:00.0","2020-02-29 00:00:00.0"
"Los Lagos","Contrata","Educación","Contrata","Francisco Alberto Miranda Saldías","Docente","SIN INFORMACION","Contratados Sin Planta","Profesionales de La Educación Ley N°19.070","2019-03-01 00:00:00.0","2020-02-29 00:00:00.0"
"Los Lagos","Contrata","Educación","Contrata","Mayra Yolanda Navarro Navarrete","Docente","SIN INFORMACION","Contratados Sin Planta","Profesionales de La Educación Ley N°19.070","2017-03-01 00:00:00.0","2018-02-28 00:00:00.0"
"Los Lagos","Contrata","Educación","Contrata","Noe Custodio Rosas Gonzalez","Docente","SIN INFORMACION","Contratados Sin Planta","Profesionales de La Educación Ley N°19.070","2018-03-01 00:00:00.0","2019-02-28 00:00:00.0"
"Los Lagos","Contrata","Educación","Contrata","Luis Eduardo Gonzalez Hernandez","Docente","SIN INFORMACION","Contratados Sin Planta","Profesionales de La Educación Ley N°19.070","2018-03-01 00:00:00.0","2019-02-28 00:00:00.0"
"Los Lagos","Contrata","Educación","Contrata","Juan Carlos Monje White","Docente","SIN INFORMACION","Contratados Sin Planta","Profesionales de La Educación Ley N°19.070","2018-03-01 00:00:00.0","2019-02-28 00:00:00.0"
"Los Lagos","Contrata","Educación","Contrata","Iris Veronica Henriquez Vejar","Docente","SIN INFORMACION","Contratados Sin Planta","Profesionales de La Educación Ley N°19.070","2018-03-01 00:00:00.0","2019-02-28 00:00:00.0"
"Los Lagos","Contrata","Educación","Contrata","Romualdo Eloy Soto Peña","Docente"," ","Contratados Sin Planta","Escala Profesionales de La Educación Llay 19.070)","2011-03-01 00:00:00.0","2012-02-29 00:00:00.0"
"Los Lagos","Contrata","Educación","Contrata","Hector Daniel Caamaño Rivas","Docente","SIN INFORMACION","Contratados Sin Planta","Profesionales de La Educación Ley N°19.070","2018-03-01 00:00:00.0","2019-02-28 00:00:00.0"
"Los Lagos","Contrata","Educación","Contrata","Olga del Carmen Baez Valencia","Docente","SIN INFORMACION","Contratados Sin Planta","Profesionales de La Educación Ley N°19.070","2018-03-01 00:00:00.0","2019-02-28 00:00:00.0"
"Los Lagos","Contrata","Educación","Contrata","Hector Aliro Negron Benavides","Docente","SIN INFORMACION","Contratados Sin Planta","Profesionales de La Educación Ley N°19.070","2018-03-01 00:00:00.0","2019-02-28 00:00:00.0"
"Los Lagos","Contrata","Educación","Contrata","Enzo Fernando Vera Melivilu","Docente","SIN INFORMACION","Contratados Sin Planta","Profesionales de La Educación Ley N°19.070","2018-03-01 00:00:00.0","2019-02-28 00:00:00.0"
"Los Lagos","Contrata","Educación","Contrata","Oscar Octavio Carrasco Pereira","Docente","SIN INFORMACION","Contratados Sin Planta","Profesionales de La Educación Ley N°19.070","2018-03-01 00:00:00.0","2019-02-28 00:00:00.0"
"Los Lagos","Contrata","Educación","Contrata","Carlos Ruben Andrade Almonacid","Docente","SIN INFORMACION","Contratados Sin Planta","Profesionales de La Educación Ley N°19.070","2017-03-01 00:00:00.0","2018-02-28 00:00:00.0"
"Los Lagos","Contrata","Educación","Contrata","Esmela Haydee Alvarez Vasquez","Docente","SIN INFORMACION","Contratados Sin Planta","Profesionales de La Educación Ley N°19.070","2018-03-01 00:00:00.0","2019-02-28 00:00:00.0"
"Los Lagos","Contrata","Educación","Contrata","Betti Stegmaier Acevedo","Docente","SIN INFORMACION","Contratados Sin Planta","Profesionales de La Educación Ley N°19.070","2018-03-01 00:00:00.0","2019-02-28 00:00:00.0"
"Los Lagos","Contrata","Educación","Contrata","Carlos Blas Rolack Hueitra","Docente"," ","Contratados Sin Planta","Escala Profesionales de La Educación Llay 19.070)","2011-03-01 00:00:00.0","2012-02-29 00:00:00.0"
"Los Lagos","Contrata","Educación","Contrata","Maria Nancy Muñoz Jofre","Docente","SIN INFORMACION","Contratados Sin Planta","Profesionales de La Educación Ley N°19.070","2018-03-01 00:00:00.0","2019-02-28 00:00:00.0"
"Los Lagos","Contrata","Educación","Contrata","Gloria Angelina Ibarra Vidal","Docente","SIN INFORMACION","Contratados Sin Planta","Profesionales de La Educación Ley N°19.070","2018-04-02 00:00:00.0","2019-02-28 00:00:00.0"
"Los Lagos","Contrata","Educación","Contrata","Isabel del Carmen Corrales Ibañez","Docente","SIN INFORMACION","Contratados Sin Planta","Profesionales de La Educación Ley N°19.070","2018-03-01 00:00:00.0","2019-02-28 00:00:00.0"
"Los Lagos","Contrata","Educación","Contrata","Maria Teresa Faundes Guzman","Docente","SIN INFORMACION","Contratados Sin Planta","Profesionales de La Educación Ley N°19.070","2018-03-01 00:00:00.0","2019-02-28 00:00:00.0"
"Los Lagos","Contrata","Educación","Contrata","Ariadne Andrea Torres Ugarte","Docente","SIN INFORMACION","Contratados Sin Planta","Profesionales de La Educación Ley N°19.070","2018-03-01 00:00:00.0","2019-02-28 00:00:00.0"
"Los Lagos","Contrata","Educación","Contrata","Maria Eugenia Pavie Cardenas","Docente","SIN INFORMACION","Contratados Sin Planta","Profesionales de La Educación Ley N°19.070","2018-03-01 00:00:00.0","2019-02-28 00:00:00.0"
"Los Lagos","Contrata","Educación","Contrata","Gisela Veronica Ramirez Gonzalez","Docente","SIN INFORMACION","Contratados Sin Planta","Profesionales de La Educación Ley N°19.070","2019-03-01 00:00:00.0","2020-02-29 00:00:00.0"
"Los Lagos","Contrata","Educación","Contrata","Gerardo Leonardo Morapasten Soto","Docente","SIN INFORMACION","Contratados Sin Planta","Profesionales de La Educación Ley N°19.070","2018-03-01 00:00:00.0","2019-02-28 00:00:00.0"
"Los Lagos","Contrata","Educación","Contrata","Magdelina Julia Riveros Vera","Docente","SIN INFORMACION","Contratados Sin Planta","Profesionales de La Educación Ley N°19.070","2018-03-01 00:00:00.0","2019-02-28 00:00:00.0"
"Los Lagos","Contrata","Educación","Contrata","Alejandro Federico Jara Ahumada","Docente","SIN INFORMACION","Contratados Sin Planta","Profesionales de La Educación Ley N°19.070","2018-03-01 00:00:00.0","2019-02-28 00:00:00.0"
"Los Lagos","Contrata","Educación","Contrata","Haydee Carolina Morales Bassay","Docente","SIN INFORMACION","Contratados Sin Planta","Profesionales de La Educación Ley N°19.070","2018-03-01 00:00:00.0","2019-02-28 00:00:00.0"
"Los Lagos","Contrata","Educación","Contrata","Monica del Pilar Caamaño Mora","Docente","SIN INFORMACION","Contratados Sin Planta","Profesionales de La Educación Ley N°19.070","2018-03-01 00:00:00.0","2019-02-28 00:00:00.0"
"Los Lagos","Contrata","Educación","Contrata","Janette Soledad Sagredo Ortiz","Docente","SIN INFORMACION","Contratados Sin Planta","Profesionales de La Educación Ley N°19.070","2018-03-01 00:00:00.0","2019-02-28 00:00:00.0"
"Los Lagos","Contrata","Educación","Contrata","Monica Cecilia Torres Solis","Docente","SIN INFORMACION","Contratados Sin Planta","Profesionales de La Educación Ley N°19.070","2018-03-01 00:00:00.0","2019-02-28 00:00:00.0"
"Los Lagos","Contrata","Educación","Contrata","Maria Angelica Sanchez Gonzalez","Docente","SIN INFORMACION","Contratados Sin Planta","Profesionales de La Educación Ley N°19.070","2018-03-01 00:00:00.0","2019-02-28 00:00:00.0"
"Los Lagos","Contrata","Educación","Contrata","Elizabeth Veronica Salazar Perez","Docente","SIN INFORMACION","Contratados Sin Planta","Profesionales de La Educación Ley N°19.070","2018-03-01 00:00:00.0","2019-02-28 00:00:00.0"
"Los Lagos","Contrata","Educación","Contrata","Maria Yannett Cares Flores","Docente","SIN INFORMACION","Contratados Sin Planta","Profesionales de La Educación Ley N°19.070","2018-03-01 00:00:00.0","2019-02-28 00:00:00.0"
"Los Lagos","Contrata","Educación","Contrata","Carlos Erik Molina  Sanhueza","Docente","SIN INFORMACION","Contratados Sin Planta","Profesionales de La Educación Ley N°19.070","2019-03-01 00:00:00.0","2020-02-29 00:00:00.0"
"Los Lagos","Contrata","Educación","Contrata","Nancy Haydee Cabezas Cabezas","Docente","SIN INFORMACION","Contratados Sin Planta","Profesionales de La Educación Ley N°19.070","2018-03-01 00:00:00.0","2019-02-28 00:00:00.0"
"Los Lagos","Contrata","Educación","Contrata","Monica Prosperina Cavada Lopez","Docente","SIN INFORMACION","Contratados Sin Planta","Profesionales de La Educación Ley N°19.070","2018-03-01 00:00:00.0","2019-02-28 00:00:00.0"
"Los Lagos","Contrata","Educación","Contrata","Erna Patricia Mu¿oz Henriquez","Docente","SIN INFORMACION","Contratados Sin Planta","Profesionales de La Educación Ley N°19.070","2017-03-01 00:00:00.0","2018-02-28 00:00:00.0"
"Los Lagos","Contrata","Educación","Contrata","Pedro Rolando Gallardo  Vera","Docente","SIN INFORMACION","Contratados Sin Planta","Profesionales de La Educación Ley N°19.070","2017-03-01 00:00:00.0","2018-02-28 00:00:00.0"
"Los Lagos","Contrata","Educación","Contrata","Nemorino Americo Mera Ramirez","Docente","SIN INFORMACION","Contratados Sin Planta","Profesionales de La Educación Ley N°19.070","2018-03-01 00:00:00.0","2019-02-28 00:00:00.0"
"Los Lagos","Contrata","Educación","Contrata","Elena Brigida Vildosola Tibaud","Docente","SIN INFORMACION","Contratados Sin Planta","Profesionales de La Educación Ley N°19.070","2018-03-01 00:00:00.0","2019-02-28 00:00:00.0"
"Los Lagos","Contrata","Educación","Contrata","Edeltraud Yolanda Alvarez Handschuh","Docente","SIN INFORMACION","Contratados Sin Planta","Profesionales de La Educación Ley N°19.070","2018-03-01 00:00:00.0","2019-02-28 00:00:00.0"
"Los Lagos","Contrata","Educación","Contrata","Blanca Valeria Medina Silva","Docente","SIN INFORMACION","Contratados Sin Planta","Profesionales de La Educación Ley N°19.070","2018-03-01 00:00:00.0","2019-02-28 00:00:00.0"
