"Comuna","Tipo de Contratación","Área","Calidad","Nombre","Cargo","Grado","Planta","Remuneración","Fecha desde","Fecha hasta"
"Penco","Contrata","Municipal","Contrata","Rossana Paola Toledo Herrera","Profesional","12°","Profesionales","Escala Municipal","2019-01-01 00:00:00.0","2019-12-31 00:00:00.0"
"Penco","Contrata","Municipal","Contrata","Marcia Eugenia Perez Silva","Administrativo","17°","Auxiliares","Escala Municipal","2019-01-01 00:00:00.0","2019-12-31 00:00:00.0"
"Penco","Contrata","Municipal","Contrata","Victor Alberto Sandoval Sepulveda","Auxiliar","17°","Auxiliares","Escala Municipal","2019-01-01 00:00:00.0","2019-12-31 00:00:00.0"
"Penco","Contrata","Municipal","Contrata","Juan Antonio Alarcon Fierro","Auxiliar","15°","Auxiliares","Escala Municipal","2019-01-01 00:00:00.0","2019-12-31 00:00:00.0"
"Penco","Contrata","Municipal","Contrata","Gloria Patricia Barrientos Oviedo","Técnico","14°","Técnicos","Escala Municipal","2019-01-02 00:00:00.0","2019-12-31 00:00:00.0"
"Penco","Contrata","Municipal","Contrata","Valentina Maribel Escalona Rivas","Profesional","9°","Profesionales","Escala Municipal","2019-01-01 00:00:00.0","2019-12-31 00:00:00.0"
"Penco","Contrata","Municipal","Contrata","Paulina Loreto Jara Riffo","Administrativo","15°","Administrativos","Escala Municipal","2019-01-01 00:00:00.0","2019-12-31 00:00:00.0"
"Penco","Contrata","Municipal","Contrata","Araceli del Pilar Muñoz Sepulveda","Administrativo","17°","Administrativos","Escala Municipal","2019-01-01 00:00:00.0","2019-12-31 00:00:00.0"
"Penco","Contrata","Municipal","Contrata","Viviana Andrea Oñate Orrego","Profesional","10°","Profesionales","Escala Municipal","2019-01-01 00:00:00.0","2019-12-31 00:00:00.0"
"Penco","Contrata","Municipal","Contrata","Guillermo Edgardo Nourdin Ortiz","Auxiliar","17°","Auxiliares","Escala Municipal","2019-01-02 00:00:00.0","2019-12-31 00:00:00.0"
"Penco","Contrata","Municipal","Contrata","Marcela Andrea Valdebenito Luengo","Administrativo","14°","Administrativos","Escala Municipal","2019-01-01 00:00:00.0","2019-12-31 00:00:00.0"
"Penco","Contrata","Municipal","Contrata","Eduardo Ivan Torres Concha","Auxiliar","17°","Auxiliares","Escala Municipal","2019-01-01 00:00:00.0","2019-12-31 00:00:00.0"
"Penco","Contrata","Municipal","Contrata","Jose Fernando Carrasco Pereira","Auxiliar","17°","Auxiliares","Escala Municipal","2019-01-01 00:00:00.0","2019-12-31 00:00:00.0"
"Penco","Contrata","Municipal","Contrata","Maritza Gabriela Aguilera Riffo","Técnico","14°","Técnicos","Escala Municipal","2019-01-01 00:00:00.0","2019-12-31 00:00:00.0"
"Penco","Contrata","Municipal","Contrata","Clara Elizabeth Mendoza Veloso","Administrativo","15°","Administrativos","Escala Municipal","2019-01-01 00:00:00.0","2019-12-31 00:00:00.0"
"Penco","Contrata","Municipal","Contrata","Carlos Andres Mendoza Quilodran","Profesional","12°","Profesionales","Escala Municipal","2019-01-02 00:00:00.0","2019-12-31 00:00:00.0"
"Penco","Contrata","Municipal","Contrata","Manuel Jesus Vera Masaur","Profesional","12°","Profesionales","Escala Municipal","2019-01-02 00:00:00.0","2019-12-31 00:00:00.0"
"Penco","Contrata","Municipal","Contrata","Karina Eliana Carrasco Riquelme","Administrativo","17°","Administrativos","Escala Municipal","2019-01-01 00:00:00.0","2019-12-31 00:00:00.0"
"Penco","Contrata","Municipal","Contrata","Christian David Heitzer  Collins","Salvavidas","SIN INFORMACION","Contratados Sin Planta","Afectos Al Código del Trabajo","2019-12-02 00:00:00.0","2020-02-28 00:00:00.0"
"Penco","Contrata","Municipal","Contrata","Mauricio Alexi Maldonado Opazo","Auxiliar","17°","Auxiliares","Escala Municipal","2019-01-01 00:00:00.0","2019-12-31 00:00:00.0"
"Penco","Contrata","Municipal","Contrata","Karen Daisy Fernandez Mendez","Técnico","16°","Técnicos","Escala Municipal","2019-01-01 00:00:00.0","2019-12-31 00:00:00.0"
"Penco","Contrata","Municipal","Contrata","Marioly Rubio Reyes","Administrativo","17°","Administrativos","Escala Municipal","2019-01-02 00:00:00.0","2019-12-31 00:00:00.0"
"Penco","Contrata","Municipal","Contrata","Domingo Alfonso Hidalgo Fuentes","Auxiliar","17°","Auxiliares","Escala Municipal","2019-01-01 00:00:00.0","2019-12-31 00:00:00.0"
"Penco","Contrata","Municipal","Contrata","Luciano Alfonso Fuentealba Fuentealba","Auxiliar","17°","Auxiliares","Escala Municipal","2019-01-02 00:00:00.0","2019-12-31 00:00:00.0"
"Penco","Contrata","Municipal","Contrata","Karen Andrea Kuhlmann Alarcon","Profesional","12°","Profesionales","Escala Municipal","2019-01-01 00:00:00.0","2019-12-31 00:00:00.0"
"Penco","Contrata","Municipal","Contrata","Felipe Hernán Torres Guzmán","Profesional","12°","Profesionales","Escala Municipal","2019-01-02 00:00:00.0","2019-12-31 00:00:00.0"
"Penco","Contrata","Municipal","Contrata","Arnaldo Andres  Fierro  Carrasco","Técnico","13°","Técnicos","Escala Municipal","2019-01-02 00:00:00.0","2019-12-31 00:00:00.0"
"Penco","Contrata","Municipal","Contrata","Juan Anonio Cifuentes Rivas","Auxiliar","17°","Auxiliares","Escala Municipal","2019-04-22 00:00:00.0","2019-12-31 00:00:00.0"
"Penco","Contrata","Municipal","Contrata","Soraya Elizabeth Mundaca Nuñez","Administrativo","17°","Administrativos","Escala Municipal","2019-01-01 00:00:00.0","2019-12-31 00:00:00.0"
"Penco","Contrata","Municipal","Contrata","Claudia Andrea Avello Rosales","Administrativo","15°","Administrativos","Escala Municipal","2019-01-01 00:00:00.0","2019-12-31 00:00:00.0"
"Penco","Contrata","Municipal","Contrata","Juan Pablo Suazo Torres","Profesional","12°","Profesionales","Escala Municipal","2019-01-02 00:00:00.0","2019-12-31 00:00:00.0"
"Penco","Contrata","Municipal","Contrata","Cristian Esteban Henriquez Lara","Auxiliar","17°","Auxiliares","Escala Municipal","2019-01-01 00:00:00.0","2019-12-31 00:00:00.0"
"Penco","Contrata","Municipal","Contrata","Alex Leandro Monje  Monje","Auxiliar","17°","Auxiliares","Escala Municipal","2019-01-01 00:00:00.0","2019-12-31 00:00:00.0"
"Penco","Contrata","Municipal","Contrata","Pablo Jose Carrasco Cisterna","Salvavidas","SIN INFORMACION","Contratados Sin Planta","Afectos Al Código del Trabajo","2018-12-03 00:00:00.0","2019-02-28 00:00:00.0"
"Penco","Contrata","Municipal","Contrata","Marcelo Alejandro   Hidalgo Morales","Medico","SIN INFORMACION","Contratados Sin Planta","Afectos Al Código del Trabajo","2019-10-01 00:00:00.0","2019-12-31 00:00:00.0"
"Penco","Contrata","Municipal","Contrata","Javier Elvis Neil Bustos Cartes","Salvavidas","SIN INFORMACION","Contratados Sin Planta","Afectos Al Código del Trabajo","2018-11-19 00:00:00.0","2019-03-06 00:00:00.0"
"Penco","Contrata","Municipal","Contrata","Jean Jacques Yuri Bustos Cartes","Salvavidas","SIN INFORMACION","Contratados Sin Planta","Afectos Al Código del Trabajo","2019-11-18 00:00:00.0","2020-03-06 00:00:00.0"
"Penco","Contrata","Municipal","Contrata","Sebastian Alonso Jara Palma","Salvavidas","SIN INFORMACION","Contratados Sin Planta","Afectos Al Código del Trabajo","2018-11-19 00:00:00.0","2019-03-06 00:00:00.0"
"Penco","Contrata","Municipal","Contrata","Hector Alexander Novoa Figueroa","Salvavidas","SIN INFORMACION","Contratados Sin Planta","Afectos Al Código del Trabajo","2018-12-01 00:00:00.0","2019-03-06 00:00:00.0"
"Penco","Contrata","Municipal","Contrata","Miguel Pedreros Riquelme","Salvavidas","SIN INFORMACION","Contratados Sin Planta","Afectos Al Código del Trabajo","2018-12-03 00:00:00.0","2019-02-28 00:00:00.0"
"Penco","Contrata","Municipal","Contrata","Sergio Narayan Opazo Muñoz","Salvavidas","SIN INFORMACION","Contratados Sin Planta","Afectos Al Código del Trabajo","2018-11-19 00:00:00.0","2019-03-06 00:00:00.0"
"Penco","Contrata","Municipal","Contrata","Ricardo Ignacio Contreras Vega","Salvavidas","SIN INFORMACION","Contratados Sin Planta","Afectos Al Código del Trabajo","2019-12-02 00:00:00.0","2020-02-28 00:00:00.0"
"Penco","Contrata","Municipal","Contrata","Jonathan Alberto Bouldres Rioseco","Salvavidas","SIN INFORMACION","Contratados Sin Planta","Afectos Al Código del Trabajo","2018-12-01 00:00:00.0","2019-03-06 00:00:00.0"
"Penco","Contrata","Municipal","Contrata","Fredix David Caceres  Fuentes","Salvavidas","SIN INFORMACION","Contratados Sin Planta","Afectos Al Código del Trabajo","2018-12-01 00:00:00.0","2019-03-06 00:00:00.0"
"Penco","Contrata","Municipal","Contrata","Alexis  Zapata  Mellado","Salvavidas","SIN INFORMACION","Contratados Sin Planta","Afectos Al Código del Trabajo","2018-12-03 00:00:00.0","2019-02-28 00:00:00.0"
"Penco","Contrata","Municipal","Contrata","Andres Maruri Valenzuela","Salvavidas","SIN INFORMACION","Contratados Sin Planta","Afectos Al Código del Trabajo","2018-12-03 00:00:00.0","2019-02-28 00:00:00.0"
"Penco","Contrata","Municipal","Contrata","Karina Borquez Azocar","Salvavidas","SIN INFORMACION","Contratados Sin Planta","Afectos Al Código del Trabajo","2018-12-01 00:00:00.0","2019-03-06 00:00:00.0"
"Penco","Contrata","Municipal","Contrata","Jorge Pedreros Arroyo","Salvavidas","SIN INFORMACION","Contratados Sin Planta","Afectos Al Código del Trabajo","2019-01-17 00:00:00.0","2019-03-06 00:00:00.0"
"Penco","Contrata","Municipal","Contrata","Tomas Francisco Opazo Lara","Salvavidas","SIN INFORMACION","Contratados Sin Planta","Afectos Al Código del Trabajo","2018-12-01 00:00:00.0","2019-03-06 00:00:00.0"
"Penco","Contrata","Municipal","Contrata","Gonzalo Alexis Carrillo Mena","Salvavidas","SIN INFORMACION","Contratados Sin Planta","Afectos Al Código del Trabajo","2018-11-19 00:00:00.0","2019-03-06 00:00:00.0"
"Penco","Contrata","Municipal","Contrata","Santiago Nicolas Beltran  Torres","Salvavidas","SIN INFORMACION","Contratados Sin Planta","Afectos Al Código del Trabajo","2019-11-18 00:00:00.0","2020-03-06 00:00:00.0"
"Penco","Contrata","Municipal","Contrata","Francisco Hidalgo Sanhueza","Salvavidas","SIN INFORMACION","Contratados Sin Planta","Afectos Al Código del Trabajo","2018-12-01 00:00:00.0","2019-03-06 00:00:00.0"
"Penco","Contrata","Municipal","Contrata","Pablo Andres Lopez Montecinos","Salvavidas","SIN INFORMACION","Contratados Sin Planta","Afectos Al Código del Trabajo","2018-12-01 00:00:00.0","2019-03-06 00:00:00.0"
"Penco","Contrata","Municipal","Contrata","Steven Alonso Araneda  Fuentes","Salvavidas","SIN INFORMACION","Contratados Sin Planta","Afectos Al Código del Trabajo","2019-12-01 00:00:00.0","2020-03-06 00:00:00.0"
"Penco","Contrata","Municipal","Contrata","Felipe Andres Bouldres Rioseco","Rondin","SIN INFORMACION","Contratados Sin Planta","Afectos Al Código del Trabajo","2019-12-02 00:00:00.0","2020-03-06 00:00:00.0"
"Penco","Contrata","Municipal","Contrata","Carlos Alarcon Mu¿oz","Salvavidas","SIN INFORMACION","Contratados Sin Planta","Afectos Al Código del Trabajo","2018-12-03 00:00:00.0","2019-02-28 00:00:00.0"
"Penco","Contrata","Municipal","Contrata","Julio Enrique Vega Jara","Administrativo","17°","Administrativos","Escala Municipal","2019-01-01 00:00:00.0","2019-12-31 00:00:00.0"
"Penco","Contrata","Municipal","Contrata","Angela Ester Soto Barrera","Técnico","14°","Técnicos","Escala Municipal","2019-08-05 00:00:00.0","2019-12-31 00:00:00.0"
"Penco","Contrata","Municipal","Contrata","Claudio Segundo Henriquez Salas","Auxiliar","15°","Auxiliares","Escala Municipal","2019-01-01 00:00:00.0","2019-12-31 00:00:00.0"
"Penco","Contrata","Municipal","Contrata","Hector Antonio Pardo Letelier","Auxiliar","17°","Auxiliares","Escala Municipal","2019-01-01 00:00:00.0","2019-12-31 00:00:00.0"
"Penco","Contrata","Municipal","Contrata","Silvia del Carmen Mella Carrasco","Administrativo","15°","Administrativos","Escala Municipal","2019-01-01 00:00:00.0","2019-12-31 00:00:00.0"
"Penco","Contrata","Municipal","Contrata","Leonel Enrique Mu¿oz Jara","Auxiliar","17°","Auxiliares","Escala Municipal","2019-01-01 00:00:00.0","2019-12-31 00:00:00.0"
"Penco","Contrata","Municipal","Contrata","Ricardo Agustin Aillon Diaz","Auxiliar","15°","Auxiliares","Escala Municipal","2019-01-01 00:00:00.0","2019-12-31 00:00:00.0"
"Penco","Contrata","Municipal","Contrata","Victor Edgardo Villalobos Cartes","Auxiliar","17°","Auxiliares","Escala Municipal","2019-01-01 00:00:00.0","2019-12-31 00:00:00.0"
"Penco","Contrata","Municipal","Contrata","Natacha Magallanes Uribe","Administrativo","SIN INFORMACION","Contratados Sin Planta","Afectos Al Código del Trabajo","2019-11-25 00:00:00.0","2020-03-06 00:00:00.0"
"Penco","Contrata","Municipal","Contrata","Clara de Las Mercedes Perez Saavedra","Administrativo","17°","Administrativos","Escala Municipal","2019-01-01 00:00:00.0","2019-12-31 00:00:00.0"
