"Comuna","Tipo de Contratación","Área","Calidad","Nombre","Cargo","Grado","Planta","Remuneración","Fecha desde","Fecha hasta"
"Penco","Planta Titular","Sin Clasificación","Titular","Jorge Enrique Cartes Landeros","Técnico Paramedico","D","Técnicos","","1996-08-01 00:00:00.0","1900-01-01 00:00:00.0"
"Penco","Planta Titular","Sin Clasificación","Titular","Katia Susana Lobos Chacoff","Profesional","12°","Profesionales","Escala Municipal","2011-03-07 00:00:00.0","1900-01-01 00:00:00.0"
"Penco","Planta Titular","Sin Clasificación","Titular","Ruth Ivette Hougaard Sepulveda","Administrativo","16°","Administrativos","","2005-04-07 00:00:00.0","1900-01-01 00:00:00.0"
"Penco","Planta Titular","Sin Clasificación","Titular","Catalina del Carmen Figueroa Canihumil","Técnico","8°","Contratados Sin Planta","Escala Atención Primaria de Salud Municipal","2010-01-01 00:00:00.0","1900-01-01 00:00:00.0"
"Penco","Planta Titular","Sin Clasificación","Titular","Margarita Purisima Güenante Bravo","Técnico","7°","Contratados Sin Planta","Escala Atención Primaria de Salud Municipal","2010-01-01 00:00:00.0","1900-01-01 00:00:00.0"
"Penco","Planta Titular","Sin Clasificación","Titular","Pamela Jeannette Mella Baeza","Auxiliar Paramedico","D","","","2005-06-01 00:00:00.0","1900-01-01 00:00:00.0"
"Penco","Planta Titular","Sin Clasificación","Titular","Cecilia Mabel Nova Nuñez","Técnico","7°","Contratados Sin Planta","Escala Atención Primaria de Salud Municipal","2010-01-01 00:00:00.0","1900-01-01 00:00:00.0"
"Penco","Planta Titular","Sin Clasificación","Titular","Jenny Irma Carolina May Nova","Profesional"," ","Profesionales","Escala Atención Primaria de Salud Municipal","2008-09-02 00:00:00.0","1900-01-01 00:00:00.0"
"Penco","Planta Titular","Sin Clasificación","Titular","Marioly del Pilar Ordenes Olate","Auxiliar de Servicios Menores","15°","Auxiliares","Escala Única de Sueldos","2003-01-01 00:00:00.0","1900-01-01 00:00:00.0"
"Penco","Planta Titular","Sin Clasificación","Titular","Sergio Gabriel Muñoz Cartes","Juez Policía Local","6°","Directivos","Escala Municipal","2011-06-01 00:00:00.0","1900-01-01 00:00:00.0"
"Penco","Planta Titular","Sin Clasificación","Titular","Nieves Nilovska Luengo Maldonado","Administrativo","17°","Administrativos","Escala Municipal","2011-03-07 00:00:00.0","1900-01-01 00:00:00.0"
"Penco","Planta Titular","Sin Clasificación","Titular","Maria Ines Gallegos Montecino","Matrona"," ","Contratados Sin Planta","Escala Atención Primaria de Salud Municipal","2010-09-01 00:00:00.0","1900-01-01 00:00:00.0"
"Penco","Planta Titular","Sin Clasificación","Titular","German Mauricio Gatica Herrera","Auxiliar de Servicios Menores","17°","Auxiliares","Escala Única de Sueldos","2004-10-01 00:00:00.0","1900-01-01 00:00:00.0"
"Penco","Planta Titular","Sin Clasificación","Titular","Ximena Patricia Gonzalez Sepulveda","Enfermero/a Universitario/a"," ","Profesionales","Estatuto Atención Primaria de Salud Municipal  Ley N°19.378","2008-05-01 00:00:00.0","1900-01-01 00:00:00.0"
"Penco","Planta Titular","Sin Clasificación","Titular","Francisco Javier Palma Aburto","Técnico","15°","Técnicos","Escala Municipal","2013-02-01 00:00:00.0","1900-01-01 00:00:00.0"
"Penco","Planta Titular","Sin Clasificación","Titular","Abraham Enrique Alvarez Opazo","Técnico","13°","Técnicos","Escala Municipal","2010-05-26 00:00:00.0","1900-01-01 00:00:00.0"
"Penco","Planta Titular","Sin Clasificación","Titular","Cristian Daniel San Martín Carrasco","Asesor","8°","Directivos","Escala Municipal","2012-12-11 00:00:00.0","1900-01-01 00:00:00.0"
"Penco","Planta Titular","Sin Clasificación","Titular","Ana Maria Saavedra Garrido","Administrativo","E","Administrativos","","2007-10-01 00:00:00.0","1900-01-01 00:00:00.0"
"Penco","Planta Titular","Sin Clasificación","Titular","Victor Hugo Figueroa Rebolledo","Alcalde","6°","Alcaldes","Escala Municipal","2012-12-06 00:00:00.0","1900-01-01 00:00:00.0"
"Penco","Planta Titular","Sin Clasificación","Titular","Carola Patricia Miranda Ruiz","Enfermero(a)","B","","","2005-06-01 00:00:00.0","1900-01-01 00:00:00.0"
"Penco","Planta Titular","Sin Clasificación","Titular","Graciela del Carmen Sanchez Paredes","Técnico de Nivel Superior"," ","Personal Titular","Escala Atención Primaria de Salud Municipal","2012-11-26 00:00:00.0","1900-01-01 00:00:00.0"
"Penco","Planta Titular","Sin Clasificación","Titular","Maria Yolanda Inostroza Garrido","Auxiliar Paramedico","D","","","2005-06-01 00:00:00.0","1900-01-01 00:00:00.0"
"Penco","Planta Titular","Sin Clasificación","Titular","Patricia Ines Alarcon Peña","Auxiliar Paramedico","D","","","2005-06-01 00:00:00.0","1900-01-01 00:00:00.0"
"Penco","Planta Titular","Sin Clasificación","Titular","Patricia Jeannette Rubio Miranda","Técnico Paramedico"," ","Contratados Sin Planta","Escala Atención Primaria de Salud Municipal","2010-09-01 00:00:00.0","1900-01-01 00:00:00.0"
"Penco","Planta Titular","Sin Clasificación","Titular","Pamela Alejandra Caceres Baeza","Administrativo","16°","Administrativos","","1998-08-01 00:00:00.0","1900-01-01 00:00:00.0"
"Penco","Planta Titular","Sin Clasificación","Titular","Gerald Arnoldo Puchi Bizama","Encargado"," ","Personal Titular","Escala Atención Primaria de Salud Municipal","2012-11-26 00:00:00.0","1900-01-01 00:00:00.0"
"Penco","Planta Titular","Sin Clasificación","Titular","Claudia Alejandra Carcamo Valdes","Psicólogo"," ","Contratados Sin Planta","Escala Atención Primaria de Salud Municipal","2010-09-01 00:00:00.0","1900-01-01 00:00:00.0"
"Penco","Planta Titular","Sin Clasificación","Titular","Gabriel Eduardo Sanchez Morales","Profesional"," ","Personal Titular","Escala Atención Primaria de Salud Municipal","2012-11-26 00:00:00.0","1900-01-01 00:00:00.0"
"Penco","Planta Titular","Sin Clasificación","Titular","Gonzalo Alejandro Saez Lastra","Técnico","15°","Técnicos","Escala Municipal","2011-03-07 00:00:00.0","1900-01-01 00:00:00.0"
"Penco","Planta Titular","Sin Clasificación","Titular","Maglin Mabel Hidalgo Yañez","Auxiliar Paramedico","D","","","2005-06-01 00:00:00.0","1900-01-01 00:00:00.0"
"Penco","Planta Titular","Sin Clasificación","Titular","Tania Soledad Huenchuman Saavedra","Administrativo"," ","Personal Titular","Escala Atención Primaria de Salud Municipal","2012-11-26 00:00:00.0","1900-01-01 00:00:00.0"
"Penco","Planta Titular","Sin Clasificación","Titular","Andrea Isabel Araya Romero","Enfermero(a)"," ","Personal Titular","Escala Atención Primaria de Salud Municipal","2012-11-26 00:00:00.0","1900-01-01 00:00:00.0"
"Penco","Planta Titular","Sin Clasificación","Titular","Alfredo Edgardo Parra Roa","Profesional"," ","Personal Titular","Escala Atención Primaria de Salud Municipal","2012-11-26 00:00:00.0","1900-01-01 00:00:00.0"
"Penco","Planta Titular","Sin Clasificación","Titular","Pablo Esteban Aguayo Herane","Profesional","12°","Profesionales","Escala Municipal","2011-03-07 00:00:00.0","1900-01-01 00:00:00.0"
"Penco","Planta Titular","Sin Clasificación","Titular","Felipe Eduardo Correa Mora","Cirujano Dentista"," ","Contratados Sin Planta","Escala Atención Primaria de Salud Municipal","2010-09-01 00:00:00.0","1900-01-01 00:00:00.0"
"Penco","Planta Titular","Sin Clasificación","Titular","Macarena Soledad Fierro Soto","Técnico Paramedico","D","","","2007-10-01 00:00:00.0","1900-01-01 00:00:00.0"
"Penco","Planta Titular","Sin Clasificación","Titular","Damarys Johana del Carmen Quezada Figueroa","Profesional"," ","Profesionales","Escala Atención Primaria de Salud Municipal","2008-09-02 00:00:00.0","1900-01-01 00:00:00.0"
"Penco","Planta Titular","Sin Clasificación","Titular","Paola Virginia Henriquez Zambrano","Matrona"," ","Contratados Sin Planta","Escala Atención Primaria de Salud Municipal","2010-09-01 00:00:00.0","1900-01-01 00:00:00.0"
"Penco","Planta Titular","Sin Clasificación","Titular","Danny Robert Mendez Sepulveda","Auxiliar"," ","Auxiliares","Escala Atención Primaria de Salud Municipal","2008-09-02 00:00:00.0","1900-01-01 00:00:00.0"
"Penco","Planta Titular","Sin Clasificación","Titular","Carol Elisa Rebolledo Rubio","Medico Cirujano"," ","Personal Titular","Escala Atención Primaria de Salud Municipal","2012-11-26 00:00:00.0","1900-01-01 00:00:00.0"
"Penco","Planta Titular","Sin Clasificación","Titular","Andrea Marlene Reyes Cea","Técnico"," ","Técnicos","Escala Atención Primaria de Salud Municipal","2008-09-02 00:00:00.0","1900-01-01 00:00:00.0"
"Penco","Planta Titular","Sin Clasificación","Titular","Viviana Andrea Salazar Maldonado","Profesional"," ","Personal Titular","Sin Información","2012-12-01 00:00:00.0","1900-01-01 00:00:00.0"
"Penco","Planta Titular","Sin Clasificación","Titular","Paola Francesca Olivieri Avendaño","Asistente Social"," ","Contratados Sin Planta","Escala Atención Primaria de Salud Municipal","2010-09-01 00:00:00.0","1900-01-01 00:00:00.0"
"Penco","Planta Titular","Sin Clasificación","Titular","Danilo Reinaldo Vargas Espejo","Arquitecto","12°","Profesionales","Escala Municipal","2013-11-18 00:00:00.0","1900-01-01 00:00:00.0"
"Penco","Planta Titular","Sin Clasificación","Titular","Carolina Andrea Santana Vidal","Profesional"," ","Personal Titular","Escala Atención Primaria de Salud Municipal","2012-12-01 00:00:00.0","1900-01-01 00:00:00.0"
"Penco","Planta Titular","Sin Clasificación","Titular","Andrea Ester Oyarzun Fierro","Administrativo de Salud"," ","Administrativos","Estatuto Atención Primaria de Salud Municipal  Ley N°19.378","2008-05-01 00:00:00.0","1900-01-01 00:00:00.0"
"Penco","Planta Titular","Sin Clasificación","Titular","Ruben Alexis Estuardo Rivero","Técnico","14°","Técnicos","","2007-01-15 00:00:00.0","1900-01-01 00:00:00.0"
"Penco","Planta Titular","Sin Clasificación","Titular","Juan Alberto Garrido Fernandez","Técnico de Nivel Superior"," ","Personal Titular","Sin Información","2012-11-26 00:00:00.0","1900-01-01 00:00:00.0"
"Penco","Planta Titular","Sin Clasificación","Titular","Rolando Martin Neira Arevalo","Auxiliar Paramedico","D","Técnicos","","2005-06-01 00:00:00.0","1900-01-01 00:00:00.0"
"Penco","Planta Titular","Sin Clasificación","Titular","Maria Angelica Alarcon Henriquez","Auxiliar Paramedico","D","","","2005-06-01 00:00:00.0","1900-01-01 00:00:00.0"
"Penco","Planta Titular","Sin Clasificación","Titular","Guillermo Enrique Smith Brevis","Auxiliar de Servicios Menores","16°","Auxiliares","Escala Única de Sueldos","2003-08-01 00:00:00.0","1900-01-01 00:00:00.0"
"Penco","Planta Titular","Sin Clasificación","Titular","Custodio del Transito Eriz Lavin","Auxiliar de Servicios Menores","14°","Auxiliares","Escala Única de Sueldos","2003-12-01 00:00:00.0","1900-01-01 00:00:00.0"
"Penco","Planta Titular","Sin Clasificación","Titular","Nestor Bertilo Chavez Ramos","Director de Secreto Alcalde","8°","Directivos","","1994-01-01 00:00:00.0","1900-01-01 00:00:00.0"
"Penco","Planta Titular","Sin Clasificación","Titular","Oscar Gamariel Jara Henriquez","Administrativo","13°","Administrativos","","1998-08-01 00:00:00.0","1900-01-01 00:00:00.0"
"Penco","Planta Titular","Sin Clasificación","Titular","Abelardo Hernan Bustos Urrutia","Auxiliar de Servicios Menores","17°","Auxiliares","Escala Única de Sueldos","2000-06-12 00:00:00.0","1900-01-01 00:00:00.0"
"Penco","Planta Titular","Sin Clasificación","Titular","Carlos Antonio de La Fuente Salazar","Profesional"," ","Profesionales","Escala Atención Primaria de Salud Municipal","2008-09-02 00:00:00.0","1900-01-01 00:00:00.0"
"Penco","Planta Titular","Sin Clasificación","Titular","Elizabeth del Carmen Lillo Riffo","Directivo","8°","Directivos","","1994-01-01 00:00:00.0","1900-01-01 00:00:00.0"
"Penco","Planta Titular","Sin Clasificación","Titular","Juana Francisca Tralma Macaya","Profesional","10°","Profesionales","","1995-09-01 00:00:00.0","1900-01-01 00:00:00.0"
"Penco","Planta Titular","Sin Clasificación","Titular","Oriana Patricia Espinoza Pantoja","Técnico"," ","Técnicos","Escala Atención Primaria de Salud Municipal","2008-09-02 00:00:00.0","1900-01-01 00:00:00.0"
"Penco","Planta Titular","Sin Clasificación","Titular","Jaime Eugenio Rafael Marcelo Aguilera Echevarria","Técnico","14°","Técnicos","Escala Municipal","2013-02-01 00:00:00.0","1900-01-01 00:00:00.0"
"Penco","Planta Titular","Sin Clasificación","Titular","Osvaldo Segundo Zuñiga Paquien","Técnico","13°","Técnicos","Escala Municipal","2011-06-01 00:00:00.0","1900-01-01 00:00:00.0"
"Penco","Planta Titular","Sin Clasificación","Titular","Juan Guillermo Zuñiga Lagos","Encargado"," ","","","2005-01-14 00:00:00.0","1900-01-01 00:00:00.0"
"Penco","Planta Titular","Sin Clasificación","Titular","Oscar Parra Guzman","Docente"," ","Docente","Escala Profesionales de La Educación Llay 19.070)","1996-02-29 00:00:00.0","1900-01-01 00:00:00.0"
"Penco","Planta Titular","Sin Clasificación","Titular","Sergio Roberto Martin Benavides","Profesional"," ","Profesionales","Escala Atención Primaria de Salud Municipal","2008-09-02 00:00:00.0","1900-01-01 00:00:00.0"
"Penco","Planta Titular","Sin Clasificación","Titular","Ana Maria Barrientos Perez","Administrativo","13°","Administrativos","","1998-12-01 00:00:00.0","1900-01-01 00:00:00.0"
"Penco","Planta Titular","Sin Clasificación","Titular","Maria Elena Ladron de Guevara Ruiz","Técnico"," ","Técnicos","Escala Atención Primaria de Salud Municipal","2008-09-02 00:00:00.0","1900-01-01 00:00:00.0"
"Penco","Planta Titular","Sin Clasificación","Titular","Carlos Humberto Escanilla Cifuentes","Administrativo","14°","Administrativos","","2007-06-01 00:00:00.0","1900-01-01 00:00:00.0"
"Penco","Planta Titular","Sin Clasificación","Titular","Gumercindo Felix Monsalve Oddo","Auxiliar","15°","Auxiliares","","1999-11-01 00:00:00.0","1900-01-01 00:00:00.0"
"Penco","Planta Titular","Sin Clasificación","Titular","Eulalia del Carmen Andrades Bustos","Administrativo","16°","Administrativos","","2005-04-07 00:00:00.0","1900-01-01 00:00:00.0"
"Penco","Planta Titular","Sin Clasificación","Titular","Hector Jaime Aguilera Cerda","Auxiliar","17°","Auxiliares","","1998-07-01 00:00:00.0","1900-01-01 00:00:00.0"
"Penco","Planta Titular","Sin Clasificación","Titular","Hilda del Carmen Vilches Cea","Jefatura","10°","Jefatura Las","Escala Municipal","2011-03-17 00:00:00.0","1900-01-01 00:00:00.0"
"Penco","Planta Titular","Sin Clasificación","Titular","Luzmila del Rosario Zambrano Recabarren","Administrativo","15°","Administrativos","","1998-12-01 00:00:00.0","1900-01-01 00:00:00.0"
"Penco","Planta Titular","Sin Clasificación","Titular","Irma del Carmen Saavedra Sepulveda","Directivo","8°","Directivos","","1998-12-01 00:00:00.0","1900-01-01 00:00:00.0"
"Penco","Planta Titular","Sin Clasificación","Titular","Viviana del Carmen Zuñiga Reyes","Auxiliar Paramedico","D","Técnicos","","2002-01-21 00:00:00.0","1900-01-01 00:00:00.0"
"Penco","Planta Titular","Sin Clasificación","Titular","Ben-hur Giovanni Deneken Sayer","Auxiliar Chófer","17°","Auxiliares","","2005-04-12 00:00:00.0","1900-01-01 00:00:00.0"
"Penco","Planta Titular","Sin Clasificación","Titular","Eduardo Enrique Cifuentes Morales","Auxiliar","16°","Auxiliares","","1998-06-01 00:00:00.0","1900-01-01 00:00:00.0"
"Penco","Planta Titular","Sin Clasificación","Titular","Petronila Beatriz Gallegos Gonzalez","Directivo","9°","Directivos","","1998-12-01 00:00:00.0","1900-01-01 00:00:00.0"
"Penco","Planta Titular","Sin Clasificación","Titular","Jose Eduardo Gamonal Gonzalez","Auxiliar","16°","Auxiliares","","2000-07-01 00:00:00.0","1900-01-01 00:00:00.0"
"Penco","Planta Titular","Sin Clasificación","Titular","Hugo Ernesto Fernandez Torres","Administrativo","15°","Administrativos","","1996-09-26 00:00:00.0","1900-01-01 00:00:00.0"
"Penco","Planta Titular","Sin Clasificación","Titular","Jorge Antonio Navarrete Garcia","Auxiliar","17°","Auxiliares","Escala Municipal","2011-03-07 00:00:00.0","1900-01-01 00:00:00.0"
"Penco","Planta Titular","Sin Clasificación","Titular","Roberto del Carmen Monte Rodriguez","Profesional"," ","Contratados Sin Planta","Afectos Al Código del Trabajo","2013-05-09 00:00:00.0","1900-01-01 00:00:00.0"
"Penco","Planta Titular","Sin Clasificación","Titular","Silvia Myriam Vilchez Cea","Técnico","7°","Contratados Sin Planta","Escala Atención Primaria de Salud Municipal","2010-01-01 00:00:00.0","1900-01-01 00:00:00.0"
"Penco","Planta Titular","Sin Clasificación","Titular","Miguelina del Carmen Aguayo Cifuentes","Administrativo","16°","Administrativos","","2007-06-01 00:00:00.0","1900-01-01 00:00:00.0"
"Penco","Planta Titular","Sin Clasificación","Titular","Abel Eduardo Torres Fuentes","Auxiliar de Servicios","F","Auxiliares","","1996-08-01 00:00:00.0","1900-01-01 00:00:00.0"
"Penco","Planta Titular","Sin Clasificación","Titular","Beatriz del Carmen Muñoz San Martin","Administrativo","16°","Administrativos","","1998-08-01 00:00:00.0","1900-01-01 00:00:00.0"
"Penco","Planta Titular","Sin Clasificación","Titular","Iris Gabriela Flores Rodriguez","Administrativo","12°","Administrativos","","1998-12-01 00:00:00.0","1900-01-01 00:00:00.0"
"Penco","Planta Titular","Sin Clasificación","Titular","Luz Oriana Gonzalez Diaz","Administrativo"," ","Administrativos","Escala Atención Primaria de Salud Municipal","2008-09-02 00:00:00.0","1900-01-01 00:00:00.0"
"Penco","Planta Titular","Sin Clasificación","Titular","Luis Alberto Oliveros Fernandez","Auxiliar","17°","Auxiliares","","2005-04-07 00:00:00.0","1900-01-01 00:00:00.0"
"Penco","Planta Titular","Sin Clasificación","Titular","Jacqueline Maritza Macho Inostroza","Profesional","10°","Profesionales","","1996-09-26 00:00:00.0","1900-01-01 00:00:00.0"
"Penco","Planta Titular","Sin Clasificación","Titular","Jose Luis Enrique Careaga Novoa","Auxiliar de Servicios Menores","15°","Auxiliares","Escala Única de Sueldos","2003-12-01 00:00:00.0","1900-01-01 00:00:00.0"
"Penco","Planta Titular","Sin Clasificación","Titular","Cecilia Viviana Salgado Araneda","Nutricionista"," ","Contratados Sin Planta","Escala Atención Primaria de Salud Municipal","2010-09-01 00:00:00.0","1900-01-01 00:00:00.0"
"Penco","Planta Titular","Sin Clasificación","Titular","Miguel Luis Duran Aguayo","Jefatura","11°","Jefaturas","Escala Municipal","2013-03-15 00:00:00.0","1900-01-01 00:00:00.0"
"Penco","Planta Titular","Sin Clasificación","Titular","Marlene de Las Mercedes Repiso Rebolledo","Administrativo"," ","Administrativos","Escala Atención Primaria de Salud Municipal","2008-09-02 00:00:00.0","1900-01-01 00:00:00.0"
"Penco","Planta Titular","Sin Clasificación","Titular","Grecia Ivonne Garcia Escalona","Administrativo","12°","Administrativos","","1995-09-01 00:00:00.0","1900-01-01 00:00:00.0"
"Penco","Planta Titular","Sin Clasificación","Titular","Fulgencio Esteban Llanos Reyes","Directivo","8°","Directivos","Escala Municipal","2012-12-07 00:00:00.0","1900-01-01 00:00:00.0"
"Penco","Planta Titular","Sin Clasificación","Titular","Maria Soledad Garreton Pettinelli","Administrativo"," ","Administrativos","Escala Atención Primaria de Salud Municipal","2008-09-02 00:00:00.0","1900-01-01 00:00:00.0"
"Penco","Planta Titular","Sin Clasificación","Titular","Ricardo Alfonso Valderrama Muñoz","Auxiliar de Servicios","F","","","2005-06-01 00:00:00.0","1900-01-01 00:00:00.0"
"Penco","Planta Titular","Sin Clasificación","Titular","Ferenc Sergio Gallardo Pizarro","Chófer"," ","Auxiliares","Escala Atención Primaria de Salud Municipal","2008-09-02 00:00:00.0","1900-01-01 00:00:00.0"
