"Comuna","Tipo de Contratación","Área","Calidad","Nombre","Cargo","Grado","Planta","Remuneración","Fecha desde","Fecha hasta"
"Penco","Contrata","Sin Clasificación","Contrata","Catalina del Carmen Figueroa Canihumil","Auxiliar Paramedico","D","Contratados Sin Planta","","1995-04-13 00:00:00.0","1900-01-01 00:00:00.0"
"Penco","Contrata","Sin Clasificación","Contrata","Victor Felix Maturana Toledo","Odontologo","A","Contratados Sin Planta","","1996-08-01 00:00:00.0","1900-01-01 00:00:00.0"
"Penco","Contrata","Sin Clasificación","Contrata","Edith Angeolina Toledo Aguilera","Auxiliar Paramedico","D","Contratados Sin Planta","","1995-04-13 00:00:00.0","1900-01-01 00:00:00.0"
"Penco","Contrata","Sin Clasificación","Contrata","Lorena Valentina Bello Grandon","Auxiliar Paramedico","D","Contratados Sin Planta","","1995-04-13 00:00:00.0","1900-01-01 00:00:00.0"
"Penco","Contrata","Sin Clasificación","Contrata","Hector Damian Fernandez Jara","Docente"," ","Contratados Sin Planta","Escala Profesionales de La Educación Llay 19.070)","2009-12-01 00:00:00.0","1900-01-01 00:00:00.0"
"Penco","Contrata","Sin Clasificación","Contrata","Patricia Jeannette Rubio Miranda","Técnico","13°","Contadores","Escala Atención Primaria de Salud Municipal","2010-01-01 00:00:00.0","1900-01-01 00:00:00.0"
"Penco","Contrata","Sin Clasificación","Contrata","Daniel Antonio Valderrama Castillo","Profesional","12°","Contratados Sin Planta","Escala Municipal","2013-02-01 00:00:00.0","1900-01-01 00:00:00.0"
"Penco","Contrata","Sin Clasificación","Contrata","Maria Paz Torres Paredes","Asistente"," ","Contratados Sin Planta","Afectos Al Código del Trabajo","2011-04-08 00:00:00.0","1900-01-01 00:00:00.0"
"Penco","Contrata","Sin Clasificación","Contrata","Karen Daisy Fernandez Mendez","Técnico","16°","Contratados Sin Planta","Escala Municipal","2013-01-02 00:00:00.0","1900-01-01 00:00:00.0"
"Penco","Contrata","Sin Clasificación","Contrata","Marcela Adriana del Carmen Campos Morales","Administrativo"," ","Contratados Sin Planta","Sin Información","2009-12-02 00:00:00.0","1900-01-01 00:00:00.0"
"Penco","Contrata","Sin Clasificación","Contrata","Melissa Nicole Osses Rubio","Docente"," ","Contratados Sin Planta","Escala Profesionales de La Educación Llay 19.070)","2010-10-21 00:00:00.0","2210-11-02 00:00:00.0"
"Penco","Contrata","Sin Clasificación","Contrata","Lucrecia del Carmen Peña Velozo","Auxiliar Paramedico","D","Contratados Sin Planta","","1995-04-13 00:00:00.0","1900-01-01 00:00:00.0"
"Penco","Contrata","Sin Clasificación","Contrata","Miguel Angel Pino Gonzalez","Jefe"," ","Técnicos de Nivel Superior Categoría C","Estatuto Atención Primaria de Salud Municipal  Ley N°19.378","2008-11-03 00:00:00.0","1900-01-01 00:00:00.0"
"Penco","Contrata","Sin Clasificación","Contrata","Mauricio Enrique Palma Cifuentes","Profesional","9°","Contratados Sin Planta","Escala Municipal","2010-01-01 00:00:00.0","1900-01-01 00:00:00.0"
"Penco","Contrata","Sin Clasificación","Contrata","Veronica Eliana Pino Fierro","Docente"," ","Contratados Sin Planta","Escala Profesionales de La Educación Llay 19.070)","2010-08-09 00:00:00.0","1900-01-01 00:00:00.0"
"Penco","Contrata","Sin Clasificación","Contrata","Marta Amelia Yañez Zuñiga","Educadora Párvulos"," ","Contratados Sin Planta","Afectos Al Código del Trabajo","2009-12-29 00:00:00.0","1900-01-01 00:00:00.0"
"Penco","Contrata","Sin Clasificación","Contrata","Maria Eugenia Chandia Fernandez","Docente"," ","Personal No Pertenece A Planta","Escala Profesionales de La Educación Llay 19.070)","2013-03-01 00:00:00.0","1900-01-01 00:00:00.0"
"Penco","Contrata","Sin Clasificación","Contrata","Julio Alejandro Osorio Llanos","Docente"," ","Docente","Escala Profesionales de La Educación Llay 19.070)","2013-03-01 00:00:00.0","1900-01-01 00:00:00.0"
