"Comuna","Tipo de Contratación","Área","Calidad","Nombre","Cargo","Grado","Planta","Remuneración","Fecha desde","Fecha hasta"
"Penco","Codigo del Trabajo","Sin Clasificación","Código del Trabajo","Mauricio Cesar Baeza  Ocampo","Administrativo"," ","Personal No Pertenece A Planta","Afectos Al Código del Trabajo","2015-10-01 00:00:00.0","1900-01-01 00:00:00.0"
"Penco","Codigo del Trabajo","Sin Clasificación","Código del Trabajo","Susana del Pilar Arroyo Arancibia","Encargado"," ","Contratados Sin Planta","Afectos Al Código del Trabajo","2010-10-01 00:00:00.0","1900-01-01 00:00:00.0"
"Penco","Codigo del Trabajo","Sin Clasificación","Código del Trabajo","Emilia Margarita Parra Alarcon","Asistente Parvularia"," ","Personal No Pertenece A Planta","Afectos Al Código del Trabajo","1989-04-01 00:00:00.0","1900-01-01 00:00:00.0"
"Penco","Codigo del Trabajo","Sin Clasificación","Código del Trabajo","Roxana Nayade Baeza Machuca","Oficial Administrativo"," ","Personal No Pertenece A Planta","Afectos Al Código del Trabajo","1989-03-01 00:00:00.0","1900-01-01 00:00:00.0"
"Penco","Codigo del Trabajo","Sin Clasificación","Código del Trabajo","Pabla Carolina Sandoval Orrego","Asistente Parvularia"," ","Contratados Sin Planta","Afectos Al Código del Trabajo","2012-12-11 00:00:00.0","1900-01-01 00:00:00.0"
"Penco","Codigo del Trabajo","Sin Clasificación","Código del Trabajo","Marcela Ivonne Riquelme Inostroza","Asistente de La Educación"," ","Contratados Sin Planta","Afectos Al Código del Trabajo","2013-11-11 00:00:00.0","1900-01-01 00:00:00.0"
"Penco","Codigo del Trabajo","Sin Clasificación","Código del Trabajo","Gradys Isabel Cartes Sanhueza","Paradocente"," ","Personal No Pertenece A Planta","Afectos Al Código del Trabajo","1989-04-01 00:00:00.0","1900-01-01 00:00:00.0"
"Penco","Codigo del Trabajo","Sin Clasificación","Código del Trabajo","Sonia Pamela Madariaga Paez","Secreto Administrativo"," ","Contratados Sin Planta","Afectos Al Código del Trabajo","2011-03-01 00:00:00.0","1900-01-01 00:00:00.0"
"Penco","Codigo del Trabajo","Sin Clasificación","Código del Trabajo","Víctor Hugo Díaz Galdames","Administrativo"," ","Personal No Pertenece A Planta","Afectos Al Código del Trabajo","2008-01-01 00:00:00.0","1900-01-01 00:00:00.0"
"Penco","Codigo del Trabajo","Sin Clasificación","Código del Trabajo","Jaime Galvarino Ormeño Rios","Paradocente"," ","Personal No Pertenece A Planta","Afectos Al Código del Trabajo","2013-03-04 00:00:00.0","1900-01-01 00:00:00.0"
"Penco","Codigo del Trabajo","Sin Clasificación","Código del Trabajo","Maria Cortes Constanzo","Auxiliar"," ","Personal No Pertenece A Planta","Afectos Al Código del Trabajo","1989-04-01 00:00:00.0","1900-01-01 00:00:00.0"
"Penco","Codigo del Trabajo","Sin Clasificación","Código del Trabajo","Nubia Francisca Carrillo Cabeza","Asistente Parvularia"," ","Personal No Pertenece A Planta","Afectos Al Código del Trabajo","1989-04-01 00:00:00.0","1900-01-01 00:00:00.0"
"Penco","Codigo del Trabajo","Sin Clasificación","Código del Trabajo","Eduardo Andres Castillo Ulloa","Conductor"," ","Contratados Sin Planta","Afectos Al Código del Trabajo","2009-01-05 00:00:00.0","1900-01-01 00:00:00.0"
"Penco","Codigo del Trabajo","Sin Clasificación","Código del Trabajo","Luis Guillermo Lagos Prado","Experto"," ","Contratados Sin Planta","Afectos Al Código del Trabajo","2011-04-04 00:00:00.0","1900-01-01 00:00:00.0"
"Penco","Codigo del Trabajo","Sin Clasificación","Código del Trabajo","Avelino Arsenio Gatica Barrientos","Coordinador"," ","Personal No Pertenece A Planta","Afectos Al Código del Trabajo","2012-12-10 00:00:00.0","1900-01-01 00:00:00.0"
"Penco","Codigo del Trabajo","Sin Clasificación","Código del Trabajo","Jimena Patricia Romero Neira","Asistente de La Educación"," ","Contratados Sin Planta","Afectos Al Código del Trabajo","2012-11-30 00:00:00.0","1900-01-01 00:00:00.0"
"Penco","Codigo del Trabajo","Sin Clasificación","Código del Trabajo","Felipe Javier Maturana Fuentes","Psicólogo"," ","Contratados Sin Planta","Afectos Al Código del Trabajo","2009-12-28 00:00:00.0","1900-01-01 00:00:00.0"
"Penco","Codigo del Trabajo","Sin Clasificación","Código del Trabajo","Rafael Esteban Reyes Mellado","Auxiliar de Servicios Menores"," ","Contratados Sin Planta","Afectos Al Código del Trabajo","2009-03-02 00:00:00.0","1900-01-01 00:00:00.0"
"Penco","Codigo del Trabajo","Sin Clasificación","Código del Trabajo","Lorenna Beatriz Mankowski Urrea","Secreto"," ","Personal No Pertenece A Planta","Afectos Al Código del Trabajo","2012-10-04 00:00:00.0","1900-01-01 00:00:00.0"
"Penco","Codigo del Trabajo","Sin Clasificación","Código del Trabajo","Juan Carlos Gonzalez Gonzalez","Contador Auditor"," ","Contratados Sin Planta","Afectos Al Código del Trabajo","2011-03-01 00:00:00.0","1900-01-01 00:00:00.0"
"Penco","Codigo del Trabajo","Sin Clasificación","Código del Trabajo","Ximena Andrea Careaga Fierro","Encargado"," ","Contratados Sin Planta","Afectos Al Código del Trabajo","2011-05-02 00:00:00.0","1900-01-01 00:00:00.0"
"Penco","Codigo del Trabajo","Sin Clasificación","Código del Trabajo","Monica Elena Rodriguez Cuadra","Paradocente"," ","Contratados Sin Planta","Afectos Al Código del Trabajo","2009-08-04 00:00:00.0","1900-01-01 00:00:00.0"
"Penco","Codigo del Trabajo","Sin Clasificación","Código del Trabajo","Patricia Alejandra Eriz Ulloa","Secreto"," ","Personal No Pertenece A Planta","Afectos Al Código del Trabajo","2014-02-27 00:00:00.0","1900-01-01 00:00:00.0"
"Penco","Codigo del Trabajo","Sin Clasificación","Código del Trabajo","Carlos Alberto Macaya Ruiz","Salvavidas"," ","Personal No Pertenece A Planta","Afectos Al Código del Trabajo","2012-03-07 00:00:00.0","1900-01-01 00:00:00.0"
"Penco","Codigo del Trabajo","Sin Clasificación","Código del Trabajo","Leonel Armando Zambrano Bustos","Administrativo"," ","Contratados Sin Planta","Afectos Al Código del Trabajo","2010-10-01 00:00:00.0","1900-01-01 00:00:00.0"
"Penco","Codigo del Trabajo","Sin Clasificación","Código del Trabajo","Carmen Gloria Yañez Medina","Jefe de Finanzas"," ","Personal No Pertenece A Planta","Afectos Al Código del Trabajo","2007-12-20 00:00:00.0","1900-01-01 00:00:00.0"
"Penco","Codigo del Trabajo","Sin Clasificación","Código del Trabajo","Natalia Martinez Gomez","Asistente Parvularia"," ","Personal No Pertenece A Planta","Afectos Al Código del Trabajo","2013-03-01 00:00:00.0","1900-01-01 00:00:00.0"
"Penco","Codigo del Trabajo","Sin Clasificación","Código del Trabajo","Cynthia del Rosario Torres Nova","Asistente Parvularia"," ","Contratados Sin Planta","Afectos Al Código del Trabajo","2009-12-29 00:00:00.0","1900-01-01 00:00:00.0"
"Penco","Codigo del Trabajo","Sin Clasificación","Código del Trabajo","Rosa Carolina Lara Vivanco","Paradocente"," ","Personal No Pertenece A Planta","Afectos Al Código del Trabajo","2014-02-27 00:00:00.0","1900-01-01 00:00:00.0"
"Penco","Codigo del Trabajo","Sin Clasificación","Código del Trabajo","Marcela Andrea Klaus Rodriguez","Asistente Parvularia"," ","Personal No Pertenece A Planta","Afectos Al Código del Trabajo","2009-06-08 00:00:00.0","1900-01-01 00:00:00.0"
"Penco","Codigo del Trabajo","Sin Clasificación","Código del Trabajo","Richard Juan Catriman Morales","Coordinador"," ","Personal No Pertenece A Planta","Afectos Al Código del Trabajo","2016-05-01 00:00:00.0","1900-01-01 00:00:00.0"
"Penco","Codigo del Trabajo","Sin Clasificación","Código del Trabajo","Phillip John Smith Aguilera","Conductor"," ","Personal No Pertenece A Planta","Afectos Al Código del Trabajo","2016-08-01 00:00:00.0","1900-01-01 00:00:00.0"
"Penco","Codigo del Trabajo","Sin Clasificación","Código del Trabajo","Nancy Soledad Cardenas Reyes","Asistente Parvularia"," ","Contratados Sin Planta","Afectos Al Código del Trabajo","2009-12-29 00:00:00.0","1900-01-01 00:00:00.0"
"Penco","Codigo del Trabajo","Sin Clasificación","Código del Trabajo","Maria Paz Torres Paredes","Asistente Social"," ","Personal No Pertenece A Planta","Afectos Al Código del Trabajo","2012-03-05 00:00:00.0","1900-01-01 00:00:00.0"
"Penco","Codigo del Trabajo","Sin Clasificación","Código del Trabajo","Clarita Mislaris Ram¿rez Aravena","Paradocente"," ","Personal No Pertenece A Planta","Afectos Al Código del Trabajo","2015-02-27 00:00:00.0","1900-01-01 00:00:00.0"
"Penco","Codigo del Trabajo","Sin Clasificación","Código del Trabajo","Johanna Denisse Gallegos Sanchez","Asistente Parvularia"," ","Personal No Pertenece A Planta","Afectos Al Código del Trabajo","2013-03-01 00:00:00.0","1900-01-01 00:00:00.0"
"Penco","Codigo del Trabajo","Sin Clasificación","Código del Trabajo","Ingrid Soledad Aravena Bobadilla","Asistente Parvularia"," ","Contratados Sin Planta","Afectos Al Código del Trabajo","2011-04-04 00:00:00.0","1900-01-01 00:00:00.0"
"Penco","Codigo del Trabajo","Sin Clasificación","Código del Trabajo","Maricela Alejandra Peña Arevalo","Asistente de La Educación"," ","Personal No Pertenece A Planta","Afectos Al Código del Trabajo","2014-01-02 00:00:00.0","1900-01-01 00:00:00.0"
"Penco","Codigo del Trabajo","Sin Clasificación","Código del Trabajo","Evelyn Karina Cruces Navarrete","Educadora Párvulos"," ","Contratados Sin Planta","Afectos Al Código del Trabajo","2009-12-29 00:00:00.0","1900-01-01 00:00:00.0"
"Penco","Codigo del Trabajo","Sin Clasificación","Código del Trabajo","Yasna Victoria Valenzuela Bilbao","Asistente Parvularia"," ","Personal No Pertenece A Planta","Afectos Al Código del Trabajo","2013-03-01 00:00:00.0","1900-01-01 00:00:00.0"
"Penco","Codigo del Trabajo","Sin Clasificación","Código del Trabajo","Silvana Araya Correa","Asistente Parvularia"," ","Personal No Pertenece A Planta","Afectos Al Código del Trabajo","2012-01-02 00:00:00.0","1900-01-01 00:00:00.0"
"Penco","Codigo del Trabajo","Sin Clasificación","Código del Trabajo","Nancy Zunilda Toledo Araya","Asistente Parvularia"," ","Contratados Sin Planta","Afectos Al Código del Trabajo","2009-12-29 00:00:00.0","1900-01-01 00:00:00.0"
"Penco","Codigo del Trabajo","Sin Clasificación","Código del Trabajo","Carolina Andrea Vilches Escalona","Asistente Parvularia"," ","Contratados Sin Planta","Afectos Al Código del Trabajo","2009-05-25 00:00:00.0","1900-01-01 00:00:00.0"
"Penco","Codigo del Trabajo","Sin Clasificación","Código del Trabajo","Elizabeth Minerva Nuñez Reyes","Encargado"," ","Contratados Sin Planta","Afectos Al Código del Trabajo","2009-12-29 00:00:00.0","1900-01-01 00:00:00.0"
"Penco","Codigo del Trabajo","Sin Clasificación","Código del Trabajo","Marta Teresa Vasquez Ulloa","Asistente de La Educación"," ","Contratados Sin Planta","Escala Profesionales de La Educación Llay 19.070)","2012-04-11 00:00:00.0","1900-01-01 00:00:00.0"
"Penco","Codigo del Trabajo","Sin Clasificación","Código del Trabajo","Sonia Lorena Elgueta Molina","Psicólogo"," ","Profesionales","Afectos Al Código del Trabajo","2009-06-08 00:00:00.0","1900-01-01 00:00:00.0"
"Penco","Codigo del Trabajo","Sin Clasificación","Código del Trabajo","Nilda Yanet Alvarez Cabezas","Asistente de La Educación"," ","Contratados Sin Planta","Afectos Al Código del Trabajo","2009-12-28 00:00:00.0","1900-01-01 00:00:00.0"
"Penco","Codigo del Trabajo","Sin Clasificación","Código del Trabajo","Johana Ines Fuentes Nahuelpan","Educadora Párvulos"," ","Personal No Pertenece A Planta","Afectos Al Código del Trabajo","2012-04-05 00:00:00.0","1900-01-01 00:00:00.0"
"Penco","Codigo del Trabajo","Sin Clasificación","Código del Trabajo","Agustina Francesca Nova Albornoz","Asistente Parvularia"," ","Personal No Pertenece A Planta","Afectos Al Código del Trabajo","2013-03-01 00:00:00.0","1900-01-01 00:00:00.0"
"Penco","Codigo del Trabajo","Sin Clasificación","Código del Trabajo","Paulina Alejandra Muñoz Nuñez","Asistente Parvularia"," ","Contratados Sin Planta","Afectos Al Código del Trabajo","2009-12-29 00:00:00.0","1900-01-01 00:00:00.0"
"Penco","Codigo del Trabajo","Sin Clasificación","Código del Trabajo","Natalie Johanna Palma Machuca","Asistente Parvularia"," ","Personal No Pertenece A Planta","Afectos Al Código del Trabajo","2012-06-01 00:00:00.0","1900-01-01 00:00:00.0"
"Penco","Codigo del Trabajo","Sin Clasificación","Código del Trabajo","Giannina Luciana Oneto Perfetti","Coordinador"," ","Personal No Pertenece A Planta","Afectos Al Código del Trabajo","2016-03-01 00:00:00.0","1900-01-01 00:00:00.0"
"Penco","Codigo del Trabajo","Sin Clasificación","Código del Trabajo","Tania Angie Roa Villa","Docente"," ","Personal No Pertenece A Planta","Afectos Al Código del Trabajo","2013-03-01 00:00:00.0","1900-01-01 00:00:00.0"
"Penco","Codigo del Trabajo","Sin Clasificación","Código del Trabajo","Francisca Carolina Hernandez Ramwell","Profesional"," ","Contratados Sin Planta","Afectos Al Código del Trabajo","2010-03-23 00:00:00.0","1900-01-01 00:00:00.0"
"Penco","Codigo del Trabajo","Sin Clasificación","Código del Trabajo","Carina Andrea Valderrama Gajardo","Asistente Parvularia"," ","Personal No Pertenece A Planta","Afectos Al Código del Trabajo","2013-03-01 00:00:00.0","1900-01-01 00:00:00.0"
"Penco","Codigo del Trabajo","Sin Clasificación","Código del Trabajo","Maria Soledad Vallejos Pinto","Docente"," ","Contratados Sin Planta","Afectos Al Código del Trabajo","2009-12-29 00:00:00.0","1900-01-01 00:00:00.0"
"Penco","Codigo del Trabajo","Sin Clasificación","Código del Trabajo","Diego Alberto Torres Medina","Experto"," ","Contratados Sin Planta","Afectos Al Código del Trabajo","2011-01-06 00:00:00.0","1900-01-01 00:00:00.0"
"Penco","Codigo del Trabajo","Sin Clasificación","Código del Trabajo","Cynthia Sanhueza Cartes","Educadora Párvulos"," ","Contratados Sin Planta","Afectos Al Código del Trabajo","2011-04-04 00:00:00.0","1900-01-01 00:00:00.0"
"Penco","Codigo del Trabajo","Sin Clasificación","Código del Trabajo","Claudia  Andrea  del  Pilar Villouta Miguez","Profesional"," ","Contratados Sin Planta","Afectos Al Código del Trabajo","2013-03-04 00:00:00.0","1900-01-01 00:00:00.0"
"Penco","Codigo del Trabajo","Sin Clasificación","Código del Trabajo","Cristina Aracelly Valladares Yutronich","Psicólogo"," ","Profesionales","Afectos Al Código del Trabajo","2009-05-11 00:00:00.0","1900-01-01 00:00:00.0"
"Penco","Codigo del Trabajo","Sin Clasificación","Código del Trabajo","Carla Patricia Sanhueza Torres","Asistente Parvularia"," ","Personal No Pertenece A Planta","Afectos Al Código del Trabajo","2012-12-26 00:00:00.0","1900-01-01 00:00:00.0"
"Penco","Codigo del Trabajo","Sin Clasificación","Código del Trabajo","Melina Suhan Aravena Bobadilla","Secreto"," ","Contratados Sin Planta","Afectos Al Código del Trabajo","2013-03-01 00:00:00.0","1900-01-01 00:00:00.0"
"Penco","Codigo del Trabajo","Sin Clasificación","Código del Trabajo","Muriel Eggilen Contreras Henriquez","Técnico"," ","Contratados Sin Planta","Afectos Al Código del Trabajo","2009-10-01 00:00:00.0","1900-01-01 00:00:00.0"
"Penco","Codigo del Trabajo","Sin Clasificación","Código del Trabajo","Jennifer Aracelly Amigo Calzadilla","Fonoaudiologo"," ","Personal No Pertenece A Planta","Afectos Al Código del Trabajo","2016-03-01 00:00:00.0","1900-01-01 00:00:00.0"
"Penco","Codigo del Trabajo","Sin Clasificación","Código del Trabajo","Dominique del Pilar Torres Vivanco","Fonoaudiologo"," ","Contratados Sin Planta","Afectos Al Código del Trabajo","2013-09-23 00:00:00.0","1900-01-01 00:00:00.0"
"Penco","Codigo del Trabajo","Sin Clasificación","Código del Trabajo","Solange Andrea Fuentes Calvo","Asistente Parvularia"," ","Contratados Sin Planta","Afectos Al Código del Trabajo","2009-12-29 00:00:00.0","1900-01-01 00:00:00.0"
"Penco","Codigo del Trabajo","Sin Clasificación","Código del Trabajo","Gladys Margarita Troncoso Tiznado","Asistente Parvularia"," ","Contratados Sin Planta","Afectos Al Código del Trabajo","2009-12-29 00:00:00.0","1900-01-01 00:00:00.0"
"Penco","Codigo del Trabajo","Sin Clasificación","Código del Trabajo","Kimberly Nicols Silva Cisternas","Asistente Parvularia"," ","Personal No Pertenece A Planta","Afectos Al Código del Trabajo","2013-03-01 00:00:00.0","1900-01-01 00:00:00.0"
"Penco","Codigo del Trabajo","Sin Clasificación","Código del Trabajo","Claudia Johanna Cabrera Huaiquiman","Asistente Parvularia"," ","Contratados Sin Planta","Afectos Al Código del Trabajo","2012-04-09 00:00:00.0","1900-01-01 00:00:00.0"
"Penco","Codigo del Trabajo","Sin Clasificación","Código del Trabajo","Cristian Andres Moya Lara","Asistente de La Educación"," ","Contratados Sin Planta","Afectos Al Código del Trabajo","2013-09-03 00:00:00.0","1900-01-01 00:00:00.0"
"Penco","Codigo del Trabajo","Sin Clasificación","Código del Trabajo","Nicole Constanza Vasquez Bustos","Asistente Parvularia"," ","Contratados Sin Planta","Afectos Al Código del Trabajo","2009-12-29 00:00:00.0","1900-01-01 00:00:00.0"
"Penco","Codigo del Trabajo","Sin Clasificación","Código del Trabajo","Jorge Luis Quezada Silva","Técnico"," ","Contratados Sin Planta","Afectos Al Código del Trabajo","2013-03-01 00:00:00.0","1900-01-01 00:00:00.0"
"Penco","Codigo del Trabajo","Sin Clasificación","Código del Trabajo","Carla Andrea Candia Donoso","Asistente de La Educación"," ","Contratados Sin Planta","Afectos Al Código del Trabajo","2011-04-07 00:00:00.0","1900-01-01 00:00:00.0"
"Penco","Codigo del Trabajo","Sin Clasificación","Código del Trabajo","Elizabeth Noemi Muñoz Ferreira","Asistente Parvularia"," ","Personal No Pertenece A Planta","Afectos Al Código del Trabajo","2013-03-01 00:00:00.0","1900-01-01 00:00:00.0"
"Penco","Codigo del Trabajo","Sin Clasificación","Código del Trabajo","Carlos   David  Hidalgo Nova","Salvavidas"," ","Personal No Pertenece A Planta","Afectos Al Código del Trabajo","2012-03-07 00:00:00.0","1900-01-01 00:00:00.0"
"Penco","Codigo del Trabajo","Sin Clasificación","Código del Trabajo","Camila Sarai Mella Loyola","Asistente Parvularia"," ","Contratados Sin Planta","Afectos Al Código del Trabajo","2014-03-10 00:00:00.0","1900-01-01 00:00:00.0"
"Penco","Codigo del Trabajo","Sin Clasificación","Código del Trabajo","Gloria Hermelinda Gilon Fernandez","Profesional"," ","Contratados Sin Planta","Afectos Al Código del Trabajo","2009-03-02 00:00:00.0","1900-01-01 00:00:00.0"
"Penco","Codigo del Trabajo","Sin Clasificación","Código del Trabajo","Jose Idalicio Rivas Oñate","Paradocente"," ","Personal No Pertenece A Planta","Afectos Al Código del Trabajo","1989-04-01 00:00:00.0","1900-01-01 00:00:00.0"
"Penco","Codigo del Trabajo","Sin Clasificación","Código del Trabajo","Claudio del Carmen Verdugo Gallardo","Paradocente"," ","Contratados Sin Planta","Afectos Al Código del Trabajo","2009-07-27 00:00:00.0","1900-01-01 00:00:00.0"
"Penco","Codigo del Trabajo","Sin Clasificación","Código del Trabajo","Caupolican Alberto Florio Troncoso","Nochero"," ","Contratados Sin Planta","Afectos Al Código del Trabajo","2010-01-20 00:00:00.0","1900-01-01 00:00:00.0"
"Penco","Codigo del Trabajo","Sin Clasificación","Código del Trabajo","Veronica Pavon  Nuñez","Auxiliar"," ","Personal No Pertenece A Planta","Afectos Al Código del Trabajo","1989-04-01 00:00:00.0","1900-01-01 00:00:00.0"
"Penco","Codigo del Trabajo","Sin Clasificación","Código del Trabajo","Froilan Segundo Gallardo Henriquez","Auxiliar de Servicios Menores"," ","Personal No Pertenece A Planta","Afectos Al Código del Trabajo","2013-07-01 00:00:00.0","1900-01-01 00:00:00.0"
"Penco","Codigo del Trabajo","Sin Clasificación","Código del Trabajo","Jose Ramon Salazar Oliva","Auxiliar de Servicios Menores"," ","Contratados Sin Planta","Afectos Al Código del Trabajo","2008-11-11 00:00:00.0","1900-01-01 00:00:00.0"
"Penco","Codigo del Trabajo","Sin Clasificación","Código del Trabajo","Luis Alberto Millan Menares","Conductor"," ","Contratados Sin Planta","Afectos Al Código del Trabajo","2009-01-05 00:00:00.0","1900-01-01 00:00:00.0"
"Penco","Codigo del Trabajo","Sin Clasificación","Código del Trabajo","Ana  Salgado  Otarola","Asistente Parvularia"," ","Personal No Pertenece A Planta","Afectos Al Código del Trabajo","1989-04-01 00:00:00.0","1900-01-01 00:00:00.0"
"Penco","Codigo del Trabajo","Sin Clasificación","Código del Trabajo","Pedro Abdon Martinez Andrade","Medico Cirujano"," ","Contratados Sin Planta","Afectos Al Código del Trabajo","2011-02-01 00:00:00.0","1900-01-01 00:00:00.0"
"Penco","Codigo del Trabajo","Sin Clasificación","Código del Trabajo","Rene  Eduardo Retamal  Espinoza","Cuidados"," ","Personal No Pertenece A Planta","Afectos Al Código del Trabajo","2012-02-29 00:00:00.0","1900-01-01 00:00:00.0"
"Penco","Codigo del Trabajo","Sin Clasificación","Código del Trabajo","Maria Angelica Astudillo Espinoza","Asistente Parvularia"," ","Personal No Pertenece A Planta","Afectos Al Código del Trabajo","1989-04-01 00:00:00.0","1900-01-01 00:00:00.0"
"Penco","Codigo del Trabajo","Sin Clasificación","Código del Trabajo","Rosalina del Carmen Duran  Salas","Auxiliar"," ","Personal No Pertenece A Planta","Afectos Al Código del Trabajo","1989-04-01 00:00:00.0","1900-01-01 00:00:00.0"
"Penco","Codigo del Trabajo","Sin Clasificación","Código del Trabajo","Berta del Carmen Arias Vallejos","Auxiliar"," ","Personal No Pertenece A Planta","Afectos Al Código del Trabajo","1989-04-01 00:00:00.0","1900-01-01 00:00:00.0"
"Penco","Codigo del Trabajo","Sin Clasificación","Código del Trabajo","Juan Guillermo Zuñiga Lagos","Encargado Crea"," ","Contratados Sin Planta","","1982-01-04 00:00:00.0","1900-01-01 00:00:00.0"
"Penco","Codigo del Trabajo","Sin Clasificación","Código del Trabajo","Rosa Ester Fernandez Osorio","Secreto"," ","Contratados Sin Planta","Afectos Al Código del Trabajo","2009-06-17 00:00:00.0","1900-01-01 00:00:00.0"
"Penco","Codigo del Trabajo","Sin Clasificación","Código del Trabajo","Felipe Omar Diaz Vega","Asistente de La Educación"," ","Personal No Pertenece A Planta","Afectos Al Código del Trabajo","2014-01-02 00:00:00.0","1900-01-01 00:00:00.0"
"Penco","Codigo del Trabajo","Sin Clasificación","Código del Trabajo","Juan Antonio Torres Navarrete","Encargado"," ","Personal No Pertenece A Planta","Afectos Al Código del Trabajo","1981-11-01 00:00:00.0","1900-01-01 00:00:00.0"
"Penco","Codigo del Trabajo","Sin Clasificación","Código del Trabajo","Nury del Pilar Opazo Novoa","Asistente Parvularia"," ","Personal No Pertenece A Planta","Afectos Al Código del Trabajo","1989-04-01 00:00:00.0","1900-01-01 00:00:00.0"
"Penco","Codigo del Trabajo","Sin Clasificación","Código del Trabajo","Mario Arnoldo Brevis Vargas","Paradocente"," ","Contratados Sin Planta","Afectos Al Código del Trabajo","2010-04-01 00:00:00.0","1900-01-01 00:00:00.0"
"Penco","Codigo del Trabajo","Sin Clasificación","Código del Trabajo","Carlos Augusto Muñoz Mendez","Abogado"," ","Personal No Pertenece A Planta","Afectos Al Código del Trabajo","2008-08-04 00:00:00.0","1900-01-01 00:00:00.0"
"Penco","Codigo del Trabajo","Sin Clasificación","Código del Trabajo","Cristina del Rosario Aguayo Silva","Asistente Parvularia"," ","Personal No Pertenece A Planta","Sin Información","1989-04-01 00:00:00.0","1900-01-01 00:00:00.0"
"Penco","Codigo del Trabajo","Sin Clasificación","Código del Trabajo","Gladys Rosa Silva Sanhueza","Auxiliar de Servicios Menores"," ","Contratados Sin Planta","Afectos Al Código del Trabajo","2003-03-03 00:00:00.0","1900-01-01 00:00:00.0"
"Penco","Codigo del Trabajo","Sin Clasificación","Código del Trabajo","Mirta Iris Araya Martinez","Asistente Parvularia"," ","Personal No Pertenece A Planta","Afectos Al Código del Trabajo","1989-04-01 00:00:00.0","1900-01-01 00:00:00.0"
"Penco","Codigo del Trabajo","Sin Clasificación","Código del Trabajo","Maria Eugenia Menares Monsalve","Encargado"," ","Sin Información","Afectos Al Código del Trabajo","2008-06-02 00:00:00.0","1900-01-01 00:00:00.0"
"Penco","Codigo del Trabajo","Sin Clasificación","Código del Trabajo","Alfonso del Carmen Sanhueza Flores","Auxiliar de Servicios Menores"," ","Contratados Sin Planta","Escala Profesionales de La Educación Llay 19.070)","2004-03-01 00:00:00.0","1900-01-01 00:00:00.0"
"Penco","Codigo del Trabajo","Sin Clasificación","Código del Trabajo","Jorge Enriwue Cruces Maldonado","Auxiliar de Servicios Menores"," ","Contratados Sin Planta","Afectos Al Código del Trabajo","2011-03-01 00:00:00.0","1900-01-01 00:00:00.0"
"Penco","Codigo del Trabajo","Sin Clasificación","Código del Trabajo","Marta Amelia Yañez Zuñiga","Educadora Párvulos"," ","Contratados Sin Planta","Afectos Al Código del Trabajo","2009-12-29 00:00:00.0","1900-01-01 00:00:00.0"
"Penco","Codigo del Trabajo","Sin Clasificación","Código del Trabajo","Sandra Cecilia Carvajal Guerra","Educadora Párvulos"," ","Contratados Sin Planta","Afectos Al Código del Trabajo","2011-04-04 00:00:00.0","1900-01-01 00:00:00.0"
"Penco","Codigo del Trabajo","Sin Clasificación","Código del Trabajo","Ruth Eliana Castro Retamal","Paradocente"," ","Personal No Pertenece A Planta","Afectos Al Código del Trabajo","2012-11-05 00:00:00.0","1900-01-01 00:00:00.0"
"Penco","Codigo del Trabajo","Sin Clasificación","Código del Trabajo","Patricia Eliana del Transito Silva Alvarez","Asistente Parvularia"," ","Personal No Pertenece A Planta","Afectos Al Código del Trabajo","1989-04-01 00:00:00.0","1900-01-01 00:00:00.0"
"Penco","Codigo del Trabajo","Sin Clasificación","Código del Trabajo","Miguel Angel Villegas Hernandez","Auxiliar"," ","Contratados Sin Planta","Afectos Al Código del Trabajo","2010-11-01 00:00:00.0","1900-01-01 00:00:00.0"
"Penco","Codigo del Trabajo","Sin Clasificación","Código del Trabajo","Irma Ines Sanhueza Jara","Secreto"," ","Contratados Sin Planta","Afectos Al Código del Trabajo","1989-08-01 00:00:00.0","1900-01-01 00:00:00.0"
"Penco","Codigo del Trabajo","Sin Clasificación","Código del Trabajo","Juan Alberto Dellarossa Figueroa","Conductor"," ","Conductores","Afectos Al Código del Trabajo","2008-11-06 00:00:00.0","1900-01-01 00:00:00.0"
"Penco","Codigo del Trabajo","Sin Clasificación","Código del Trabajo","Juan del Rosario Vera Cisterna","Encargado"," ","Contratados Sin Planta","Afectos Al Código del Trabajo","2009-08-17 00:00:00.0","1900-01-01 00:00:00.0"
"Penco","Codigo del Trabajo","Sin Clasificación","Código del Trabajo","Maritza Isabel Fuentes Contreras","Asistente Parvularia"," ","Contratados Sin Planta","Afectos Al Código del Trabajo","2011-03-01 00:00:00.0","1900-01-01 00:00:00.0"
"Penco","Codigo del Trabajo","Sin Clasificación","Código del Trabajo","Luz Maria Sepulveda Orostica","Medico"," ","Contratados Sin Planta","Afectos Al Código del Trabajo","2011-02-28 00:00:00.0","1900-01-01 00:00:00.0"
"Penco","Codigo del Trabajo","Sin Clasificación","Código del Trabajo","Patricia Margarita Sverlij Lagos","Orientador"," ","Especializados","Afectos Al Código del Trabajo","2009-06-08 00:00:00.0","1900-01-01 00:00:00.0"
"Penco","Codigo del Trabajo","Sin Clasificación","Código del Trabajo","Miguel Angel Castro Rojas","Auxiliar de Servicios Menores"," ","Personal No Pertenece A Planta","Afectos Al Código del Trabajo","2012-12-04 00:00:00.0","1900-01-01 00:00:00.0"
"Penco","Codigo del Trabajo","Sin Clasificación","Código del Trabajo","Ricardo Agustin Aillon Diaz","Conductor"," ","Contratados Sin Planta","Afectos Al Código del Trabajo","2009-01-05 00:00:00.0","1900-01-01 00:00:00.0"
"Penco","Codigo del Trabajo","Sin Clasificación","Código del Trabajo","Edita Quezada Novoa","Auxiliar"," ","Personal No Pertenece A Planta","Afectos Al Código del Trabajo","1989-04-01 00:00:00.0","1900-01-01 00:00:00.0"
"Penco","Codigo del Trabajo","Sin Clasificación","Código del Trabajo","Enoe Irene Rivera Roa","Asistente Parvularia"," ","Personal No Pertenece A Planta","Afectos Al Código del Trabajo","1989-04-01 00:00:00.0","1900-01-01 00:00:00.0"
"Penco","Codigo del Trabajo","Sin Clasificación","Código del Trabajo","Octavio Parra Cuadra","Encargado"," ","Contratados Sin Planta","Afectos Al Código del Trabajo","2009-06-23 00:00:00.0","1900-01-01 00:00:00.0"
"Penco","Codigo del Trabajo","Sin Clasificación","Código del Trabajo","Maria Ester Gomez Ascencio","Asistente Parvularia"," ","Personal No Pertenece A Planta","Afectos Al Código del Trabajo","1989-04-01 00:00:00.0","1900-01-01 00:00:00.0"
"Penco","Codigo del Trabajo","Sin Clasificación","Código del Trabajo","Oscar David Riquelme Ceron","Auxiliar"," ","Contratados Sin Planta","Afectos Al Código del Trabajo","1989-06-01 00:00:00.0","1900-01-01 00:00:00.0"
"Penco","Codigo del Trabajo","Sin Clasificación","Código del Trabajo","Norma Elena Muñoz Chavarriga","Asistente Parvularia"," ","Personal No Pertenece A Planta","Afectos Al Código del Trabajo","1989-04-01 00:00:00.0","1900-01-01 00:00:00.0"
"Penco","Codigo del Trabajo","Sin Clasificación","Código del Trabajo","Maria Magdalena Vega Martinez","Asistente Parvularia"," ","Contratados Sin Planta","Afectos Al Código del Trabajo","2008-12-03 00:00:00.0","1900-01-01 00:00:00.0"
"Penco","Codigo del Trabajo","Sin Clasificación","Código del Trabajo","Rosa Elena Roa Manriquez","Asistente Parvularia"," ","Personal No Pertenece A Planta","Afectos Al Código del Trabajo","1989-04-01 00:00:00.0","1900-01-01 00:00:00.0"
"Penco","Codigo del Trabajo","Sin Clasificación","Código del Trabajo","Cecilia Alejandra Molina Ferreira","Asistente Parvularia"," ","Personal No Pertenece A Planta","Afectos Al Código del Trabajo","1989-04-01 00:00:00.0","1900-01-01 00:00:00.0"
"Penco","Codigo del Trabajo","Sin Clasificación","Código del Trabajo","Paulina  Venegas Hermosilla","Asistente Parvularia"," ","Personal No Pertenece A Planta","Afectos Al Código del Trabajo","1989-04-01 00:00:00.0","1900-01-01 00:00:00.0"
"Penco","Codigo del Trabajo","Sin Clasificación","Código del Trabajo","Jacqueline del Carmen Zapata M","Asistente Parvularia"," ","Personal No Pertenece A Planta","Afectos Al Código del Trabajo","1989-04-01 00:00:00.0","1900-01-01 00:00:00.0"
"Penco","Codigo del Trabajo","Sin Clasificación","Código del Trabajo","Maria Mireya Larenas  Constanzo","Asistente Parvularia"," ","Personal No Pertenece A Planta","Afectos Al Código del Trabajo","1989-04-01 00:00:00.0","1900-01-01 00:00:00.0"
