"Comuna","Tipo de Contratación","Área","Calidad","Nombre","Cargo","Grado","Planta","Remuneración","Fecha desde","Fecha hasta"
"Penco","Codigo del Trabajo","Educación","Código del Trabajo","Mauricio Cesar Baeza  Ocampo","Administrativo"," ","Contratados Sin Planta","Afectos Al Código del Trabajo","2015-02-27 00:00:00.0","1900-01-01 00:00:00.0"
"Penco","Codigo del Trabajo","Educación","Código del Trabajo","Luis Alberto Medina Constanzo","Auxiliar de Servicios Menores"," ","Contratados Sin Planta","Afectos Al Código del Trabajo","2015-02-27 00:00:00.0","1900-01-01 00:00:00.0"
"Penco","Codigo del Trabajo","Educación","Código del Trabajo","Maria Pia Alejandra Sandoval Muñoz","Secreto"," ","Contratados Sin Planta","Asistentes de La Educación Ley N°19.464","2015-02-27 00:00:00.0","1900-01-01 00:00:00.0"
"Penco","Codigo del Trabajo","Educación","Código del Trabajo","Eduardo Aurelio Quezada Seguel","Nochero"," ","Personal No Pertenece A Planta","Afectos Al Código del Trabajo","2012-12-14 00:00:00.0","1900-01-01 00:00:00.0"
"Penco","Codigo del Trabajo","Educación","Código del Trabajo","Rodrigo  Alejandro Osorio Mu¿oz","Jefe"," ","Sin Información","Afectos Al Código del Trabajo","2016-12-30 00:00:00.0","1900-01-01 00:00:00.0"
"Penco","Codigo del Trabajo","Educación","Código del Trabajo","Lorena Andrea Muñoz Vergara","Administrativo"," ","Sin Información","Afectos Al Código del Trabajo","2016-12-30 00:00:00.0","1900-01-01 00:00:00.0"
"Penco","Codigo del Trabajo","Educación","Código del Trabajo","Rosa Edith Urra Gonzalez","Auxiliar de Servicios Menores"," ","Personal No Pertenece A Planta","Afectos Al Código del Trabajo","2014-02-27 00:00:00.0","1900-01-01 00:00:00.0"
"Penco","Codigo del Trabajo","Educación","Código del Trabajo","Luz Aldeana Inostroza Ramirez","Auxiliar de Servicios Menores"," ","Contratados Sin Planta","Asistentes de La Educación Ley N°19.464","2015-02-27 00:00:00.0","1900-01-01 00:00:00.0"
"Penco","Codigo del Trabajo","Educación","Código del Trabajo","Agustina del Carmen Palma Reyes","Auxiliar de Servicios Menores"," ","Contratados Sin Planta","Asistentes de La Educación Ley N°19.464","2014-07-31 00:00:00.0","1900-01-01 00:00:00.0"
"Penco","Codigo del Trabajo","Educación","Código del Trabajo","Juan Francisco Jarpa Tapia","Profesional"," ","Personal No Pertenece A Planta","Afectos Al Código del Trabajo","2013-03-01 00:00:00.0","1900-01-01 00:00:00.0"
"Penco","Codigo del Trabajo","Educación","Código del Trabajo","Elizabeth Paola Jaques Rubilar","Administrativo"," ","Contratados Sin Planta","Asistentes de La Educación Ley N°19.464","2015-02-27 00:00:00.0","1900-01-01 00:00:00.0"
"Penco","Codigo del Trabajo","Educación","Código del Trabajo","Hector Ramiro Cid Torres","Auxiliar de Servicios Menores"," ","Contratados Sin Planta","Asistentes de La Educación Ley N°19.464","2014-02-27 00:00:00.0","1900-01-01 00:00:00.0"
"Penco","Codigo del Trabajo","Educación","Código del Trabajo","Angela Mercedes Ochoa Quiroz","Coordinador"," ","Contratados Sin Planta","Asistentes de La Educación Ley N°19.464","2015-02-27 00:00:00.0","1900-01-01 00:00:00.0"
"Penco","Codigo del Trabajo","Educación","Código del Trabajo","Fernando Mauricio Bravo Gonzalez","Creador"," ","Sin Información","Afectos Al Código del Trabajo","2017-02-27 00:00:00.0","1900-01-01 00:00:00.0"
"Penco","Codigo del Trabajo","Educación","Código del Trabajo","Marcia Natacha Valderrama Sanzana","Paradocente"," ","Paradocente","Afectos Al Código del Trabajo","2016-10-01 00:00:00.0","1900-01-01 00:00:00.0"
"Penco","Codigo del Trabajo","Educación","Código del Trabajo","Veronica Andrea Navarrete Gallardo","Administrativo"," ","Sin Información","Afectos Al Código del Trabajo","2016-12-30 00:00:00.0","1900-01-01 00:00:00.0"
"Penco","Codigo del Trabajo","Educación","Código del Trabajo","Fanny Leyla Diaz Carcamo","Arquitecto"," ","Sin Información","Afectos Al Código del Trabajo","2016-12-30 00:00:00.0","1900-01-01 00:00:00.0"
"Penco","Codigo del Trabajo","Educación","Código del Trabajo","Priscila Estela Jabre Arriagada","Asistente Parvularia"," ","Contratados Sin Planta","Asistentes de La Educación Ley N°19.464","2015-02-27 00:00:00.0","1900-01-01 00:00:00.0"
"Penco","Codigo del Trabajo","Educación","Código del Trabajo","Pamela Andrea Uribe Jerez","Asistente Parvularia"," ","Sin Información","Afectos Al Código del Trabajo","2017-02-28 00:00:00.0","1900-01-01 00:00:00.0"
"Penco","Codigo del Trabajo","Educación","Código del Trabajo","Marcela Ivonne Soperrey Romero","Administrativo"," ","Contratados Sin Planta","Asistentes de La Educación Ley N°19.464","2015-02-27 00:00:00.0","1900-01-01 00:00:00.0"
"Penco","Codigo del Trabajo","Educación","Código del Trabajo","Phillip John Smith Aguilera","Conductor"," ","Contratados Sin Planta","Afectos Al Código del Trabajo","2015-02-27 00:00:00.0","1900-01-01 00:00:00.0"
"Penco","Codigo del Trabajo","Educación","Código del Trabajo","Nieves Elizabeth Teuscher Matus","Auxiliar de Servicios Menores"," ","Personal No Pertenece A Planta","Afectos Al Código del Trabajo","2013-04-18 00:00:00.0","1900-01-01 00:00:00.0"
"Penco","Codigo del Trabajo","Educación","Código del Trabajo","Cristina Ivonne Sanhueza Neira","Jefe Departamento Recursos Humanos"," ","Sin Información","Afectos Al Código del Trabajo","2016-12-30 00:00:00.0","1900-01-01 00:00:00.0"
"Penco","Codigo del Trabajo","Educación","Código del Trabajo","Paulina Alejandra Marcos Marcos","Coordinador"," ","Sin Información","Afectos Al Código del Trabajo","2016-12-30 00:00:00.0","1900-01-01 00:00:00.0"
"Penco","Codigo del Trabajo","Educación","Código del Trabajo","Clarita Mislaris Ram¿rez Aravena","Auxiliar de Servicios Menores"," ","Contratados Sin Planta","Asistentes de La Educación Ley N°19.464","2015-02-27 00:00:00.0","1900-01-01 00:00:00.0"
"Penco","Codigo del Trabajo","Educación","Código del Trabajo","Johanna Denisse Gallegos Sanchez","Asistente de La Educación"," ","Contratados Sin Planta","Afectos Al Código del Trabajo","2013-05-02 00:00:00.0","1900-01-01 00:00:00.0"
"Penco","Codigo del Trabajo","Educación","Código del Trabajo","Marcela Alejandra Saldias  Pacheco","Educadora Párvulos"," ","Contratados Sin Planta","Afectos Al Código del Trabajo","2016-10-31 00:00:00.0","1900-01-01 00:00:00.0"
"Penco","Codigo del Trabajo","Educación","Código del Trabajo","Agustin Fernando Altamirano","Auxiliar de Servicios Menores"," ","Sin Información","Afectos Al Código del Trabajo","2016-11-30 00:00:00.0","1900-01-01 00:00:00.0"
"Penco","Codigo del Trabajo","Educación","Código del Trabajo","Lilian Margot Segura Barrientos","Asistente de La Educación"," ","Contratados Sin Planta","Asistentes de La Educación Ley N°19.464","2015-02-27 00:00:00.0","1900-01-01 00:00:00.0"
"Penco","Codigo del Trabajo","Educación","Código del Trabajo","Eric Alexis Nazal Castro","Administrativo"," ","Contratados Sin Planta","Asistentes de La Educación Ley N°19.464","2015-02-27 00:00:00.0","1900-01-01 00:00:00.0"
"Penco","Codigo del Trabajo","Educación","Código del Trabajo","Joselyn Gladys Santander Rivera","Auxiliar de Servicios Menores"," ","Contratados Sin Planta","Asistentes de La Educación Ley N°19.464","2015-02-27 00:00:00.0","1900-01-01 00:00:00.0"
"Penco","Codigo del Trabajo","Educación","Código del Trabajo","Oscar Eduardo Fonseca Pantoja","Técnico"," ","Personal No Pertenece A Planta","Afectos Al Código del Trabajo","2013-03-01 00:00:00.0","1900-01-01 00:00:00.0"
"Penco","Codigo del Trabajo","Educación","Código del Trabajo","Johana Ines Fuentes Nahuelpan","Educadora Párvulos"," ","Contratados Sin Planta","Afectos Al Código del Trabajo","2017-01-01 00:00:00.0","1900-01-01 00:00:00.0"
"Penco","Codigo del Trabajo","Educación","Código del Trabajo","Valentina Noemi Diaz Carrasco","Jefe"," ","Sin Información","Afectos Al Código del Trabajo","2017-07-31 00:00:00.0","1900-01-01 00:00:00.0"
"Penco","Codigo del Trabajo","Educación","Código del Trabajo","Sebastian Eduardo Cid Concha","Profesional"," ","Sin Información","Afectos Al Código del Trabajo","2016-12-30 00:00:00.0","1900-01-01 00:00:00.0"
"Penco","Codigo del Trabajo","Educación","Código del Trabajo","Javier Ignacio Kopplin  Talbot","Arquitecto"," ","Contratados Sin Planta","Afectos Al Código del Trabajo","2015-02-27 00:00:00.0","1900-01-01 00:00:00.0"
"Penco","Codigo del Trabajo","Educación","Código del Trabajo","Agustina Francesca Nova Albornoz","Asistente Parvularia"," ","Personal No Pertenece A Planta","Afectos Al Código del Trabajo","2011-12-05 00:00:00.0","1900-01-01 00:00:00.0"
"Penco","Codigo del Trabajo","Educación","Código del Trabajo","Giannina Luciana Oneto Perfetti","Profesional"," ","Contratados Sin Planta","Afectos Al Código del Trabajo","2015-02-27 00:00:00.0","1900-01-01 00:00:00.0"
"Penco","Codigo del Trabajo","Educación","Código del Trabajo","Natalia  Paulina Cerda Mendoza","Administrativo"," ","Contratados Sin Planta","Afectos Al Código del Trabajo","2016-12-30 00:00:00.0","1900-01-01 00:00:00.0"
"Penco","Codigo del Trabajo","Educación","Código del Trabajo","Yanet Victoria Stuardo Aguayo","Asistente Parvularia"," ","Personal No Pertenece A Planta","Afectos Al Código del Trabajo","2014-02-27 00:00:00.0","1900-01-01 00:00:00.0"
"Penco","Codigo del Trabajo","Educación","Código del Trabajo","Ricardo Luis O. Henriquez Osorio","Profesional"," ","Sin Información","Afectos Al Código del Trabajo","2016-12-30 00:00:00.0","1900-01-01 00:00:00.0"
"Penco","Codigo del Trabajo","Educación","Código del Trabajo","Natalia Elizabeth Zenteno Aravena","Profesional"," ","Contratados Sin Planta","Afectos Al Código del Trabajo","2015-02-27 00:00:00.0","1900-01-01 00:00:00.0"
"Penco","Codigo del Trabajo","Educación","Código del Trabajo","Jennifer Aracelly Amigo Calzadilla","Coordinador"," ","Contratados Sin Planta","Afectos Al Código del Trabajo","2015-02-27 00:00:00.0","1900-01-01 00:00:00.0"
"Penco","Codigo del Trabajo","Educación","Código del Trabajo","Christian Lorenzo Figueroa Constanzo","Encargado"," ","Personal No Pertenece A Planta","Afectos Al Código del Trabajo","2013-03-01 00:00:00.0","1900-01-01 00:00:00.0"
"Penco","Codigo del Trabajo","Educación","Código del Trabajo","Rodrigo Alexis Castillo Beltran","Creador"," ","Sin Información","Afectos Al Código del Trabajo","2016-09-30 00:00:00.0","1900-01-01 00:00:00.0"
"Penco","Codigo del Trabajo","Educación","Código del Trabajo","Claudia Alexandra Matamala Aburto","Auxiliar de Servicios Menores"," ","Contratados Sin Planta","Afectos Al Código del Trabajo","2015-02-27 00:00:00.0","1900-01-01 00:00:00.0"
"Penco","Codigo del Trabajo","Educación","Código del Trabajo","Sofia   Belen Vidal Saez","Auxiliar de Servicios Menores"," ","Sin Información","Afectos Al Código del Trabajo","2017-02-28 00:00:00.0","1900-01-01 00:00:00.0"
"Penco","Codigo del Trabajo","Educación","Código del Trabajo","Joselyne Lissette Rivas Bustos","Asistente Parvularia"," ","Contratados Sin Planta","Afectos Al Código del Trabajo","2015-02-27 00:00:00.0","1900-01-01 00:00:00.0"
"Penco","Codigo del Trabajo","Educación","Código del Trabajo","Camila Sarai Mella Loyola","Asistente Parvularia"," ","Contratados Sin Planta","Asistentes de La Educación Ley N°19.464","2015-02-27 00:00:00.0","1900-01-01 00:00:00.0"
"Penco","Codigo del Trabajo","Educación","Código del Trabajo","Segundo Rosario San Martin Riquelme","Maestro de Mantención"," ","Contratados Sin Planta","Afectos Al Código del Trabajo","2015-02-27 00:00:00.0","1900-01-01 00:00:00.0"
"Penco","Codigo del Trabajo","Educación","Código del Trabajo","Manuel Abraham Otárola Rivero","Monitor"," ","Contratados Sin Planta","Afectos Al Código del Trabajo","2015-02-27 00:00:00.0","1900-01-01 00:00:00.0"
"Penco","Codigo del Trabajo","Educación","Código del Trabajo","Luis Gustavo Lillo Riffo","Auxiliar de Servicios Menores"," ","Personal No Pertenece A Planta","Afectos Al Código del Trabajo","2013-11-04 00:00:00.0","1900-01-01 00:00:00.0"
"Penco","Codigo del Trabajo","Educación","Código del Trabajo","Manuel Luis Esparza Cabrera","Maestro de Mantención"," ","Contratados Sin Planta","Afectos Al Código del Trabajo","2015-02-27 00:00:00.0","1900-01-01 00:00:00.0"
"Penco","Codigo del Trabajo","Educación","Código del Trabajo","Jeannette  Patricia Aedo Romero","Secreto"," ","Personal No Pertenece A Planta","Afectos Al Código del Trabajo","2013-03-01 00:00:00.0","1900-01-01 00:00:00.0"
"Penco","Codigo del Trabajo","Educación","Código del Trabajo","Jorge Antonio Ulloa Canales","Profesional"," ","Sin Información","Afectos Al Código del Trabajo","2016-12-30 00:00:00.0","1900-01-01 00:00:00.0"
"Penco","Codigo del Trabajo","Educación","Código del Trabajo","Jose   Elias Sanzana Fica","Creador"," ","Contratados Sin Planta","Afectos Al Código del Trabajo","2017-03-30 00:00:00.0","1900-01-01 00:00:00.0"
"Penco","Codigo del Trabajo","Educación","Código del Trabajo","Sonia de Las Mercedes Martinez Olivares","Auxiliar de Servicios Menores"," ","Contratados Sin Planta","Asistentes de La Educación Ley N°19.464","2015-02-27 00:00:00.0","1900-01-01 00:00:00.0"
"Penco","Codigo del Trabajo","Educación","Código del Trabajo","Loreto   Irene Acu¿a Varela","Asistente Parvularia"," ","Sin Información","Afectos Al Código del Trabajo","2016-10-04 00:00:00.0","1900-01-01 00:00:00.0"
"Penco","Codigo del Trabajo","Educación","Código del Trabajo","Jeannette Patricia Torres Pereira","Auxiliar de Servicios Menores"," ","Personal No Pertenece A Planta","Afectos Al Código del Trabajo","2013-04-15 00:00:00.0","1900-01-01 00:00:00.0"
