"Comuna","Tipo de Contratación","Área","Calidad","Nombre","Cargo","Grado","Planta","Remuneración","Fecha desde","Fecha hasta"
"Cobquecura","Contrata","Educación","Contrata","Jacqueline de Las Mercedes Alarcon Tardon","Docente","SIN INFORMACION","Contratados Sin Planta","Profesionales de La Educación Ley N°19.070","2019-03-01 00:00:00.0","2020-02-29 00:00:00.0"
"Cobquecura","Contrata","Educación","Contrata","Jacqueline Ivone Matamala Grandon","Docente","SIN INFORMACION","Contratados Sin Planta","Profesionales de La Educación Ley N°19.070","2019-03-01 00:00:00.0","2020-02-29 00:00:00.0"
"Cobquecura","Contrata","Educación","Contrata","Mirta Cristina Arias Badilla","Docente","SIN INFORMACION","Contratados Sin Planta","Profesionales de La Educación Ley N°19.070","2019-03-01 00:00:00.0","2020-02-29 00:00:00.0"
"Cobquecura","Contrata","Educación","Contrata","Angelica Manon Ca¿as Navarrete","Jefe del Departamento de Administración de Educación Municipal","SIN INFORMACION","Contratados Sin Planta","Profesionales de La Educación Ley N°19.070","2018-03-01 00:00:00.0","2019-02-28 00:00:00.0"
"Cobquecura","Contrata","Educación","Contrata","Javiera Soledad del Transito Arratia  Riquelme","Docente","SIN INFORMACION","Contratados Sin Planta","Profesionales de La Educación Ley N°19.070","2018-04-26 00:00:00.0","1900-01-01 00:00:00.0"
"Cobquecura","Contrata","Educación","Contrata","Carlos Humberto Garcia Alarcon","Inspector General","SIN INFORMACION","Contratados Sin Planta","Profesionales de La Educación Ley N°19.070","2018-03-01 00:00:00.0","2019-02-28 00:00:00.0"
"Cobquecura","Contrata","Educación","Contrata","Oscar David Torres Mellado","Docente","SIN INFORMACION","Contratados Sin Planta","Profesionales de La Educación Ley N°19.070","2018-03-01 00:00:00.0","2019-02-28 00:00:00.0"
"Cobquecura","Contrata","Educación","Contrata","Leticia Daniela  Lopez Chamorro","Auxiliar de Párvulos","SIN INFORMACION","Contratados Sin Planta","Afectos Al Código del Trabajo","2015-06-24 00:00:00.0","2500-07-24 00:00:00.0"
"Cobquecura","Contrata","Educación","Contrata","Christian Rolando Espinoza Neira","Docente","SIN INFORMACION","Contratados Sin Planta","Profesionales de La Educación Ley N°19.070","2018-03-01 00:00:00.0","2019-02-28 00:00:00.0"
"Cobquecura","Contrata","Educación","Contrata","Abraham Benedicto Perez Vasquez","Docente","SIN INFORMACION","Contratados Sin Planta","Profesionales de La Educación Ley N°19.070","2018-03-01 00:00:00.0","2019-02-28 00:00:00.0"
"Cobquecura","Contrata","Educación","Contrata","Carmen Rita Salgado Lopez","Docente","SIN INFORMACION","Contratados Sin Planta","Profesionales de La Educación Ley N°19.070","2018-03-01 00:00:00.0","2019-02-28 00:00:00.0"
"Cobquecura","Contrata","Educación","Contrata","Adriana Magdalena Alarcon Alarcon","Asistente de La Educación","SIN INFORMACION","Contratados Sin Planta","Afectos Al Código del Trabajo","2018-03-01 00:00:00.0","2019-02-28 00:00:00.0"
"Cobquecura","Contrata","Educación","Contrata","Olga Ana Saavedra Huaiquiche","Docente","SIN INFORMACION","Contratados Sin Planta","Profesionales de La Educación Ley N°19.070","2018-03-01 00:00:00.0","2019-02-28 00:00:00.0"
"Cobquecura","Contrata","Educación","Contrata","Francisca Pastora  Hermosilla  Arevalo","Docente","SIN INFORMACION","Contratados Sin Planta","Profesionales de La Educación Ley N°19.070","2019-04-09 00:00:00.0","2020-02-29 00:00:00.0"
"Cobquecura","Contrata","Educación","Contrata","Jose Apolonides Alarcon Segura","Docente","SIN INFORMACION","Contratados Sin Planta","Profesionales de La Educación Ley N°19.070","2019-03-01 00:00:00.0","2020-02-29 00:00:00.0"
"Cobquecura","Contrata","Educación","Contrata","Carol Francisca Sepulveda Parra","Docente","SIN INFORMACION","Contratados Sin Planta","Profesionales de La Educación Ley N°19.070","2018-03-01 00:00:00.0","2019-02-28 00:00:00.0"
"Cobquecura","Contrata","Educación","Contrata","Carola Amalia Torres Rivas","Docente","SIN INFORMACION","Contratados Sin Planta","Profesionales de La Educación Ley N°19.070","2018-03-01 00:00:00.0","2019-02-28 00:00:00.0"
"Cobquecura","Contrata","Educación","Contrata","Digna Violeta Placencia Espinoza","Docente","SIN INFORMACION","Contratados Sin Planta","Profesionales de La Educación Ley N°19.070","2019-03-01 00:00:00.0","2020-02-29 00:00:00.0"
"Cobquecura","Contrata","Educación","Contrata","Ingrig Loreto Espinoza Sanchez","Docente","SIN INFORMACION","Contratados Sin Planta","Profesionales de La Educación Ley N°19.070","2019-03-01 00:00:00.0","2020-02-29 00:00:00.0"
"Cobquecura","Contrata","Educación","Contrata","Victor Rodolfo Bustos Vasquez","Administrativo","SIN INFORMACION","Contratados Sin Planta","Afectos Al Código del Trabajo","2018-03-01 00:00:00.0","2019-02-28 00:00:00.0"
"Cobquecura","Contrata","Educación","Contrata","Lorena Andrea Valladares Salgado","Docente","SIN INFORMACION","Contratados Sin Planta","Profesionales de La Educación Ley N°19.070","2018-03-01 00:00:00.0","2019-02-28 00:00:00.0"
"Cobquecura","Contrata","Educación","Contrata","Maribel Elizabeth Torres Sepulveda","Docente","SIN INFORMACION","Contratados Sin Planta","Profesionales de La Educación Ley N°19.070","2019-03-01 00:00:00.0","2020-02-29 00:00:00.0"
"Cobquecura","Contrata","Educación","Contrata","Guillermo Andres Ortiz Morales","Docente","SIN INFORMACION","Contratados Sin Planta","Profesionales de La Educación Ley N°19.070","2019-08-07 00:00:00.0","2020-02-29 00:00:00.0"
"Cobquecura","Contrata","Educación","Contrata","Nardy Irene Sepulveda Bustos","Docente","SIN INFORMACION","Contratados Sin Planta","Profesionales de La Educación Ley N°19.070","2019-03-01 00:00:00.0","2020-02-29 00:00:00.0"
"Cobquecura","Contrata","Educación","Contrata","Carolina Elizabeth Nacer Carrasco","Docente","SIN INFORMACION","Contratados Sin Planta","Profesionales de La Educación Ley N°19.070","2019-09-11 00:00:00.0","2019-10-21 00:00:00.0"
"Cobquecura","Contrata","Educación","Contrata","Marta Carola Espinoza Guiñez","Docente","SIN INFORMACION","Contratados Sin Planta","Profesionales de La Educación Ley N°19.070","2018-03-01 00:00:00.0","2019-02-28 00:00:00.0"
"Cobquecura","Contrata","Educación","Contrata","Segundo Octavio Salgado Alarcon","Docente","SIN INFORMACION","Contratados Sin Planta","Profesionales de La Educación Ley N°19.070","2018-03-01 00:00:00.0","2019-02-28 00:00:00.0"
"Cobquecura","Contrata","Educación","Contrata","Monica Liliana Dominguez Espinoza","Docente","SIN INFORMACION","Contratados Sin Planta","Profesionales de La Educación Ley N°19.070","2019-08-26 00:00:00.0","2019-08-28 00:00:00.0"
"Cobquecura","Contrata","Educación","Contrata","Ana Maria Sandoval Muñoz","Docente","SIN INFORMACION","Contratados Sin Planta","Profesionales de La Educación Ley N°19.070","2018-03-01 00:00:00.0","2019-02-28 00:00:00.0"
"Cobquecura","Contrata","Educación","Contrata","Gicela Elizabeth Riquelme Sanhueza","Docente","SIN INFORMACION","Contratados Sin Planta","Profesionales de La Educación Ley N°19.070","2018-03-01 00:00:00.0","2019-02-28 00:00:00.0"
"Cobquecura","Contrata","Educación","Contrata","Jessica Liboria Correa Arias","Docente","SIN INFORMACION","Contratados Sin Planta","Profesionales de La Educación Ley N°19.070","2019-03-01 00:00:00.0","2020-02-29 00:00:00.0"
"Cobquecura","Contrata","Educación","Contrata","Claudia Elizabeth Valladares Salgado","Docente","SIN INFORMACION","Contratados Sin Planta","Profesionales de La Educación Ley N°19.070","2018-03-01 00:00:00.0","2019-02-28 00:00:00.0"
"Cobquecura","Contrata","Educación","Contrata","Betsabet Jasmin Fernandez Fonseca","Docente","SIN INFORMACION","Contratados Sin Planta","Profesionales de La Educación Ley N°19.070","2018-05-23 00:00:00.0","1900-01-01 00:00:00.0"
"Cobquecura","Contrata","Educación","Contrata","Claudia Andrea Acu¿a  Venegas","Docente","SIN INFORMACION","Contratados Sin Planta","Profesionales de La Educación Ley N°19.070","2018-03-01 00:00:00.0","2019-02-28 00:00:00.0"
"Cobquecura","Contrata","Educación","Contrata","Marco Antonio Venegas Barrenechea","Docente","SIN INFORMACION","Contratados Sin Planta","Profesionales de La Educación Ley N°19.070","2018-04-01 00:00:00.0","2019-02-28 00:00:00.0"
"Cobquecura","Contrata","Educación","Contrata","Juan Alberto Herrera Herrera","Docente","SIN INFORMACION","Contratados Sin Planta","Profesionales de La Educación Ley N°19.070","2018-03-01 00:00:00.0","2019-02-28 00:00:00.0"
"Cobquecura","Contrata","Educación","Contrata","Maricel Alejandra Ruiz Daza","Docente","SIN INFORMACION","Contratados Sin Planta","Profesionales de La Educación Ley N°19.070","2019-04-08 00:00:00.0","2020-02-29 00:00:00.0"
"Cobquecura","Contrata","Educación","Contrata","Yoana Isabel Pacheco Gonzalez","Docente","SIN INFORMACION","Contratados Sin Planta","Profesionales de La Educación Ley N°19.070","2018-03-01 00:00:00.0","2019-02-28 00:00:00.0"
"Cobquecura","Contrata","Educación","Contrata","Angel Fernando Placencia  Henriquez","Docente","SIN INFORMACION","Contratados Sin Planta","Profesionales de La Educación Ley N°19.070","2019-03-18 00:00:00.0","2019-04-30 00:00:00.0"
"Cobquecura","Contrata","Educación","Contrata","Jacqueline Ester Sepulveda Mu¿oz","Docente","SIN INFORMACION","Contratados Sin Planta","Profesionales de La Educación Ley N°19.070","2018-03-01 00:00:00.0","2019-02-28 00:00:00.0"
"Cobquecura","Contrata","Educación","Contrata","Annina Elena Muñoz Concha","Docente","SIN INFORMACION","Contratados Sin Planta","Profesionales de La Educación Ley N°19.070","2018-03-01 00:00:00.0","2019-02-28 00:00:00.0"
"Cobquecura","Contrata","Educación","Contrata","Stephanie Arith Yañez Contreras","Docente","SIN INFORMACION","Contratados Sin Planta","Profesionales de La Educación Ley N°19.070","2018-03-01 00:00:00.0","2019-02-28 00:00:00.0"
"Cobquecura","Contrata","Educación","Contrata","Daniela Viviana Paris Aparicio","Docente","SIN INFORMACION","Contratados Sin Planta","Profesionales de La Educación Ley N°19.070","2018-03-01 00:00:00.0","2019-02-28 00:00:00.0"
"Cobquecura","Contrata","Educación","Contrata","Camilo Wlademir Bravo Cea","Docente","SIN INFORMACION","Contratados Sin Planta","Profesionales de La Educación Ley N°19.070","2018-09-11 00:00:00.0","1900-01-01 00:00:00.0"
"Cobquecura","Contrata","Educación","Contrata","Ingrid Fabiola Medina Larenas","Docente","SIN INFORMACION","Contratados Sin Planta","Profesionales de La Educación Ley N°19.070","2018-03-01 00:00:00.0","2019-02-28 00:00:00.0"
"Cobquecura","Contrata","Educación","Contrata","Sebastian Rodrigo Vera Placencia","Docente","SIN INFORMACION","Contratados Sin Planta","Profesionales de La Educación Ley N°19.070","2018-03-01 00:00:00.0","2019-02-28 00:00:00.0"
"Cobquecura","Contrata","Educación","Contrata","Alondra Tamara Medina Pedreros","Docente","SIN INFORMACION","Contratados Sin Planta","Profesionales de La Educación Ley N°19.070","2015-10-24 00:00:00.0","1900-01-01 00:00:00.0"
"Cobquecura","Contrata","Educación","Contrata","Sergio Manuel Rivas Retamal","Docente","SIN INFORMACION","Contratados Sin Planta","Profesionales de La Educación Ley N°19.070","2017-03-01 00:00:00.0","1900-01-01 00:00:00.0"
"Cobquecura","Contrata","Educación","Contrata","Daniela Andrea Sepulveda Ramirez","Docente","SIN INFORMACION","Contratados Sin Planta","Profesionales de La Educación Ley N°19.070","2018-03-01 00:00:00.0","2019-02-28 00:00:00.0"
"Cobquecura","Contrata","Educación","Contrata","Katherine de Los Angeles Concha Arriagada","Docente","SIN INFORMACION","Contratados Sin Planta","Profesionales de La Educación Ley N°19.070","2018-03-01 00:00:00.0","2019-02-28 00:00:00.0"
"Cobquecura","Contrata","Educación","Contrata","Baxara Belen Villalobos Sepulveda","Docente","SIN INFORMACION","Contratados Sin Planta","Profesionales de La Educación Ley N°19.070","2018-03-01 00:00:00.0","2019-02-28 00:00:00.0"
"Cobquecura","Contrata","Educación","Contrata","Katherine Alejandra Jimenez  Segura","Docente","SIN INFORMACION","Contratados Sin Planta","Profesionales de La Educación Ley N°19.070","2018-10-01 00:00:00.0","2019-02-28 00:00:00.0"
"Cobquecura","Contrata","Educación","Contrata","Hector Leonel Sanchez Valenzuela","Asistente de La Educación","SIN INFORMACION","Contratados Sin Planta","Afectos Al Código del Trabajo","2018-03-22 00:00:00.0","2019-02-28 00:00:00.0"
"Cobquecura","Contrata","Educación","Contrata","Yoselyn Tatiana Alarcon Urrutia","Asistente de La Educación","SIN INFORMACION","Contratados Sin Planta","Afectos Al Código del Trabajo","2018-04-03 00:00:00.0","2019-02-28 00:00:00.0"
"Cobquecura","Contrata","Educación","Contrata","Yamilet Maricel Caro Irribarra","Docente","SIN INFORMACION","Contratados Sin Planta","Profesionales de La Educación Ley N°19.070","2018-03-01 00:00:00.0","2019-02-28 00:00:00.0"
"Cobquecura","Contrata","Educación","Contrata","Katherine Valeska Montecinos Arias","Docente","SIN INFORMACION","Contratados Sin Planta","Profesionales de La Educación Ley N°19.070","2019-04-01 00:00:00.0","2020-02-29 00:00:00.0"
"Cobquecura","Contrata","Educación","Contrata","Rossio Belen  Jimenez Tardon","Docente","SIN INFORMACION","Contratados Sin Planta","Profesionales de La Educación Ley N°19.070","2018-03-01 00:00:00.0","2019-02-28 00:00:00.0"
"Cobquecura","Contrata","Educación","Contrata","Edgard Rudy Zapata Espinoza","Docente","SIN INFORMACION","Contratados Sin Planta","Profesionales de La Educación Ley N°19.070","2018-03-01 00:00:00.0","2019-02-28 00:00:00.0"
"Cobquecura","Contrata","Educación","Contrata","Fanny Katherine Cerda  Bemar","Docente","SIN INFORMACION","Contratados Sin Planta","Profesionales de La Educación Ley N°19.070","2015-07-20 00:00:00.0","1900-01-01 00:00:00.0"
"Cobquecura","Contrata","Educación","Contrata","Fresia Lupita Cayupi Cayupi","Asistente de La Educación","SIN INFORMACION","Contratados Sin Planta","Afectos Al Código del Trabajo","2019-04-02 00:00:00.0","2020-02-29 00:00:00.0"
"Cobquecura","Contrata","Educación","Contrata","Walter Patricio Salgado Aravena","Docente","SIN INFORMACION","Contratados Sin Planta","Profesionales de La Educación Ley N°19.070","2018-03-01 00:00:00.0","2019-02-28 00:00:00.0"
"Cobquecura","Contrata","Educación","Contrata","Nicol Elisa Henriquez Henriquez","Docente","SIN INFORMACION","Contratados Sin Planta","Profesionales de La Educación Ley N°19.070","2018-03-01 00:00:00.0","2019-02-28 00:00:00.0"
"Cobquecura","Contrata","Educación","Contrata","Valeria Isabel  Sandoval  Espinoza","Docente","SIN INFORMACION","Contratados Sin Planta","Profesionales de La Educación Ley N°19.070","2018-03-01 00:00:00.0","2019-02-28 00:00:00.0"
"Cobquecura","Contrata","Educación","Contrata","Ivonne Jeanette Gallardo Perez","Asistente Social","SIN INFORMACION","Contratados Sin Planta","Afectos Al Código del Trabajo","2018-03-01 00:00:00.0","2019-02-28 00:00:00.0"
"Cobquecura","Contrata","Educación","Contrata","Loreto del Pilar Alarcon Salgado","Asistente de La Educación","SIN INFORMACION","Contratados Sin Planta","Afectos Al Código del Trabajo","2018-05-09 00:00:00.0","2019-02-28 00:00:00.0"
"Cobquecura","Contrata","Educación","Contrata","Vanessa Alejandra Cartes Moya","Docente","SIN INFORMACION","Contratados Sin Planta","Profesionales de La Educación Ley N°19.070","2016-08-17 00:00:00.0","1900-01-01 00:00:00.0"
"Cobquecura","Contrata","Educación","Contrata","Marcela Andrea Gajardo Espinoza","Docente","SIN INFORMACION","Contratados Sin Planta","Profesionales de La Educación Ley N°19.070","2018-03-01 00:00:00.0","2019-02-28 00:00:00.0"
"Cobquecura","Contrata","Educación","Contrata","Brendi Jaeel Llanos Espinoza","Docente","SIN INFORMACION","Contratados Sin Planta","Profesionales de La Educación Ley N°19.070","2018-03-01 00:00:00.0","2019-02-28 00:00:00.0"
"Cobquecura","Contrata","Educación","Contrata","Alvaro Alejandro Cuevas  Caro","Administrativo","SIN INFORMACION","Contratados Sin Planta","Afectos Al Código del Trabajo","2019-01-02 00:00:00.0","2019-12-31 00:00:00.0"
"Cobquecura","Contrata","Educación","Contrata","Priscilla Alejandra Luna Luna","Docente","SIN INFORMACION","Contratados Sin Planta","Profesionales de La Educación Ley N°19.070","2016-06-14 00:00:00.0","1900-01-01 00:00:00.0"
"Cobquecura","Contrata","Educación","Contrata","Nicole Constanza Luengo  Silva","Docente","SIN INFORMACION","Contratados Sin Planta","Profesionales de La Educación Ley N°19.070","2018-03-01 00:00:00.0","2019-02-28 00:00:00.0"
"Cobquecura","Contrata","Educación","Contrata","Camila Paz Figueroa Salgado","Auxiliar de Servicios Menores","SIN INFORMACION","Contratados Sin Planta","Afectos Al Código del Trabajo","2019-01-02 00:00:00.0","2019-12-31 00:00:00.0"
"Cobquecura","Contrata","Educación","Contrata","Leslie Nicole Molinet Valenzuela","Docente","SIN INFORMACION","Contratados Sin Planta","Profesionales de La Educación Ley N°19.070","2018-03-01 00:00:00.0","2019-02-28 00:00:00.0"
"Cobquecura","Contrata","Educación","Contrata","Elvis Aaron Salinas Pe¿a","Docente","SIN INFORMACION","Contratados Sin Planta","Profesionales de La Educación Ley N°19.070","2018-06-04 00:00:00.0","1900-01-01 00:00:00.0"
"Cobquecura","Contrata","Educación","Contrata","Sthephanie Denisse  Ocampo Escobar","Docente","SIN INFORMACION","Contratados Sin Planta","Profesionales de La Educación Ley N°19.070","2018-03-01 00:00:00.0","2019-02-28 00:00:00.0"
"Cobquecura","Contrata","Educación","Contrata","Daniela Fernanda  Castillo  Espinoza","Asistente de La Educación","SIN INFORMACION","Contratados Sin Planta","Afectos Al Código del Trabajo","2018-04-04 00:00:00.0","2019-02-28 00:00:00.0"
"Cobquecura","Contrata","Educación","Contrata","Nataly Arely  Echeverria Salgado","Docente","SIN INFORMACION","Contratados Sin Planta","Profesionales de La Educación Ley N°19.070","2018-03-01 00:00:00.0","2019-02-28 00:00:00.0"
"Cobquecura","Contrata","Educación","Contrata","Jorge Alejandro Mu¿oz Mora","Docente","SIN INFORMACION","Contratados Sin Planta","Profesionales de La Educación Ley N°19.070","2018-03-01 00:00:00.0","2019-02-28 00:00:00.0"
"Cobquecura","Contrata","Educación","Contrata","Camila Paola Rivas Carmona","Docente","SIN INFORMACION","Contratados Sin Planta","Profesionales de La Educación Ley N°19.070","2018-03-01 00:00:00.0","2019-02-28 00:00:00.0"
"Cobquecura","Contrata","Educación","Contrata","Constanza Lisvette  Acu¿a Fuentealba","Docente","SIN INFORMACION","Contratados Sin Planta","Profesionales de La Educación Ley N°19.070","2019-03-01 00:00:00.0","2020-02-29 00:00:00.0"
"Cobquecura","Contrata","Educación","Contrata","Vanessa Michelle Rosales  Carrasco","Docente","SIN INFORMACION","Contratados Sin Planta","Profesionales de La Educación Ley N°19.070","2018-03-01 00:00:00.0","2019-02-28 00:00:00.0"
"Cobquecura","Contrata","Educación","Contrata","Dayana Elizabeth Pradena Alvarez","Docente","SIN INFORMACION","Contratados Sin Planta","Profesionales de La Educación Ley N°19.070","2018-03-01 00:00:00.0","2019-02-28 00:00:00.0"
"Cobquecura","Contrata","Educación","Contrata","Patricio Alejandro Valdés Vásquez","Docente","SIN INFORMACION","Contratados Sin Planta","Profesionales de La Educación Ley N°19.070","2017-08-23 00:00:00.0","1900-01-01 00:00:00.0"
"Cobquecura","Contrata","Educación","Contrata","Nicole Vanesa Concha  Espinoza","Técnico En Párvulos","SIN INFORMACION","Contratados Sin Planta","Afectos Al Código del Trabajo","2018-03-01 00:00:00.0","2019-02-28 00:00:00.0"
"Cobquecura","Contrata","Educación","Contrata","Simon Neftali Mu¿oz Gonzalez","Docente","SIN INFORMACION","Contratados Sin Planta","Profesionales de La Educación Ley N°19.070","2018-03-28 00:00:00.0","2019-02-28 00:00:00.0"
"Cobquecura","Contrata","Educación","Contrata","Lissette Sarai Fuentealba Cartes","Docente","SIN INFORMACION","Contratados Sin Planta","Profesionales de La Educación Ley N°19.070","2018-04-01 00:00:00.0","2019-02-28 00:00:00.0"
"Cobquecura","Contrata","Educación","Contrata","Camila Andrea Mu¿oz Vera","Técnico En Párvulos","SIN INFORMACION","Contratados Sin Planta","Afectos Al Código del Trabajo","2019-03-11 00:00:00.0","2019-12-31 00:00:00.0"
"Cobquecura","Contrata","Educación","Contrata","Carla Aracely Castro Leiva","Administrativo","SIN INFORMACION","Contratados Sin Planta","Afectos Al Código del Trabajo","2019-01-02 00:00:00.0","2019-12-31 00:00:00.0"
"Cobquecura","Contrata","Educación","Contrata","Paola Andrea Garcia Valladares","Docente","SIN INFORMACION","Contratados Sin Planta","Profesionales de La Educación Ley N°19.070","2019-03-01 00:00:00.0","2020-02-29 00:00:00.0"
"Cobquecura","Contrata","Educación","Contrata","Barbara Nicole Zarate Rivas","Docente","SIN INFORMACION","Contratados Sin Planta","Profesionales de La Educación Ley N°19.070","2019-03-04 00:00:00.0","2020-02-29 00:00:00.0"
"Cobquecura","Contrata","Educación","Contrata","Daniela Paz Palavecino Correa","Docente","SIN INFORMACION","Contratados Sin Planta","Profesionales de La Educación Ley N°19.070","2019-04-01 00:00:00.0","2019-04-25 00:00:00.0"
"Cobquecura","Contrata","Educación","Contrata","Isabel Andrea Parra  Malverde","Docente","SIN INFORMACION","Contratados Sin Planta","Profesionales de La Educación Ley N°19.070","2019-03-18 00:00:00.0","2020-02-29 00:00:00.0"
"Cobquecura","Contrata","Educación","Contrata","Camila Andrea Venegas  Montecinos","Docente","SIN INFORMACION","Contratados Sin Planta","Profesionales de La Educación Ley N°19.070","2019-03-01 00:00:00.0","2020-02-29 00:00:00.0"
"Cobquecura","Contrata","Educación","Contrata","Maricela Marianne Neira  Torres","Administrativo","SIN INFORMACION","Contratados Sin Planta","Afectos Al Código del Trabajo","2015-05-01 00:00:00.0","2999-07-01 00:00:00.0"
"Cobquecura","Contrata","Educación","Contrata","Yasmin Scarlet Flores Flores","Docente","SIN INFORMACION","Contratados Sin Planta","Profesionales de La Educación Ley N°19.070","2019-04-01 00:00:00.0","2020-02-29 00:00:00.0"
"Cobquecura","Contrata","Educación","Contrata","Nicole Stephanie  Parra  Avila","Docente","SIN INFORMACION","Contratados Sin Planta","Profesionales de La Educación Ley N°19.070","2017-03-21 00:00:00.0","1900-01-01 00:00:00.0"
"Cobquecura","Contrata","Educación","Contrata","Barbara Magdalena Salgado  Aravena","Docente","SIN INFORMACION","Contratados Sin Planta","Profesionales de La Educación Ley N°19.070","2019-03-01 00:00:00.0","2020-02-29 00:00:00.0"
"Cobquecura","Contrata","Educación","Contrata","Aran Jesús Sáez Bustamante","Docente","SIN INFORMACION","Contratados Sin Planta","Profesionales de La Educación Ley N°19.070","2019-03-01 00:00:00.0","2020-02-29 00:00:00.0"
"Cobquecura","Contrata","Educación","Contrata","Carlos Medardo Gutierrez Alarcon","Docente","SIN INFORMACION","Contratados Sin Planta","Profesionales de La Educación Ley N°19.070","2018-03-01 00:00:00.0","2019-02-28 00:00:00.0"
"Cobquecura","Contrata","Educación","Contrata","Carlos Humberto Salgado Sepulveda","Inspector General","SIN INFORMACION","Contratados Sin Planta","Profesionales de La Educación Ley N°19.070","2018-03-01 00:00:00.0","2019-02-28 00:00:00.0"
"Cobquecura","Contrata","Educación","Contrata","Samuel Arturo Muñoz Vera","Docente","SIN INFORMACION","Contratados Sin Planta","Profesionales de La Educación Ley N°19.070","2018-06-01 00:00:00.0","2019-02-28 00:00:00.0"
"Cobquecura","Contrata","Educación","Contrata","Ramiro del Carmen Venegas Segura","Docente","SIN INFORMACION","Contratados Sin Planta","Profesionales de La Educación Ley N°19.070","2018-09-03 00:00:00.0","2019-02-28 00:00:00.0"
"Cobquecura","Contrata","Educación","Contrata","Maria Teresa Verdugo Silva","Docente","SIN INFORMACION","Contratados Sin Planta","Profesionales de La Educación Ley N°19.070","2018-03-01 00:00:00.0","2019-02-28 00:00:00.0"
"Cobquecura","Contrata","Educación","Contrata","Maria Eugenia Torrealba Munita","Docente","SIN INFORMACION","Contratados Sin Planta","Profesionales de La Educación Ley N°19.070","2017-03-01 00:00:00.0","2018-02-28 00:00:00.0"
"Cobquecura","Contrata","Educación","Contrata","Eliana del Carmen Sandoval Mansilla","Docente","SIN INFORMACION","Contratados Sin Planta","Profesionales de La Educación Ley N°19.070","2018-03-01 00:00:00.0","2019-02-28 00:00:00.0"
"Cobquecura","Contrata","Educación","Contrata","Viviana Angelica Paulina Castillo Faundez","Docente","SIN INFORMACION","Contratados Sin Planta","Profesionales de La Educación Ley N°19.070","2018-03-01 00:00:00.0","2019-02-28 00:00:00.0"
"Cobquecura","Contrata","Educación","Contrata","Jose Andres Sepulveda Araya","Docente","SIN INFORMACION","Contratados Sin Planta","Profesionales de La Educación Ley N°19.070","2018-03-01 00:00:00.0","2019-02-28 00:00:00.0"
"Cobquecura","Contrata","Educación","Contrata","Manuel Jesus Ojeda Venegas","Docente","SIN INFORMACION","Contratados Sin Planta","Profesionales de La Educación Ley N°19.070","2018-03-01 00:00:00.0","2019-02-28 00:00:00.0"
"Cobquecura","Contrata","Educación","Contrata","Erna Valeria del Carmen Vera Espinoza","Docente","SIN INFORMACION","Contratados Sin Planta","Profesionales de La Educación Ley N°19.070","2018-03-01 00:00:00.0","2019-02-28 00:00:00.0"
"Cobquecura","Contrata","Educación","Contrata","Lilliam Cecilia Pinto Cartes","Docente","SIN INFORMACION","Contratados Sin Planta","Profesionales de La Educación Ley N°19.070","2018-03-01 00:00:00.0","2019-02-28 00:00:00.0"
"Cobquecura","Contrata","Educación","Contrata","Ramon Eugenio Alarcon Venegas","Docente","SIN INFORMACION","Contratados Sin Planta","Profesionales de La Educación Ley N°19.070","2018-03-01 00:00:00.0","2019-02-28 00:00:00.0"
"Cobquecura","Contrata","Educación","Contrata","Jorge Luis Flores Urrutia","Docente","SIN INFORMACION","Contratados Sin Planta","Profesionales de La Educación Ley N°19.070","2018-03-01 00:00:00.0","2019-02-28 00:00:00.0"
"Cobquecura","Contrata","Educación","Contrata","Patricia Leonor Concha Alarcon","Docente","SIN INFORMACION","Contratados Sin Planta","Profesionales de La Educación Ley N°19.070","2018-03-01 00:00:00.0","2019-02-28 00:00:00.0"
"Cobquecura","Contrata","Educación","Contrata","Maria Angelica Jimenez Guevara","Docente","SIN INFORMACION","Contratados Sin Planta","Profesionales de La Educación Ley N°19.070","2018-03-01 00:00:00.0","2019-02-28 00:00:00.0"
"Cobquecura","Contrata","Educación","Contrata","Ilse Bernardita Yañez Henriquez","Docente","SIN INFORMACION","Contratados Sin Planta","Profesionales de La Educación Ley N°19.070","2018-03-01 00:00:00.0","2019-02-28 00:00:00.0"
"Cobquecura","Contrata","Educación","Contrata","Maria Eugenia Vera Cortes","Jefe Alma Y Finanzas","SIN INFORMACION","Contratados Sin Planta","Afectos Al Código del Trabajo","2018-11-23 00:00:00.0","2019-12-31 00:00:00.0"
"Cobquecura","Contrata","Educación","Contrata","Robin Igor Espinoza Ojeda","Docente","SIN INFORMACION","Contratados Sin Planta","Profesionales de La Educación Ley N°19.070","2018-03-01 00:00:00.0","2019-02-28 00:00:00.0"
"Cobquecura","Contrata","Educación","Contrata","María de Lourdes Puentes López","Docente","SIN INFORMACION","Contratados Sin Planta","Profesionales de La Educación Ley N°19.070","2018-03-01 00:00:00.0","2019-02-28 00:00:00.0"
"Cobquecura","Contrata","Educación","Contrata","Elizabeth de Lourdes Venegas Salgado","Docente","SIN INFORMACION","Contratados Sin Planta","Profesionales de La Educación Ley N°19.070","2018-03-01 00:00:00.0","2019-02-28 00:00:00.0"
"Cobquecura","Contrata","Educación","Contrata","Ulises Christian Barrientos Manosalva","Docente","SIN INFORMACION","Contratados Sin Planta","Profesionales de La Educación Ley N°19.070","2018-03-01 00:00:00.0","2019-02-28 00:00:00.0"
"Cobquecura","Contrata","Educación","Contrata","Juan Antonio Alarcon Segura","Docente","SIN INFORMACION","Contratados Sin Planta","Profesionales de La Educación Ley N°19.070","2018-03-01 00:00:00.0","2019-02-28 00:00:00.0"
"Cobquecura","Contrata","Educación","Contrata","Maria Angelica Valdivia Tapia","Docente","SIN INFORMACION","Contratados Sin Planta","Profesionales de La Educación Ley N°19.070","2018-03-01 00:00:00.0","2019-02-28 00:00:00.0"
"Cobquecura","Contrata","Educación","Contrata","Lucia Glafira Muñoz Vera","Docente","SIN INFORMACION","Contratados Sin Planta","Profesionales de La Educación Ley N°19.070","2018-03-01 00:00:00.0","2019-02-28 00:00:00.0"
"Cobquecura","Contrata","Educación","Contrata","Maria Isabel Escobar Muñoz","Docente","SIN INFORMACION","Contratados Sin Planta","Profesionales de La Educación Ley N°19.070","2018-03-01 00:00:00.0","2019-02-28 00:00:00.0"
"Cobquecura","Contrata","Educación","Contrata","Maria Soledad del Carmen Vargas Cancino","Docente","SIN INFORMACION","Contratados Sin Planta","Profesionales de La Educación Ley N°19.070","2018-03-01 00:00:00.0","2019-02-28 00:00:00.0"
"Cobquecura","Contrata","Educación","Contrata","Irene Isabel Salgado Sepulveda","Docente","SIN INFORMACION","Contratados Sin Planta","Profesionales de La Educación Ley N°19.070","2018-03-01 00:00:00.0","2019-02-28 00:00:00.0"
