"Comuna","Tipo de Contratación","Área","Calidad","Nombre","Cargo","Grado","Planta","Remuneración","Fecha desde","Fecha hasta"
"Cobquecura","Contrata","Municipal","Contrata","Juan Enrique Bettancourt Tardon","Auxiliar","19°","Auxiliares","Escala Municipal","2019-01-01 00:00:00.0","2019-12-31 00:00:00.0"
"Cobquecura","Contrata","Municipal","Contrata","Irma del Carmen Rivas Tardon","Administrativo","14°","Administrativos","Escala Municipal","2019-01-01 00:00:00.0","2019-12-31 00:00:00.0"
"Cobquecura","Contrata","Municipal","Contrata","Hector Miguel Anabalon Aguayo","Administrativo","16°","Administrativos","Escala Municipal","2019-01-01 00:00:00.0","2019-12-31 00:00:00.0"
"Cobquecura","Contrata","Municipal","Contrata","Juan Carlos Venegas Belmar","Técnico","17°","Técnicos","Escala Municipal","2019-01-01 00:00:00.0","2019-12-31 00:00:00.0"
"Cobquecura","Contrata","Municipal","Contrata","Geraldine Odetty Medina San Martin","Profesional","11°","Profesionales","Escala Municipal","2019-01-01 00:00:00.0","2019-12-31 00:00:00.0"
"Cobquecura","Contrata","Municipal","Contrata","Rodrigo Antonio Cortez Parra","Profesional","10°","Profesionales","Escala Municipal","2019-01-01 00:00:00.0","2019-12-31 00:00:00.0"
"Cobquecura","Contrata","Municipal","Contrata","Víctor Andres Pilquiante Henriquez","Auxiliar","19°","Contratados Sin Planta","Escala Municipal","2019-01-01 00:00:00.0","2019-12-31 00:00:00.0"
"Cobquecura","Contrata","Municipal","Contrata","Francisco Tomas Vera Vera","Administrativo","18°","Contratados Sin Planta","Escala Municipal","2019-01-01 00:00:00.0","2019-12-31 00:00:00.0"
"Cobquecura","Contrata","Municipal","Contrata","Magaly del Carmen Segura Saavedra","Administrativo","18°","Administrativos","Escala Municipal","2019-01-01 00:00:00.0","2019-12-31 00:00:00.0"
"Cobquecura","Contrata","Municipal","Contrata","Daniel Eduardo Espinoza Sanchez","Profesional","10°","Profesionales","Escala Municipal","2019-01-01 00:00:00.0","2019-12-31 00:00:00.0"
"Cobquecura","Contrata","Municipal","Contrata","Eliana Elizabeth Venegas Torres","Administrativo","17°","Administrativos","Escala Municipal","2019-01-01 00:00:00.0","2019-12-31 00:00:00.0"
"Cobquecura","Contrata","Municipal","Contrata","Elvis Enrique Espinoza Llanos","Auxiliar","19°","Auxiliares","Escala Municipal","2019-01-02 00:00:00.0","2019-06-30 00:00:00.0"
"Cobquecura","Contrata","Municipal","Contrata","Luis Andres Espinoza Ramirez","Auxiliar","19°","Auxiliares","Escala Municipal","2019-08-01 00:00:00.0","2019-10-31 00:00:00.0"
"Cobquecura","Contrata","Municipal","Contrata","Carlos Eduardo Lopez Gonzalez","Auxiliar","19°","Auxiliares","Escala Municipal","2019-08-01 00:00:00.0","2019-12-31 00:00:00.0"
