"Comuna","Tipo de Contratación","Área","Calidad","Nombre","Cargo","Grado","Planta","Remuneración","Fecha desde","Fecha hasta"
"Cobquecura","Codigo del Trabajo","Educación","Código del Trabajo","Carmen Raquel Garcia Arriagada","Asistente de La Educación"," ","Contratados Sin Planta","Afectos Al Código del Trabajo","1992-06-01 00:00:00.0","1900-01-01 00:00:00.0"
"Cobquecura","Codigo del Trabajo","Educación","Código del Trabajo","Alicia del Carmen Alarcon Alarcon","Asistente de La Educación"," ","Contratados Sin Planta","Afectos Al Código del Trabajo","1988-01-04 00:00:00.0","1900-01-01 00:00:00.0"
"Cobquecura","Codigo del Trabajo","Educación","Código del Trabajo","Viviana Mercedes Salgado Lopez","Asistente de La Educación"," ","Contratados Sin Planta","Afectos Al Código del Trabajo","1988-08-22 00:00:00.0","1900-01-01 00:00:00.0"
"Cobquecura","Codigo del Trabajo","Educación","Código del Trabajo","Ramon Antonio Coloma Rodriguez","Asistente de La Educación"," ","Contratados Sin Planta","Afectos Al Código del Trabajo","1989-10-03 00:00:00.0","1900-01-01 00:00:00.0"
"Cobquecura","Codigo del Trabajo","Educación","Código del Trabajo","Oscar Agustin Placencia Placencia","Asistente de La Educación"," ","Contratados Sin Planta","Afectos Al Código del Trabajo","2018-03-01 00:00:00.0","1900-01-01 00:00:00.0"
"Cobquecura","Codigo del Trabajo","Educación","Código del Trabajo","Pabla de Las Mercedes Vega Muñoz","Secretaria"," ","Contratados Sin Planta","Afectos Al Código del Trabajo","2014-03-03 00:00:00.0","1900-01-01 00:00:00.0"
"Cobquecura","Codigo del Trabajo","Educación","Código del Trabajo","Evelyn Alejandra Mora  Mu¿oz","Asistente Social"," ","Contratados Sin Planta","Afectos Al Código del Trabajo","2018-03-01 00:00:00.0","1900-01-01 00:00:00.0"
"Cobquecura","Codigo del Trabajo","Educación","Código del Trabajo","Julio Eduardo Sapiain Uribe","Encargado"," ","Personal No Pertenece A Planta","Afectos Al Código del Trabajo","2009-11-01 00:00:00.0","1900-01-01 00:00:00.0"
"Cobquecura","Codigo del Trabajo","Educación","Código del Trabajo","Victor Rodolfo Bustos Vasquez","Administrativo"," ","Contratados Sin Planta","Afectos Al Código del Trabajo","2019-03-01 00:00:00.0","1900-01-01 00:00:00.0"
"Cobquecura","Codigo del Trabajo","Educación","Código del Trabajo","Patricia Ivonne  Concha Vasquez","Coordinador"," ","Contratados Sin Planta","Afectos Al Código del Trabajo","2018-03-01 00:00:00.0","1900-01-01 00:00:00.0"
"Cobquecura","Codigo del Trabajo","Educación","Código del Trabajo","Gladys Mabel Segura Arias","Encargado"," ","Personal No Pertenece A Planta","Escala Profesionales de La Educación Llay 19.070)","2014-03-01 00:00:00.0","1900-01-01 00:00:00.0"
"Cobquecura","Codigo del Trabajo","Educación","Código del Trabajo","Eliana del Pilar Ramirez  Ojeda","Asistente de La Educación"," ","Contratados Sin Planta","Afectos Al Código del Trabajo","2018-03-01 00:00:00.0","1900-01-01 00:00:00.0"
"Cobquecura","Codigo del Trabajo","Educación","Código del Trabajo","Luz Tamara Arellano Seguel","Psicólogo"," ","Contratados Sin Planta","Afectos Al Código del Trabajo","2018-03-01 00:00:00.0","1900-01-01 00:00:00.0"
"Cobquecura","Codigo del Trabajo","Educación","Código del Trabajo","Alejandra Patricia Galdames Sandoval","Kinesiologo"," ","Contratados Sin Planta","Afectos Al Código del Trabajo","2018-03-01 00:00:00.0","1900-01-01 00:00:00.0"
"Cobquecura","Codigo del Trabajo","Educación","Código del Trabajo","Astrid Karol Luz Parra Fuentes","Asistente Social"," ","Contratados Sin Planta","Afectos Al Código del Trabajo","2018-03-01 00:00:00.0","1900-01-01 00:00:00.0"
"Cobquecura","Codigo del Trabajo","Educación","Código del Trabajo","Valentina Lucia Verri Espinosa","Director"," ","Contratados Sin Planta","Afectos Al Código del Trabajo","2017-08-01 00:00:00.0","2019-02-28 00:00:00.0"
"Cobquecura","Codigo del Trabajo","Educación","Código del Trabajo","Hernan  Antonio Torres  Ramos","Fonoaudiologo"," ","Contratados Sin Planta","Afectos Al Código del Trabajo","2018-03-01 00:00:00.0","1900-01-01 00:00:00.0"
"Cobquecura","Codigo del Trabajo","Educación","Código del Trabajo","Christian  Sebastian Salgado  Vega","Psicólogo"," ","Contratados Sin Planta","Afectos Al Código del Trabajo","2018-03-01 00:00:00.0","1900-01-01 00:00:00.0"
"Cobquecura","Codigo del Trabajo","Educación","Código del Trabajo","Karen Elizabeth Navarrete Aburto","Psicólogo"," ","Contratados Sin Planta","Afectos Al Código del Trabajo","2018-03-01 00:00:00.0","1900-01-01 00:00:00.0"
"Cobquecura","Codigo del Trabajo","Educación","Código del Trabajo","Ivonne Jeanette Gallardo Perez","Asistente Social"," ","Contratados Sin Planta","Afectos Al Código del Trabajo","2019-03-01 00:00:00.0","2020-02-29 00:00:00.0"
"Cobquecura","Codigo del Trabajo","Educación","Código del Trabajo","Loreto del Pilar Alarcon Salgado","Asistente de La Educación"," ","Contratados Sin Planta","Afectos Al Código del Trabajo","2019-01-01 00:00:00.0","2020-02-29 00:00:00.0"
"Cobquecura","Codigo del Trabajo","Educación","Código del Trabajo","Jorge Patricio Ibarra Ya¿ez","Encargado Adquisiciones"," ","Contratados Sin Planta","Afectos Al Código del Trabajo","2018-01-01 00:00:00.0","1900-01-01 00:00:00.0"
"Cobquecura","Codigo del Trabajo","Educación","Código del Trabajo","Nidia Vannessa Avenda¿o Alarcon","Asistente de La Educación"," ","Contratados Sin Planta","Afectos Al Código del Trabajo","2018-03-01 00:00:00.0","2019-02-28 00:00:00.0"
"Cobquecura","Codigo del Trabajo","Educación","Código del Trabajo","Loreto Alejandra Mu¿oz  Castro","Asistente de La Educación"," ","Contratados Sin Planta","Afectos Al Código del Trabajo","2018-03-01 00:00:00.0","1900-01-01 00:00:00.0"
"Cobquecura","Codigo del Trabajo","Educación","Código del Trabajo","Nicole Vanesa Concha  Espinoza","Técnico En Párvulos"," ","Contratados Sin Planta","Afectos Al Código del Trabajo","2019-03-01 00:00:00.0","1900-01-01 00:00:00.0"
"Cobquecura","Codigo del Trabajo","Educación","Código del Trabajo","Claudia Roxana  Torres Hernandez","Asistente de La Educación"," ","Contratados Sin Planta","Afectos Al Código del Trabajo","2018-01-01 00:00:00.0","1900-01-01 00:00:00.0"
"Cobquecura","Codigo del Trabajo","Educación","Código del Trabajo","Maria Jose Diaz  Castro","Administrativo"," ","Contratados Sin Planta","Afectos Al Código del Trabajo","2019-01-01 00:00:00.0","1900-01-01 00:00:00.0"
"Cobquecura","Codigo del Trabajo","Educación","Código del Trabajo","Camila Esmira Placencia  Tapia","Asistente de La Educación"," ","Contratados Sin Planta","Afectos Al Código del Trabajo","2018-04-01 00:00:00.0","1900-01-01 00:00:00.0"
"Cobquecura","Codigo del Trabajo","Educación","Código del Trabajo","Hernan Orlando Vera Segura","Asistente de La Educación"," ","Contratados Sin Planta","Afectos Al Código del Trabajo","1981-11-01 00:00:00.0","1900-01-01 00:00:00.0"
"Cobquecura","Codigo del Trabajo","Educación","Código del Trabajo","Luis Armando Sandoval","Asistente de La Educación"," ","Contratados Sin Planta","Afectos Al Código del Trabajo","1981-11-01 00:00:00.0","1900-01-01 00:00:00.0"
"Cobquecura","Codigo del Trabajo","Educación","Código del Trabajo","David Leonel Navarrete  Hurtado","Chófer"," ","Contratados Sin Planta","Afectos Al Código del Trabajo","2016-11-11 00:00:00.0","1900-01-01 00:00:00.0"
"Cobquecura","Codigo del Trabajo","Educación","Código del Trabajo","Rosa Herminda Sanhueza Garces","Asistente de La Educación"," ","Contratados Sin Planta","Afectos Al Código del Trabajo","1981-11-01 00:00:00.0","1900-01-01 00:00:00.0"
"Cobquecura","Codigo del Trabajo","Educación","Código del Trabajo","Mirza Liliana Muñoz Reyes","Asistente de La Educación"," ","Contratados Sin Planta","Afectos Al Código del Trabajo","1981-11-01 00:00:00.0","1900-01-01 00:00:00.0"
"Cobquecura","Codigo del Trabajo","Educación","Código del Trabajo","Jaime Horacio Varas Serra","Asistente de La Educación"," ","Contratados Sin Planta","Afectos Al Código del Trabajo","1991-05-20 00:00:00.0","1900-01-01 00:00:00.0"
"Cobquecura","Codigo del Trabajo","Educación","Código del Trabajo","Jose Omar  Landeros Lizama","Asistente de La Educación"," ","Contratados Sin Planta","Afectos Al Código del Trabajo","1987-07-17 00:00:00.0","1900-01-01 00:00:00.0"
"Cobquecura","Codigo del Trabajo","Educación","Código del Trabajo","Doris Elizabeth Valenzuela Campos","Asistente de La Educación"," ","Contratados Sin Planta","Afectos Al Código del Trabajo","1985-03-01 00:00:00.0","1900-01-01 00:00:00.0"
"Cobquecura","Codigo del Trabajo","Educación","Código del Trabajo","Olga Ines Concha Alarcon","Asistente de La Educación"," ","Contratados Sin Planta","Afectos Al Código del Trabajo","1984-07-02 00:00:00.0","1900-01-01 00:00:00.0"
"Cobquecura","Codigo del Trabajo","Educación","Código del Trabajo","Carlos Federico Cuevas Jacobs","Asistente de La Educación"," ","Contratados Sin Planta","Afectos Al Código del Trabajo","1992-07-15 00:00:00.0","1900-01-01 00:00:00.0"
"Cobquecura","Codigo del Trabajo","Educación","Código del Trabajo","Maria Teresa Alarcon Tardon","Asistente de La Educación"," ","Contratados Sin Planta","Afectos Al Código del Trabajo","1988-05-23 00:00:00.0","1900-01-01 00:00:00.0"
"Cobquecura","Codigo del Trabajo","Educación","Código del Trabajo","Blanca Ines Moya Carrera","Asistente de La Educación"," ","Contratados Sin Planta","Afectos Al Código del Trabajo","1986-04-17 00:00:00.0","1900-01-01 00:00:00.0"
"Cobquecura","Codigo del Trabajo","Educación","Código del Trabajo","Maria Eugenia Vera Cortes","Jefe Alma Y Finanzas"," ","Contratados Sin Planta","Afectos Al Código del Trabajo","2019-01-01 00:00:00.0","2019-12-31 00:00:00.0"
"Cobquecura","Codigo del Trabajo","Educación","Código del Trabajo","Viola de Las Mercedes Leal Chamorro","Asistente de La Educación"," ","Contratados Sin Planta","Afectos Al Código del Trabajo","1989-07-01 00:00:00.0","1900-01-01 00:00:00.0"
"Cobquecura","Codigo del Trabajo","Educación","Código del Trabajo","Manuel Alejandro Araya Arriagada","Asistente de La Educación"," ","Contratados Sin Planta","Afectos Al Código del Trabajo","1992-04-01 00:00:00.0","1900-01-01 00:00:00.0"
