"Comuna","Tipo de Contratación","Área","Calidad","Nombre","Cargo","Grado","Planta","Remuneración","Fecha desde","Fecha hasta"
"Coelemu","Contrata","Municipal","Contrata","Cristian Osvaldo Riquelme Reinoso","Administrativo","17°","Administrativos","Escala Municipal","2019-01-01 00:00:00.0","2019-12-31 00:00:00.0"
"Coelemu","Contrata","Municipal","Contrata","Jose Cesar Antonio Arce Arce","Técnico","13°","Técnicos","Escala Municipal","2019-01-01 00:00:00.0","2019-12-31 00:00:00.0"
"Coelemu","Contrata","Municipal","Contrata","Juan Eduardo Romero Rivera","Auxiliar","16°","Auxiliares","Escala Municipal de Remuneraciones(ley 18.883)","2019-01-01 00:00:00.0","2019-12-31 00:00:00.0"
"Coelemu","Contrata","Municipal","Contrata","Lorenzo Javier Cortes Godoy","Administrativo","17°","Administrativos","Escala Municipal","2019-01-01 00:00:00.0","2019-12-31 00:00:00.0"
"Coelemu","Contrata","Municipal","Contrata","Valeria del Pilar Concha Santos","Administrativo","16°","Administrativos","Escala Municipal","2019-01-01 00:00:00.0","2019-12-31 00:00:00.0"
"Coelemu","Contrata","Municipal","Contrata","Carmen Gloria Zapata Orue","Administrativo","16°","Administrativos","Escala Municipal","2019-01-01 00:00:00.0","2019-12-31 00:00:00.0"
"Coelemu","Contrata","Municipal","Contrata","Maria Angelica Concha Henriquez","Técnico Paramedico"," ","Contratados Sin Planta","Escala Atención Primaria de Salud Municipal","2013-01-01 00:00:00.0","1900-01-01 00:00:00.0"
"Coelemu","Contrata","Municipal","Contrata","Carlos Dario Vera Vera","Auxiliar","15°","Auxiliares","Escala Municipal de Remuneraciones(ley 18.883)","2019-01-01 00:00:00.0","2019-12-31 00:00:00.0"
"Coelemu","Contrata","Municipal","Contrata","Jose Antonio Contreras Vera","Administrativo","17°","Administrativos","Escala Municipal","2019-01-01 00:00:00.0","2019-12-31 00:00:00.0"
"Coelemu","Contrata","Municipal","Contrata","Rogelio Jose Landeros Basualto","Técnico","14°","Técnicos","Escala Municipal","2019-01-01 00:00:00.0","2019-12-31 00:00:00.0"
"Coelemu","Contrata","Municipal","Contrata","Vanessa Melisa Pic¿n Ponce","Administrativo","17°","Administrativos","Escala Municipal","2019-02-09 00:00:00.0","2019-12-31 00:00:00.0"
"Coelemu","Contrata","Municipal","Contrata","Eduardo Esteban Orue Gonzalez","Profesional","12°","Profesionales","Escala Municipal","2019-02-18 00:00:00.0","2019-12-31 00:00:00.0"
"Coelemu","Contrata","Municipal","Contrata","Paloma Macarena del Carmen de La Fuente Pinto","Profesional","12°","Profesionales","Escala Municipal","2019-01-01 00:00:00.0","2019-12-31 00:00:00.0"
"Coelemu","Contrata","Municipal","Contrata","Felipe Ignacio Neira Neira","Administrativo","16°","Administrativos","Escala Municipal","2019-01-01 00:00:00.0","2019-12-31 00:00:00.0"
"Coelemu","Contrata","Municipal","Contrata","Elizabeth Andrea Nova Silva","Administrativo","17°","Administrativos","Escala Municipal","2019-12-01 00:00:00.0","2019-12-31 00:00:00.0"
"Coelemu","Contrata","Municipal","Contrata","Ramon Agustin Reyes Dominguez","Auxiliar","17°","Auxiliares","Escala Municipal","2019-01-11 00:00:00.0","2019-12-31 00:00:00.0"
