"Comuna","Tipo de Contratación","Área","Calidad","Nombre","Cargo","Grado","Planta","Remuneración","Fecha desde","Fecha hasta"
"Coelemu","Planta Titular","Municipal","Titular","Hugo Marcelo Cruces Navarrete","Administrativo","16°","Administrativos","Escala Municipal","2016-01-01 00:00:00.0","1900-01-01 00:00:00.0"
"Coelemu","Planta Titular","Municipal","Titular","Alejandro Rodrigo Pedreros Urrutia","Alcalde","6°","Directivos","Escala Municipal","2016-12-06 00:00:00.0","1900-01-01 00:00:00.0"
"Coelemu","Planta Titular","Municipal","Titular","Roberto Antonio Capilla Yañez","Director de Control","8°","Directivos","Escala Municipal","2016-04-01 00:00:00.0","1900-01-01 00:00:00.0"
"Coelemu","Planta Titular","Municipal","Titular","Isabel del Carmen Soto Arriagada","Administrativo","13°","Administrativos","Escala Municipal","2017-01-01 00:00:00.0","1900-01-01 00:00:00.0"
"Coelemu","Planta Titular","Municipal","Titular","Gisela Neady Hernandez Villegas","Secreto Municipal","8°","Directivos","Escala Municipal","2014-10-23 00:00:00.0","1900-01-01 00:00:00.0"
"Coelemu","Planta Titular","Municipal","Titular","Paulina Andrea Guenante Inzunza","Asistente Social"," ","Asistente Social","Escala Atención Primaria de Salud Municipal","2013-01-01 00:00:00.0","1900-01-01 00:00:00.0"
"Coelemu","Planta Titular","Municipal","Titular","Valeria Plaxedes Ortiz Silva","Auxiliar","17°","Auxiliares","Escala Municipal","2015-07-01 00:00:00.0","1900-01-01 00:00:00.0"
"Coelemu","Planta Titular","Municipal","Titular","Cristian Alexis Garcia Calzadilla","Auxiliar","13°","Auxiliares","Escala Municipal","2017-01-01 00:00:00.0","1900-01-01 00:00:00.0"
"Coelemu","Planta Titular","Municipal","Titular","María Paulina Bugmann Pinto","Secretario Comunal de Planificación Y Coordinación","8°","Directivos","Escala Municipal","2014-10-23 00:00:00.0","1900-01-01 00:00:00.0"
"Coelemu","Planta Titular","Municipal","Titular","Andres Alejandro Mu¿oz Nu¿ez","Directivo","10°","Directivos","Escala Municipal","2018-07-01 00:00:00.0","1900-01-01 00:00:00.0"
"Coelemu","Planta Titular","Municipal","Titular","Tamara Alexandra Valenzuela Fuentealba","Director de Desarrollo Comunitario","8°","Directivos","Escala Municipal","2019-03-13 00:00:00.0","1900-01-01 00:00:00.0"
"Coelemu","Planta Titular","Municipal","Titular","Juan Eduardo Lagos Perez","Chófer"," ","Choferes","Escala Atención Primaria de Salud Municipal","2013-01-01 00:00:00.0","1900-01-01 00:00:00.0"
"Coelemu","Planta Titular","Municipal","Titular","Cristian Leonardo Ortiz Rubio","Administrador Municipal","8°","Directivos","Escala Municipal","2018-06-01 00:00:00.0","1900-01-01 00:00:00.0"
"Coelemu","Planta Titular","Municipal","Titular","Eduardo Danilo  Acuña Gonzalez","Secretario Comunal de Planificación Y Coordinación","8°","Directivos","Escala Municipal","2016-12-06 00:00:00.0","1900-01-01 00:00:00.0"
"Coelemu","Planta Titular","Municipal","Titular","Daniel Isaias Bravo Muñoz","Auxiliar","14°","Auxiliares","Escala Municipal","2017-01-01 00:00:00.0","1900-01-01 00:00:00.0"
"Coelemu","Planta Titular","Municipal","Titular","Fernando Alvaro Rodolfo Caama¿o Neira","Director de Administración Y Finanzas","8°","Directivos","Escala Municipal","2018-03-23 00:00:00.0","1900-01-01 00:00:00.0"
"Coelemu","Planta Titular","Municipal","Titular","Fahd Alejandro Hidd Vivallos","Directivo","8°","Directivos","Escala Municipal","2014-10-23 00:00:00.0","1900-01-01 00:00:00.0"
"Coelemu","Planta Titular","Municipal","Titular","Ruben Alexis Estuardo Rivero","Directivo","10°","Directivos","Escala Municipal","2015-03-04 00:00:00.0","1900-01-01 00:00:00.0"
"Coelemu","Planta Titular","Municipal","Titular","Soledad Tamara Escobar Agurto","Jefatura","11°","Jefaturas","Escala Municipal","2019-06-07 00:00:00.0","1900-01-01 00:00:00.0"
"Coelemu","Planta Titular","Municipal","Titular","Cleofe del Carmen Pedreros Alarcon","Administrativo","13°","Administrativos","Escala Municipal","2017-01-01 00:00:00.0","1900-01-01 00:00:00.0"
"Coelemu","Planta Titular","Municipal","Titular","Roberto del Carmen Gonzalez Hernandez","Auxiliar","15°","Auxiliares","Escala Municipal","2017-01-01 00:00:00.0","1900-01-01 00:00:00.0"
"Coelemu","Planta Titular","Municipal","Titular","Hector Manuel Burgos Agurto","Auxiliar","14°","Auxiliares","Escala Municipal","2017-01-01 00:00:00.0","1900-01-01 00:00:00.0"
"Coelemu","Planta Titular","Municipal","Titular","Patricia Ivette Vergara Gomez","Director de Desarrollo Comunitario","8°","Directivos","Escala Municipal","2016-12-06 00:00:00.0","1900-01-01 00:00:00.0"
"Coelemu","Planta Titular","Municipal","Titular","Nelly Rebeca Guzman Saez","Técnico","9°","Técnicos","Escala Municipal","2016-01-01 00:00:00.0","1900-01-01 00:00:00.0"
"Coelemu","Planta Titular","Municipal","Titular","Erna Ximena Peña Gutierrez","Administrativo","12°","Administrativos","Escala Municipal","2016-01-01 00:00:00.0","1900-01-01 00:00:00.0"
"Coelemu","Planta Titular","Municipal","Titular","Eugenia Oriela Romero Seguel","Administrador Municipal","8°","Directivos","Escala Municipal","2016-12-06 00:00:00.0","1900-01-01 00:00:00.0"
"Coelemu","Planta Titular","Municipal","Titular","Erga Sandra Espinoza Reyes","Técnico","9°","Técnicos","Escala Municipal","2016-01-01 00:00:00.0","1900-01-01 00:00:00.0"
"Coelemu","Planta Titular","Municipal","Titular","Mercedes del Carmen Cartes Hernandez","Administrativo","14°","Administrativos","Escala Municipal","2017-01-01 00:00:00.0","1900-01-01 00:00:00.0"
"Coelemu","Planta Titular","Municipal","Titular","Erika Jeannette Villalobos Aravena","Administrativo","12°","Administrativos","Escala Municipal","2017-01-01 00:00:00.0","1900-01-01 00:00:00.0"
"Coelemu","Planta Titular","Municipal","Titular","Mitzi del Carmen Toledo Ulloa","Administrativo","11°","Administrativos","Escala Municipal","2016-01-01 00:00:00.0","1900-01-01 00:00:00.0"
"Coelemu","Planta Titular","Municipal","Titular","Marcela Veronica del Campo Vásquez","Administrativo","14°","Administrativos","Escala Municipal","2017-01-01 00:00:00.0","1900-01-01 00:00:00.0"
