"Comuna","Tipo de Contratación","Área","Calidad","Nombre","Cargo","Grado","Planta","Remuneración","Fecha desde","Fecha hasta"
"Coelemu","Contrata","Salud","Contrata","Elba Cecilia Sepulveda Velasquez","Profesional"," ","Profesionales","Estatuto Atención Primaria de Salud Municipal  Ley N°19.378","2008-05-01 00:00:00.0","1900-01-01 00:00:00.0"
"Coelemu","Contrata","Salud","Contrata","Jose Martin Neira  Espinoz","Auxiliar de Servicio de Salud","SIN INFORMACION","Contratados Sin Planta","Estatuto Atención Primaria de Salud Municipal  Ley N°19.378","2019-01-01 00:00:00.0","2019-12-31 00:00:00.0"
"Coelemu","Contrata","Salud","Contrata","Massiel Andrea Acuña Rabanal","Técnico de Nivel Superior","SIN INFORMACION","Contratados Sin Planta","Estatuto Atención Primaria de Salud Municipal  Ley N°19.378","2019-01-01 00:00:00.0","2019-12-31 00:00:00.0"
"Coelemu","Contrata","Salud","Contrata","Marilyn Ester Jimenez Flores","Técnico de Nivel Superior","SIN INFORMACION","Contratados Sin Planta","Estatuto Atención Primaria de Salud Municipal  Ley N°19.378","2019-01-01 00:00:00.0","2019-12-31 00:00:00.0"
"Coelemu","Contrata","Salud","Contrata","Alejandro Antonio Pradenas  Hernandez","Técnico de Nivel Superior","SIN INFORMACION","Contratados Sin Planta","Estatuto Atención Primaria de Salud Municipal  Ley N°19.378","2019-01-01 00:00:00.0","2019-12-31 00:00:00.0"
"Coelemu","Contrata","Salud","Contrata","Pamela Sepulveda Lara","Profesional","SIN INFORMACION","Contratados Sin Planta","Estatuto Atención Primaria de Salud Municipal  Ley N°19.378","2019-01-01 00:00:00.0","2019-12-31 00:00:00.0"
"Coelemu","Contrata","Salud","Contrata","Catherine Marilen Riffo Gayoso","Técnico de Nivel Superior","SIN INFORMACION","Contratados Sin Planta","Estatuto Atención Primaria de Salud Municipal  Ley N°19.378","2019-01-01 00:00:00.0","2019-12-31 00:00:00.0"
"Coelemu","Contrata","Salud","Contrata","Evelin Bernarda Pedreros Sanhueza","Técnico de Nivel Superior","SIN INFORMACION","Contratados Sin Planta","Estatuto Atención Primaria de Salud Municipal  Ley N°19.378","2019-01-01 00:00:00.0","2019-12-31 00:00:00.0"
"Coelemu","Contrata","Salud","Contrata","Lizmaria Macarena Romero Llanos","Técnico de Nivel Superior","SIN INFORMACION","Contratados Sin Planta","Estatuto Atención Primaria de Salud Municipal  Ley N°19.378","2019-03-14 00:00:00.0","2019-06-30 00:00:00.0"
"Coelemu","Contrata","Salud","Contrata","Gabriela Ramirez  Romero","Técnico de Nivel Superior","SIN INFORMACION","Contratados Sin Planta","Estatuto Atención Primaria de Salud Municipal  Ley N°19.378","2019-04-03 00:00:00.0","2019-05-28 00:00:00.0"
"Coelemu","Contrata","Salud","Contrata","Carolina Sepulveda Sanhueza","Técnico de Nivel Superior","SIN INFORMACION","Contratados Sin Planta","Estatuto Atención Primaria de Salud Municipal  Ley N°19.378","2019-01-01 00:00:00.0","2019-12-31 00:00:00.0"
"Coelemu","Contrata","Salud","Contrata","Debora Loreto Montecinos Zapata","Técnico de Nivel Superior","SIN INFORMACION","Contratados Sin Planta","Estatuto Atención Primaria de Salud Municipal  Ley N°19.378","2019-03-17 00:00:00.0","2019-05-28 00:00:00.0"
"Coelemu","Contrata","Salud","Contrata","Dharam Das","Profesional","SIN INFORMACION","Contratados Sin Planta","Estatuto Atención Primaria de Salud Municipal  Ley N°19.378","2019-01-01 00:00:00.0","2019-12-31 00:00:00.0"
"Coelemu","Contrata","Salud","Contrata","Ada Maribel Romero Martinez","Profesional","SIN INFORMACION","Contratados Sin Planta","Estatuto Atención Primaria de Salud Municipal  Ley N°19.378","2019-02-01 00:00:00.0","2019-02-28 00:00:00.0"
"Coelemu","Contrata","Salud","Contrata","Maria Eugenia| Romero Garcia","Profesional","SIN INFORMACION","Contratados Sin Planta","Estatuto Atención Primaria de Salud Municipal  Ley N°19.378","2019-03-04 00:00:00.0","2019-04-25 00:00:00.0"
"Coelemu","Contrata","Salud","Contrata","Leonel Patricio Valenzuela Flores","Auxiliar de Servicio de Salud","SIN INFORMACION","Contratados Sin Planta","Estatuto Atención Primaria de Salud Municipal  Ley N°19.378","2019-01-01 00:00:00.0","2019-12-31 00:00:00.0"
"Coelemu","Contrata","Salud","Contrata","Bernado Pedreros  Quezada","Auxiliar de Servicio de Salud","SIN INFORMACION","Contratados Sin Planta","Estatuto Atención Primaria de Salud Municipal  Ley N°19.378","2019-01-01 00:00:00.0","2019-12-31 00:00:00.0"
"Coelemu","Contrata","Salud","Contrata","Juan Cristobal Sanchez Muñoz","Auxiliar de Servicio de Salud","SIN INFORMACION","Contratados Sin Planta","Estatuto Atención Primaria de Salud Municipal  Ley N°19.378","2019-05-06 00:00:00.0","2019-06-30 00:00:00.0"
