"Comuna","Tipo de Contratación","Área","Calidad","Nombre","Cargo","Grado","Planta","Remuneración","Fecha desde","Fecha hasta"
"Mariquina","Planta Titular","Salud","Titular","Jessica Alejandrina Reyes Saavedra","Administrativo Crea de Salud","SIN INFORMACION","Administrativos de Salud Categoría E","Estatuto Atención Primaria de Salud Municipal  Ley N°19.378","2015-10-26 00:00:00.0","1900-01-01 00:00:00.0"
"Mariquina","Planta Titular","Salud","Titular","Manuela Elizabeth Huenchumilla Llanquiman","Auxiliar de Servicio de Salud","SIN INFORMACION","Auxiliares de Servicios de Salud Categoría F","Estatuto Atención Primaria de Salud Municipal  Ley N°19.378","2016-07-01 00:00:00.0","1900-01-01 00:00:00.0"
"Mariquina","Planta Titular","Salud","Titular","Rosa Eunice Rivera Arriagada","Auxiliar de Servicio de Salud","SIN INFORMACION","Auxiliares de Servicios de Salud Categoría F","Estatuto Atención Primaria de Salud Municipal  Ley N°19.378","2015-10-26 00:00:00.0","1900-01-01 00:00:00.0"
"Mariquina","Planta Titular","Salud","Titular","Cecia Ester Hernandez Nuñez","Técnico de Nivel Superior","SIN INFORMACION","Técnicos de Nivel Superior Categoría C","Estatuto Atención Primaria de Salud Municipal  Ley N°19.378","2015-10-26 00:00:00.0","1900-01-01 00:00:00.0"
"Mariquina","Planta Titular","Salud","Titular","Juan Rolando Gonzalez  Briceño","Auxiliar de Servicio de Salud","SIN INFORMACION","Auxiliares de Servicios de Salud Categoría F","Estatuto Atención Primaria de Salud Municipal  Ley N°19.378","2016-07-01 00:00:00.0","1900-01-01 00:00:00.0"
"Mariquina","Planta Titular","Salud","Titular","Alvaro Gonzalo Soto Belmar","Director de Establecimiento de Salud Municipal","SIN INFORMACION","Profesionales Categoría B","Estatuto Atención Primaria de Salud Municipal  Ley N°19.378","2019-08-19 00:00:00.0","2022-08-18 00:00:00.0"
"Mariquina","Planta Titular","Salud","Titular","Yanett Cristina Hernandez Nuñez","Técnico de Nivel Superior","SIN INFORMACION","Técnicos de Nivel Superior Categoría C","Estatuto Atención Primaria de Salud Municipal  Ley N°19.378","2015-10-26 00:00:00.0","1900-01-01 00:00:00.0"
"Mariquina","Planta Titular","Salud","Titular","Carlos Leonardo Henriquez Medina","Profesional","SIN INFORMACION","Auxiliares de Servicios de Salud Categoría F","Estatuto Atención Primaria de Salud Municipal  Ley N°19.378","2016-07-01 00:00:00.0","1900-01-01 00:00:00.0"
"Mariquina","Planta Titular","Salud","Titular","Claudia del Carmen Sepulveda Tureo","Técnico de Nivel Superior","SIN INFORMACION","Técnicos de Nivel Superior Categoría C","Estatuto Atención Primaria de Salud Municipal  Ley N°19.378","2015-10-26 00:00:00.0","1900-01-01 00:00:00.0"
"Mariquina","Planta Titular","Salud","Titular","Ruben Alejandro Dalmazzo Olavarria","Profesional","SIN INFORMACION","Profesionales Categoría B","Estatuto Atención Primaria de Salud Municipal  Ley N°19.378","2015-10-26 00:00:00.0","1900-01-01 00:00:00.0"
"Mariquina","Planta Titular","Salud","Titular","Maria Teresa Montanares Calderon","Técnico de Nivel Superior","SIN INFORMACION","Técnicos de Nivel Superior Categoría C","Estatuto Atención Primaria de Salud Municipal  Ley N°19.378","2016-07-01 00:00:00.0","1900-01-01 00:00:00.0"
"Mariquina","Planta Titular","Salud","Titular","Gloria Ximena Calfuquir Quezada","Administrativo Crea de Salud","SIN INFORMACION","Administrativos de Salud Categoría E","Estatuto Atención Primaria de Salud Municipal  Ley N°19.378","2016-07-01 00:00:00.0","1900-01-01 00:00:00.0"
"Mariquina","Planta Titular","Salud","Titular","Jane Carola Gonzalez Castro","Profesional","SIN INFORMACION","Profesionales Categoría B","Estatuto Atención Primaria de Salud Municipal  Ley N°19.378","2016-07-01 00:00:00.0","1900-01-01 00:00:00.0"
"Mariquina","Planta Titular","Salud","Titular","Luis Alberto Becerra Ceron","Administrativo Crea de Salud","SIN INFORMACION","Administrativos de Salud Categoría E","Estatuto Atención Primaria de Salud Municipal  Ley N°19.378","2015-10-26 00:00:00.0","1900-01-01 00:00:00.0"
"Mariquina","Planta Titular","Salud","Titular","Juan Rodrigo Coronado Ibacache","Auxiliar de Servicio de Salud","SIN INFORMACION","Auxiliares de Servicios de Salud Categoría F","Estatuto Atención Primaria de Salud Municipal  Ley N°19.378","2016-07-01 00:00:00.0","1900-01-01 00:00:00.0"
"Mariquina","Planta Titular","Salud","Titular","Paola del Carmen Filgueira Filgueira","Técnico de Nivel Superior","SIN INFORMACION","Técnicos de Nivel Superior Categoría C","Estatuto Atención Primaria de Salud Municipal  Ley N°19.378","2016-07-01 00:00:00.0","1900-01-01 00:00:00.0"
"Mariquina","Planta Titular","Salud","Titular","Ingrid Fabiola Guerrero Lefihuala","Administrativo Crea de Salud","SIN INFORMACION","Administrativos de Salud Categoría E","Estatuto Atención Primaria de Salud Municipal  Ley N°19.378","2015-10-26 00:00:00.0","1900-01-01 00:00:00.0"
"Mariquina","Planta Titular","Salud","Titular","Sandra Leonor Cisterna Barria","Técnico de Nivel Superior","SIN INFORMACION","Técnicos de Nivel Superior Categoría C","Estatuto Atención Primaria de Salud Municipal  Ley N°19.378","2016-07-01 00:00:00.0","1900-01-01 00:00:00.0"
"Mariquina","Planta Titular","Salud","Titular","Pamela Ester Sanchez Barrientos","Profesional","SIN INFORMACION","Profesionales Categoría B","Estatuto Atención Primaria de Salud Municipal  Ley N°19.378","2015-10-26 00:00:00.0","1900-01-01 00:00:00.0"
"Mariquina","Planta Titular","Salud","Titular","Carola Patricia Amestica Labbe","Administrativo Crea de Salud","SIN INFORMACION","Administrativos de Salud Categoría E","Estatuto Atención Primaria de Salud Municipal  Ley N°19.378","2015-10-26 00:00:00.0","1900-01-01 00:00:00.0"
"Mariquina","Planta Titular","Salud","Titular","Marcia Helvecia Marchant Marchant","Técnico de Nivel Superior","SIN INFORMACION","Técnicos de Nivel Superior Categoría C","Estatuto Atención Primaria de Salud Municipal  Ley N°19.378","2015-10-26 00:00:00.0","1900-01-01 00:00:00.0"
"Mariquina","Planta Titular","Salud","Titular","Nolfa Angelica Matus Cortez","Profesional","SIN INFORMACION","Profesionales Categoría B","Estatuto Atención Primaria de Salud Municipal  Ley N°19.378","2015-10-26 00:00:00.0","1900-01-01 00:00:00.0"
"Mariquina","Planta Titular","Salud","Titular","Cristian Leopoldo Ramirez Rivas","Administrativo Crea de Salud","SIN INFORMACION","Administrativos de Salud Categoría E","Estatuto Atención Primaria de Salud Municipal  Ley N°19.378","2016-07-01 00:00:00.0","1900-01-01 00:00:00.0"
"Mariquina","Planta Titular","Salud","Titular","Cecilia Marioli Llancafil Tripailaf","Administrativo Crea de Salud","SIN INFORMACION","Administrativos de Salud Categoría E","Estatuto Atención Primaria de Salud Municipal  Ley N°19.378","2015-10-26 00:00:00.0","1900-01-01 00:00:00.0"
"Mariquina","Planta Titular","Salud","Titular","Ana Graciela Riquelme Nirian","Técnico de Nivel Superior","SIN INFORMACION","Técnicos de Nivel Superior Categoría C","Estatuto Atención Primaria de Salud Municipal  Ley N°19.378","2015-10-26 00:00:00.0","1900-01-01 00:00:00.0"
"Mariquina","Planta Titular","Salud","Titular","Pamela Elena Nahuelpan Cartes","Técnico de Nivel Superior","SIN INFORMACION","Técnicos de Nivel Superior Categoría C","Estatuto Atención Primaria de Salud Municipal  Ley N°19.378","2015-10-26 00:00:00.0","1900-01-01 00:00:00.0"
"Mariquina","Planta Titular","Salud","Titular","Marco Antonio Diaz Vega","Administrativo Crea de Salud","SIN INFORMACION","Administrativos de Salud Categoría E","Estatuto Atención Primaria de Salud Municipal  Ley N°19.378","2016-07-01 00:00:00.0","1900-01-01 00:00:00.0"
"Mariquina","Planta Titular","Salud","Titular","Cristina Soledad Manquehual Huenchumilla","Profesional","SIN INFORMACION","Profesionales Categoría B","Estatuto Atención Primaria de Salud Municipal  Ley N°19.378","2016-07-01 00:00:00.0","1900-01-01 00:00:00.0"
"Mariquina","Planta Titular","Salud","Titular","Mailyn Yarela  Diaz Vargas","Administrativo Crea de Salud","SIN INFORMACION","Administrativos de Salud Categoría E","Estatuto Atención Primaria de Salud Municipal  Ley N°19.378","2016-07-01 00:00:00.0","1900-01-01 00:00:00.0"
"Mariquina","Planta Titular","Salud","Titular","Denise Maryori Pulquillanca Vasquez","Técnico de Nivel Superior","SIN INFORMACION","Técnicos de Nivel Superior Categoría C","Estatuto Atención Primaria de Salud Municipal  Ley N°19.378","2016-07-01 00:00:00.0","1900-01-01 00:00:00.0"
"Mariquina","Planta Titular","Salud","Titular","Juan Alberto Godoy Salazar","Auxiliar de Servicio de Salud","SIN INFORMACION","Auxiliares de Servicios de Salud Categoría F","Estatuto Atención Primaria de Salud Municipal  Ley N°19.378","2016-07-01 00:00:00.0","1900-01-01 00:00:00.0"
"Mariquina","Planta Titular","Salud","Titular","Robinson Abel Castillo Hernandez","Profesional","SIN INFORMACION","Profesionales Categoría B","Estatuto Atención Primaria de Salud Municipal  Ley N°19.378","2016-07-01 00:00:00.0","1900-01-01 00:00:00.0"
"Mariquina","Planta Titular","Salud","Titular","Carolina del Carmen Abarzua Cardenas","Técnico de Nivel Superior","SIN INFORMACION","Técnicos de Nivel Superior Categoría C","Estatuto Atención Primaria de Salud Municipal  Ley N°19.378","2015-10-26 00:00:00.0","1900-01-01 00:00:00.0"
"Mariquina","Planta Titular","Salud","Titular","Carlos Esteban Reyes Reyes","Administrativo Crea de Salud","SIN INFORMACION","Administrativos de Salud Categoría E","Estatuto Atención Primaria de Salud Municipal  Ley N°19.378","2016-07-01 00:00:00.0","1900-01-01 00:00:00.0"
"Mariquina","Planta Titular","Salud","Titular","Guillermo Manuel Araya Oporto","Profesional","SIN INFORMACION","Profesionales Categoría A","Estatuto Atención Primaria de Salud Municipal  Ley N°19.378","2015-10-26 00:00:00.0","1900-01-01 00:00:00.0"
"Mariquina","Planta Titular","Salud","Titular","Milena Andrea Osorio Adasme","Profesional","SIN INFORMACION","Profesionales Categoría B","Estatuto Atención Primaria de Salud Municipal  Ley N°19.378","2016-07-01 00:00:00.0","1900-01-01 00:00:00.0"
"Mariquina","Planta Titular","Salud","Titular","Hilda Gabriela Fernandez Gonzalez","Administrativo Crea de Salud","SIN INFORMACION","Administrativos de Salud Categoría E","Estatuto Atención Primaria de Salud Municipal  Ley N°19.378","2016-07-01 00:00:00.0","1900-01-01 00:00:00.0"
"Mariquina","Planta Titular","Salud","Titular","Katia Alison Gaete Poblete","Administrativo Crea de Salud","SIN INFORMACION","Administrativos de Salud Categoría E","Estatuto Atención Primaria de Salud Municipal  Ley N°19.378","2016-07-01 00:00:00.0","1900-01-01 00:00:00.0"
"Mariquina","Planta Titular","Salud","Titular","Daniela Alejandra Scheel Ruiz","Profesional","SIN INFORMACION","Profesionales Categoría B","Estatuto Atención Primaria de Salud Municipal  Ley N°19.378","2015-10-26 00:00:00.0","1900-01-01 00:00:00.0"
"Mariquina","Planta Titular","Salud","Titular","Alexander Salvatore Badilla Salgado","Profesional","SIN INFORMACION","Profesionales Categoría A","Estatuto Atención Primaria de Salud Municipal  Ley N°19.378","2015-10-26 00:00:00.0","1900-01-01 00:00:00.0"
"Mariquina","Planta Titular","Salud","Titular","Helen Natalia Farfal Llancafil","Técnico de Nivel Superior","SIN INFORMACION","Técnicos de Nivel Superior Categoría C","Estatuto Atención Primaria de Salud Municipal  Ley N°19.378","2015-10-26 00:00:00.0","1900-01-01 00:00:00.0"
"Mariquina","Planta Titular","Salud","Titular","Gamaliel Exequiel Muñoz Jaramillo","Técnico de Nivel Superior","SIN INFORMACION","Técnicos de Nivel Superior Categoría C","Estatuto Atención Primaria de Salud Municipal  Ley N°19.378","2015-10-26 00:00:00.0","1900-01-01 00:00:00.0"
"Mariquina","Planta Titular","Salud","Titular","Carlos Andres Carrillo Monsalvez","Profesional","SIN INFORMACION","Profesionales Categoría B","Estatuto Atención Primaria de Salud Municipal  Ley N°19.378","2016-07-01 00:00:00.0","1900-01-01 00:00:00.0"
"Mariquina","Planta Titular","Salud","Titular","Daniela Alejandra Saez Ortega","Técnico de Nivel Superior","SIN INFORMACION","Técnicos de Nivel Superior Categoría C","Estatuto Atención Primaria de Salud Municipal  Ley N°19.378","2015-10-26 00:00:00.0","1900-01-01 00:00:00.0"
"Mariquina","Planta Titular","Salud","Titular","Yenniffer Ines Soto Santibañez","Técnico de Nivel Superior","SIN INFORMACION","Técnicos de Nivel Superior Categoría C","Estatuto Atención Primaria de Salud Municipal  Ley N°19.378","2015-10-26 00:00:00.0","1900-01-01 00:00:00.0"
"Mariquina","Planta Titular","Salud","Titular","Daniela Prisca  Eisele Muñoz","Profesional","SIN INFORMACION","Profesionales Categoría B","Estatuto Atención Primaria de Salud Municipal  Ley N°19.378","2016-07-01 00:00:00.0","1900-01-01 00:00:00.0"
"Mariquina","Planta Titular","Salud","Titular","Lucia Elena Solis Navarro","Profesional","SIN INFORMACION","Profesionales Categoría B","Estatuto Atención Primaria de Salud Municipal  Ley N°19.378","2016-07-01 00:00:00.0","1900-01-01 00:00:00.0"
"Mariquina","Planta Titular","Salud","Titular","Carolina Andrea Roa Gomez","Profesional","SIN INFORMACION","Profesionales Categoría B","Estatuto Atención Primaria de Salud Municipal  Ley N°19.378","2015-10-26 00:00:00.0","1900-01-01 00:00:00.0"
"Mariquina","Planta Titular","Salud","Titular","Danilo Arturo Marguart Marguart","Profesional","SIN INFORMACION","Profesionales Categoría B","Estatuto Atención Primaria de Salud Municipal  Ley N°19.378","2016-07-01 00:00:00.0","1900-01-01 00:00:00.0"
"Mariquina","Planta Titular","Salud","Titular","Pamela Beatriz Cerna Guiñez","Técnico de Nivel Superior","SIN INFORMACION","Técnicos de Nivel Superior Categoría C","Estatuto Atención Primaria de Salud Municipal  Ley N°19.378","2016-07-01 00:00:00.0","1900-01-01 00:00:00.0"
"Mariquina","Planta Titular","Salud","Titular","Alexis Feliciano Escarez  Urra","Auxiliar de Servicio de Salud","SIN INFORMACION","Auxiliares de Servicios de Salud Categoría F","Estatuto Atención Primaria de Salud Municipal  Ley N°19.378","2016-07-01 00:00:00.0","1900-01-01 00:00:00.0"
"Mariquina","Planta Titular","Salud","Titular","Aduardo Aquiles Gutierrez  Mu¿oz","Profesional","SIN INFORMACION","Profesionales Categoría B","Estatuto Atención Primaria de Salud Municipal  Ley N°19.378","2016-07-01 00:00:00.0","1900-01-01 00:00:00.0"
"Mariquina","Planta Titular","Salud","Titular","Natalia Belen Gonzalez Salinas","Técnico de Nivel Superior","SIN INFORMACION","Técnicos de Nivel Superior Categoría C","Estatuto Atención Primaria de Salud Municipal  Ley N°19.378","2016-07-01 00:00:00.0","1900-01-01 00:00:00.0"
"Mariquina","Planta Titular","Salud","Titular","Bernarda Yenifer Abello Gajardo","Técnico de Nivel Superior","SIN INFORMACION","Técnicos de Nivel Superior Categoría C","Estatuto Atención Primaria de Salud Municipal  Ley N°19.378","2016-07-01 00:00:00.0","1900-01-01 00:00:00.0"
"Mariquina","Planta Titular","Salud","Titular","Jorge Luis Quintana Cid","Técnico de Nivel Superior","SIN INFORMACION","Técnicos de Nivel Superior Categoría C","Estatuto Atención Primaria de Salud Municipal  Ley N°19.378","2016-07-01 00:00:00.0","1900-01-01 00:00:00.0"
"Mariquina","Planta Titular","Salud","Titular","Francisca Valeria Vera Cifuentes","Administrativo Crea de Salud","SIN INFORMACION","Administrativos de Salud Categoría E","Estatuto Atención Primaria de Salud Municipal  Ley N°19.378","2016-07-01 00:00:00.0","1900-01-01 00:00:00.0"
"Mariquina","Planta Titular","Salud","Titular","Yohana Catherine Sanzana Obando","Técnico de Nivel Superior","SIN INFORMACION","Técnicos de Nivel Superior Categoría C","Estatuto Atención Primaria de Salud Municipal  Ley N°19.378","2015-10-26 00:00:00.0","1900-01-01 00:00:00.0"
"Mariquina","Planta Titular","Salud","Titular","Yessenia Oravia Carvajal Elgueta","Administrativo Crea de Salud","SIN INFORMACION","Administrativos de Salud Categoría E","Estatuto Atención Primaria de Salud Municipal  Ley N°19.378","2015-10-26 00:00:00.0","1900-01-01 00:00:00.0"
"Mariquina","Planta Titular","Salud","Titular","Carlos Alberto Ibarra Palacios","Profesional","SIN INFORMACION","Profesionales Categoría A","Estatuto Atención Primaria de Salud Municipal  Ley N°19.378","2015-10-26 00:00:00.0","1900-01-01 00:00:00.0"
"Mariquina","Planta Titular","Salud","Titular","Jose Mario Saez Alarcon","Técnico de Nivel Superior","SIN INFORMACION","Técnicos de Nivel Superior Categoría C","Estatuto Atención Primaria de Salud Municipal  Ley N°19.378","2015-10-26 00:00:00.0","1900-01-01 00:00:00.0"
"Mariquina","Planta Titular","Salud","Titular","Carmen Angelina  Cifuentes Contreras","Administrativo Crea de Salud","SIN INFORMACION","Administrativos de Salud Categoría E","Estatuto Atención Primaria de Salud Municipal  Ley N°19.378","2016-07-01 00:00:00.0","1900-01-01 00:00:00.0"
"Mariquina","Planta Titular","Salud","Titular","Cynthia Kristina Altamirano Barria","Profesional","SIN INFORMACION","Profesionales Categoría B","Estatuto Atención Primaria de Salud Municipal  Ley N°19.378","2015-11-18 00:00:00.0","1900-01-01 00:00:00.0"
"Mariquina","Planta Titular","Salud","Titular","Jennifer Viviana Salom Deuma","Profesional","SIN INFORMACION","Profesionales Categoría B","Estatuto Atención Primaria de Salud Municipal  Ley N°19.378","2015-10-26 00:00:00.0","1900-01-01 00:00:00.0"
