"Comuna","Tipo de Contratación","Área","Calidad","Nombre","Cargo","Grado","Planta","Remuneración","Fecha desde","Fecha hasta"
"Mariquina","Planta Titular","Municipal","Titular","Nancy del Carmen Parra Ramirez","Administrativo","12°","Administrativos","Escala Municipal de Remuneraciones(ley 18.883)","2019-06-01 00:00:00.0","1900-01-01 00:00:00.0"
"Mariquina","Planta Titular","Municipal","Titular","Mario Bernardo Medina Altamirano","Auxiliar","13°","Auxiliares","Escala Municipal","2016-06-21 00:00:00.0","1900-01-01 00:00:00.0"
"Mariquina","Planta Titular","Municipal","Titular","Claudio Andrés Oliva Reyes","Directivo","7°","Directivos","Escala Única de Sueldos","2014-04-23 00:00:00.0","1900-01-01 00:00:00.0"
"Mariquina","Planta Titular","Municipal","Titular","Juan Carlos Navarro Mera","Auxiliar","14°","Auxiliares","Escala Municipal","2017-01-01 00:00:00.0","1900-01-01 00:00:00.0"
"Mariquina","Planta Titular","Municipal","Titular","Maria Eugenia Cuevas Rivas","Técnico","12°","Técnicos","Escala Municipal","2019-09-01 00:00:00.0","2019-12-31 00:00:00.0"
"Mariquina","Planta Titular","Municipal","Titular","Harry Gerardo Bahamondes Reyes","Auxiliar","13°","Auxiliares","Escala Municipal de Remuneraciones(ley 18.883)","2019-06-01 00:00:00.0","1900-01-01 00:00:00.0"
"Mariquina","Planta Titular","Municipal","Titular","Elson Hermogenes Henriquez Medina","Directivo","10°","Directivos","Escala Municipal","2016-01-01 00:00:00.0","1900-01-01 00:00:00.0"
"Mariquina","Planta Titular","Municipal","Titular","Michel Antonio Marchant Pinuer","Directivo","7°","Directivos","Escala Municipal de Remuneraciones(ley 18.883)","2019-06-01 00:00:00.0","1900-01-01 00:00:00.0"
"Mariquina","Planta Titular","Municipal","Titular","Jose Pablo Herrera Vera","Auxiliar","13°","Auxiliares","Escala Municipal","2017-01-01 00:00:00.0","1900-01-01 00:00:00.0"
"Mariquina","Planta Titular","Municipal","Titular","Marta Pamela Dornemann Rojas","Administrativo","13°","Administrativos","Escala Municipal","2017-01-01 00:00:00.0","1900-01-01 00:00:00.0"
"Mariquina","Planta Titular","Municipal","Titular","Pamela Leontina Arancibia Olivera","Asistente Social","12°","Profesionales","Escala Municipal","2012-01-09 00:00:00.0","1900-01-01 00:00:00.0"
"Mariquina","Planta Titular","Municipal","Titular","Monica Elizabeth Mesas Nuñez","Técnico","11°","Técnicos","Escala Municipal de Remuneraciones(ley 18.883)","2019-06-01 00:00:00.0","1900-01-01 00:00:00.0"
"Mariquina","Planta Titular","Municipal","Titular","Jose Edgardo Apablaza Sepulveda","Directivo","10°","Directivos","Escala Municipal de Remuneraciones(ley 18.883)","2019-06-01 00:00:00.0","1900-01-01 00:00:00.0"
"Mariquina","Planta Titular","Municipal","Titular","Pamela del Carmen Fernandez Sepulveda","Administrativo","16°","Administrativos","Escala Municipal","2017-01-01 00:00:00.0","1900-01-01 00:00:00.0"
"Mariquina","Planta Titular","Municipal","Titular","Daniel Emmanuel Reyes Gonzalez","Técnico","12°","Técnicos","Escala Municipal de Remuneraciones(ley 18.883)","2019-06-01 00:00:00.0","1900-01-01 00:00:00.0"
"Mariquina","Planta Titular","Municipal","Titular","Maria Eduvina Sanchez Vega","Administrativo","15°","Administrativos","Escala Municipal de Remuneraciones(ley 18.883)","2019-06-01 00:00:00.0","1900-01-01 00:00:00.0"
"Mariquina","Planta Titular","Municipal","Titular","Robinson Fernando Delgado Garcia","Profesional","12°","Profesionales","Escala Municipal","2016-01-01 00:00:00.0","1900-01-01 00:00:00.0"
"Mariquina","Planta Titular","Municipal","Titular","Rafael Eduardo Asenjo Perez","Administrador Municipal","7°","Directivos","Escala Municipal","2016-05-01 00:00:00.0","1900-01-01 00:00:00.0"
"Mariquina","Planta Titular","Municipal","Titular","Mariela Edith Cartes Cossio","Profesional","10°","Profesionales","Escala Municipal de Remuneraciones(ley 18.883)","2019-06-01 00:00:00.0","1900-01-01 00:00:00.0"
"Mariquina","Planta Titular","Municipal","Titular","Margarita Yaneth Pangui Ñanculef","Administrativo","13°","Administrativos","Escala Municipal","2017-01-01 00:00:00.0","1900-01-01 00:00:00.0"
"Mariquina","Planta Titular","Municipal","Titular","Michael Philip  Geiser Toro","Directivo","10°","Directivos","Escala Municipal","2014-06-09 00:00:00.0","1900-01-01 00:00:00.0"
"Mariquina","Planta Titular","Municipal","Titular","Cristian Celso Huichaman Ampuero","Administrativo","14°","Administrativos","Escala Municipal de Remuneraciones(ley 18.883)","2019-06-01 00:00:00.0","1900-01-01 00:00:00.0"
"Mariquina","Planta Titular","Municipal","Titular","Eduardo Ariel Tripailaf Gonzalez","Auxiliar","13°","Auxiliares","Escala Municipal","2017-01-01 00:00:00.0","1900-01-01 00:00:00.0"
"Mariquina","Planta Titular","Municipal","Titular","Luis Roberto de La Fuente Figueroa","Directivo","9°","Directivos","Escala Municipal de Remuneraciones(ley 18.883)","2014-04-24 00:00:00.0","1900-01-01 00:00:00.0"
"Mariquina","Planta Titular","Municipal","Titular","Carlos Erasmo Palma Vera","Directivo","7°","Directivos","Escala Municipal de Remuneraciones(ley 18.883)","2019-06-01 00:00:00.0","1900-01-01 00:00:00.0"
"Mariquina","Planta Titular","Municipal","Titular","Ricardo Arturo Krugmann Valenzuela","Administrador Municipal","7°","Directivos","Escala Municipal","2017-12-13 00:00:00.0","1900-01-01 00:00:00.0"
"Mariquina","Planta Titular","Municipal","Titular","Ignacio Nicolas Gonzalez Angulo","Director de Desarrollo Comunitario","7°","Directivos","Escala Municipal","2016-12-15 00:00:00.0","1900-01-01 00:00:00.0"
"Mariquina","Planta Titular","Municipal","Titular","Erna Nycole Manqui Araneda","Técnico","10°","Técnicos","Escala Municipal","2015-12-30 00:00:00.0","1900-01-01 00:00:00.0"
"Mariquina","Planta Titular","Municipal","Titular","Jose Miguel Carrera Vasquez","Directivo","8°","Directivos","Escala Municipal de Remuneraciones(ley 18.883)","2019-06-01 00:00:00.0","1900-01-01 00:00:00.0"
"Mariquina","Planta Titular","Municipal","Titular","Diego Andres Alvarez Jil","Técnico","14°","Técnicos","Escala Municipal","2019-09-01 00:00:00.0","2019-12-31 00:00:00.0"
"Mariquina","Planta Titular","Municipal","Titular","Camila Estefany Quena Altamirano","Técnico","14°","Técnicos","Escala Municipal","2019-09-01 00:00:00.0","2019-12-31 00:00:00.0"
"Mariquina","Planta Titular","Municipal","Titular","Moises Oliver Cardenas Figueroa","Directivo","7°","Directivos","Escala Municipal","2018-03-01 00:00:00.0","1900-01-01 00:00:00.0"
"Mariquina","Planta Titular","Municipal","Titular","Sigifredo Valerio Salgado Blanco","Directivo","7°","Directivos","Escala Municipal de Remuneraciones(ley 18.883)","2019-06-01 00:00:00.0","1900-01-01 00:00:00.0"
"Mariquina","Planta Titular","Municipal","Titular","Luis Alberto Espinoza Reyes","Administrativo","11°","Administrativos","Escala Municipal de Remuneraciones(ley 18.883)","2019-06-01 00:00:00.0","1900-01-01 00:00:00.0"
"Mariquina","Planta Titular","Municipal","Titular","Guillermo Rolando Mitre Gatica","Alcalde","5°","Directivos","Escala Municipal de Remuneraciones(ley 18.883)","2019-06-01 00:00:00.0","1900-01-01 00:00:00.0"
"Mariquina","Planta Titular","Municipal","Titular","Sandra Maria Basso Vasquez","Directivo","7°","Directivos","Escala Municipal de Remuneraciones(ley 18.883)","2019-06-01 00:00:00.0","1900-01-01 00:00:00.0"
"Mariquina","Planta Titular","Municipal","Titular","Hernan Emilio Perez Gutierrez","Administrativo","13°","Administrativos","Escala Municipal de Remuneraciones(ley 18.883)","2019-06-01 00:00:00.0","1900-01-01 00:00:00.0"
"Mariquina","Planta Titular","Municipal","Titular","Eduardo Elias Mardones Aliante","Administrativo","13°","Administrativos","Escala Municipal de Remuneraciones(ley 18.883)","2019-06-01 00:00:00.0","1900-01-01 00:00:00.0"
"Mariquina","Planta Titular","Municipal","Titular","Blanca Eugenia Banda Urrutia","Auxiliar","13°","Auxiliares","Escala Municipal de Remuneraciones(ley 18.883)","2019-06-01 00:00:00.0","1900-01-01 00:00:00.0"
"Mariquina","Planta Titular","Municipal","Titular","Georgina Valeska Zambrano Salgado","Administrativo","13°","Administrativos","Escala Municipal","2017-01-01 00:00:00.0","1900-01-01 00:00:00.0"
"Mariquina","Planta Titular","Municipal","Titular","Jose Antonio Zurita Lomboy","Administrativo","13°","Administrativos","Escala Municipal","2017-01-01 00:00:00.0","1900-01-01 00:00:00.0"
"Mariquina","Planta Titular","Municipal","Titular","Aura Oriana Riffo Rivera","Administrativo","12°","Administrativos","Escala Municipal de Remuneraciones(ley 18.883)","2019-06-01 00:00:00.0","1900-01-01 00:00:00.0"
"Mariquina","Planta Titular","Municipal","Titular","Daniel Segundo Mardones Lopez","Directivo","7°","Directivos","Escala Municipal de Remuneraciones(ley 18.883)","2019-06-01 00:00:00.0","1900-01-01 00:00:00.0"
"Mariquina","Planta Titular","Municipal","Titular","Ruben Eduardo Solis Flores","Administrativo","13°","Administrativos","Escala Municipal de Remuneraciones(ley 18.883)","2019-06-01 00:00:00.0","1900-01-01 00:00:00.0"
"Mariquina","Planta Titular","Municipal","Titular","Carlos Nelson Castro Pineda","Auxiliar","15°","Auxiliares","Escala Municipal","2016-06-21 00:00:00.0","1900-01-01 00:00:00.0"
