"Comuna","Tipo de Contratación","Área","Calidad","Nombre","Cargo","Grado","Planta","Remuneración","Fecha desde","Fecha hasta"
"Mariquina","Planta Titular","Sin Clasificación","Titular","Nancy del Carmen Parra Ramirez","Administrativo","14°","Administrativos","Escala Única de Sueldos","1994-01-01 00:00:00.0","1900-01-01 00:00:00.0"
"Mariquina","Planta Titular","Sin Clasificación","Titular","German Alfredo Mayorga Alarcon","","10°","","","1999-02-07 00:00:00.0","1900-01-01 00:00:00.0"
"Mariquina","Planta Titular","Sin Clasificación","Titular","Harry Gerardo Bahamondes Reyes","Auxiliar","15°","Auxiliares","Escala Única de Sueldos","2005-03-26 00:00:00.0","1900-01-01 00:00:00.0"
"Mariquina","Planta Titular","Sin Clasificación","Titular","Consuelo Beatriz Gonzalez Navarrete","Contratado"," ","Contratados Sin Planta","Afectos Al Código del Trabajo","2009-12-04 00:00:00.0","1900-01-01 00:00:00.0"
"Mariquina","Planta Titular","Sin Clasificación","Titular","Veronica Sabina Aguilar Pereira","Técnico","12°","Técnicos","Escala Municipal","2010-06-02 00:00:00.0","1900-01-01 00:00:00.0"
"Mariquina","Planta Titular","Sin Clasificación","Titular","Alexis Antonio Muñoz Sanchez","Docente"," ","Docente","Escala Profesionales de La Educación Llay 19.070)","2010-07-01 00:00:00.0","1900-01-01 00:00:00.0"
"Mariquina","Planta Titular","Sin Clasificación","Titular","Emilio Roberto Rivera Otarola","Inspector"," ","","","1996-03-01 00:00:00.0","1900-01-01 00:00:00.0"
"Mariquina","Planta Titular","Sin Clasificación","Titular","Jose Edgardo Apablaza Sepulveda","Técnico","11°","Técnicos","Escala Municipal","2010-06-02 00:00:00.0","1900-01-01 00:00:00.0"
"Mariquina","Planta Titular","Sin Clasificación","Titular","Daniela Tatiana de Lourdes Génova Espinoza","Secretario","8°","Contratados Sin Planta","Escala Municipal","2010-10-01 00:00:00.0","1900-01-01 00:00:00.0"
"Mariquina","Planta Titular","Sin Clasificación","Titular","Carolina Andrea Rubilar Ceballo","Asistente Parvularia"," ","Contratados Sin Planta","Afectos Al Código del Trabajo","2013-03-01 00:00:00.0","1900-01-01 00:00:00.0"
"Mariquina","Planta Titular","Sin Clasificación","Titular","Sigifredo Valerio Salgado Blanco","Administrador Municipal","7°","Contratados Sin Planta","Escala Municipal","2010-10-01 00:00:00.0","1900-01-01 00:00:00.0"
"Mariquina","Planta Titular","Sin Clasificación","Titular","Luis Alberto Espinoza Reyes","Administrativo","12°","Administrativos","Escala Única de Sueldos","1994-01-01 00:00:00.0","1900-01-01 00:00:00.0"
"Mariquina","Planta Titular","Sin Clasificación","Titular","Luis German Alvarez Sepulveda","Director"," ","Directivos","Escala Profesionales de La Educación Llay 19.070)","2010-05-20 00:00:00.0","1900-01-01 00:00:00.0"
"Mariquina","Planta Titular","Sin Clasificación","Titular","Hernan Emilio Perez Gutierrez","Administrativo","14°","Administrativos","Escala Única de Sueldos","1994-01-01 00:00:00.0","1900-01-01 00:00:00.0"
"Mariquina","Planta Titular","Sin Clasificación","Titular","Teresa Ines Gutierrez Vega","Administrativo","13°","Administrativos","Escala Única de Sueldos","1994-01-01 00:00:00.0","1900-01-01 00:00:00.0"
"Mariquina","Planta Titular","Sin Clasificación","Titular","Eduardo Elias Mardones Aliante","Administrativo","15°","Administrativos","Escala Única de Sueldos","1994-01-01 00:00:00.0","1900-01-01 00:00:00.0"
"Mariquina","Planta Titular","Sin Clasificación","Titular","Blanca Eugenia Banda Urrutia","Auxiliar","14°","Auxiliares","Escala Única de Sueldos","2006-08-31 00:00:00.0","1900-01-01 00:00:00.0"
"Mariquina","Planta Titular","Sin Clasificación","Titular","Georgina Valeska Zambrano Salgado","Administrativo","15°","Administrativos","Escala Única de Sueldos","1996-01-01 00:00:00.0","1900-01-01 00:00:00.0"
"Mariquina","Planta Titular","Sin Clasificación","Titular","Sylvia del Rosario Melgarejo Romero","Docente"," ","Docente","","1900-01-01 00:00:00.0","1900-01-01 00:00:00.0"
"Mariquina","Planta Titular","Sin Clasificación","Titular","Aura Oriana Riffo Rivera","Administrativo","13°","Administrativos","Escala Única de Sueldos","1994-01-01 00:00:00.0","1900-01-01 00:00:00.0"
