"Comuna","Tipo de Contratación","Área","Calidad","Nombre","Cargo","Grado","Planta","Remuneración","Fecha desde","Fecha hasta"
"Mariquina","Planta Titular","Educación","Titular","Cecilia Ana Guerra Oporto","Docente","SIN INFORMACION","Docente","Profesionales de La Educación Ley N°19.070","2015-01-31 00:00:00.0","1900-01-01 00:00:00.0"
"Mariquina","Planta Titular","Educación","Titular","Rosa Miriam Vasquez Guarda","Docente","SIN INFORMACION","Docente","Profesionales de La Educación Ley N°19.070","2015-01-31 00:00:00.0","1900-01-01 00:00:00.0"
"Mariquina","Planta Titular","Educación","Titular","Yasna Lorena Valdes Perez","Asistente de La Educación","SIN INFORMACION","Contratados Sin Planta","Asistentes de La Educación Ley N°19.464","2019-05-06 00:00:00.0","1900-01-01 00:00:00.0"
"Mariquina","Planta Titular","Educación","Titular","Cecilia Jeannette Ramirez Rodriguez","Secretaria","SIN INFORMACION","Contratados Sin Planta","Afectos Al Código del Trabajo","2018-03-01 00:00:00.0","1900-01-01 00:00:00.0"
"Mariquina","Planta Titular","Educación","Titular","Genny Marioly Esparza Manquehual","Asistente","SIN INFORMACION","Contratados Sin Planta","Afectos Al Código del Trabajo","2016-03-03 00:00:00.0","1900-01-01 00:00:00.0"
"Mariquina","Planta Titular","Educación","Titular","Gerardo Isaias Avila Llancafil","Docente","SIN INFORMACION","Docente","Profesionales de La Educación Ley N°19.070","2015-01-31 00:00:00.0","1900-01-01 00:00:00.0"
"Mariquina","Planta Titular","Educación","Titular","Lisette Marisol Villanueva Diaz","Docente","SIN INFORMACION","Docente","Profesionales de La Educación Ley N°19.070","2015-01-31 00:00:00.0","1900-01-01 00:00:00.0"
"Mariquina","Planta Titular","Educación","Titular","Viviana Elizabeth Tripailaf Muñoz","Encargado","SIN INFORMACION","Contratados Sin Planta","Afectos Al Código del Trabajo","2016-04-15 00:00:00.0","1900-01-01 00:00:00.0"
"Mariquina","Planta Titular","Educación","Titular","Maria Paulina Salinas Espinoza","Docente","SIN INFORMACION","Docente","Profesionales de La Educación Ley N°19.070","2015-01-31 00:00:00.0","1900-01-01 00:00:00.0"
"Mariquina","Planta Titular","Educación","Titular","Denis Marcelo Muñoz Burgos","Docente","SIN INFORMACION","Docente","Profesionales de La Educación Ley N°19.070","2015-01-31 00:00:00.0","1900-01-01 00:00:00.0"
"Mariquina","Planta Titular","Educación","Titular","Claudia Andrea Labra Garrido","Docente","SIN INFORMACION","Docente","Profesionales de La Educación Ley N°19.070","2015-01-31 00:00:00.0","1900-01-01 00:00:00.0"
"Mariquina","Planta Titular","Educación","Titular","Macarena del Pilar Martin Cayo","Auxiliar","SIN INFORMACION","Contratados Sin Planta","Afectos Al Código del Trabajo","2017-03-01 00:00:00.0","1900-01-01 00:00:00.0"
"Mariquina","Planta Titular","Educación","Titular","Yessenia Francisca Erices Diaz","Asistente Parvularia","SIN INFORMACION","Contratados Sin Planta","Afectos Al Código del Trabajo","2016-03-03 00:00:00.0","1900-01-01 00:00:00.0"
"Mariquina","Planta Titular","Educación","Titular","Jose Segundo Labra Hernandez","Docente","SIN INFORMACION","Docente Directivo","Profesionales de La Educación Ley N°19.070","2016-02-22 00:00:00.0","2021-02-21 00:00:00.0"
"Mariquina","Planta Titular","Educación","Titular","Luis Renato Gonzalez Carcamo","Jefe Técnico Pedagógico"," ","Docente","Escala Profesionales de La Educación Llay 19.070)","1992-03-01 00:00:00.0","1900-01-01 00:00:00.0"
"Mariquina","Planta Titular","Educación","Titular","Edgardo Mario Gonzalez Zapata","Inspector General"," ","Directiva Docente","Escala Profesionales de La Educación Llay 19.070)","2013-07-10 00:00:00.0","1900-01-01 00:00:00.0"
"Mariquina","Planta Titular","Educación","Titular","Boris Luciano Segovia Bruzzone","Docente Utp","SIN INFORMACION","Docente","Profesionales de La Educación Ley N°19.070","2015-03-01 00:00:00.0","1900-01-01 00:00:00.0"
"Mariquina","Planta Titular","Educación","Titular","Ivan Odlanier Zuñiga Sandoval","Director"," ","Docente Directivo","Escala Profesionales de La Educación Llay 19.070)","2014-03-01 00:00:00.0","2019-02-28 00:00:00.0"
"Mariquina","Planta Titular","Educación","Titular","Eliana del Carmen Vidal Ovando","Docente","SIN INFORMACION","Docente","Profesionales de La Educación Ley N°19.070","2015-01-31 00:00:00.0","1900-01-01 00:00:00.0"
"Mariquina","Planta Titular","Educación","Titular","Verena Banda Urrutia","Encargado","SIN INFORMACION","Contratados Sin Planta","Afectos Al Código del Trabajo","2016-03-03 00:00:00.0","1900-01-01 00:00:00.0"
"Mariquina","Planta Titular","Educación","Titular","Estela Elba Pineda Muñoz","Auxiliar de Servicios Menores","SIN INFORMACION","Contratados Sin Planta","Afectos Al Código del Trabajo","2015-03-10 00:00:00.0","1900-01-01 00:00:00.0"
"Mariquina","Planta Titular","Educación","Titular","Rigoberto Ricardo Oliva Ojeda","Docente","SIN INFORMACION","Docente","Profesionales de La Educación Ley N°19.070","2015-01-31 00:00:00.0","1900-01-01 00:00:00.0"
"Mariquina","Planta Titular","Educación","Titular","Yarela del Carmen Gonzalez Valenzuela","Educadora Párvulos","SIN INFORMACION","Contratados Sin Planta","Afectos Al Código del Trabajo","2015-06-01 00:00:00.0","1900-01-01 00:00:00.0"
"Mariquina","Planta Titular","Educación","Titular","Oriana Mildre Reyes Gonzalez","Docente","SIN INFORMACION","Docente","Profesionales de La Educación Ley N°19.070","2015-01-31 00:00:00.0","1900-01-01 00:00:00.0"
"Mariquina","Planta Titular","Educación","Titular","Claudio Hernan Loaiza Ojeda","Jefe del Departamento de Administración de Educación Municipal","SIN INFORMACION","Docente Directivo","Profesionales de La Educación Ley N°19.070","2015-12-01 00:00:00.0","2020-11-30 00:00:00.0"
