"Comuna","Tipo de Contratación","Área","Calidad","Nombre","Cargo","Grado","Planta","Remuneración","Fecha desde","Fecha hasta"
"Mariquina","Codigo del Trabajo","Sin Clasificación","Código del Trabajo","Eduviges Fidela Riquelme Ramirez","Auxiliar de Servicios Menores"," ","Contratados Sin Planta","Afectos Al Código del Trabajo","2011-01-01 00:00:00.0","1900-01-01 00:00:00.0"
"Mariquina","Codigo del Trabajo","Sin Clasificación","Código del Trabajo","Paola Andrea Valenzuela Lecaros","Educadora Párvulos"," ","Contratados Sin Planta","Afectos Al Código del Trabajo","2013-02-18 00:00:00.0","1900-01-01 00:00:00.0"
"Mariquina","Codigo del Trabajo","Sin Clasificación","Código del Trabajo","Benito Emir Jara Carrasco","Inspector"," ","","","1995-01-01 00:00:00.0","1900-01-01 00:00:00.0"
"Mariquina","Codigo del Trabajo","Sin Clasificación","Código del Trabajo","Edith Elisabeth Sobarzo Guerrero","Asistente Parvularia"," ","Contratados Sin Planta","Afectos Al Código del Trabajo","2011-03-01 00:00:00.0","1900-01-01 00:00:00.0"
"Mariquina","Codigo del Trabajo","Sin Clasificación","Código del Trabajo","Jessica Lorena Lizama Perez","Educadora Párvulos"," ","Contratados Sin Planta","Afectos Al Código del Trabajo","2011-01-01 00:00:00.0","1900-01-01 00:00:00.0"
"Mariquina","Codigo del Trabajo","Sin Clasificación","Código del Trabajo","Ana Maria Correa Agüero","Educadora Párvulos"," ","Contratados Sin Planta","Afectos Al Código del Trabajo","2011-01-01 00:00:00.0","1900-01-01 00:00:00.0"
"Mariquina","Codigo del Trabajo","Sin Clasificación","Código del Trabajo","Karen Alejandra Aedo Ramos","Auxiliar de Párvulos"," ","Contratados Sin Planta","Afectos Al Código del Trabajo","2011-01-01 00:00:00.0","1900-01-01 00:00:00.0"
"Mariquina","Codigo del Trabajo","Sin Clasificación","Código del Trabajo","Lucila Elizabeth Manriquez Caceres","Asistente Parvularia"," ","Contratados Sin Planta","Afectos Al Código del Trabajo","2011-01-01 00:00:00.0","1900-01-01 00:00:00.0"
"Mariquina","Codigo del Trabajo","Sin Clasificación","Código del Trabajo","Magrly Grisnerie Campos Rubilar","Auxiliar de Párvulos"," ","Contratados Sin Planta","Afectos Al Código del Trabajo","2011-01-01 00:00:00.0","1900-01-01 00:00:00.0"
"Mariquina","Codigo del Trabajo","Sin Clasificación","Código del Trabajo","Faviola del Pilar Serna Romero","Asistente Parvularia"," ","Contratados Sin Planta","Afectos Al Código del Trabajo","2011-03-01 00:00:00.0","1900-01-01 00:00:00.0"
"Mariquina","Codigo del Trabajo","Sin Clasificación","Código del Trabajo","Karina Poulette Velasquez Valdebenito","Auxiliar de Párvulos"," ","Contratados Sin Planta","Afectos Al Código del Trabajo","2011-01-01 00:00:00.0","1900-01-01 00:00:00.0"
"Mariquina","Codigo del Trabajo","Sin Clasificación","Código del Trabajo","Karina Noemi Naupayante Obreque","Asistente Parvularia"," ","Contratados Sin Planta","Afectos Al Código del Trabajo","2011-01-01 00:00:00.0","1900-01-01 00:00:00.0"
"Mariquina","Codigo del Trabajo","Sin Clasificación","Código del Trabajo","Denisse Graciela Villagra Escudero","Auxiliar de Párvulos"," ","Contratados Sin Planta","Afectos Al Código del Trabajo","2011-01-01 00:00:00.0","1900-01-01 00:00:00.0"
"Mariquina","Codigo del Trabajo","Sin Clasificación","Código del Trabajo","Esmerita Eduviges Elgueta Gallegos","Asistente Parvularia"," ","Contratados Sin Planta","Afectos Al Código del Trabajo","2011-03-01 00:00:00.0","1900-01-01 00:00:00.0"
"Mariquina","Codigo del Trabajo","Sin Clasificación","Código del Trabajo","Andrea Teresa Saravia Valdebenito","Auxiliar de Párvulos"," ","Contratados Sin Planta","Afectos Al Código del Trabajo","2010-01-01 00:00:00.0","1900-01-01 00:00:00.0"
"Mariquina","Codigo del Trabajo","Sin Clasificación","Código del Trabajo","Pablo David Marquez Gonzalez","Paradocente"," ","","","2000-03-13 00:00:00.0","1900-01-01 00:00:00.0"
"Mariquina","Codigo del Trabajo","Sin Clasificación","Código del Trabajo","Juan de La Cruz Manquehual Perez","Chófer"," ","Contratados Sin Planta","Afectos Al Código del Trabajo","2011-01-01 00:00:00.0","1900-01-01 00:00:00.0"
"Mariquina","Codigo del Trabajo","Sin Clasificación","Código del Trabajo","Laura Rubisol Navarrete Zamorano","Jefe de Finanzas"," ","","","2009-04-01 00:00:00.0","1900-01-01 00:00:00.0"
"Mariquina","Codigo del Trabajo","Sin Clasificación","Código del Trabajo","Maria Teresa Rodriguez Leal","Jefe de Personal"," ","","","1995-12-01 00:00:00.0","1900-01-01 00:00:00.0"
"Mariquina","Codigo del Trabajo","Sin Clasificación","Código del Trabajo","Norma Carmen Flores Fernandez","Auxiliar de Servicios Menores"," ","Contratados Sin Planta","Afectos Al Código del Trabajo","2011-01-01 00:00:00.0","1900-01-01 00:00:00.0"
"Mariquina","Codigo del Trabajo","Sin Clasificación","Código del Trabajo","Noelia del Carmen Coliñir Millañir","Auxiliar de Servicios Menores"," ","Contratados Sin Planta","Afectos Al Código del Trabajo","2011-01-01 00:00:00.0","1900-01-01 00:00:00.0"
"Mariquina","Codigo del Trabajo","Sin Clasificación","Código del Trabajo","Mariana Alicia Alvarez Beltran","Paradocente"," ","Contratados Sin Planta","Afectos Al Código del Trabajo","2010-03-01 00:00:00.0","1900-01-01 00:00:00.0"
"Mariquina","Codigo del Trabajo","Sin Clasificación","Código del Trabajo","Carolina del Pilar Henriquez Pereda","Auxiliar Paramedico","NO","Contratados Sin Planta","Afectos Al Código del Trabajo","1992-06-01 00:00:00.0","1900-01-01 00:00:00.0"
"Mariquina","Codigo del Trabajo","Sin Clasificación","Código del Trabajo","Patricia Elena Zurita Lomboy","Administrativo"," ","","","1995-12-01 00:00:00.0","1900-01-01 00:00:00.0"
