"Comuna","Tipo de Contratación","Área","Calidad","Nombre","Cargo","Grado","Planta","Remuneración","Fecha desde","Fecha hasta"
"Mariquina","Codigo del Trabajo","Educación","Código del Trabajo","Nora Ruth Brice¿o Soto","Asistente"," ","Contratados Sin Planta","Afectos Al Código del Trabajo","2017-01-01 00:00:00.0","1900-01-01 00:00:00.0"
"Mariquina","Codigo del Trabajo","Educación","Código del Trabajo","Omar Eladio Pardo  Henriquez","Auxiliar de Servicios Menores"," ","Contratados Sin Planta","Afectos Al Código del Trabajo","2018-03-01 00:00:00.0","2019-02-28 00:00:00.0"
"Mariquina","Codigo del Trabajo","Educación","Código del Trabajo","Maria Beatriz Meyer-luters Barria","Asistente"," ","Contratados Sin Planta","Afectos Al Código del Trabajo","2018-03-01 00:00:00.0","2019-02-28 00:00:00.0"
"Mariquina","Codigo del Trabajo","Educación","Código del Trabajo","Sandy Elisabeth Urra Manns","Manipuladora de Alimentos"," ","Contratados Sin Planta","Afectos Al Código del Trabajo","2017-01-01 00:00:00.0","1900-01-01 00:00:00.0"
"Mariquina","Codigo del Trabajo","Educación","Código del Trabajo","Marlene Jacqueline Marchant Rivera","Asistente de La Educación"," ","Contratados Sin Planta","Asistentes de La Educación Ley N°19.464","2019-04-26 00:00:00.0","2019-10-11 00:00:00.0"
"Mariquina","Codigo del Trabajo","Educación","Código del Trabajo","Blanca Nelly Parada Norambuena","Auxiliar"," ","Contratados Sin Planta","Afectos Al Código del Trabajo","2016-03-01 00:00:00.0","1900-01-01 00:00:00.0"
"Mariquina","Codigo del Trabajo","Educación","Código del Trabajo","Brenda Soledad Henriqeuz Medina","Asistente"," ","Contratados Sin Planta","Afectos Al Código del Trabajo","2016-03-01 00:00:00.0","1900-01-01 00:00:00.0"
"Mariquina","Codigo del Trabajo","Educación","Código del Trabajo","Sandra Paola Molina  Roa","Asistente de La Educación"," ","Contratados Sin Planta","Asistentes de La Educación Ley N°19.464","2019-05-23 00:00:00.0","2019-12-04 00:00:00.0"
"Mariquina","Codigo del Trabajo","Educación","Código del Trabajo","Paola Andrea Valenzuela Lecaros","Educadora Párvulos"," ","Contratados Sin Planta","Afectos Al Código del Trabajo","2018-03-01 00:00:00.0","2019-02-28 00:00:00.0"
"Mariquina","Codigo del Trabajo","Educación","Código del Trabajo","Silvia Marisol Acu¿a Acu¿a","Encargado"," ","Contratados Sin Planta","Afectos Al Código del Trabajo","2016-03-01 00:00:00.0","1900-01-01 00:00:00.0"
"Mariquina","Codigo del Trabajo","Educación","Código del Trabajo","Yasna Lorena Valdes Perez","Monitor"," ","Contratados Sin Planta","Afectos Al Código del Trabajo","2016-03-01 00:00:00.0","1900-01-01 00:00:00.0"
"Mariquina","Codigo del Trabajo","Educación","Código del Trabajo","Luz Irene Esparza Vasquez","Auxiliar de Aseo"," ","Contratados Sin Planta","Afectos Al Código del Trabajo","2015-01-01 00:00:00.0","1900-01-01 00:00:00.0"
"Mariquina","Codigo del Trabajo","Educación","Código del Trabajo","Rosa Flor Hernandez Bustos","Psicólogo"," ","Contratados Sin Planta","Afectos Al Código del Trabajo","2018-03-01 00:00:00.0","2019-02-28 00:00:00.0"
"Mariquina","Codigo del Trabajo","Educación","Código del Trabajo","Daniel Antonio Ruz Pardo","Asistente de La Educación"," ","Contratados Sin Planta","Asistentes de La Educación Ley N°19.464","2019-03-01 00:00:00.0","2020-02-29 00:00:00.0"
"Mariquina","Codigo del Trabajo","Educación","Código del Trabajo","Gabriela Andrea Bassenge Opitz","Constructor Civil"," ","Contratados Sin Planta","Afectos Al Código del Trabajo","2018-01-01 00:00:00.0","2019-02-28 00:00:00.0"
"Mariquina","Codigo del Trabajo","Educación","Código del Trabajo","Cristina Alejandra Padilla  Quijada","Asistente"," ","Contratados Sin Planta","Afectos Al Código del Trabajo","2018-03-01 00:00:00.0","2019-02-28 00:00:00.0"
"Mariquina","Codigo del Trabajo","Educación","Código del Trabajo","Jacqueline Pilar Mesas Nuñez","Asistente Social"," ","Contratados Sin Planta","Afectos Al Código del Trabajo","2018-03-01 00:00:00.0","2019-02-28 00:00:00.0"
"Mariquina","Codigo del Trabajo","Educación","Código del Trabajo","Rosa Eliana Silva Fuentes","Asistente Parvularia"," ","Contratados Sin Planta","Afectos Al Código del Trabajo","2015-01-01 00:00:00.0","1900-01-01 00:00:00.0"
"Mariquina","Codigo del Trabajo","Educación","Código del Trabajo","Maria Angelica Lara Carillanca","Asistente"," ","Contratados Sin Planta","Afectos Al Código del Trabajo","2018-03-01 00:00:00.0","2019-02-28 00:00:00.0"
"Mariquina","Codigo del Trabajo","Educación","Código del Trabajo","Jorge Esteban Lienlaf Matias","Nochero"," ","Contratados Sin Planta","Asistentes de La Educación Ley N°19.464","2019-03-01 00:00:00.0","1900-01-01 00:00:00.0"
"Mariquina","Codigo del Trabajo","Educación","Código del Trabajo","Laura del Carmen Torres Sepulveda","Encargado"," ","Contratados Sin Planta","Afectos Al Código del Trabajo","2016-03-01 00:00:00.0","1900-01-01 00:00:00.0"
"Mariquina","Codigo del Trabajo","Educación","Código del Trabajo","Marcela Alejandra Llancafil Campos","Asistente"," ","Contratados Sin Planta","Afectos Al Código del Trabajo","2018-03-01 00:00:00.0","1900-01-01 00:00:00.0"
"Mariquina","Codigo del Trabajo","Educación","Código del Trabajo","Marcos Chiguay Barria","Ayudante"," ","Contratados Sin Planta","Afectos Al Código del Trabajo","2018-03-01 00:00:00.0","1900-01-01 00:00:00.0"
"Mariquina","Codigo del Trabajo","Educación","Código del Trabajo","Fabiola Andrea Vidal Fernandez","Técnico En Atención de Párvulos"," ","Contratados Sin Planta","Afectos Al Código del Trabajo","2018-03-01 00:00:00.0","2019-02-28 00:00:00.0"
"Mariquina","Codigo del Trabajo","Educación","Código del Trabajo","Patricia Elena Maliqueo Muñoz","Encargado"," ","Contratados Sin Planta","Afectos Al Código del Trabajo","2016-03-01 00:00:00.0","1900-01-01 00:00:00.0"
"Mariquina","Codigo del Trabajo","Educación","Código del Trabajo","Marlits Alicia Quena  Norambuena","Asistente de La Educación"," ","Contratados Sin Planta","Asistentes de La Educación Ley N°19.464","2019-03-01 00:00:00.0","2020-02-29 00:00:00.0"
"Mariquina","Codigo del Trabajo","Educación","Código del Trabajo","Andres Esteban Jimenez  Anabalon","Asistente de La Educación"," ","Contratados Sin Planta","Asistentes de La Educación Ley N°19.464","2019-03-01 00:00:00.0","1900-01-01 00:00:00.0"
"Mariquina","Codigo del Trabajo","Educación","Código del Trabajo","Estefania Paulina Rivas Guzmán","Fonoaudiologo"," ","Contratados Sin Planta","Asistentes de La Educación Ley N°19.464","2019-03-01 00:00:00.0","2020-02-29 00:00:00.0"
"Mariquina","Codigo del Trabajo","Educación","Código del Trabajo","Danilo Alfonso Perez Aliante","Técnico En Atención de Párvulos"," ","Contratados Sin Planta","Afectos Al Código del Trabajo","2018-03-01 00:00:00.0","2019-02-28 00:00:00.0"
"Mariquina","Codigo del Trabajo","Educación","Código del Trabajo","Cristian John Catalan Bravo","Asistente de La Educación"," ","Contratados Sin Planta","Asistentes de La Educación Ley N°19.464","2019-03-01 00:00:00.0","1900-01-01 00:00:00.0"
"Mariquina","Codigo del Trabajo","Educación","Código del Trabajo","Martha Veronica Beatriz Morales Salazar","Asistente"," ","Contratados Sin Planta","Afectos Al Código del Trabajo","2018-03-01 00:00:00.0","2019-02-28 00:00:00.0"
"Mariquina","Codigo del Trabajo","Educación","Código del Trabajo","Lorena del Pilar Contreras Fernandez","Paradocente"," ","Contratados Sin Planta","Afectos Al Código del Trabajo","2016-03-01 00:00:00.0","1900-01-01 00:00:00.0"
"Mariquina","Codigo del Trabajo","Educación","Código del Trabajo","Yasna Elizabeth Cordova Concha","Asistente"," ","Contratados Sin Planta","Afectos Al Código del Trabajo","2018-03-01 00:00:00.0","1900-01-01 00:00:00.0"
"Mariquina","Codigo del Trabajo","Educación","Código del Trabajo","Viviana Alejandra Carcamo Perez","Asistente"," ","Contratados Sin Planta","Afectos Al Código del Trabajo","2018-03-01 00:00:00.0","1900-01-01 00:00:00.0"
"Mariquina","Codigo del Trabajo","Educación","Código del Trabajo","Ana Maria Calfil Iba¿ez","Auxiliar de Servicios Menores"," ","Contratados Sin Planta","Afectos Al Código del Trabajo","2018-03-01 00:00:00.0","1900-01-01 00:00:00.0"
"Mariquina","Codigo del Trabajo","Educación","Código del Trabajo","Edrisy Veronica Torres Cid","Educadora Párvulos"," ","Contratados Sin Planta","Afectos Al Código del Trabajo","2018-08-13 00:00:00.0","2019-01-22 00:00:00.0"
"Mariquina","Codigo del Trabajo","Educación","Código del Trabajo","Victor Ernesto Silva Quidel","Técnico de Nivel Superior"," ","Contratados Sin Planta","Afectos Al Código del Trabajo","2019-08-09 00:00:00.0","2020-02-29 00:00:00.0"
"Mariquina","Codigo del Trabajo","Educación","Código del Trabajo","Paula  Marisol Roman Caro","Técnico En Párvulos"," ","Contratados Sin Planta","Asistentes de La Educación Ley N°19.464","2019-05-15 00:00:00.0","2019-11-17 00:00:00.0"
"Mariquina","Codigo del Trabajo","Educación","Código del Trabajo","Mirla Estefani Chacon Ortiz","Asistente"," ","Contratados Sin Planta","Afectos Al Código del Trabajo","2018-03-01 00:00:00.0","2019-02-28 00:00:00.0"
"Mariquina","Codigo del Trabajo","Educación","Código del Trabajo","Anais del Carmen Molina Silva","Asistente"," ","Contratados Sin Planta","Afectos Al Código del Trabajo","2017-01-01 00:00:00.0","1900-01-01 00:00:00.0"
"Mariquina","Codigo del Trabajo","Educación","Código del Trabajo","Paola Yanet Ortiz Osses","Inspector"," ","Contratados Sin Planta","Afectos Al Código del Trabajo","2018-03-01 00:00:00.0","1900-01-01 00:00:00.0"
"Mariquina","Codigo del Trabajo","Educación","Código del Trabajo","Pamela Andrea Vargas Gomez","Psicopedagogo"," ","Contratados Sin Planta","Asistentes de La Educación Ley N°19.464","2019-03-01 00:00:00.0","2020-02-29 00:00:00.0"
"Mariquina","Codigo del Trabajo","Educación","Código del Trabajo","Yanett Elvira Martin Cayo","Auxiliar de Servicios Menores"," ","Contratados Sin Planta","Afectos Al Código del Trabajo","2018-10-03 00:00:00.0","2019-03-20 00:00:00.0"
"Mariquina","Codigo del Trabajo","Educación","Código del Trabajo","Karina Isaura Morales Riquelme","Asistente"," ","Contratados Sin Planta","Afectos Al Código del Trabajo","2018-03-01 00:00:00.0","1900-01-01 00:00:00.0"
"Mariquina","Codigo del Trabajo","Educación","Código del Trabajo","Angela Susana Rivera Mancilla","Asistente"," ","Contratados Sin Planta","Afectos Al Código del Trabajo","2018-03-01 00:00:00.0","2019-02-28 00:00:00.0"
"Mariquina","Codigo del Trabajo","Educación","Código del Trabajo","Alejandra Andrea Fernandez Villagra","Asistente Parvularia"," ","Contratados Sin Planta","Asistentes de La Educación Ley N°19.464","2015-01-01 00:00:00.0","1900-01-01 00:00:00.0"
"Mariquina","Codigo del Trabajo","Educación","Código del Trabajo","Fredy Mateo Llonco¿anco Huequelef","Nochero"," ","Contratados Sin Planta","Asistentes de La Educación Ley N°19.464","2019-03-01 00:00:00.0","1900-01-01 00:00:00.0"
"Mariquina","Codigo del Trabajo","Educación","Código del Trabajo","Amanda Cecilia Vergara Carrillo","Técnico En Atención de Párvulos"," ","Contratados Sin Planta","Afectos Al Código del Trabajo","2018-03-01 00:00:00.0","2019-02-28 00:00:00.0"
"Mariquina","Codigo del Trabajo","Educación","Código del Trabajo","Diego Alonso Uribe Aguilar","Ingeniero Comercial"," ","Contratados Sin Planta","Afectos Al Código del Trabajo","2019-01-01 00:00:00.0","1900-01-01 00:00:00.0"
"Mariquina","Codigo del Trabajo","Educación","Código del Trabajo","Romina Teresa Gutierrez Roco","Asistente"," ","Contratados Sin Planta","Afectos Al Código del Trabajo","2016-03-01 00:00:00.0","1900-01-01 00:00:00.0"
"Mariquina","Codigo del Trabajo","Educación","Código del Trabajo","Rocio Pilar Ordo¿ez  Peralta","Técnico En Atención de Párvulos"," ","Contratados Sin Planta","Afectos Al Código del Trabajo","2018-03-01 00:00:00.0","2019-02-28 00:00:00.0"
"Mariquina","Codigo del Trabajo","Educación","Código del Trabajo","Magrly Grisnerie Campos Rubilar","Asistente"," ","Contratados Sin Planta","Afectos Al Código del Trabajo","2018-03-01 00:00:00.0","2019-02-28 00:00:00.0"
"Mariquina","Codigo del Trabajo","Educación","Código del Trabajo","Senia Soledad Roa Pozas","Asistente Parvularia"," ","Contratados Sin Planta","Afectos Al Código del Trabajo","2015-01-01 00:00:00.0","1900-01-01 00:00:00.0"
"Mariquina","Codigo del Trabajo","Educación","Código del Trabajo","Paola Rocio Carcamo Paillan","Asistente Parvularia"," ","Contratados Sin Planta","Asistentes de La Educación Ley N°19.464","2015-01-01 00:00:00.0","1900-01-01 00:00:00.0"
"Mariquina","Codigo del Trabajo","Educación","Código del Trabajo","Carolina Maribel Tripailaf Henriquez","Técnico En Atención de Párvulos"," ","Contratados Sin Planta","Afectos Al Código del Trabajo","2018-03-01 00:00:00.0","2019-02-28 00:00:00.0"
"Mariquina","Codigo del Trabajo","Educación","Código del Trabajo","Yenifer Yaneth Burgos  Molina","Asistente"," ","Contratados Sin Planta","Afectos Al Código del Trabajo","2018-03-01 00:00:00.0","2019-02-28 00:00:00.0"
"Mariquina","Codigo del Trabajo","Educación","Código del Trabajo","Daniel Isaac Rolando Alvarado Cifuentes","Asistente Social"," ","Contratados Sin Planta","Afectos Al Código del Trabajo","2018-03-01 00:00:00.0","2019-02-28 00:00:00.0"
"Mariquina","Codigo del Trabajo","Educación","Código del Trabajo","Daniela Yohana Padilla  Quijada","Asistente"," ","Contratados Sin Planta","Afectos Al Código del Trabajo","2018-03-01 00:00:00.0","2019-02-28 00:00:00.0"
"Mariquina","Codigo del Trabajo","Educación","Código del Trabajo","Carol Loreto Barria Villa","Psicólogo"," ","Contratados Sin Planta","Asistentes de La Educación Ley N°19.464","2019-03-01 00:00:00.0","2020-02-29 00:00:00.0"
"Mariquina","Codigo del Trabajo","Educación","Código del Trabajo","Mandy Francisca Ahumada Aliante","Técnico En Párvulos"," ","Contratados Sin Planta","Afectos Al Código del Trabajo","2017-01-01 00:00:00.0","1900-01-01 00:00:00.0"
"Mariquina","Codigo del Trabajo","Educación","Código del Trabajo","Paola Fernandez Angulo Barrientos","Psicólogo"," ","Contratados Sin Planta","Afectos Al Código del Trabajo","2018-03-01 00:00:00.0","2019-02-28 00:00:00.0"
"Mariquina","Codigo del Trabajo","Educación","Código del Trabajo","Genoveva del Pilar Henriquez Muñoz","Asistente Parvularia"," ","Contratados Sin Planta","Afectos Al Código del Trabajo","2018-03-01 00:00:00.0","2019-02-28 00:00:00.0"
"Mariquina","Codigo del Trabajo","Educación","Código del Trabajo","Maria Isabel Alvarado Rodriguez","Asistente Parvularia"," ","Contratados Sin Planta","Afectos Al Código del Trabajo","2015-01-01 00:00:00.0","1900-01-01 00:00:00.0"
"Mariquina","Codigo del Trabajo","Educación","Código del Trabajo","Elsa Etelvina Vargas Mella","Ayudante"," ","Contratados Sin Planta","Afectos Al Código del Trabajo","2017-03-01 00:00:00.0","1900-01-01 00:00:00.0"
"Mariquina","Codigo del Trabajo","Educación","Código del Trabajo","Melissa Jasmin Arevalo Caceres","Asistente Parvularia"," ","Contratados Sin Planta","Afectos Al Código del Trabajo","2015-01-01 00:00:00.0","1900-01-01 00:00:00.0"
"Mariquina","Codigo del Trabajo","Educación","Código del Trabajo","Katherin Nicol Fernandez Villagra","Técnico En Atención de Párvulos"," ","Contratados Sin Planta","Afectos Al Código del Trabajo","2018-03-01 00:00:00.0","2019-02-28 00:00:00.0"
"Mariquina","Codigo del Trabajo","Educación","Código del Trabajo","Claudia Ester Zuñiga Raimilla","Asistente Parvularia"," ","Contratados Sin Planta","Afectos Al Código del Trabajo","2015-03-01 00:00:00.0","1900-01-01 00:00:00.0"
"Mariquina","Codigo del Trabajo","Educación","Código del Trabajo","Maria Antonia Marilaf Mariqueo","Asistente Parvularia"," ","Contratados Sin Planta","Afectos Al Código del Trabajo","2015-01-01 00:00:00.0","1900-01-01 00:00:00.0"
"Mariquina","Codigo del Trabajo","Educación","Código del Trabajo","Ehmili Daniela Hueraman Gonzalez","Asistente"," ","Contratados Sin Planta","Afectos Al Código del Trabajo","2018-03-01 00:00:00.0","1900-01-01 00:00:00.0"
"Mariquina","Codigo del Trabajo","Educación","Código del Trabajo","Carolina Andrea Rubilar Ceballo","Asistente Parvularia"," ","Contratados Sin Planta","Afectos Al Código del Trabajo","2016-01-01 00:00:00.0","1900-01-01 00:00:00.0"
"Mariquina","Codigo del Trabajo","Educación","Código del Trabajo","Gabriela Nicol Carbullanca Caman","Técnico En Párvulos"," ","Contratados Sin Planta","Afectos Al Código del Trabajo","2017-03-01 00:00:00.0","1900-01-01 00:00:00.0"
"Mariquina","Codigo del Trabajo","Educación","Código del Trabajo","Diego Eduardo Cerna Rubio","Inspector"," ","Contratados Sin Planta","Afectos Al Código del Trabajo","2015-03-01 00:00:00.0","1900-01-01 00:00:00.0"
"Mariquina","Codigo del Trabajo","Educación","Código del Trabajo","Henry Ignacio Manquecoi Huito","Encargado Adquisiciones"," ","Contratados Sin Planta","Afectos Al Código del Trabajo","2016-01-01 00:00:00.0","1900-01-01 00:00:00.0"
"Mariquina","Codigo del Trabajo","Educación","Código del Trabajo","Valesca Ester Troncoso Herrera","Asistente"," ","Contratados Sin Planta","Afectos Al Código del Trabajo","2018-03-01 00:00:00.0","1900-01-01 00:00:00.0"
"Mariquina","Codigo del Trabajo","Educación","Código del Trabajo","Susan Andrea Escares Coronado","Asistente Parvularia"," ","Contratados Sin Planta","Afectos Al Código del Trabajo","2015-01-01 00:00:00.0","1900-01-01 00:00:00.0"
"Mariquina","Codigo del Trabajo","Educación","Código del Trabajo","Rocio Arlette Bravo  Jaramillo","Asistente Social"," ","Contratados Sin Planta","Afectos Al Código del Trabajo","2018-03-01 00:00:00.0","2019-02-28 00:00:00.0"
"Mariquina","Codigo del Trabajo","Educación","Código del Trabajo","Patricia Paola Riquelme Parra","Técnico En Párvulos"," ","Contratados Sin Planta","Afectos Al Código del Trabajo","2019-03-01 00:00:00.0","1900-01-01 00:00:00.0"
"Mariquina","Codigo del Trabajo","Educación","Código del Trabajo","Andrea Karina Saldivia Echavarria","Psicólogo"," ","Contratados Sin Planta","Asistentes de La Educación Ley N°19.464","2019-03-01 00:00:00.0","2020-02-29 00:00:00.0"
"Mariquina","Codigo del Trabajo","Educación","Código del Trabajo","Celeste del Pilar Mella Pardo","Asistente"," ","Contratados Sin Planta","Afectos Al Código del Trabajo","2018-03-01 00:00:00.0","2019-02-28 00:00:00.0"
"Mariquina","Codigo del Trabajo","Educación","Código del Trabajo","Karen Josselin Maria Sanzana Obando","Asistente"," ","Contratados Sin Planta","Afectos Al Código del Trabajo","2017-01-01 00:00:00.0","1900-01-01 00:00:00.0"
"Mariquina","Codigo del Trabajo","Educación","Código del Trabajo","Jocelyn Margarita Velasquez Carrasco","Técnico En Párvulos"," ","Contratados Sin Planta","Afectos Al Código del Trabajo","2018-01-01 00:00:00.0","2019-02-28 00:00:00.0"
"Mariquina","Codigo del Trabajo","Educación","Código del Trabajo","Arely Lucrecia Mu¿oz  Frias","Técnico En Atención de Párvulos"," ","Contratados Sin Planta","Afectos Al Código del Trabajo","2018-03-01 00:00:00.0","2019-02-28 00:00:00.0"
"Mariquina","Codigo del Trabajo","Educación","Código del Trabajo","Valeria Yoselin  Escobar Curifil","Encargado"," ","Contratados Sin Planta","Afectos Al Código del Trabajo","2016-01-01 00:00:00.0","1900-01-01 00:00:00.0"
"Mariquina","Codigo del Trabajo","Educación","Código del Trabajo","Camila Ignacia Jara  Vallejos","Psicólogo"," ","Contratados Sin Planta","Asistentes de La Educación Ley N°19.464","2019-03-01 00:00:00.0","2020-02-29 00:00:00.0"
"Mariquina","Codigo del Trabajo","Educación","Código del Trabajo","Katherine Daniela Andrea Jimenez  Morales","Fonoaudiologo"," ","Contratados Sin Planta","Afectos Al Código del Trabajo","2018-03-01 00:00:00.0","2019-02-28 00:00:00.0"
"Mariquina","Codigo del Trabajo","Educación","Código del Trabajo","Loreto Belen Oyarzun Huaiquimilla","Psicólogo"," ","Contratados Sin Planta","Asistentes de La Educación Ley N°19.464","2019-03-01 00:00:00.0","2020-02-29 00:00:00.0"
"Mariquina","Codigo del Trabajo","Educación","Código del Trabajo","Celeste Alejandra Duarte Soto","Asistente de La Educación"," ","Contratados Sin Planta","Asistentes de La Educación Ley N°19.464","2019-03-01 00:00:00.0","1900-01-01 00:00:00.0"
"Mariquina","Codigo del Trabajo","Educación","Código del Trabajo","Vania Solange Moris Rapiman","Asistente Parvularia"," ","Contratados Sin Planta","Afectos Al Código del Trabajo","2015-01-01 00:00:00.0","1900-01-01 00:00:00.0"
"Mariquina","Codigo del Trabajo","Educación","Código del Trabajo","Cristina Alejandra Cardenas Islas","Fonoaudiologo"," ","Contratados Sin Planta","Asistentes de La Educación Ley N°19.464","2019-03-01 00:00:00.0","2020-02-29 00:00:00.0"
"Mariquina","Codigo del Trabajo","Educación","Código del Trabajo","Iris Macarena Naupayante Obreque","Asistente Parvularia"," ","Funcionarios","Afectos Al Código del Trabajo","2014-08-04 00:00:00.0","1900-01-01 00:00:00.0"
"Mariquina","Codigo del Trabajo","Educación","Código del Trabajo","Mario Alberto Gaete Huenchumilla","Nochero"," ","Contratados Sin Planta","Afectos Al Código del Trabajo","2018-03-01 00:00:00.0","2019-02-28 00:00:00.0"
"Mariquina","Codigo del Trabajo","Educación","Código del Trabajo","Claudia Pamela Noriega Balmaceda","Técnico"," ","Contratados Sin Planta","Asistentes de La Educación Ley N°19.464","2019-03-01 00:00:00.0","2020-02-29 00:00:00.0"
"Mariquina","Codigo del Trabajo","Educación","Código del Trabajo","Ximena Ester  Rocha  Rocha","Técnico En Párvulos"," ","Contratados Sin Planta","Afectos Al Código del Trabajo","2019-03-01 00:00:00.0","1900-01-01 00:00:00.0"
"Mariquina","Codigo del Trabajo","Educación","Código del Trabajo","Paula Paz Fuenzalida Cortez","Asistente Social"," ","Contratados Sin Planta","Afectos Al Código del Trabajo","2019-03-01 00:00:00.0","1900-01-01 00:00:00.0"
"Mariquina","Codigo del Trabajo","Educación","Código del Trabajo","Teresa Alejandra Huaiquinao Nahuel?ir","Asistente"," ","Contratados Sin Planta","Afectos Al Código del Trabajo","2016-03-01 00:00:00.0","1900-01-01 00:00:00.0"
"Mariquina","Codigo del Trabajo","Educación","Código del Trabajo","Paola Alejandra Fernandez Cid","Técnico En Párvulos"," ","Contratados Sin Planta","Asistentes de La Educación Ley N°19.464","2019-03-01 00:00:00.0","1900-01-01 00:00:00.0"
"Mariquina","Codigo del Trabajo","Educación","Código del Trabajo","Alejandra Ivette Ruiz Reyes","Asistente"," ","Contratados Sin Planta","Afectos Al Código del Trabajo","2018-03-01 00:00:00.0","1900-01-01 00:00:00.0"
"Mariquina","Codigo del Trabajo","Educación","Código del Trabajo","Silvia Camila Huincatripay Morales","Técnico En Atención de Párvulos"," ","Contratados Sin Planta","Afectos Al Código del Trabajo","2017-01-01 00:00:00.0","1900-01-01 00:00:00.0"
"Mariquina","Codigo del Trabajo","Educación","Código del Trabajo","Ana María Soto Alarcón","Asistente Parvularia"," ","Funcionarios","Afectos Al Código del Trabajo","2014-07-08 00:00:00.0","1900-01-01 00:00:00.0"
"Mariquina","Codigo del Trabajo","Educación","Código del Trabajo","Ivania Aldana Manquecoi Huanquil","Técnico En Atención de Párvulos"," ","Contratados Sin Planta","Afectos Al Código del Trabajo","2017-03-01 00:00:00.0","1900-01-01 00:00:00.0"
"Mariquina","Codigo del Trabajo","Educación","Código del Trabajo","Johana Evelin Bascu¿an Carrasco","Asistente Parvularia"," ","Contratados Sin Planta","Afectos Al Código del Trabajo","2017-03-01 00:00:00.0","1900-01-01 00:00:00.0"
"Mariquina","Codigo del Trabajo","Educación","Código del Trabajo","Daniela Beatriz Riquelme Reyes","Técnico"," ","Contratados Sin Planta","Afectos Al Código del Trabajo","2016-08-03 00:00:00.0","8201-10-25 00:00:00.0"
"Mariquina","Codigo del Trabajo","Educación","Código del Trabajo","Catherine Viviana Robles Manquecoi","Asistente de La Educación"," ","Contratados Sin Planta","Asistentes de La Educación Ley N°19.464","2019-03-01 00:00:00.0","1900-01-01 00:00:00.0"
"Mariquina","Codigo del Trabajo","Educación","Código del Trabajo","Karen Patricia Mesas Arias","Educadora Párvulos"," ","Contratados Sin Planta","Afectos Al Código del Trabajo","2016-05-16 00:00:00.0","1900-01-01 00:00:00.0"
"Mariquina","Codigo del Trabajo","Educación","Código del Trabajo","Nicol Bernardita Lienlaf Martin","Asistente"," ","Contratados Sin Planta","Afectos Al Código del Trabajo","2018-03-01 00:00:00.0","2019-02-28 00:00:00.0"
"Mariquina","Codigo del Trabajo","Educación","Código del Trabajo","Leslie Yussary Arismendy Rosas","Técnico En Párvulos"," ","Contratados Sin Planta","Afectos Al Código del Trabajo","2019-03-01 00:00:00.0","2020-02-28 00:00:00.0"
"Mariquina","Codigo del Trabajo","Educación","Código del Trabajo","Javiera Francisca Monsalves Berrocal","Técnico En Atención de Párvulos"," ","Contratados Sin Planta","Asistentes de La Educación Ley N°19.464","2019-06-07 00:00:00.0","2019-08-29 00:00:00.0"
"Mariquina","Codigo del Trabajo","Educación","Código del Trabajo","Genaro Atilio Medina Saldivia","Inspector"," ","Contratados Sin Planta","Afectos Al Código del Trabajo","2018-03-01 00:00:00.0","1900-01-01 00:00:00.0"
"Mariquina","Codigo del Trabajo","Educación","Código del Trabajo","María Cristina  Epuante  Llancafil","Asistente"," ","Contratados Sin Planta","Afectos Al Código del Trabajo","2018-03-01 00:00:00.0","2019-02-28 00:00:00.0"
"Mariquina","Codigo del Trabajo","Educación","Código del Trabajo","Gladys Larissa Guarda Muñoz","Educadora Párvulos"," ","Funcionarios","Afectos Al Código del Trabajo","2014-09-01 00:00:00.0","1900-01-01 00:00:00.0"
"Mariquina","Codigo del Trabajo","Educación","Código del Trabajo","Yarela del Carmen Gonzalez Valenzuela","Educadora Párvulos"," ","Contratados Sin Planta","Afectos Al Código del Trabajo","2015-01-01 00:00:00.0","1900-01-01 00:00:00.0"
"Mariquina","Codigo del Trabajo","Educación","Código del Trabajo","Luis Humberto Barrientos Cordova","Psicólogo"," ","Contratados Sin Planta","Afectos Al Código del Trabajo","2016-03-01 00:00:00.0","1900-01-01 00:00:00.0"
