"Comuna","Tipo de Contratación","Área","Calidad","Nombre","Cargo","Grado","Planta","Remuneración","Fecha desde","Fecha hasta"
"Quilleco","Honorarios","Programa Comunitario","Programa Comunitario","Franklin Luis Castillo Moreno","","SIN INFORMACION","","","2019-03-01 00:00:00.0","2019-12-31 00:00:00.0"
"Quilleco","Honorarios","Programa Comunitario","Programa Comunitario","Milla Alarcon Jacinto Antonio","","SIN INFORMACION","","","2019-01-01 00:00:00.0","2019-12-31 00:00:00.0"
"Quilleco","Honorarios","Programa Comunitario","Programa Comunitario","Maria Angelica Novoa Sanhueza","","SIN INFORMACION","","","2019-04-23 00:00:00.0","2019-12-31 00:00:00.0"
"Quilleco","Honorarios","Programa Comunitario","Programa Comunitario","Jaime Aurelio Quilodran Acuña","","SIN INFORMACION","","","2019-04-01 00:00:00.0","2019-09-30 00:00:00.0"
"Quilleco","Honorarios","Programa Comunitario","Programa Comunitario","Daniel Antonio Crisostomo Guerrero","","SIN INFORMACION","","","2019-04-01 00:00:00.0","2019-12-31 00:00:00.0"
"Quilleco","Honorarios","Programa Comunitario","Programa Comunitario","Marisol Mabel Valdes Villegas","","SIN INFORMACION","","","2019-04-01 00:00:00.0","2019-09-30 00:00:00.0"
"Quilleco","Honorarios","Programa Comunitario","Programa Comunitario","Juan Domingo Crisostomo Guerrero","","SIN INFORMACION","","","2019-05-02 00:00:00.0","2019-12-31 00:00:00.0"
"Quilleco","Honorarios","Programa Comunitario","Programa Comunitario","Norma Ana  Neira Cuevas","","SIN INFORMACION","","","2019-04-26 00:00:00.0","2019-12-31 00:00:00.0"
"Quilleco","Honorarios","Programa Comunitario","Programa Comunitario","Marisol Doris Quezada Almendras","","SIN INFORMACION","","","2019-04-23 00:00:00.0","2019-12-31 00:00:00.0"
"Quilleco","Honorarios","Programa Comunitario","Programa Comunitario","Omar Sergio Obreque Bravo","","SIN INFORMACION","","","2019-01-01 00:00:00.0","2019-03-31 00:00:00.0"
"Quilleco","Honorarios","Programa Comunitario","Programa Comunitario","Ruiz Campos Benedicto Apolonio","","SIN INFORMACION","","","2019-01-01 00:00:00.0","2019-03-31 00:00:00.0"
"Quilleco","Honorarios","Programa Comunitario","Programa Comunitario","Daniel Alejandro  Aburto Burgos","","SIN INFORMACION","","","2019-01-01 00:00:00.0","2019-12-31 00:00:00.0"
"Quilleco","Honorarios","Programa Comunitario","Programa Comunitario","Yasmina Solange  Pinto  Ramos","","SIN INFORMACION","","","2019-04-22 00:00:00.0","2019-12-31 00:00:00.0"
"Quilleco","Honorarios","Programa Comunitario","Programa Comunitario","Hector Florencio Sobarzo Cruces","","SIN INFORMACION","","","2019-06-03 00:00:00.0","2019-08-31 00:00:00.0"
"Quilleco","Honorarios","Programa Comunitario","Programa Comunitario","Osman Victor Zapata Altamirano","","SIN INFORMACION","","","2019-04-01 00:00:00.0","2019-12-31 00:00:00.0"
"Quilleco","Honorarios","Programa Comunitario","Programa Comunitario","Natalia Andrea Díaz  Moraga","","SIN INFORMACION","","","2019-03-01 00:00:00.0","2019-12-31 00:00:00.0"
"Quilleco","Honorarios","Programa Comunitario","Programa Comunitario","Maria Elizabeth  Almendras Almendras","","SIN INFORMACION","","","2019-01-01 00:00:00.0","2019-12-31 00:00:00.0"
"Quilleco","Honorarios","Programa Comunitario","Programa Comunitario","Noelia Marisol Melo Urrutia","","SIN INFORMACION","","","2019-01-01 00:00:00.0","2019-12-31 00:00:00.0"
"Quilleco","Honorarios","Programa Comunitario","Programa Comunitario","Carola Alejandra Sanchez Parra","","SIN INFORMACION","","","2019-01-02 00:00:00.0","2019-06-30 00:00:00.0"
"Quilleco","Honorarios","Programa Comunitario","Programa Comunitario","Hector Manases  Linay Iba¿ez","","SIN INFORMACION","","","2019-01-01 00:00:00.0","2019-03-31 00:00:00.0"
"Quilleco","Honorarios","Programa Comunitario","Programa Comunitario","Claudio Alexis Cabrera Vergara","","SIN INFORMACION","","","2019-01-01 00:00:00.0","2019-03-31 00:00:00.0"
"Quilleco","Honorarios","Programa Comunitario","Programa Comunitario","Erna Teresa Quilodran Valenzuela","","SIN INFORMACION","","","2019-01-01 00:00:00.0","2019-02-28 00:00:00.0"
"Quilleco","Honorarios","Programa Comunitario","Programa Comunitario","Jorge Americo Hernandez Villa","","SIN INFORMACION","","","2019-04-01 00:00:00.0","2019-09-30 00:00:00.0"
"Quilleco","Honorarios","Programa Comunitario","Programa Comunitario","Paulina Pilar  Vial Irai Ira","","SIN INFORMACION","","","2019-01-01 00:00:00.0","2019-12-31 00:00:00.0"
"Quilleco","Honorarios","Programa Comunitario","Programa Comunitario","Jorge Patricio Beroiza Bascur","","SIN INFORMACION","","","2019-01-01 00:00:00.0","2019-03-31 00:00:00.0"
"Quilleco","Honorarios","Programa Comunitario","Programa Comunitario","Claudia  Belmar  Sandoval","","SIN INFORMACION","","","2019-01-01 00:00:00.0","2019-12-31 00:00:00.0"
"Quilleco","Honorarios","Programa Comunitario","Programa Comunitario","Felipe Andres Alvear Campos","","SIN INFORMACION","","","2019-01-01 00:00:00.0","2019-12-31 00:00:00.0"
"Quilleco","Honorarios","Programa Comunitario","Programa Comunitario","Pamela Beatriz Mu¿oz  Mu¿oz","","SIN INFORMACION","","","2019-01-01 00:00:00.0","2019-12-31 00:00:00.0"
"Quilleco","Honorarios","Programa Comunitario","Programa Comunitario","Daniela Veronica  Brito Alvarez","","SIN INFORMACION","","","2019-05-02 00:00:00.0","2019-09-30 00:00:00.0"
"Quilleco","Honorarios","Programa Comunitario","Programa Comunitario","Ximena Alejandra Maldonado Pinares","","SIN INFORMACION","","","2019-01-01 00:00:00.0","2019-12-31 00:00:00.0"
"Quilleco","Honorarios","Programa Comunitario","Programa Comunitario","Jose Alejandro Navarrete  Navarrete","","SIN INFORMACION","","","2019-01-01 00:00:00.0","2019-12-31 00:00:00.0"
"Quilleco","Honorarios","Programa Comunitario","Programa Comunitario","Christian Felipe  Rubilar Araya","","SIN INFORMACION","","","2019-01-01 00:00:00.0","2019-12-31 00:00:00.0"
"Quilleco","Honorarios","Programa Comunitario","Programa Comunitario","Isabel Antonia Venegas Matamala","","SIN INFORMACION","","","2019-01-01 00:00:00.0","2019-03-31 00:00:00.0"
"Quilleco","Honorarios","Programa Comunitario","Programa Comunitario","Rodrigo Jose Silva Guaico","","SIN INFORMACION","","","2019-03-19 00:00:00.0","2019-11-30 00:00:00.0"
"Quilleco","Honorarios","Programa Comunitario","Programa Comunitario","John Alex Mu¿oz Castillo","","SIN INFORMACION","","","2019-01-01 00:00:00.0","2019-12-31 00:00:00.0"
"Quilleco","Honorarios","Programa Comunitario","Programa Comunitario","Cristian Einner Guajardo Barrera","","SIN INFORMACION","","","2019-01-01 00:00:00.0","2019-12-31 00:00:00.0"
"Quilleco","Honorarios","Programa Comunitario","Programa Comunitario","Jorge Ricardo Silva Canales","","SIN INFORMACION","","","2019-01-01 00:00:00.0","2019-12-31 00:00:00.0"
"Quilleco","Honorarios","Programa Comunitario","Programa Comunitario","Pablo Esteban Rivas Pulgar","","SIN INFORMACION","","","2019-01-09 00:00:00.0","2019-01-31 00:00:00.0"
"Quilleco","Honorarios","Programa Comunitario","Programa Comunitario","Carmen Rosa  Mella  Oliva","","SIN INFORMACION","","","2019-01-01 00:00:00.0","2019-12-31 00:00:00.0"
"Quilleco","Honorarios","Programa Comunitario","Programa Comunitario","Carlos Andres Sepulveda  San Martin","","SIN INFORMACION","","","2019-01-01 00:00:00.0","2019-12-31 00:00:00.0"
"Quilleco","Honorarios","Programa Comunitario","Programa Comunitario","Karol Irene Salas Espinoza","","SIN INFORMACION","","","2019-03-19 00:00:00.0","2019-11-30 00:00:00.0"
"Quilleco","Honorarios","Programa Comunitario","Programa Comunitario","Lissette Nicole  Jofre Diaz","","SIN INFORMACION","","","2019-01-01 00:00:00.0","2019-02-28 00:00:00.0"
"Quilleco","Honorarios","Programa Comunitario","Programa Comunitario","Fabian Andres Romero Pulgar","","SIN INFORMACION","","","2019-04-01 00:00:00.0","2019-09-30 00:00:00.0"
"Quilleco","Honorarios","Programa Comunitario","Programa Comunitario","Juan Pablo  Sandoval  Riquelme","","SIN INFORMACION","","","2019-03-19 00:00:00.0","2019-11-30 00:00:00.0"
"Quilleco","Honorarios","Programa Comunitario","Programa Comunitario","Felipe Eduardo Gonzalez  Ceballos","","SIN INFORMACION","","","2019-03-19 00:00:00.0","2019-11-30 00:00:00.0"
"Quilleco","Honorarios","Programa Comunitario","Programa Comunitario","Fabian Alejandro Jara Pinto","","SIN INFORMACION","","","2019-03-19 00:00:00.0","2019-11-30 00:00:00.0"
"Quilleco","Honorarios","Programa Comunitario","Programa Comunitario","Saez Rivas  Francisco","","SIN INFORMACION","","","2019-01-01 00:00:00.0","2019-03-31 00:00:00.0"
"Quilleco","Honorarios","Programa Comunitario","Programa Comunitario","Ramon Eustaquio Salas Campos","","SIN INFORMACION","","","2019-01-01 00:00:00.0","2019-03-31 00:00:00.0"
"Quilleco","Honorarios","Programa Comunitario","Programa Comunitario","Segundo Juan Beltran Vines","","SIN INFORMACION","","","2019-04-01 00:00:00.0","2019-12-31 00:00:00.0"
"Quilleco","Honorarios","Programa Comunitario","Programa Comunitario","Marta Aurora Fuentes Barra","","SIN INFORMACION","","","2019-04-22 00:00:00.0","2019-12-31 00:00:00.0"
"Quilleco","Honorarios","Programa Comunitario","Programa Comunitario","Isolia Veronica Rodriguez Oyarzo","","SIN INFORMACION","","","2019-04-22 00:00:00.0","2019-12-31 00:00:00.0"
"Quilleco","Honorarios","Programa Comunitario","Programa Comunitario","Carlos Alberto Zapata  Muñoz","","SIN INFORMACION","","","2019-01-01 00:00:00.0","2019-03-31 00:00:00.0"
"Quilleco","Honorarios","Programa Comunitario","Programa Comunitario","Luis Alberto  Bastidas Zamora","","SIN INFORMACION","","","2019-01-01 00:00:00.0","2019-03-31 00:00:00.0"
"Quilleco","Honorarios","Programa Comunitario","Programa Comunitario","Maria Isabel Soto Merino","","SIN INFORMACION","","","2019-04-23 00:00:00.0","2019-12-31 00:00:00.0"
"Quilleco","Honorarios","Programa Comunitario","Programa Comunitario","Gladis del Carmen Almendras Cabezas","","SIN INFORMACION","","","2019-04-22 00:00:00.0","2019-12-31 00:00:00.0"
"Quilleco","Honorarios","Programa Comunitario","Programa Comunitario","Bella Hortencia Muñoz Ortiz","","SIN INFORMACION","","","2019-04-25 00:00:00.0","2019-12-31 00:00:00.0"
"Quilleco","Honorarios","Programa Comunitario","Programa Comunitario","Jose Nicolas Gonzalez Gonzalez","","SIN INFORMACION","","","2019-06-03 00:00:00.0","2019-08-31 00:00:00.0"
"Quilleco","Honorarios","Programa Comunitario","Programa Comunitario","Lorenzo Octavio Ortega Meza","","SIN INFORMACION","","","2019-01-01 00:00:00.0","2019-12-31 00:00:00.0"
"Quilleco","Honorarios","Programa Comunitario","Programa Comunitario","Erika Victoria Lagos  Ruminot","","SIN INFORMACION","","","2019-04-22 00:00:00.0","2019-12-31 00:00:00.0"
"Quilleco","Honorarios","Programa Comunitario","Programa Comunitario","Jose Ruben Cea Gatica","","SIN INFORMACION","","","2019-10-08 00:00:00.0","2019-12-31 00:00:00.0"
"Quilleco","Honorarios","Programa Comunitario","Programa Comunitario","Jose Genaro Reyes Carter","","SIN INFORMACION","","","2019-01-02 00:00:00.0","2019-12-31 00:00:00.0"
"Quilleco","Honorarios","Programa Comunitario","Programa Comunitario","Raul Jara Almendras","","SIN INFORMACION","","","2019-01-01 00:00:00.0","2019-03-31 00:00:00.0"
"Quilleco","Honorarios","Programa Comunitario","Programa Comunitario","Luis Ivan Lagos  Lagos","","SIN INFORMACION","","","2019-01-02 00:00:00.0","2019-12-31 00:00:00.0"
"Quilleco","Honorarios","Programa Comunitario","Programa Comunitario","Blanca Ruth Salazar Vasquez","","SIN INFORMACION","","","2019-04-22 00:00:00.0","2019-12-31 00:00:00.0"
"Quilleco","Honorarios","Programa Comunitario","Programa Comunitario","Emilio Antonio Padilla Gonzalez","","SIN INFORMACION","","","2019-01-02 00:00:00.0","2019-12-31 00:00:00.0"
"Quilleco","Honorarios","Programa Comunitario","Programa Comunitario","Leonardo Antonio Díaz  Seguel","","SIN INFORMACION","","","2019-01-01 00:00:00.0","2019-03-31 00:00:00.0"
"Quilleco","Honorarios","Programa Comunitario","Programa Comunitario","Berta de Las Mercedes Merino Maldonado","","SIN INFORMACION","","","2019-04-22 00:00:00.0","2019-12-31 00:00:00.0"
"Quilleco","Honorarios","Programa Comunitario","Programa Comunitario","Jose Yamil Arias Figueroa","","SIN INFORMACION","","","2019-01-01 00:00:00.0","2019-12-31 00:00:00.0"
"Quilleco","Honorarios","Programa Comunitario","Programa Comunitario","Gerardo Palma Burgos","","SIN INFORMACION","","","2019-01-01 00:00:00.0","2019-12-31 00:00:00.0"
"Quilleco","Honorarios","Programa Comunitario","Programa Comunitario","Laura Rosa Garcia  Seguel","","SIN INFORMACION","","","2019-04-23 00:00:00.0","2019-12-31 00:00:00.0"
"Quilleco","Honorarios","Programa Comunitario","Programa Comunitario","Judith Nedy Fuentes Barra","","SIN INFORMACION","","","2019-04-25 00:00:00.0","2019-12-31 00:00:00.0"
"Quilleco","Honorarios","Programa Comunitario","Programa Comunitario","Hortensia del Carmen Ñancupil Astorga","","SIN INFORMACION","","","2019-04-24 00:00:00.0","2019-12-31 00:00:00.0"
"Quilleco","Honorarios","Programa Comunitario","Programa Comunitario","Omar Antonio San Martin  Novoa","","SIN INFORMACION","","","2019-01-01 00:00:00.0","2019-03-31 00:00:00.0"
"Quilleco","Honorarios","Programa Comunitario","Programa Comunitario","Patricio Antonio  Parra  Lagos","","SIN INFORMACION","","","2019-01-01 00:00:00.0","2019-12-31 00:00:00.0"
