"Comuna","Tipo de Contratación","Área","Calidad","Nombre","Cargo","Grado","Planta","Remuneración","Fecha desde","Fecha hasta"
"Quilleco","Contrata","Sin Clasificación","Contrata","Veronica Carmen Contreras Moya","Auxiliar"," ","Auxiliares","Escala Atención Primaria de Salud Municipal","2013-01-01 00:00:00.0","1900-01-01 00:00:00.0"
"Quilleco","Contrata","Sin Clasificación","Contrata","Maria Ines  Godoy Labrin","Docente"," ","Contratados Sin Planta","Escala Profesionales de La Educación Llay 19.070)","2012-08-20 00:00:00.0","1900-01-01 00:00:00.0"
"Quilleco","Contrata","Sin Clasificación","Contrata","Patricio Rene Riffo Guerrero","Auxiliar"," ","Contratados Sin Planta","Escala Municipal","2019-01-01 00:00:00.0","2019-12-31 00:00:00.0"
"Quilleco","Contrata","Sin Clasificación","Contrata","Juan Pablo Morales Santoro","Docente"," ","Contratados Sin Planta","Escala Profesionales de La Educación Llay 19.070)","2011-04-21 00:00:00.0","1900-01-01 00:00:00.0"
"Quilleco","Contrata","Sin Clasificación","Contrata","Manuel Patricio Castillo Benavides","Docente"," ","Contratados Sin Planta","Escala Profesionales de La Educación Llay 19.070)","2012-03-14 00:00:00.0","1900-01-01 00:00:00.0"
"Quilleco","Contrata","Sin Clasificación","Contrata","Erika Oriana Sanhueza Mejias","Docente"," ","Contratados Sin Planta","Escala Profesionales de La Educación Llay 19.070)","2009-06-08 00:00:00.0","1900-01-01 00:00:00.0"
"Quilleco","Contrata","Sin Clasificación","Contrata","Eduardo Sebastian Muñoz Bastidas","Docente"," ","Contratados Sin Planta","Escala Profesionales de La Educación Llay 19.070)","2010-10-13 00:00:00.0","1900-01-01 00:00:00.0"
"Quilleco","Contrata","Sin Clasificación","Contrata","Elier Alejandro Merino Maldonado","Auxiliar Chófer","18°","Auxiliares","Escala Municipal","2019-01-01 00:00:00.0","2019-12-31 00:00:00.0"
"Quilleco","Contrata","Sin Clasificación","Contrata","Daisy Paola Rodriguez Soto","Docente"," ","Contratados Sin Planta","Escala Profesionales de La Educación Llay 19.070)","2012-05-16 00:00:00.0","1900-01-01 00:00:00.0"
"Quilleco","Contrata","Sin Clasificación","Contrata","Mauricio Antonio Sandoval Rivas","Docente"," ","Contratados Sin Planta","Escala Profesionales de La Educación Llay 19.070)","2013-03-15 00:00:00.0","1900-01-01 00:00:00.0"
"Quilleco","Contrata","Sin Clasificación","Contrata","Jaime Bernardo Hermosilla Jofre|","Auxiliar"," ","Auxiliares","Escala Atención Primaria de Salud Municipal","2014-01-02 00:00:00.0","1900-01-01 00:00:00.0"
"Quilleco","Contrata","Sin Clasificación","Contrata","Minerva Lorena Perez Ramos","Docente"," ","Contratados Sin Planta","Escala Profesionales de La Educación Llay 19.070)","2011-06-13 00:00:00.0","1900-01-01 00:00:00.0"
"Quilleco","Contrata","Sin Clasificación","Contrata","Danilo Eduardo Bascuñan Villablanca","Abogado"," ","Contratados Sin Planta","Escala Municipal","2010-12-31 00:00:00.0","1900-01-01 00:00:00.0"
"Quilleco","Contrata","Sin Clasificación","Contrata","Roxana Lizbeth Figueroa Petit-laurent","Docente"," ","Contratados Sin Planta","Escala Profesionales de La Educación Llay 19.070)","2010-10-26 00:00:00.0","1900-01-01 00:00:00.0"
"Quilleco","Contrata","Sin Clasificación","Contrata","Paulina Soledad Vasquez Barrera","Profesional"," ","Profesionales","Escala Atención Primaria de Salud Municipal","2014-01-01 00:00:00.0","1900-01-01 00:00:00.0"
"Quilleco","Contrata","Sin Clasificación","Contrata","Myriam Isabel Aguirre Mellado","Asistente Parvularia"," ","Contratados Sin Planta","Escala Profesionales de La Educación Llay 19.070)","2009-07-01 00:00:00.0","1900-01-01 00:00:00.0"
"Quilleco","Contrata","Sin Clasificación","Contrata","Prebisteria del Carmen Vasquez Ruiz","Docente"," ","Contratados Sin Planta","Escala Profesionales de La Educación Llay 19.070)","2012-04-04 00:00:00.0","1900-01-01 00:00:00.0"
"Quilleco","Contrata","Sin Clasificación","Contrata","Susan Carolina Troncoso Valdebenito","Docente"," ","Contratados Sin Planta","Escala Profesionales de La Educación Llay 19.070)","2009-04-03 00:00:00.0","1900-01-01 00:00:00.0"
"Quilleco","Contrata","Sin Clasificación","Contrata","Evelyn Alejandra Segura Alveal","Docente"," ","Contratados Sin Planta","Escala Profesionales de La Educación Llay 19.070)","2009-08-24 00:00:00.0","1900-01-01 00:00:00.0"
"Quilleco","Contrata","Sin Clasificación","Contrata","Marcela Alejandra Monge Anabalon","Docente"," ","Contratados Sin Planta","Escala Profesionales de La Educación Llay 19.070)","2011-07-05 00:00:00.0","1900-01-01 00:00:00.0"
"Quilleco","Contrata","Sin Clasificación","Contrata","Francesca Lissette Fernandez Fernandez","Docente"," ","Contratados Sin Planta","Escala Profesionales de La Educación Llay 19.070)","2011-11-29 00:00:00.0","1900-01-01 00:00:00.0"
"Quilleco","Contrata","Sin Clasificación","Contrata","Valeria del Rosario Contreras Figueroa","Docente"," ","Contratados Sin Planta","Escala Profesionales de La Educación Llay 19.070)","2010-09-07 00:00:00.0","1900-01-01 00:00:00.0"
"Quilleco","Contrata","Sin Clasificación","Contrata","Roxana Alejandra Triviños Palma","Docente"," ","Contratados Sin Planta","Escala Profesionales de La Educación Llay 19.070)","2009-10-07 00:00:00.0","1900-01-01 00:00:00.0"
"Quilleco","Contrata","Sin Clasificación","Contrata","Karina Roxana Diaz Gayoso","Docente"," ","Personal No Pertenece A Planta","Escala Profesionales de La Educación Llay 19.070)","2012-03-01 00:00:00.0","1900-01-01 00:00:00.0"
"Quilleco","Contrata","Sin Clasificación","Contrata","Silvana Carmen Mena Araneda","Docente"," ","Contratados Sin Planta","Escala Profesionales de La Educación Llay 19.070)","2011-09-12 00:00:00.0","1900-01-01 00:00:00.0"
"Quilleco","Contrata","Sin Clasificación","Contrata","Angela Karin Manosalva Gatica","Docente"," ","Contratados Sin Planta","Escala Profesionales de La Educación Llay 19.070)","2009-03-02 00:00:00.0","1900-01-01 00:00:00.0"
"Quilleco","Contrata","Sin Clasificación","Contrata","Felipe Gabriel Diaz Medina","Docente"," ","Contratados Sin Planta","Escala Profesionales de La Educación Llay 19.070)","2011-05-23 00:00:00.0","1900-01-01 00:00:00.0"
"Quilleco","Contrata","Sin Clasificación","Contrata","Maria Jose Salas Sandoval","Docente"," ","Contratados Sin Planta","Escala Profesionales de La Educación Llay 19.070)","2012-06-21 00:00:00.0","1900-01-01 00:00:00.0"
"Quilleco","Contrata","Sin Clasificación","Contrata","Maricel Alejandra Sanhueza Mena","Docente"," ","Contratados Sin Planta","Escala Profesionales de La Educación Llay 19.070)","2009-06-25 00:00:00.0","1900-01-01 00:00:00.0"
"Quilleco","Contrata","Sin Clasificación","Contrata","Sergio Alejandro Campos  Vargas","Administrador","8°","Directivos","Escala Municipal","2014-03-05 00:00:00.0","1900-01-01 00:00:00.0"
"Quilleco","Contrata","Sin Clasificación","Contrata","Yajairo   Andres Riveros Cid","Docente"," ","Contratados Sin Planta","Escala Profesionales de La Educación Llay 19.070)","2013-04-01 00:00:00.0","1900-01-01 00:00:00.0"
"Quilleco","Contrata","Sin Clasificación","Contrata","Victoria Adela Mendez Sepulveda","Administrativo"," ","Administrativos","Escala Atención Primaria de Salud Municipal","2014-01-01 00:00:00.0","1900-01-01 00:00:00.0"
"Quilleco","Contrata","Sin Clasificación","Contrata","Paulo Francisco Vivanco Gomez","Docente"," ","Contratados Sin Planta","Escala Profesionales de La Educación Llay 19.070)","2011-12-06 00:00:00.0","1900-01-01 00:00:00.0"
"Quilleco","Contrata","Sin Clasificación","Contrata","Karen Cecilia Soto-aguilar Cerda","Docente"," ","Contratados Sin Planta","Escala Profesionales de La Educación Llay 19.070)","2009-10-06 00:00:00.0","1900-01-01 00:00:00.0"
"Quilleco","Contrata","Sin Clasificación","Contrata","Pia Goretti Quintana Martinez","Docente"," ","Contratados Sin Planta","Escala Profesionales de La Educación Llay 19.070)","2011-08-01 00:00:00.0","1900-01-01 00:00:00.0"
"Quilleco","Contrata","Sin Clasificación","Contrata","Carla Beatriz Escobar Gonzalez","Docente"," ","Contratados Sin Planta","Escala Profesionales de La Educación Llay 19.070)","2012-04-09 00:00:00.0","1900-01-01 00:00:00.0"
"Quilleco","Contrata","Sin Clasificación","Contrata","Elena Maribel Marquez Gonzalez","Docente"," ","Contratados Sin Planta","Escala Profesionales de La Educación Llay 19.070)","2012-04-17 00:00:00.0","1900-01-01 00:00:00.0"
"Quilleco","Contrata","Sin Clasificación","Contrata","Natalia Fernanda Inostroza Ocampo","Docente"," ","Contratados Sin Planta","Escala Profesionales de La Educación Llay 19.070)","2011-03-14 00:00:00.0","1900-01-01 00:00:00.0"
"Quilleco","Contrata","Sin Clasificación","Contrata","Rosa Ester Mayorga Carrasco","Docente"," ","Contratados Sin Planta","Escala Profesionales de La Educación Llay 19.070)","2012-04-02 00:00:00.0","1900-01-01 00:00:00.0"
"Quilleco","Contrata","Sin Clasificación","Contrata","Alexis Andres Canales Chavarria","Agregado"," ","Contratados Sin Planta","Escala Profesionales de La Educación Llay 19.070)","2013-08-21 00:00:00.0","1900-01-01 00:00:00.0"
"Quilleco","Contrata","Sin Clasificación","Contrata","Stephanie Diane Saavedra Rodriguez","Docente"," ","Contratados Sin Planta","Escala Profesionales de La Educación Llay 19.070)","2011-05-23 00:00:00.0","1900-01-01 00:00:00.0"
"Quilleco","Contrata","Sin Clasificación","Contrata","Andrea Pilar Abarzua Cid","Docente"," ","Contratados Sin Planta","Escala Profesionales de La Educación Llay 19.070)","2012-04-03 00:00:00.0","1900-01-01 00:00:00.0"
"Quilleco","Contrata","Sin Clasificación","Contrata","Felix Antonio Bravo Ortega","Docente"," ","Contratados Sin Planta","Escala Profesionales de La Educación Llay 19.070)","2011-08-29 00:00:00.0","1900-01-01 00:00:00.0"
"Quilleco","Contrata","Sin Clasificación","Contrata","Paula Teresa Hermosilla Bastidas","Docente"," ","Contratados Sin Planta","Escala Profesionales de La Educación Llay 19.070)","2009-10-22 00:00:00.0","1900-01-01 00:00:00.0"
"Quilleco","Contrata","Sin Clasificación","Contrata","Luis Antonio Perez Herrera","Técnico"," ","Técnicos","Escala Atención Primaria de Salud Municipal","2014-01-01 00:00:00.0","1900-01-01 00:00:00.0"
"Quilleco","Contrata","Sin Clasificación","Contrata","Carolina Isabel Araneda Crisostomo","Administrativo"," ","Administrativos","Escala Atención Primaria de Salud Municipal","2014-04-01 00:00:00.0","1900-01-01 00:00:00.0"
"Quilleco","Contrata","Sin Clasificación","Contrata","Elizabeth  del Carmen Gatica Escobar","Administrativo"," ","Administrativos","Escala Atención Primaria de Salud Municipal","2013-05-01 00:00:00.0","1900-01-01 00:00:00.0"
"Quilleco","Contrata","Sin Clasificación","Contrata","Alejandra Isabel Duran Ruiz","Administrador"," ","Administrativa A","Escala Atención Primaria de Salud Municipal","2014-01-13 00:00:00.0","1900-01-01 00:00:00.0"
"Quilleco","Contrata","Sin Clasificación","Contrata","Yanitza Tahere Gatica Cares","Técnico"," ","Técnicos","Escala Atención Primaria de Salud Municipal","2014-01-02 00:00:00.0","1900-01-01 00:00:00.0"
"Quilleco","Contrata","Sin Clasificación","Contrata","Juan Mario Carrasco Lagos","Docente"," ","Contratados Sin Planta","Escala Profesionales de La Educación Llay 19.070)","2012-08-07 00:00:00.0","1900-01-01 00:00:00.0"
"Quilleco","Contrata","Sin Clasificación","Contrata","Ricardo Antonio Opazo Gutierrez","Docente"," ","Contratados Sin Planta","Escala Profesionales de La Educación Llay 19.070)","2011-06-30 00:00:00.0","1900-01-01 00:00:00.0"
"Quilleco","Contrata","Sin Clasificación","Contrata","Audolia del Rosario Bustos Inostroza","Docente"," ","Contratados Sin Planta","Escala Profesionales de La Educación Llay 19.070)","2010-05-28 00:00:00.0","1900-01-01 00:00:00.0"
"Quilleco","Contrata","Sin Clasificación","Contrata","Georgina del Carmen Villaman Caceres","Docente"," ","Profesional Docente","Escala Profesionales de La Educación Llay 19.070)","2009-10-01 00:00:00.0","1900-01-01 00:00:00.0"
"Quilleco","Contrata","Sin Clasificación","Contrata","Hortencia del Pilar Martinez Cid","Docente"," ","Contratados Sin Planta","Escala Profesionales de La Educación Llay 19.070)","2010-10-07 00:00:00.0","1900-01-01 00:00:00.0"
"Quilleco","Contrata","Sin Clasificación","Contrata","Ana Maria Roa Rubilar","Docente"," ","Contratados Sin Planta","Escala Profesionales de La Educación Llay 19.070)","2012-06-27 00:00:00.0","1900-01-01 00:00:00.0"
"Quilleco","Contrata","Sin Clasificación","Contrata","Maria Isabel Muñoz Muñoz","Docente"," ","Contratados Sin Planta","Escala Profesionales de La Educación Llay 19.070)","2009-10-01 00:00:00.0","1900-01-01 00:00:00.0"
"Quilleco","Contrata","Sin Clasificación","Contrata","Ivan Baldemar Leiva Contreras","Director"," ","Contratados Sin Planta","Escala Profesionales de La Educación Llay 19.070)","2012-08-22 00:00:00.0","1900-01-01 00:00:00.0"
"Quilleco","Contrata","Sin Clasificación","Contrata","Elena Carmen Vera Sandoval","Docente"," ","Contratados Sin Planta","Escala Profesionales de La Educación Llay 19.070)","2009-07-01 00:00:00.0","1900-01-01 00:00:00.0"
"Quilleco","Contrata","Sin Clasificación","Contrata","Carlos Alberto Ramirez Perez","Docente"," ","Contratados Sin Planta","Escala Profesionales de La Educación Llay 19.070)","2009-04-27 00:00:00.0","1900-01-01 00:00:00.0"
"Quilleco","Contrata","Sin Clasificación","Contrata","Marcela Filomena Castillo Lizama","Profesional"," ","Profesionales","Escala Atención Primaria de Salud Municipal","2014-01-01 00:00:00.0","1900-01-01 00:00:00.0"
"Quilleco","Contrata","Sin Clasificación","Contrata","Lidia Ruth Castro Mellado","Docente"," ","Contratados Sin Planta","Escala Profesionales de La Educación Llay 19.070)","2009-12-18 00:00:00.0","1900-01-01 00:00:00.0"
"Quilleco","Contrata","Sin Clasificación","Contrata","Silene Natacha Silva Jara","Docente"," ","Contratados Sin Planta","Escala Profesionales de La Educación Llay 19.070)","2009-06-22 00:00:00.0","1900-01-01 00:00:00.0"
"Quilleco","Contrata","Sin Clasificación","Contrata","Angelica Zunilda Sepulveda Almendras","Secreto","17°","Contratados Sin Planta","Escala Municipal","2019-01-01 00:00:00.0","2019-12-31 00:00:00.0"
"Quilleco","Contrata","Sin Clasificación","Contrata","Ana Luisa Cordova Torres","Docente"," ","Contratados Sin Planta","Escala Profesionales de La Educación Llay 19.070)","2009-06-30 00:00:00.0","1900-01-01 00:00:00.0"
