"Comuna","Tipo de Contratación","Área","Calidad","Nombre","Cargo","Grado","Planta","Remuneración","Fecha desde","Fecha hasta"
"Quilleco","Contrata","Educación","Contrata","Leticia Cristina Berrocal Guillibrand","Docente","SIN INFORMACION","Contratados Sin Planta","Profesionales de La Educación Ley N°19.070","2019-03-06 00:00:00.0","2020-02-29 00:00:00.0"
"Quilleco","Contrata","Educación","Contrata","Maria Lorena Barria Sanchez","Docente","SIN INFORMACION","Contratados Sin Planta","Profesionales de La Educación Ley N°19.070","2018-03-01 00:00:00.0","2019-02-28 00:00:00.0"
"Quilleco","Contrata","Educación","Contrata","Lorenzo Obregon  Arriagada","Docente","SIN INFORMACION","Contratados Sin Planta","Profesionales de La Educación Ley N°19.070","2019-03-01 00:00:00.0","2020-02-29 00:00:00.0"
"Quilleco","Contrata","Educación","Contrata","Javier Francisco Obanos Sandoval","Jefe del Departamento de Administración de Educación Municipal","SIN INFORMACION","Contratados Sin Planta","Profesionales de La Educación Ley N°19.070","2018-03-02 00:00:00.0","2019-02-28 00:00:00.0"
"Quilleco","Contrata","Educación","Contrata","Nelson Ariel Sandoval  Sandoval","Docente","SIN INFORMACION","Contratados Sin Planta","Profesionales de La Educación Ley N°19.070","2019-05-09 00:00:00.0","2019-05-17 00:00:00.0"
"Quilleco","Contrata","Educación","Contrata","Daisy Paola Rodriguez Soto","Docente","SIN INFORMACION","Contratados Sin Planta","Profesionales de La Educación Ley N°19.070","2018-03-01 00:00:00.0","2019-02-28 00:00:00.0"
"Quilleco","Contrata","Educación","Contrata","Mauricio Antonio Sandoval Rivas","Docente"," ","Contratados Sin Planta","Escala Profesionales de La Educación Llay 19.070)","2013-07-24 00:00:00.0","1900-01-01 00:00:00.0"
"Quilleco","Contrata","Educación","Contrata","Gloria Patricia Quilaqueo Perez","Docente","SIN INFORMACION","Contratados Sin Planta","Profesionales de La Educación Ley N°19.070","2018-10-01 00:00:00.0","2018-10-01 00:00:00.0"
"Quilleco","Contrata","Educación","Contrata","Beatriz Carmen Lagos Villalobos","Docente","SIN INFORMACION","Contratados Sin Planta","Profesionales de La Educación Ley N°19.070","2019-03-01 00:00:00.0","2020-02-29 00:00:00.0"
"Quilleco","Contrata","Educación","Contrata","Carola del Pilar Sepulveda Navarro","Docente","SIN INFORMACION","Contratados Sin Planta","Profesionales de La Educación Ley N°19.070","2018-03-01 00:00:00.0","2019-02-28 00:00:00.0"
"Quilleco","Contrata","Educación","Contrata","Minerva Lorena Perez Ramos","Docente","SIN INFORMACION","Contratados Sin Planta","Profesionales de La Educación Ley N°19.070","2018-03-01 00:00:00.0","2019-02-28 00:00:00.0"
"Quilleco","Contrata","Educación","Contrata","Roxana Lizbeth Figueroa Petit-laurent","Docente","SIN INFORMACION","Contratados Sin Planta","Profesionales de La Educación Ley N°19.070","2019-08-02 00:00:00.0","2019-08-09 00:00:00.0"
"Quilleco","Contrata","Educación","Contrata","Rosa Maria Isabel Carrasco Padilla","Psicólogo","SIN INFORMACION","Contratados Sin Planta","Afectos Al Código del Trabajo","2019-03-13 00:00:00.0","2019-03-13 00:00:00.0"
"Quilleco","Contrata","Educación","Contrata","Jaime Alberto Henriquez Vega","Asistente Social","SIN INFORMACION","Contratados Sin Planta","Asistentes de La Educación Ley N°19.464","2019-03-19 00:00:00.0","2020-02-29 00:00:00.0"
"Quilleco","Contrata","Educación","Contrata","Jessica Maria  Jofre  Tapia","Docente","SIN INFORMACION","Contratados Sin Planta","Profesionales de La Educación Ley N°19.070","2019-03-01 00:00:00.0","2020-02-29 00:00:00.0"
"Quilleco","Contrata","Educación","Contrata","Lorena Elizabeth Quintana  Mu¿oz","Asistente Parvularia","SIN INFORMACION","Contratados Sin Planta","Afectos Al Código del Trabajo","2018-08-01 00:00:00.0","2019-01-20 00:00:00.0"
"Quilleco","Contrata","Educación","Contrata","Leila Paola Inostroza Arriagada","Docente","SIN INFORMACION","Contratados Sin Planta","Profesionales de La Educación Ley N°19.070","2018-03-01 00:00:00.0","2019-02-28 00:00:00.0"
"Quilleco","Contrata","Educación","Contrata","Marcelo Andres Albornoz Medel","Director"," ","Docente Directivo","Escala Profesionales de La Educación Llay 19.070)","2012-12-17 00:00:00.0","1900-01-01 00:00:00.0"
"Quilleco","Contrata","Educación","Contrata","Pamela Guillermina Vallejos Mellado","Docente","SIN INFORMACION","Contratados Sin Planta","Profesionales de La Educación Ley N°19.070","2018-03-01 00:00:00.0","2019-02-28 00:00:00.0"
"Quilleco","Contrata","Educación","Contrata","Francisco Javier Sepulveda Sepulveda","Director"," ","Directiva Docente","Escala Profesionales de La Educación Llay 19.070)","2014-04-01 00:00:00.0","1900-01-01 00:00:00.0"
"Quilleco","Contrata","Educación","Contrata","Bernardita Elizabeth Figueroa Neira","Asistente de La Educación","SIN INFORMACION","Contratados Sin Planta","Asistentes de La Educación Ley N°19.464","2019-09-05 00:00:00.0","2019-09-26 00:00:00.0"
"Quilleco","Contrata","Educación","Contrata","Jean Carlos Danilo Franco Parra","Docente","SIN INFORMACION","Contratados Sin Planta","Profesionales de La Educación Ley N°19.070","2018-03-01 00:00:00.0","2019-02-28 00:00:00.0"
"Quilleco","Contrata","Educación","Contrata","Myriam Isabel Aguirre Mellado","Asistente de La Educación","SIN INFORMACION","Contratados Sin Planta","Asistentes de La Educación Ley N°19.464","2019-09-25 00:00:00.0","2019-10-07 00:00:00.0"
"Quilleco","Contrata","Educación","Contrata","Mariana del Pilar Mendez Barrientos","Docente","SIN INFORMACION","Contratados Sin Planta","Profesionales de La Educación Ley N°19.070","2018-03-01 00:00:00.0","2019-02-28 00:00:00.0"
"Quilleco","Contrata","Educación","Contrata","Prebisteria del Carmen Vasquez Ruiz","Docente","SIN INFORMACION","Contratados Sin Planta","Profesionales de La Educación Ley N°19.070","2018-03-01 00:00:00.0","2019-02-28 00:00:00.0"
"Quilleco","Contrata","Educación","Contrata","Paulina Angelica Velasquez Clavijo","Docente","SIN INFORMACION","Contratados Sin Planta","Profesionales de La Educación Ley N°19.070","2019-04-27 00:00:00.0","2019-05-26 00:00:00.0"
"Quilleco","Contrata","Educación","Contrata","Alexis Antonio Concha Romero","Docente","SIN INFORMACION","Contratados Sin Planta","Profesionales de La Educación Ley N°19.070","2018-10-01 00:00:00.0","1900-01-01 00:00:00.0"
"Quilleco","Contrata","Educación","Contrata","Daniela Fernanda Ortiz  Garreton","Docente","SIN INFORMACION","Contratados Sin Planta","Profesionales de La Educación Ley N°19.070","2019-09-16 00:00:00.0","2019-10-10 00:00:00.0"
"Quilleco","Contrata","Educación","Contrata","Viviana del Pilar Pinilla Palma","Docente","SIN INFORMACION","Contratados Sin Planta","Profesionales de La Educación Ley N°19.070","2019-03-01 00:00:00.0","2020-02-29 00:00:00.0"
"Quilleco","Contrata","Educación","Contrata","Alejandra Noelia Gajardo Zenteno","Docente","SIN INFORMACION","Contratados Sin Planta","Profesionales de La Educación Ley N°19.070","2018-03-01 00:00:00.0","2019-02-28 00:00:00.0"
"Quilleco","Contrata","Educación","Contrata","Mariela Natalia Cid Rivera","Docente","SIN INFORMACION","Contratados Sin Planta","Profesionales de La Educación Ley N°19.070","2018-03-08 00:00:00.0","2019-02-28 00:00:00.0"
"Quilleco","Contrata","Educación","Contrata","Claudia Victoria Friz Acuña","Docente","SIN INFORMACION","Contratados Sin Planta","Profesionales de La Educación Ley N°19.070","2018-03-01 00:00:00.0","2019-02-28 00:00:00.0"
"Quilleco","Contrata","Educación","Contrata","Angel  David Espinoza Gomez","Docente","SIN INFORMACION","Contratados Sin Planta","Profesionales de La Educación Ley N°19.070","2018-03-01 00:00:00.0","2019-02-28 00:00:00.0"
"Quilleco","Contrata","Educación","Contrata","Veronica Raquel Salamanca Arriagada","Docente","SIN INFORMACION","Contratados Sin Planta","Profesionales de La Educación Ley N°19.070","2014-09-23 00:00:00.0","1900-01-01 00:00:00.0"
"Quilleco","Contrata","Educación","Contrata","Paola Lissette Wohlk Veloso","Docente","SIN INFORMACION","Contratados Sin Planta","Profesionales de La Educación Ley N°19.070","2018-03-01 00:00:00.0","2019-02-28 00:00:00.0"
"Quilleco","Contrata","Educación","Contrata","Carolina Alejandra Condeza Abarzua","Docente","SIN INFORMACION","Contratados Sin Planta","Profesionales de La Educación Ley N°19.070","2018-03-01 00:00:00.0","2019-02-28 00:00:00.0"
"Quilleco","Contrata","Educación","Contrata","Luis Domiciano Almendras Perez","Docente"," ","Docente","Escala Profesionales de La Educación Llay 19.070)","2013-05-13 00:00:00.0","1900-01-01 00:00:00.0"
"Quilleco","Contrata","Educación","Contrata","Rene Francisco Sanhueza Gaete","Docente","SIN INFORMACION","Contratados Sin Planta","Profesionales de La Educación Ley N°19.070","2019-03-04 00:00:00.0","2020-02-29 00:00:00.0"
"Quilleco","Contrata","Educación","Contrata","Roxana Alejandra Triviños Palma","Docente","SIN INFORMACION","Contratados Sin Planta","Profesionales de La Educación Ley N°19.070","2019-03-01 00:00:00.0","2020-02-29 00:00:00.0"
"Quilleco","Contrata","Educación","Contrata","Bernardita del Carmen Sanhueza Leon","Docente","SIN INFORMACION","Contratados Sin Planta","Profesionales de La Educación Ley N°19.070","2018-03-01 00:00:00.0","2019-02-28 00:00:00.0"
"Quilleco","Contrata","Educación","Contrata","Alejandra Patricia Zu¿iga Mu¿oz","Docente","SIN INFORMACION","Contratados Sin Planta","Profesionales de La Educación Ley N°19.070","2018-03-01 00:00:00.0","2019-02-28 00:00:00.0"
"Quilleco","Contrata","Educación","Contrata","Lissette Priscila Maldonado  Carrasco","Docente","SIN INFORMACION","Contratados Sin Planta","Profesionales de La Educación Ley N°19.070","2019-04-01 00:00:00.0","2020-02-29 00:00:00.0"
"Quilleco","Contrata","Educación","Contrata","Maria Teresa Zuñiga Troncoso","Docente","SIN INFORMACION","Contratados Sin Planta","Profesionales de La Educación Ley N°19.070","2018-03-01 00:00:00.0","2019-02-28 00:00:00.0"
"Quilleco","Contrata","Educación","Contrata","Sergio  Ivan  Salazar Vejar","Docente","SIN INFORMACION","Contratados Sin Planta","Profesionales de La Educación Ley N°19.070","2018-03-01 00:00:00.0","2019-02-28 00:00:00.0"
"Quilleco","Contrata","Educación","Contrata","Sara Olivia Fuentes Hernandez","Docente","SIN INFORMACION","Contratados Sin Planta","Profesionales de La Educación Ley N°19.070","2018-03-01 00:00:00.0","2019-02-28 00:00:00.0"
"Quilleco","Contrata","Educación","Contrata","Paola Andrea Rivera Neira","Docente","SIN INFORMACION","Contratados Sin Planta","Profesionales de La Educación Ley N°19.070","2018-03-01 00:00:00.0","2019-02-28 00:00:00.0"
"Quilleco","Contrata","Educación","Contrata","Maria Pilar Cuevas  Zenteno","Auxiliar de Servicios Menores","SIN INFORMACION","Contratados Sin Planta","Afectos Al Código del Trabajo","2019-08-14 00:00:00.0","2019-08-21 00:00:00.0"
"Quilleco","Contrata","Educación","Contrata","Maria Jose Salas Sandoval","Docente","SIN INFORMACION","Contratados Sin Planta","Profesionales de La Educación Ley N°19.070","2018-03-01 00:00:00.0","2019-02-28 00:00:00.0"
"Quilleco","Contrata","Educación","Contrata","Victor Eduardo Diaz Llao","Técnico Informatico","SIN INFORMACION","Contratados Sin Planta","Asistentes de La Educación Ley N°19.464","2019-09-04 00:00:00.0","2019-12-31 00:00:00.0"
"Quilleco","Contrata","Educación","Contrata","Roberto Enrique Quezada Godoy","Docente","SIN INFORMACION","Contratados Sin Planta","Profesionales de La Educación Ley N°19.070","2019-05-29 00:00:00.0","2019-06-17 00:00:00.0"
"Quilleco","Contrata","Educación","Contrata","Patricia Edith Troncoso Garrido","Inspector Para Docente","SIN INFORMACION","Contratados Sin Planta","Asistentes de La Educación Ley N°19.464","2019-09-25 00:00:00.0","2019-10-20 00:00:00.0"
"Quilleco","Contrata","Educación","Contrata","Daniela Andrea  Coronado  Zu¿ina","Docente","SIN INFORMACION","Contratados Sin Planta","Profesionales de La Educación Ley N°19.070","2019-03-01 00:00:00.0","2020-02-29 00:00:00.0"
"Quilleco","Contrata","Educación","Contrata","Paulina Andrea Obanos Soto","Docente","SIN INFORMACION","Contratados Sin Planta","Profesionales de La Educación Ley N°19.070","2019-09-23 00:00:00.0","2019-10-03 00:00:00.0"
"Quilleco","Contrata","Educación","Contrata","Carla Mariane Leon Rivera","Docente","SIN INFORMACION","Contratados Sin Planta","Profesionales de La Educación Ley N°19.070","2018-03-01 00:00:00.0","2019-02-28 00:00:00.0"
"Quilleco","Contrata","Educación","Contrata","Melissa del Pilar Aguila Jara","Docente","SIN INFORMACION","Contratados Sin Planta","Profesionales de La Educación Ley N°19.070","2018-03-01 00:00:00.0","2019-02-28 00:00:00.0"
"Quilleco","Contrata","Educación","Contrata","Alejandra Elena Gonzalez Bastidas","Docente","SIN INFORMACION","Contratados Sin Planta","Profesionales de La Educación Ley N°19.070","2018-03-01 00:00:00.0","2019-02-28 00:00:00.0"
"Quilleco","Contrata","Educación","Contrata","Yajairo   Andres Riveros Cid","Inspector General","SIN INFORMACION","Contratados Sin Planta","Profesionales de La Educación Ley N°19.070","2018-04-10 00:00:00.0","2019-02-28 00:00:00.0"
"Quilleco","Contrata","Educación","Contrata","Franchesca Alejandra Gutierrez Vega","Docente","SIN INFORMACION","Contratados Sin Planta","Profesionales de La Educación Ley N°19.070","2019-03-08 00:00:00.0","2020-02-29 00:00:00.0"
"Quilleco","Contrata","Educación","Contrata","Alvaro Cristobal Cuevas Martinez","Docente","SIN INFORMACION","Contratados Sin Planta","Profesionales de La Educación Ley N°19.070","2018-03-01 00:00:00.0","2019-02-28 00:00:00.0"
"Quilleco","Contrata","Educación","Contrata","Maria Jose Estrada Riquelme","Docente","SIN INFORMACION","Contratados Sin Planta","Profesionales de La Educación Ley N°19.070","2018-03-01 00:00:00.0","2019-02-28 00:00:00.0"
"Quilleco","Contrata","Educación","Contrata","Elena Maribel Marquez Gonzalez","Docente"," ","Docente","Escala Profesionales de La Educación Llay 19.070)","2013-03-01 00:00:00.0","1900-01-01 00:00:00.0"
"Quilleco","Contrata","Educación","Contrata","Liliana Ivette Carrasco  Salazar","Docente","SIN INFORMACION","Contratados Sin Planta","Profesionales de La Educación Ley N°19.070","2018-03-01 00:00:00.0","2019-02-28 00:00:00.0"
"Quilleco","Contrata","Educación","Contrata","Gabriela Soledad Castillo Crisostomo","Docente","SIN INFORMACION","Contratados Sin Planta","Profesionales de La Educación Ley N°19.070","2018-03-01 00:00:00.0","2019-02-28 00:00:00.0"
"Quilleco","Contrata","Educación","Contrata","Acarlett Katherine Garrido Erices","Docente","SIN INFORMACION","Contratados Sin Planta","Profesionales de La Educación Ley N°19.070","2018-03-05 00:00:00.0","2019-02-28 00:00:00.0"
"Quilleco","Contrata","Educación","Contrata","Cristian  Rodrigo  Sanhueza Anabalon","Docente","SIN INFORMACION","Contratados Sin Planta","Profesionales de La Educación Ley N°19.070","2018-03-01 00:00:00.0","2019-02-28 00:00:00.0"
"Quilleco","Contrata","Educación","Contrata","Rosa Ester Mayorga Carrasco","Docente","SIN INFORMACION","Contratados Sin Planta","Profesionales de La Educación Ley N°19.070","2018-03-01 00:00:00.0","2019-02-28 00:00:00.0"
"Quilleco","Contrata","Educación","Contrata","Evelyn Marcela Balboa Fritz","Docente","SIN INFORMACION","Contratados Sin Planta","Profesionales de La Educación Ley N°19.070","2018-03-01 00:00:00.0","2019-02-28 00:00:00.0"
"Quilleco","Contrata","Educación","Contrata","Pamela Elizabeth Romero  Gacitua","Docente","SIN INFORMACION","Contratados Sin Planta","Profesionales de La Educación Ley N°19.070","2018-03-01 00:00:00.0","2019-02-28 00:00:00.0"
"Quilleco","Contrata","Educación","Contrata","Fernando Andres Gutierrez Vega","Docente","SIN INFORMACION","Contratados Sin Planta","Profesionales de La Educación Ley N°19.070","2019-03-01 00:00:00.0","2020-02-29 00:00:00.0"
"Quilleco","Contrata","Educación","Contrata","Jeanette Figueroa Vallejos","Docente","SIN INFORMACION","Contratados Sin Planta","Profesionales de La Educación Ley N°19.070","2019-04-01 00:00:00.0","2019-04-29 00:00:00.0"
"Quilleco","Contrata","Educación","Contrata","Pilar Andrea  Barrera  Vivanco","Docente","SIN INFORMACION","Contratados Sin Planta","Profesionales de La Educación Ley N°19.070","2019-04-15 00:00:00.0","2019-04-15 00:00:00.0"
"Quilleco","Contrata","Educación","Contrata","Fernando Alexis Rodriguez Sepulveda","Docente","SIN INFORMACION","Contratados Sin Planta","Profesionales de La Educación Ley N°19.070","2018-03-01 00:00:00.0","2019-02-28 00:00:00.0"
"Quilleco","Contrata","Educación","Contrata","Lady Isabella Cuevas Neira","Docente","SIN INFORMACION","Contratados Sin Planta","Profesionales de La Educación Ley N°19.070","2018-03-01 00:00:00.0","2019-02-28 00:00:00.0"
"Quilleco","Contrata","Educación","Contrata","Pablo Daniel Ramírez Vásquez","Docente","SIN INFORMACION","Contratados Sin Planta","Profesionales de La Educación Ley N°19.070","2018-03-01 00:00:00.0","2019-02-28 00:00:00.0"
"Quilleco","Contrata","Educación","Contrata","Natali Alejandra Garrido Jorquera","Psicólogo","SIN INFORMACION","Contratados Sin Planta","Afectos Al Código del Trabajo","2018-03-13 00:00:00.0","2019-02-28 00:00:00.0"
"Quilleco","Contrata","Educación","Contrata","Daniela Alejandra Maulen Venegas","Docente"," ","Contratados Sin Planta","Escala Profesionales de La Educación Llay 19.070)","2013-08-06 00:00:00.0","1900-01-01 00:00:00.0"
"Quilleco","Contrata","Educación","Contrata","Cesar Ignacio Troncoso Escar","Docente","SIN INFORMACION","Contratados Sin Planta","Profesionales de La Educación Ley N°19.070","2018-03-01 00:00:00.0","2019-02-28 00:00:00.0"
"Quilleco","Contrata","Educación","Contrata","Andrea Pilar Abarzua Cid","Docente"," ","Docente","Escala Profesionales de La Educación Llay 19.070)","2012-11-08 00:00:00.0","1900-01-01 00:00:00.0"
"Quilleco","Contrata","Educación","Contrata","Edith Elizabeth ¿parada Salas","Asistente de La Educación","SIN INFORMACION","Contratados Sin Planta","Asistentes de La Educación Ley N°19.464","2018-03-09 00:00:00.0","2019-02-28 00:00:00.0"
"Quilleco","Contrata","Educación","Contrata","Romina Carolina Riveros  Cid","Docente","SIN INFORMACION","Contratados Sin Planta","Profesionales de La Educación Ley N°19.070","2019-03-01 00:00:00.0","2020-02-29 00:00:00.0"
"Quilleco","Contrata","Educación","Contrata","Maritza Isabel Arriagada Flores","Auxiliar de Aseo","SIN INFORMACION","Contratados Sin Planta","Afectos Al Código del Trabajo","2019-08-13 00:00:00.0","2019-09-04 00:00:00.0"
"Quilleco","Contrata","Educación","Contrata","Karla Andrea Aedo Campos","Docente","SIN INFORMACION","Contratados Sin Planta","Profesionales de La Educación Ley N°19.070","2018-03-01 00:00:00.0","2019-02-28 00:00:00.0"
"Quilleco","Contrata","Educación","Contrata","Felipe Rene Grandon Alvarez","Docente","SIN INFORMACION","Contratados Sin Planta","Profesionales de La Educación Ley N°19.070","2018-05-24 00:00:00.0","2019-02-28 00:00:00.0"
"Quilleco","Contrata","Educación","Contrata","Carmen Ximena Ortiz Venegas","Docente","SIN INFORMACION","Contratados Sin Planta","Profesionales de La Educación Ley N°19.070","2018-03-01 00:00:00.0","2019-02-28 00:00:00.0"
"Quilleco","Contrata","Educación","Contrata","Felix Antonio Bravo Ortega","Docente","SIN INFORMACION","Contratados Sin Planta","Profesionales de La Educación Ley N°19.070","2018-03-01 00:00:00.0","2019-02-28 00:00:00.0"
"Quilleco","Contrata","Educación","Contrata","Gianina Eugenia Benavides  Herrera","Docente","SIN INFORMACION","Contratados Sin Planta","Profesionales de La Educación Ley N°19.070","2019-05-09 00:00:00.0","2019-05-10 00:00:00.0"
"Quilleco","Contrata","Educación","Contrata","Alvaro Esteban Salas Sandoval","Terapeuta Ocupacional","SIN INFORMACION","Contratados Sin Planta","Afectos Al Código del Trabajo","2018-07-06 00:00:00.0","2019-02-28 00:00:00.0"
"Quilleco","Contrata","Educación","Contrata","Marisela Nicol Venegas Hermosilla","Docente","SIN INFORMACION","Contratados Sin Planta","Profesionales de La Educación Ley N°19.070","2018-03-01 00:00:00.0","2019-02-28 00:00:00.0"
"Quilleco","Contrata","Educación","Contrata","Ana Josefa Gangas  Gatica","Docente","SIN INFORMACION","Contratados Sin Planta","Profesionales de La Educación Ley N°19.070","2018-03-01 00:00:00.0","2019-02-28 00:00:00.0"
"Quilleco","Contrata","Educación","Contrata","Michael Medardo Pinilla Cid","Docente","SIN INFORMACION","Contratados Sin Planta","Profesionales de La Educación Ley N°19.070","2018-03-01 00:00:00.0","2019-02-28 00:00:00.0"
"Quilleco","Contrata","Educación","Contrata","Elena Eskarlette Gangas  Ovando","Administrativo","SIN INFORMACION","Contratados Sin Planta","Afectos Al Código del Trabajo","2019-04-18 00:00:00.0","2019-12-31 00:00:00.0"
"Quilleco","Contrata","Educación","Contrata","Mirian  Andrea Hernandez Crisosto","Docente","SIN INFORMACION","Contratados Sin Planta","Profesionales de La Educación Ley N°19.070","2019-03-12 00:00:00.0","2020-02-29 00:00:00.0"
"Quilleco","Contrata","Educación","Contrata","Serne Fernanda Ibarra Ponochet","Docente","SIN INFORMACION","Contratados Sin Planta","Profesionales de La Educación Ley N°19.070","2018-03-01 00:00:00.0","2019-02-28 00:00:00.0"
"Quilleco","Contrata","Educación","Contrata","David Josue Gutierrez Rodriguez","Docente","SIN INFORMACION","Contratados Sin Planta","Profesionales de La Educación Ley N°19.070","2018-03-01 00:00:00.0","2019-02-28 00:00:00.0"
"Quilleco","Contrata","Educación","Contrata","Benjamin Gabriel Gutierrez Rodriguez","Docente","SIN INFORMACION","Contratados Sin Planta","Profesionales de La Educación Ley N°19.070","2018-03-01 00:00:00.0","2019-02-28 00:00:00.0"
"Quilleco","Contrata","Educación","Contrata","Nathalie Andrea Cifuentes Soto","Docente","SIN INFORMACION","Contratados Sin Planta","Profesionales de La Educación Ley N°19.070","2019-07-31 00:00:00.0","2019-08-31 00:00:00.0"
"Quilleco","Contrata","Educación","Contrata","Cristina Andrea Vasquez  Salas","Docente","SIN INFORMACION","Contratados Sin Planta","Profesionales de La Educación Ley N°19.070","2018-03-03 00:00:00.0","2019-02-28 00:00:00.0"
"Quilleco","Contrata","Educación","Contrata","María Josefa Belmar Sandoval","Docente","SIN INFORMACION","Contratados Sin Planta","Profesionales de La Educación Ley N°19.070","2018-03-01 00:00:00.0","2019-02-28 00:00:00.0"
"Quilleco","Contrata","Educación","Contrata","Karin Yaritxa Gonzalez Rifo","Docente","SIN INFORMACION","Contratados Sin Planta","Profesionales de La Educación Ley N°19.070","2019-03-01 00:00:00.0","2020-02-29 00:00:00.0"
"Quilleco","Contrata","Educación","Contrata","Ximena Andrea  Castro  Tard¿n","Docente","SIN INFORMACION","Contratados Sin Planta","Profesionales de La Educación Ley N°19.070","2018-03-01 00:00:00.0","2019-02-28 00:00:00.0"
"Quilleco","Contrata","Educación","Contrata","Marlenne Jacquelinne Figueroa   Mu¿oz","Asistente de La Educación","SIN INFORMACION","Contratados Sin Planta","Asistentes de La Educación Ley N°19.464","2018-05-02 00:00:00.0","2019-02-28 00:00:00.0"
"Quilleco","Contrata","Educación","Contrata","Jose  Galleguillos San Martin","Docente","SIN INFORMACION","Contratados Sin Planta","Profesionales de La Educación Ley N°19.070","2018-03-01 00:00:00.0","2019-02-28 00:00:00.0"
"Quilleco","Contrata","Educación","Contrata","Carolina Alejandra Clause  Aburto","Docente","SIN INFORMACION","Contratados Sin Planta","Profesionales de La Educación Ley N°19.070","2019-04-04 00:00:00.0","2020-02-29 00:00:00.0"
"Quilleco","Contrata","Educación","Contrata","Wanda Katherine Hermosilla Gatica","Psicopedagogo","SIN INFORMACION","Contratados Sin Planta","Asistentes de La Educación Ley N°19.464","2019-03-01 00:00:00.0","2020-02-29 00:00:00.0"
"Quilleco","Contrata","Educación","Contrata","Mauricio Alejandro Sepulveda  Acu¿a","Docente","SIN INFORMACION","Contratados Sin Planta","Profesionales de La Educación Ley N°19.070","2018-03-02 00:00:00.0","2019-02-28 00:00:00.0"
"Quilleco","Contrata","Educación","Contrata","Nadia Paola  Salas  Sandoval","Docente","SIN INFORMACION","Contratados Sin Planta","Profesionales de La Educación Ley N°19.070","2018-03-01 00:00:00.0","2019-02-28 00:00:00.0"
"Quilleco","Contrata","Educación","Contrata","Maria Paz Arias  Uribe","Asistente de La Educación","SIN INFORMACION","Contratados Sin Planta","Asistentes de La Educación Ley N°19.464","2019-03-22 00:00:00.0","2019-03-22 00:00:00.0"
"Quilleco","Contrata","Educación","Contrata","Valentina Cecilia Vasquez Tilleria","Fonoaudiologo","SIN INFORMACION","Contratados Sin Planta","Asistentes de La Educación Ley N°19.464","2019-03-13 00:00:00.0","2020-02-29 00:00:00.0"
"Quilleco","Contrata","Educación","Contrata","Katherine Lissette  Henriquez Maus","Docente","SIN INFORMACION","Contratados Sin Planta","Profesionales de La Educación Ley N°19.070","2018-03-01 00:00:00.0","2019-02-28 00:00:00.0"
"Quilleco","Contrata","Educación","Contrata","Marcela Belen Flores Cruzat","Docente","SIN INFORMACION","Contratados Sin Planta","Profesionales de La Educación Ley N°19.070","2016-08-16 00:00:00.0","1900-01-01 00:00:00.0"
"Quilleco","Contrata","Educación","Contrata","Fernanda Maricel Gutierrez Alveal","Docente","SIN INFORMACION","Contratados Sin Planta","Profesionales de La Educación Ley N°19.070","2018-03-01 00:00:00.0","2019-02-28 00:00:00.0"
"Quilleco","Contrata","Educación","Contrata","Sara Belen Chavez Garcia","Docente","SIN INFORMACION","Contratados Sin Planta","Profesionales de La Educación Ley N°19.070","2019-03-01 00:00:00.0","2020-02-29 00:00:00.0"
"Quilleco","Contrata","Educación","Contrata","Gisela Solange Fernandez Mena","Docente","SIN INFORMACION","Contratados Sin Planta","Profesionales de La Educación Ley N°19.070","2018-03-01 00:00:00.0","2019-02-28 00:00:00.0"
"Quilleco","Contrata","Educación","Contrata","Camilo Francisco  Rivera  Quezada","Docente","SIN INFORMACION","Contratados Sin Planta","Profesionales de La Educación Ley N°19.070","2018-03-05 00:00:00.0","2019-02-28 00:00:00.0"
"Quilleco","Contrata","Educación","Contrata","Xennia Solange Cuevas  Olate","Docente","SIN INFORMACION","Contratados Sin Planta","Profesionales de La Educación Ley N°19.070","2019-08-22 00:00:00.0","2019-09-01 00:00:00.0"
"Quilleco","Contrata","Educación","Contrata","Victor Manuel Vasquez  Ramirez","Docente","SIN INFORMACION","Contratados Sin Planta","Profesionales de La Educación Ley N°19.070","2019-03-07 00:00:00.0","2020-02-29 00:00:00.0"
"Quilleco","Contrata","Educación","Contrata","Bilha Jael Hermosilla Lacroix","Docente","SIN INFORMACION","Contratados Sin Planta","Profesionales de La Educación Ley N°19.070","2018-03-01 00:00:00.0","2019-02-28 00:00:00.0"
"Quilleco","Contrata","Educación","Contrata","Karina Andrea Pino Fuentes","Docente","SIN INFORMACION","Contratados Sin Planta","Profesionales de La Educación Ley N°19.070","2018-03-26 00:00:00.0","1900-01-01 00:00:00.0"
"Quilleco","Contrata","Educación","Contrata","Carolina Yerty  Sobarzo Salgado","Docente","SIN INFORMACION","Contratados Sin Planta","Profesionales de La Educación Ley N°19.070","2018-03-01 00:00:00.0","2019-02-28 00:00:00.0"
"Quilleco","Contrata","Educación","Contrata","Claudia Andrea Guerrero Ruis","Administrativo D.","SIN INFORMACION","Contratados Sin Planta","Afectos Al Código del Trabajo","2019-04-01 00:00:00.0","2019-04-30 00:00:00.0"
"Quilleco","Contrata","Educación","Contrata","Mauricio Ismael Baeza Snhueza","Docente","SIN INFORMACION","Contratados Sin Planta","Profesionales de La Educación Ley N°19.070","2018-03-01 00:00:00.0","2019-02-28 00:00:00.0"
"Quilleco","Contrata","Educación","Contrata","B¿rbara Sof¿a Sep¿lveda Lermanda","Docente","SIN INFORMACION","Contratados Sin Planta","Profesionales de La Educación Ley N°19.070","2018-03-01 00:00:00.0","2019-02-28 00:00:00.0"
"Quilleco","Contrata","Educación","Contrata","Carla  Constanza  Arriagada Garcia","Docente","SIN INFORMACION","Contratados Sin Planta","Profesionales de La Educación Ley N°19.070","2019-08-14 00:00:00.0","2019-09-01 00:00:00.0"
"Quilleco","Contrata","Educación","Contrata","Katherinne Margarita Cabrera Sanzana","Docente","SIN INFORMACION","Contratados Sin Planta","Profesionales de La Educación Ley N°19.070","2018-03-01 00:00:00.0","2019-02-28 00:00:00.0"
"Quilleco","Contrata","Educación","Contrata","Violeta Elena Gonzalez Cotal","Asistente de La Educación","SIN INFORMACION","Contratados Sin Planta","Asistentes de La Educación Ley N°19.464","2019-10-02 00:00:00.0","2019-10-10 00:00:00.0"
"Quilleco","Contrata","Educación","Contrata","Astrid Soledad Garcia Garcia","Docente","SIN INFORMACION","Contratados Sin Planta","Profesionales de La Educación Ley N°19.070","2018-03-01 00:00:00.0","2019-02-28 00:00:00.0"
"Quilleco","Contrata","Educación","Contrata","Daniza Amanda Rubio  Rodriguez","Docente","SIN INFORMACION","Contratados Sin Planta","Profesionales de La Educación Ley N°19.070","2019-03-01 00:00:00.0","2020-02-29 00:00:00.0"
"Quilleco","Contrata","Educación","Contrata","Javiera Fernanda Quiezada  Rifo","Administrativo","SIN INFORMACION","Contratados Sin Planta","Afectos Al Código del Trabajo","2019-09-15 00:00:00.0","2019-09-20 00:00:00.0"
"Quilleco","Contrata","Educación","Contrata","Nicolas Alberto Martinez Carcamo","Docente","SIN INFORMACION","Contratados Sin Planta","Profesionales de La Educación Ley N°19.070","2018-03-08 00:00:00.0","2019-02-28 00:00:00.0"
"Quilleco","Contrata","Educación","Contrata","Estefani Aracely Fuenzalida Soto","Asistente Parvularia","SIN INFORMACION","Contratados Sin Planta","Afectos Al Código del Trabajo","2018-10-17 00:00:00.0","2019-02-28 00:00:00.0"
"Quilleco","Contrata","Educación","Contrata","Belen Constanza Almendras Venegas","Docente","SIN INFORMACION","Contratados Sin Planta","Profesionales de La Educación Ley N°19.070","2018-03-01 00:00:00.0","2019-02-28 00:00:00.0"
"Quilleco","Contrata","Educación","Contrata","Maria Soledad  Medel Suazo","Docente","SIN INFORMACION","Contratados Sin Planta","Profesionales de La Educación Ley N°19.070","2019-10-10 00:00:00.0","2019-10-19 00:00:00.0"
"Quilleco","Contrata","Educación","Contrata","Maria Jose Rios Soto","Docente","SIN INFORMACION","Contratados Sin Planta","Profesionales de La Educación Ley N°19.070","2019-04-23 00:00:00.0","2019-06-07 00:00:00.0"
"Quilleco","Contrata","Educación","Contrata","Camila Fernanda Morales  Montanares","Docente","SIN INFORMACION","Contratados Sin Planta","Profesionales de La Educación Ley N°19.070","2019-09-02 00:00:00.0","2019-09-10 00:00:00.0"
"Quilleco","Contrata","Educación","Contrata","Carla Estefani Constanza  Paredes  Quiroz","Docente","SIN INFORMACION","Contratados Sin Planta","Profesionales de La Educación Ley N°19.070","2019-03-05 00:00:00.0","2019-03-31 00:00:00.0"
"Quilleco","Contrata","Educación","Contrata","Sonia Angelica Godoy Rubio","Docente","SIN INFORMACION","Contratados Sin Planta","Profesionales de La Educación Ley N°19.070","2018-03-01 00:00:00.0","2019-02-28 00:00:00.0"
"Quilleco","Contrata","Educación","Contrata","Daniela Catalina Avello Pino","Psicólogo","SIN INFORMACION","Contratados Sin Planta","Asistentes de La Educación Ley N°19.464","2019-04-02 00:00:00.0","2020-02-29 00:00:00.0"
"Quilleco","Contrata","Educación","Contrata","Diego Alfredo Andre Perez Arias","Docente","SIN INFORMACION","Contratados Sin Planta","Profesionales de La Educación Ley N°19.070","2019-10-28 00:00:00.0","2019-11-16 00:00:00.0"
"Quilleco","Contrata","Educación","Contrata","Rocio Victoria Hermosilla Seguel","Asistente Parvularia","SIN INFORMACION","Contratados Sin Planta","Afectos Al Código del Trabajo","2019-08-16 00:00:00.0","2019-08-20 00:00:00.0"
"Quilleco","Contrata","Educación","Contrata","Daniela del Carmen Aldea Diaz","Asistente Parvularia","SIN INFORMACION","Contratados Sin Planta","Afectos Al Código del Trabajo","2019-09-06 00:00:00.0","2019-09-20 00:00:00.0"
"Quilleco","Contrata","Educación","Contrata","Helen Cristely Maldonado  Riffo","Asistente Parvularia","SIN INFORMACION","Contratados Sin Planta","Afectos Al Código del Trabajo","2019-08-01 00:00:00.0","2019-08-20 00:00:00.0"
"Quilleco","Contrata","Educación","Contrata","Andy Brian Gonzalez Mellado","Vigilante Nocturno","SIN INFORMACION","Contratados Sin Planta","Afectos Al Código del Trabajo","2019-07-11 00:00:00.0","2019-08-11 00:00:00.0"
"Quilleco","Contrata","Educación","Contrata","Victor Andres Leon  Mellado","Vigilante Nocturno","SIN INFORMACION","Contratados Sin Planta","Asistentes de La Educación Ley N°19.464","2019-07-17 00:00:00.0","2019-08-11 00:00:00.0"
"Quilleco","Contrata","Educación","Contrata","Hector Manuel Rivera  Mu¿oz","Administrativo","SIN INFORMACION","Contratados Sin Planta","Afectos Al Código del Trabajo","2019-03-19 00:00:00.0","2019-05-19 00:00:00.0"
"Quilleco","Contrata","Educación","Contrata","Angela Julia Feliu Toloza","Docente","SIN INFORMACION","Contratados Sin Planta","Profesionales de La Educación Ley N°19.070","2018-03-01 00:00:00.0","2019-02-28 00:00:00.0"
"Quilleco","Contrata","Educación","Contrata","Eduardo Luis Neumann Pincheira","Docente","SIN INFORMACION","Contratados Sin Planta","Profesionales de La Educación Ley N°19.070","2018-03-01 00:00:00.0","2019-02-28 00:00:00.0"
"Quilleco","Contrata","Educación","Contrata","Ana Florentina Oñate de La Peña","Docente","SIN INFORMACION","Contratados Sin Planta","Profesionales de La Educación Ley N°19.070","2018-03-01 00:00:00.0","2019-02-28 00:00:00.0"
"Quilleco","Contrata","Educación","Contrata","Romilio Enrique Quezada Saez","Docente","SIN INFORMACION","Contratados Sin Planta","Profesionales de La Educación Ley N°19.070","2018-03-01 00:00:00.0","2019-02-28 00:00:00.0"
"Quilleco","Contrata","Educación","Contrata","Rosendo del Carmen Gutierrez Jeria","Docente","SIN INFORMACION","Contratados Sin Planta","Profesionales de La Educación Ley N°19.070","2018-03-01 00:00:00.0","2019-02-28 00:00:00.0"
"Quilleco","Contrata","Educación","Contrata","Victor Manuel Palavecino Hinojosa","Docente","SIN INFORMACION","Contratados Sin Planta","Profesionales de La Educación Ley N°19.070","2018-10-01 00:00:00.0","2019-02-28 00:00:00.0"
"Quilleco","Contrata","Educación","Contrata","Pilar Irene Vera Chamorro","Docente","SIN INFORMACION","Contratados Sin Planta","Profesionales de La Educación Ley N°19.070","2018-03-01 00:00:00.0","2019-02-28 00:00:00.0"
"Quilleco","Contrata","Educación","Contrata","Evelyn Elizabeth Lagos Alarcon","Docente","SIN INFORMACION","Contratados Sin Planta","Profesionales de La Educación Ley N°19.070","2018-06-01 00:00:00.0","2019-02-28 00:00:00.0"
"Quilleco","Contrata","Educación","Contrata","Maria Angelica del Pilar Salas Muñoz","Docente","SIN INFORMACION","Contratados Sin Planta","Profesionales de La Educación Ley N°19.070","2018-03-01 00:00:00.0","2019-02-28 00:00:00.0"
"Quilleco","Contrata","Educación","Contrata","Juana Eugenia Caba Fernandez","Docente","SIN INFORMACION","Contratados Sin Planta","Profesionales de La Educación Ley N°19.070","2018-03-01 00:00:00.0","2019-02-28 00:00:00.0"
"Quilleco","Contrata","Educación","Contrata","Luis Domingo Brevis  Lizama","Asistente Administrativo","SIN INFORMACION","Contratados Sin Planta","Afectos Al Código del Trabajo","2018-03-01 00:00:00.0","2019-02-28 00:00:00.0"
"Quilleco","Contrata","Educación","Contrata","Rosa Eliana Neira Jimenez","Docente","SIN INFORMACION","Contratados Sin Planta","Profesionales de La Educación Ley N°19.070","2018-03-01 00:00:00.0","2019-02-28 00:00:00.0"
"Quilleco","Contrata","Educación","Contrata","Elizabeth del Carmen Villar Echeverria","Docente","SIN INFORMACION","Contratados Sin Planta","Profesionales de La Educación Ley N°19.070","2018-06-01 00:00:00.0","2019-02-28 00:00:00.0"
"Quilleco","Contrata","Educación","Contrata","Victor Abel Peña Araneda","Docente","SIN INFORMACION","Contratados Sin Planta","Profesionales de La Educación Ley N°19.070","2018-03-01 00:00:00.0","2019-02-28 00:00:00.0"
"Quilleco","Contrata","Educación","Contrata","Jose Renan Ibañez Aguirre","Docente","SIN INFORMACION","Contratados Sin Planta","Profesionales de La Educación Ley N°19.070","2018-03-01 00:00:00.0","2019-02-28 00:00:00.0"
"Quilleco","Contrata","Educación","Contrata","Adriana Raquel Sandoval Lagos","Docente","SIN INFORMACION","Contratados Sin Planta","Profesionales de La Educación Ley N°19.070","2018-10-01 00:00:00.0","1900-01-01 00:00:00.0"
"Quilleco","Contrata","Educación","Contrata","Lidia Ruth Castro Mellado","Docente","SIN INFORMACION","Contratados Sin Planta","Profesionales de La Educación Ley N°19.070","2018-03-01 00:00:00.0","2019-03-01 00:00:00.0"
"Quilleco","Contrata","Educación","Contrata","Mireya Francisca Sierra Salina","Docente","SIN INFORMACION","Contratados Sin Planta","Profesionales de La Educación Ley N°19.070","2018-03-01 00:00:00.0","2019-02-28 00:00:00.0"
"Quilleco","Contrata","Educación","Contrata","Magdalena Gloria Pinilla Cid","Docente","SIN INFORMACION","Contratados Sin Planta","Profesionales de La Educación Ley N°19.070","2018-03-01 00:00:00.0","2019-02-28 00:00:00.0"
"Quilleco","Contrata","Educación","Contrata","Eloisa Veronica Almendras Avello","Docente","SIN INFORMACION","Contratados Sin Planta","Profesionales de La Educación Ley N°19.070","2018-03-01 00:00:00.0","2019-02-28 00:00:00.0"
"Quilleco","Contrata","Educación","Contrata","Elvira del Carmen Ganga Jara","Docente","SIN INFORMACION","Contratados Sin Planta","Profesionales de La Educación Ley N°19.070","2018-03-01 00:00:00.0","2019-02-28 00:00:00.0"
"Quilleco","Contrata","Educación","Contrata","Elsa del Carmen Alarcon Garcia","Docente","SIN INFORMACION","Contratados Sin Planta","Profesionales de La Educación Ley N°19.070","2018-03-01 00:00:00.0","2019-02-28 00:00:00.0"
"Quilleco","Contrata","Educación","Contrata","Jesica Jacqueline Quijada Castro","Docente","SIN INFORMACION","Contratados Sin Planta","Profesionales de La Educación Ley N°19.070","2018-03-01 00:00:00.0","2019-02-28 00:00:00.0"
"Quilleco","Contrata","Educación","Contrata","Edita Gricelda Rodriguez Pasten","Docente","SIN INFORMACION","Contratados Sin Planta","Profesionales de La Educación Ley N°19.070","2019-03-01 00:00:00.0","2020-02-29 00:00:00.0"
"Quilleco","Contrata","Educación","Contrata","Jose Fidel Cid Urra","Docente","SIN INFORMACION","Contratados Sin Planta","Profesionales de La Educación Ley N°19.070","2018-03-01 00:00:00.0","2019-02-28 00:00:00.0"
"Quilleco","Contrata","Educación","Contrata","Irlanda Georgina Tardon Mora","Docente","SIN INFORMACION","Contratados Sin Planta","Profesionales de La Educación Ley N°19.070","2018-03-01 00:00:00.0","2019-02-28 00:00:00.0"
